업체코드,종목코드,종목명,업체명,법인번호,사업자번호,설립일,상장일,상장폐지일,시장구분,결산월,기업규모,주식업종,소속기업집단,NICS산업분류,표준산업대분류,표준산업중분류,코스피구분,상폐사유,상폐사유요약,연도,01_총자본증가율,02_영업이익증가율,03_순이익증가율,04_자기자본증가율,05_매출액증가율,06_종업원수증가율,07_매출액총이익율,08_매출액영업이익율,09_매출액순이익율,10_총자산영업이익율,11_총자산순이익율,12_자기자본영업이익율,13_자기자본순이익율,14_금융비용부담율,15_수지비율,16_사내유보대자기자본비율,17_총자본회전율,18_자기자본회전율,19_타인자본회전율,20_유동자산회전율,21_당좌자산회전율,22_재고자산회전율,23_매출채권회전율,24_순운전자본회전율,26_종업원1인당부가가치,27_노동장비율,28_기계장비율,29_자본집약도,30_총자본투자효율,31_설비투자효율,32_1주당매출액,33_주당순이익,34_주당현금흐름,35_주당순자산가치,36_유보율,37_자기자본구성비율,38_유동비율,39_당좌비율,40_현금비율,41_재고자산대순운전자본비율,42_매출채권대매입채무비율,43_부채비율,44_이자보상비율,45_Cashflow대부채비율,46_Cashflow대차입금비율,47_Cashflow대총자본비율,48_Cashflow대매출액비율,49_기계투자효율,50_부가가치율,51_노동소득분배율,52_자산총계
N500267,A000360,삼환기업,삼환기업(주),110111-0020307,101-81-00452,1952-09-03,1973-09-03,2015-04-15,외감,12.0,대기업,,SM,N20103.건설 및 엔지니어링,F00000.건설업(41~42),F41000.종합 건설업,코스피,자본전액잠식,자본잠식,2014,-1.383037,0.8568697,0.7635393,,-0.0364644,-0.0808625,6.61,-1.87,-12.75,-0.0133328,-0.091115,-0.6193245,,5.18,108.58,-9.51,.71,,0.730219,0.0,253.6445884,65.44,7.02,-13.31,,"165,340,060.","39,847,100.","1,461,648.85",,,52092.151761,-6367.3590867,6074.9878283,-854.1251045,-117.08,,67.31,65.27,14.45,,370.29,,-.36,-9.87,-25.93,-10.4,-9.28,,,,"838,618,442,000."
N500267,A000360,삼환기업,삼환기업(주),110111-0020307,101-81-00452,1952-09-03,1973-09-03,2015-04-15,외감,12.0,대기업,,SM,N20103.건설 및 엔지니어링,F00000.건설업(41~42),F41000.종합 건설업,코스피,자본전액잠식,자본잠식,2015,,,,,,,1.95,-4.89,-5.33,,,,,5.5,106.63,-14.85,0.79,,,0.0,229.650204,,,-5.95,,"102,314,900.","23,467,530.",,,,,,,,-164.06,,,,16.53,,707.49,,,-6.32,-16.81,-7.14,-5.84,,,,"613,033,397,000."
N500267,A000360,삼환기업,삼환기업(주),110111-0020307,101-81-00452,1952-09-03,1973-09-03,2015-04-15,외감,12.0,대기업,,SM,N20103.건설 및 엔지니어링,F00000.건설업(41~42),F41000.종합 건설업,코스피,자본전액잠식,자본잠식,2016,,,,,,,1.69,-4.74,-5.68,,,,,5.94,104.86,-20.56,0.74,,,0.0,206.8907653,,,-7.76,,"34,889,180.","15,603,690.",,,,,,,,-201.31,,,,16.44,,582.76,,,-3.47,-10.49,-4.15,-3.37,,,,"550,095,122,000."
N500267,A000360,삼환기업,삼환기업(주),110111-0020307,101-81-00452,1952-09-03,1973-09-03,2015-04-15,외감,12.0,대기업,,SM,N20103.건설 및 엔지니어링,F00000.건설업(41~42),F41000.종합 건설업,코스피,자본전액잠식,자본잠식,2017,,,,,,,-2.76,-10.62,-19.88,,,,,3.13,109.55,-41.45,0.63,,,0.0,377.1305699,,,-3.04,,"22,302,960.","9,078,650.",,9.15,346.88,,,,,-299.86,,,,8.66,,373.4,,,-17.05,-44.87,-27.13,-18.96,852.16,8.59,,"487,417,643,000."
N500267,A000360,삼환기업,삼환기업(주),110111-0020307,101-81-00452,1952-09-03,1973-09-03,2015-04-15,외감,12.0,대기업,,SM,N20103.건설 및 엔지니어링,F00000.건설업(41~42),F41000.종합 건설업,코스피,자본전액잠식,자본잠식,2018,,,,,,,7.01,-3.02,20.95,,,,,1.84,83.9,20.63,.69,,,0.0,366.1634968,,,-2.6,,"10,842,220.","3,575,700.",,,,,,,,247.56,28.97,,,13.58,,"2,488.24",,,-8.97,-43.02,-7.74,-4.81,,,,"360,058,801,000."
N500267,A000360,삼환기업,삼환기업(주),110111-0020307,101-81-00452,1952-09-03,1973-09-03,2015-04-15,외감,12.0,대기업,,SM,N20103.건설 및 엔지니어링,F00000.건설업(41~42),F41000.종합 건설업,코스피,자본전액잠식,자본잠식,2019,,,,,,,9.09,.35,.95,,,,6.33,.51,98.89,7.49,1.71,,,0.0,160.2152564,,,-30.08,,"6,586,230.","2,208,890.",,-5.52,-356.13,,,,,47.83,23.16,,,21.67,,393.01,,,-7.07,-21.69,-5.45,-349.54,"-1,061.87",-225.82,,"155,981,405,000."
N500267,A000360,삼환기업,삼환기업(주),110111-0020307,101-81-00452,1952-09-03,1973-09-03,2015-04-15,외감,12.0,대기업,,SM,N20103.건설 및 엔지니어링,F00000.건설업(41~42),F41000.종합 건설업,코스피,자본전액잠식,자본잠식,2020,,,,,,,10.21,5.82,5.15,,,,29.25,.57,94.97,12.86,1.4,,,0.0,171.7981269,,,22.26,,"12,899,390.","4,151,870.",,25.36,"1,515.9",,,,,98.66,25.9,,,19.26,25.5,383.12,,,10.2,28.38,7.54,5.86,"4,709.72",17.97,,"201,062,118,000."
N500267,A000360,삼환기업,삼환기업(주),110111-0020307,101-81-00452,1952-09-03,1973-09-03,2015-04-15,외감,12.0,대기업,,SM,N20103.건설 및 엔지니어링,F00000.건설업(41~42),F41000.종합 건설업,코스피,자본전액잠식,자본잠식,2021,,,,,,,11.04,5.39,4.26,,,,14.68,.37,95.54,18.13,.99,,,0.0,176.3984619,,,6.04,,"9,434,780.","1,724,200.",,20.14,"1,670.9",,,,,136.13,31.46,,,13.41,17.68,364.75,,,6.17,13.02,4.21,4.15,"9,143.09",20.07,,"241,642,857,000."
N500267,A000360,삼환기업,삼환기업(주),110111-0020307,101-81-00452,1952-09-03,1973-09-03,2015-04-15,외감,12.0,대기업,,SM,N20103.건설 및 엔지니어링,F00000.건설업(41~42),F41000.종합 건설업,코스피,자본전액잠식,자본잠식,2022,,,,,,,9.18,.72,-4.59,,,,-11.43,.46,103.98,15.2,.7,,,0.0,141.9511812,,,3.16,,"6,677,720.",.,,10.32,"1,429.09",,,,,145.86,25.63,,,7.66,85.41,429.52,,,-3.75,-6.49,-2.79,-4.45,,14.59,,"236,457,866,000."
N500267,A000360,삼환기업,삼환기업(주),110111-0020307,101-81-00452,1952-09-03,1973-09-03,2015-04-15,외감,12.0,대기업,,SM,N20103.건설 및 엔지니어링,F00000.건설업(41~42),F41000.종합 건설업,코스피,자본전액잠식,자본잠식,2023,,,,,,,11.56,4.58,4.02,,,,12.0,1.99,95.37,18.29,.82,,,0.0,109.4939334,,,3.7,,"6,209,330.",.,,17.9,"2,699.75",,,,,169.3,29.1,,,9.81,79.72,81.57,,,5.11,8.6,3.63,4.37,,21.95,,"302,185,237,000."
N500267,A000360,삼환기업,삼환기업(주),110111-0020307,101-81-00452,1952-09-03,1973-09-03,2015-04-15,외감,12.0,대기업,,SM,N20103.건설 및 엔지니어링,F00000.건설업(41~42),F41000.종합 건설업,코스피,자본전액잠식,자본잠식,2024,,,,,,,11.24,6.,4.76,,,,18.48,1.28,95.39,16.42,1.02,,,1.12079273,1.639937514,,,8.71,,"5,004,930.",.,,,,,,,,209.27,24.26,,,7.75,366.54,39.13,,,5.01,8.13,3.79,4.3,,,,"291,540,588,000."
N381829,A000420,로케트전기,(주)로케트전기,200111-0002819,409-81-00055,1954-10-20,1988-08-05,2015-02-24,폐업,12.0,중소기업,,,N30301.가정용품,C00000.제조업(10~34),C28000.전기장비 제조업,코스피,감사의견 의견거절,감사의견거절,2014,-3.1442299,-0.6064711,-7.0880537,,-0.5048831,-0.5316456,-5.63,-40.03,-66.07,-0.1869679,-0.308559,3.3506712,,12.55,162.95,-66.36,.47,,0.4423679,,,3.61,1.8,-.81,,,,"1,001,816.82",,,647.5488189,-427.8040957,11.4110042,-293.5047805,-158.7,,26.16,15.1,2.,,64.41,,-3.19,,,,,,,,
N381829,A000420,로케트전기,(주)로케트전기,200111-0002819,409-81-00055,1954-10-20,1988-08-05,2015-02-24,폐업,12.0,중소기업,,,N30301.가정용품,C00000.제조업(10~34),C28000.전기장비 제조업,코스피,감사의견 의견거절,감사의견거절,2015,,,,,,,-11.2,-36.84,-83.02,,,,,11.05,164.94,-324.76,0.45,,,,,,,-0.42,,,,,,,,,,,-211.26,,,,1.12,,51.89,,,,,,,,,,
N381829,A000420,로케트전기,(주)로케트전기,200111-0002819,409-81-00055,1954-10-20,1988-08-05,2015-02-24,폐업,12.0,중소기업,,,N30301.가정용품,C00000.제조업(10~34),C28000.전기장비 제조업,코스피,감사의견 의견거절,감사의견거절,2016,,,,,,,,,,,,,,,,,,,,,,,,,,,,,,,,,,,,,,,,,,,,,,,,,,,
N381829,A000420,로케트전기,(주)로케트전기,200111-0002819,409-81-00055,1954-10-20,1988-08-05,2015-02-24,폐업,12.0,중소기업,,,N30301.가정용품,C00000.제조업(10~34),C28000.전기장비 제조업,코스피,감사의견 의견거절,감사의견거절,2017,,,,,,,,,,,,,,,,,,,,,,,,,,,,,,,,,,,,,,,,,,,,,,,,,,,
N381829,A000420,로케트전기,(주)로케트전기,200111-0002819,409-81-00055,1954-10-20,1988-08-05,2015-02-24,폐업,12.0,중소기업,,,N30301.가정용품,C00000.제조업(10~34),C28000.전기장비 제조업,코스피,감사의견 의견거절,감사의견거절,2018,,,,,,,,,,,,,,,,,,,,,,,,,,,,,,,,,,,,,,,,,,,,,,,,,,,
N381829,A000420,로케트전기,(주)로케트전기,200111-0002819,409-81-00055,1954-10-20,1988-08-05,2015-02-24,폐업,12.0,중소기업,,,N30301.가정용품,C00000.제조업(10~34),C28000.전기장비 제조업,코스피,감사의견 의견거절,감사의견거절,2019,,,,,,,,,,,,,,,,,,,,,,,,,,,,,,,,,,,,,,,,,,,,,,,,,,,
N381829,A000420,로케트전기,(주)로케트전기,200111-0002819,409-81-00055,1954-10-20,1988-08-05,2015-02-24,폐업,12.0,중소기업,,,N30301.가정용품,C00000.제조업(10~34),C28000.전기장비 제조업,코스피,감사의견 의견거절,감사의견거절,2020,,,,,,,,,,,,,,,,,,,,,,,,,,,,,,,,,,,,,,,,,,,,,,,,,,,
N381829,A000420,로케트전기,(주)로케트전기,200111-0002819,409-81-00055,1954-10-20,1988-08-05,2015-02-24,폐업,12.0,중소기업,,,N30301.가정용품,C00000.제조업(10~34),C28000.전기장비 제조업,코스피,감사의견 의견거절,감사의견거절,2021,,,,,,,,,,,,,,,,,,,,,,,,,,,,,,,,,,,,,,,,,,,,,,,,,,,
N381829,A000420,로케트전기,(주)로케트전기,200111-0002819,409-81-00055,1954-10-20,1988-08-05,2015-02-24,폐업,12.0,중소기업,,,N30301.가정용품,C00000.제조업(10~34),C28000.전기장비 제조업,코스피,감사의견 의견거절,감사의견거절,2022,,,,,,,,,,,,,,,,,,,,,,,,,,,,,,,,,,,,,,,,,,,,,,,,,,,
N381829,A000420,로케트전기,(주)로케트전기,200111-0002819,409-81-00055,1954-10-20,1988-08-05,2015-02-24,폐업,12.0,중소기업,,,N30301.가정용품,C00000.제조업(10~34),C28000.전기장비 제조업,코스피,감사의견 의견거절,감사의견거절,2023,,,,,,,,,,,,,,,,,,,,,,,,,,,,,,,,,,,,,,,,,,,,,,,,,,,
N381829,A000420,로케트전기,(주)로케트전기,200111-0002819,409-81-00055,1954-10-20,1988-08-05,2015-02-24,폐업,12.0,중소기업,,,N30301.가정용품,C00000.제조업(10~34),C28000.전기장비 제조업,코스피,감사의견 의견거절,감사의견거절,2024,,,,,,,,,,,,,,,,,,,,,,,,,,,,,,,,,,,,,,,,,,,,,,,,,,,
N610232,A000830,삼성물산,삼성물산(주),110111-0002975,104-81-26728,1952-01-11,1975-12-12,2015-09-15,폐업,12.0,대기업,,,N20107.무역회사와 판매업체,G00000.도매 및 소매업(45~47),G46000.도매 및 상품 중개업,코스피,해산 사유 발생,해산사유발생,2014,0.197283,0.5055656,0.0718841,19.73,0.000426,-0.0058527,7.83,2.29,1.0,0.0237345,0.0103879,0.0519978,2.28,.48,98.45,42.87,1.03,2.27,1.9039991,,,23.28,9.26,18.9,,,,"2,767,469.26",,,176826.9195739,1683.759905,5128.1271902,86941.6154354,"1,572.7",46.34,119.93,109.14,22.41,54.14,139.14,115.81,4.78,,,,,,,,
N610232,A000830,삼성물산,삼성물산(주),110111-0002975,104-81-26728,1952-01-11,1975-12-12,2015-09-15,폐업,12.0,대기업,,,N20107.무역회사와 판매업체,G00000.도매 및 소매업(45~47),G46000.도매 및 상품 중개업,코스피,해산 사유 발생,해산사유발생,2015,,,,,,,,,,,,,,,,,,,,,,,,,,,,,,,,,,,,,,,,,,,,,,,,,,,
N610232,A000830,삼성물산,삼성물산(주),110111-0002975,104-81-26728,1952-01-11,1975-12-12,2015-09-15,폐업,12.0,대기업,,,N20107.무역회사와 판매업체,G00000.도매 및 소매업(45~47),G46000.도매 및 상품 중개업,코스피,해산 사유 발생,해산사유발생,2016,,,,,,,,,,,,,,,,,,,,,,,,,,,,,,,,,,,,,,,,,,,,,,,,,,,
N610232,A000830,삼성물산,삼성물산(주),110111-0002975,104-81-26728,1952-01-11,1975-12-12,2015-09-15,폐업,12.0,대기업,,,N20107.무역회사와 판매업체,G00000.도매 및 소매업(45~47),G46000.도매 및 상품 중개업,코스피,해산 사유 발생,해산사유발생,2017,,,,,,,,,,,,,,,,,,,,,,,,,,,,,,,,,,,,,,,,,,,,,,,,,,,
N610232,A000830,삼성물산,삼성물산(주),110111-0002975,104-81-26728,1952-01-11,1975-12-12,2015-09-15,폐업,12.0,대기업,,,N20107.무역회사와 판매업체,G00000.도매 및 소매업(45~47),G46000.도매 및 상품 중개업,코스피,해산 사유 발생,해산사유발생,2018,,,,,,,,,,,,,,,,,,,,,,,,,,,,,,,,,,,,,,,,,,,,,,,,,,,
N610232,A000830,삼성물산,삼성물산(주),110111-0002975,104-81-26728,1952-01-11,1975-12-12,2015-09-15,폐업,12.0,대기업,,,N20107.무역회사와 판매업체,G00000.도매 및 소매업(45~47),G46000.도매 및 상품 중개업,코스피,해산 사유 발생,해산사유발생,2019,,,,,,,,,,,,,,,,,,,,,,,,,,,,,,,,,,,,,,,,,,,,,,,,,,,
N610232,A000830,삼성물산,삼성물산(주),110111-0002975,104-81-26728,1952-01-11,1975-12-12,2015-09-15,폐업,12.0,대기업,,,N20107.무역회사와 판매업체,G00000.도매 및 소매업(45~47),G46000.도매 및 상품 중개업,코스피,해산 사유 발생,해산사유발생,2020,,,,,,,,,,,,,,,,,,,,,,,,,,,,,,,,,,,,,,,,,,,,,,,,,,,
N610232,A000830,삼성물산,삼성물산(주),110111-0002975,104-81-26728,1952-01-11,1975-12-12,2015-09-15,폐업,12.0,대기업,,,N20107.무역회사와 판매업체,G00000.도매 및 소매업(45~47),G46000.도매 및 상품 중개업,코스피,해산 사유 발생,해산사유발생,2021,,,,,,,,,,,,,,,,,,,,,,,,,,,,,,,,,,,,,,,,,,,,,,,,,,,
N610232,A000830,삼성물산,삼성물산(주),110111-0002975,104-81-26728,1952-01-11,1975-12-12,2015-09-15,폐업,12.0,대기업,,,N20107.무역회사와 판매업체,G00000.도매 및 소매업(45~47),G46000.도매 및 상품 중개업,코스피,해산 사유 발생,해산사유발생,2022,,,,,,,,,,,,,,,,,,,,,,,,,,,,,,,,,,,,,,,,,,,,,,,,,,,
N610232,A000830,삼성물산,삼성물산(주),110111-0002975,104-81-26728,1952-01-11,1975-12-12,2015-09-15,폐업,12.0,대기업,,,N20107.무역회사와 판매업체,G00000.도매 및 소매업(45~47),G46000.도매 및 상품 중개업,코스피,해산 사유 발생,해산사유발생,2023,,,,,,,,,,,,,,,,,,,,,,,,,,,,,,,,,,,,,,,,,,,,,,,,,,,
N610232,A000830,삼성물산,삼성물산(주),110111-0002975,104-81-26728,1952-01-11,1975-12-12,2015-09-15,폐업,12.0,대기업,,,N20107.무역회사와 판매업체,G00000.도매 및 소매업(45~47),G46000.도매 및 상품 중개업,코스피,해산 사유 발생,해산사유발생,2024,,,,,,,,,,,,,,,,,,,,,,,,,,,,,,,,,,,,,,,,,,,,,,,,,,,
N710156,A001140,국보,(주)국보,110111-0296073,104-81-24870,1953-12-28,1989-12-02,2026-01-27,외감,12.0,중견기업,,국보,N20304.도로 및 선로,H00000.운수 및 창고업(49~52),H49000.육상 운송 및 파이프라인 운송업,코스피,감사의견 의견거절 2년 계속,감사의견거절,2014,-0.2401223,-3.9413159,-0.819628,-24.01,-0.0998717,-0.0174419,6.12,-2.47,-7.18,-0.0254502,-0.0739434,-0.0919714,-26.72,1.9,108.21,19.52,1.03,3.72,1.4243551,607.6451516,349.4317138,137.99,3.93,-4.67,,"246,558,140.","180,440.","539,980.71",83.48,182.82,54811.7697842,-6760.8945356,,22419.8464416,345.91,24.86,57.27,56.06,1.15,,134.87,302.32,-1.3,-10.16,-21.14,-7.73,-7.53,"249,811.25",84.78,22.95,"98,315,386,000."
N710156,A001140,국보,(주)국보,110111-0296073,104-81-24870,1953-12-28,1989-12-02,2026-01-27,외감,12.0,중견기업,,국보,N20304.도로 및 선로,H00000.운수 및 창고업(49~52),H49000.육상 운송 및 파이프라인 운송업,코스피,감사의견 의견거절 2년 계속,감사의견거절,2015,-0.1861517,-0.0221014,0.422278,-18.62,-0.060517,0.0887574,6.41,-2.69,-4.41,-0.0282883,-0.0464559,-0.1200286,-19.71,1.76,104.86,16.35,1.05,4.47,1.3770882,569.6289157,370.1431239,169.91,4.47,-3.71,,"221,729,400.","103,590.","455,860.26",80.5,165.51,51494.7281983,-3912.1632934,,18264.1963102,264.41,22.16,51.02,50.23,.83,,138.47,351.32,-1.53,-6.29,-13.39,-4.95,-4.65,"354,267.02",79.19,14.04,"91,005,502,000."
N710156,A001140,국보,(주)국보,110111-0296073,104-81-24870,1953-12-28,1989-12-02,2026-01-27,외감,12.0,중견기업,,국보,N20304.도로 및 선로,H00000.운수 및 창고업(49~52),H49000.육상 운송 및 파이프라인 운송업,코스피,감사의견 의견거절 2년 계속,감사의견거절,2016,-0.1702323,1.0828897,-0.0354864,-17.02,-0.0467724,-0.2282609,8.86,0.23,-4.79,0.0024831,-0.0509418,0.0121185,-24.86,1.71,104.92,12.46,1.06,5.19,1.3362984,982.869749,356.9065018,221.13,4.61,-3.2,,"281,907,970.","53,730.","555,093.16",76.5,150.62,35499.5347738,-4140.3420993,,14856.3622163,197.23,18.79,47.45,46.76,.59,,104.9,432.28,.14,-7.04,-15.9,-5.84,-5.82,"790,303.95",77.53,13.41,"83,085,438,000."
N710156,A001140,국보,(주)국보,110111-0296073,104-81-24870,1953-12-28,1989-12-02,2026-01-27,외감,12.0,중견기업,,국보,N20304.도로 및 선로,H00000.운수 및 창고업(49~52),H49000.육상 운송 및 파이프라인 운송업,코스피,감사의견 의견거절 2년 계속,감사의견거절,2017,0.168439,-20.2746822,0.3098624,16.84,-0.1039443,-0.1056338,7.56,-5.03,-3.69,-0.0509003,-0.0373892,-0.2375344,-17.45,1.91,106.08,12.85,1.01,4.72,1.2886347,1757.7272366,481.8630999,200.11,4.25,-2.79,,"311,279,070.","7,600.","579,948.94",,,27901.8257909,-2065.4371632,,10596.7286531,111.93,24.36,40.45,39.56,2.16,,90.27,310.51,-2.64,-4.23,-8.37,-3.26,-3.05,,,,"81,308,887,000."
N710156,A001140,국보,(주)국보,110111-0296073,104-81-24870,1953-12-28,1989-12-02,2026-01-27,외감,12.0,중견기업,,국보,N20304.도로 및 선로,H00000.운수 및 창고업(49~52),H49000.육상 운송 및 파이프라인 운송업,코스피,감사의견 의견거절 2년 계속,감사의견거절,2018,-0.2485554,-0.3456245,-0.3840336,-24.86,-0.0856897,-0.0314961,5.05,-7.4,-5.59,-0.0871701,-0.0658592,-0.3386843,-25.59,1.84,101.06,10.67,1.18,4.58,1.5865144,3468.4826049,686.1882464,188.27,5.07,-3.28,,"227,538,850.",90.,"469,180.99",102.6,211.56,22968.5186435,-2280.7156138,,8056.3780387,61.13,27.83,41.81,40.55,1.33,,104.1,259.29,-4.01,-33.88,-96.22,-25.27,-17.22,"514,878,252.17",88.47,15.55,"73,270,170,000."
N710156,A001140,국보,(주)국보,110111-0296073,104-81-24870,1953-12-28,1989-12-02,2026-01-27,외감,12.0,중견기업,,국보,N20304.도로 및 선로,H00000.운수 및 창고업(49~52),H49000.육상 운송 및 파이프라인 운송업,코스피,감사의견 의견거절 2년 계속,감사의견거절,2019,1.132685,0.8170507,-0.6692471,113.27,0.245109,0.1056911,19.91,-1.09,-7.49,-0.0118438,-0.0816447,-0.0461008,-31.78,3.41,108.17,4.15,1.09,4.24,1.4661161,457.0791897,264.7791942,4.07,7.39,-8.41,,"110,927,260.",70.,"378,921.46",86.36,294.98,5573.8903983,-496.2850541,,699.5552752,39.91,24.8,93.59,35.9,7.4,,104.6,303.29,-.32,-19.49,-34.66,-15.33,-15.11,"494,463,822.22",76.34,21.42,"48,188,113,000."
N710156,A001140,국보,(주)국보,110111-0296073,104-81-24870,1953-12-28,1989-12-02,2026-01-27,외감,12.0,중견기업,,국보,N20304.도로 및 선로,H00000.운수 및 창고업(49~52),H49000.육상 운송 및 파이프라인 운송업,코스피,감사의견 의견거절 2년 계속,감사의견거절,2020,0.0777265,-10.1546953,-2.0746499,7.77,0.2339436,-0.1470588,28.65,-9.83,-18.67,-0.104794,-0.1991192,-0.3635532,-69.08,3.34,118.54,5.91,1.07,3.7,1.4981896,569.2000167,357.8727861,3.18,8.23,-28.68,,"143,055,130.","34,743,750.","567,416.",,,2765.8708486,-414.645972,,608.6759588,21.74,33.94,94.68,46.6,1.52,,87.46,194.62,-2.95,-18.66,-34.11,-10.81,-15.05,,,,"115,356,448,000."
N710156,A001140,국보,(주)국보,110111-0296073,104-81-24870,1953-12-28,1989-12-02,2026-01-27,외감,12.0,중견기업,,국보,N20304.도로 및 선로,H00000.운수 및 창고업(49~52),H49000.육상 운송 및 파이프라인 운송업,코스피,감사의견 의견거절 2년 계속,감사의견거절,2021,0.0329584,0.258669,0.1392373,3.3,-0.1189783,-0.1810345,28.65,-8.27,-18.24,-0.0829328,-0.1829676,-0.2555827,-56.39,4.29,116.54,-1.44,1.,3.09,1.4846496,628.6959241,345.849914,3.63,6.9,-42.98,,"195,439,440.","79,420,050.","814,935.98",,,1682.4810078,-305.0967362,,477.48312,-4.5,31.12,97.28,51.97,10.49,,154.81,221.31,-1.93,-25.66,-44.04,-14.77,-22.3,,,,"90,823,631,000."
N710156,A001140,국보,(주)국보,110111-0296073,104-81-24870,1953-12-28,1989-12-02,2026-01-27,외감,12.0,중견기업,,국보,N20304.도로 및 선로,H00000.운수 및 창고업(49~52),H49000.육상 운송 및 파이프라인 운송업,코스피,감사의견 의견거절 2년 계속,감사의견거절,2022,0.353136,-0.2613752,-0.3827528,35.31,-0.3925159,-0.0736842,1.54,-17.17,-41.53,-0.095179,-0.2301915,-0.2696338,-65.21,5.91,130.72,-8.56,.55,1.57,0.8567533,871.2409398,293.2893368,2.13,3.85,28.13,,"186,759,440.","41,047,490.","939,905.65",,,664.8553545,-313.371289,,412.6395559,-18.,39.19,110.7,60.41,15.66,470.19,74.91,155.2,-2.9,-52.25,-96.43,-25.83,-37.58,,,,"102,314,952,000."
N710156,A001140,국보,(주)국보,110111-0296073,104-81-24870,1953-12-28,1989-12-02,2026-01-27,외감,12.0,중견기업,,국보,N20304.도로 및 선로,H00000.운수 및 창고업(49~52),H49000.육상 운송 및 파이프라인 운송업,코스피,감사의견 의견거절 2년 계속,감사의견거절,2023,-0.3183584,-0.1958255,-0.2918773,-31.84,-0.1946153,0.0,0.53,-25.49,-66.61,-0.1199754,-0.3134683,-0.3334374,-87.12,14.41,162.23,-36.25,.47,1.31,0.7350966,1164.8125348,333.124996,2.98,4.21,-3.53,,"162,482,600.","1,110,420.","960,274.77",,,4275.0777401,-3161.9095613,,2366.5557033,-52.65,32.13,40.16,32.34,4.18,,66.64,211.26,-1.77,-51.29,-79.02,-35.2,-62.76,,,,"109,959,854,000."
N710156,A001140,국보,(주)국보,110111-0296073,104-81-24870,1953-12-28,1989-12-02,2026-01-27,외감,12.0,중견기업,,국보,N20304.도로 및 선로,H00000.운수 및 창고업(49~52),H49000.육상 운송 및 파이프라인 운송업,코스피,감사의견 의견거절 2년 계속,감사의견거절,2024,-0.6659459,0.3581285,0.1383917,-66.59,-0.142305,-0.3181818,-1.08,-19.08,-66.91,-0.0929648,-0.3260483,-0.3957914,-138.81,17.46,160.09,2.53,.49,2.07,0.6368459,481.6969923,223.518849,9.49,6.11,-1.19,,"184,623,690.","2,930.","1,292,304.73",,,801.0832047,-548.4953692,-7.2595203,618.768789,24.04,13.01,41.77,34.74,.04,,64.61,668.45,-1.09,-33.39,-49.17,-29.26,-51.09,,,,"91,419,723,000."
N320196,A001300,제일모직,제일모직(주),170111-0000076,504-81-00025,1954-09-15,1975-05-15,2014-07-15,폐업,12.0,대기업,,,N15101.화학,C00000.제조업(10~34),C20000.화학 물질 및 화학제품 제조업,코스피,해산 사유 발생,해산사유발생,2014,,,,,,,,,,,,,,,,,,,,,,,,,,,,,,,,,,,,,,,,,,,,,,,,,,,
N320196,A001300,제일모직,제일모직(주),170111-0000076,504-81-00025,1954-09-15,1975-05-15,2014-07-15,폐업,12.0,대기업,,,N15101.화학,C00000.제조업(10~34),C20000.화학 물질 및 화학제품 제조업,코스피,해산 사유 발생,해산사유발생,2015,,,,,,,,,,,,,,,,,,,,,,,,,,,,,,,,,,,,,,,,,,,,,,,,,,,
N320196,A001300,제일모직,제일모직(주),170111-0000076,504-81-00025,1954-09-15,1975-05-15,2014-07-15,폐업,12.0,대기업,,,N15101.화학,C00000.제조업(10~34),C20000.화학 물질 및 화학제품 제조업,코스피,해산 사유 발생,해산사유발생,2016,,,,,,,,,,,,,,,,,,,,,,,,,,,,,,,,,,,,,,,,,,,,,,,,,,,
N320196,A001300,제일모직,제일모직(주),170111-0000076,504-81-00025,1954-09-15,1975-05-15,2014-07-15,폐업,12.0,대기업,,,N15101.화학,C00000.제조업(10~34),C20000.화학 물질 및 화학제품 제조업,코스피,해산 사유 발생,해산사유발생,2017,,,,,,,,,,,,,,,,,,,,,,,,,,,,,,,,,,,,,,,,,,,,,,,,,,,
N320196,A001300,제일모직,제일모직(주),170111-0000076,504-81-00025,1954-09-15,1975-05-15,2014-07-15,폐업,12.0,대기업,,,N15101.화학,C00000.제조업(10~34),C20000.화학 물질 및 화학제품 제조업,코스피,해산 사유 발생,해산사유발생,2018,,,,,,,,,,,,,,,,,,,,,,,,,,,,,,,,,,,,,,,,,,,,,,,,,,,
N320196,A001300,제일모직,제일모직(주),170111-0000076,504-81-00025,1954-09-15,1975-05-15,2014-07-15,폐업,12.0,대기업,,,N15101.화학,C00000.제조업(10~34),C20000.화학 물질 및 화학제품 제조업,코스피,해산 사유 발생,해산사유발생,2019,,,,,,,,,,,,,,,,,,,,,,,,,,,,,,,,,,,,,,,,,,,,,,,,,,,
N320196,A001300,제일모직,제일모직(주),170111-0000076,504-81-00025,1954-09-15,1975-05-15,2014-07-15,폐업,12.0,대기업,,,N15101.화학,C00000.제조업(10~34),C20000.화학 물질 및 화학제품 제조업,코스피,해산 사유 발생,해산사유발생,2020,,,,,,,,,,,,,,,,,,,,,,,,,,,,,,,,,,,,,,,,,,,,,,,,,,,
N320196,A001300,제일모직,제일모직(주),170111-0000076,504-81-00025,1954-09-15,1975-05-15,2014-07-15,폐업,12.0,대기업,,,N15101.화학,C00000.제조업(10~34),C20000.화학 물질 및 화학제품 제조업,코스피,해산 사유 발생,해산사유발생,2021,,,,,,,,,,,,,,,,,,,,,,,,,,,,,,,,,,,,,,,,,,,,,,,,,,,
N320196,A001300,제일모직,제일모직(주),170111-0000076,504-81-00025,1954-09-15,1975-05-15,2014-07-15,폐업,12.0,대기업,,,N15101.화학,C00000.제조업(10~34),C20000.화학 물질 및 화학제품 제조업,코스피,해산 사유 발생,해산사유발생,2022,,,,,,,,,,,,,,,,,,,,,,,,,,,,,,,,,,,,,,,,,,,,,,,,,,,
N320196,A001300,제일모직,제일모직(주),170111-0000076,504-81-00025,1954-09-15,1975-05-15,2014-07-15,폐업,12.0,대기업,,,N15101.화학,C00000.제조업(10~34),C20000.화학 물질 및 화학제품 제조업,코스피,해산 사유 발생,해산사유발생,2023,,,,,,,,,,,,,,,,,,,,,,,,,,,,,,,,,,,,,,,,,,,,,,,,,,,
N320196,A001300,제일모직,제일모직(주),170111-0000076,504-81-00025,1954-09-15,1975-05-15,2014-07-15,폐업,12.0,대기업,,,N15101.화학,C00000.제조업(10~34),C20000.화학 물질 및 화학제품 제조업,코스피,해산 사유 발생,해산사유발생,2024,,,,,,,,,,,,,,,,,,,,,,,,,,,,,,,,,,,,,,,,,,,,,,,,,,,
N310026,A002270,롯데푸드,롯데푸드(주),110111-0033722,107-81-11210,1958-01-10,1973-05-09,2022-07-20,폐업,12.0,대기업,,,N30202.식품,C00000.제조업(10~34),C10000.식료품 제조업,코스피,해산 사유 발생,해산사유발생,2014,0.0771549,-0.1058811,-0.4745423,7.72,0.0412953,0.0477137,,,,0.056805,0.0515748,0.0822063,,,,,,2.04,4.5524631,,,10.12,9.45,,,,,"550,709.99",,,,43720.9639589,,607558.5682624,,,211.69,114.18,,,,43.41,14.94,,,,,,,45.38,
N310026,A002270,롯데푸드,롯데푸드(주),110111-0033722,107-81-11210,1958-01-10,1973-05-09,2022-07-20,폐업,12.0,대기업,,,N30202.식품,C00000.제조업(10~34),C10000.식료품 제조업,코스피,해산 사유 발생,해산사유발생,2015,0.0728685,0.0497748,-0.1603227,7.29,0.0448406,-0.018501,,,,0.0558117,0.0405315,0.0802824,,,,,,1.98,4.5129957,,,9.91,9.41,,,,,"599,501.48",,,,36711.5002088,,651830.4348302,,,215.28,146.48,,,,44.25,19.53,,,,,,,,
N310026,A002270,롯데푸드,롯데푸드(주),110111-0033722,107-81-11210,1958-01-10,1973-05-09,2022-07-20,폐업,12.0,대기업,,,N30202.식품,C00000.제조업(10~34),C10000.식료품 제조업,코스피,해산 사유 발생,해산사유발생,2016,0.0560431,0.1531569,0.1571117,5.6,0.0329124,0.00145,,,,0.0608518,0.0443433,0.0869965,,,,,,1.92,4.470258,,,10.83,8.54,,,,,"633,142.02",,,,42479.3046188,,688361.0299514,,,163.93,104.57,,,,41.75,35.37,,,,,,,,
N310026,A002270,롯데푸드,롯데푸드(주),110111-0033722,107-81-11210,1958-01-10,1973-05-09,2022-07-20,폐업,12.0,대기업,,,N30202.식품,C00000.제조업(10~34),C10000.식료품 제조업,코스피,해산 사유 발생,해산사유발생,2017,-0.2940677,-0.170355,0.6343083,-29.41,0.0318647,0.0072394,,,,0.0517841,0.074335,0.0823726,,,,,,2.26,3.8290702,,,10.5,8.24,,,,,"612,826.32",,,,72239.6768226,,731398.6920346,,,156.07,101.92,,,,83.61,17.04,,,,,,,,
N310026,A002270,롯데푸드,롯데푸드(주),110111-0033722,107-81-11210,1958-01-10,1973-05-09,2022-07-20,폐업,12.0,대기업,,,N30202.식품,C00000.제조업(10~34),C10000.식료품 제조업,코스피,해산 사유 발생,해산사유발생,2018,0.0256081,0.0202892,-0.5525493,2.56,-0.0042633,0.0522281,,,,0.055615,0.0350115,0.1002651,,,,,,2.69,3.3466641,,,9.76,8.88,,,,,"553,293.8",,,,37583.8974441,,750128.4213187,,,248.77,142.49,,,,77.04,11.95,,,,,,,,
N310026,A002270,롯데푸드,롯데푸드(주),110111-0033722,107-81-11210,1958-01-10,1973-05-09,2022-07-20,폐업,12.0,대기업,,,N30202.식품,C00000.제조업(10~34),C10000.식료품 제조업,코스피,해산 사유 발생,해산사유발생,2019,0.0374171,-0.2679686,-0.1156313,3.74,-0.0125794,-0.0173042,,,,0.039105,0.0297409,0.0711497,,,,,,2.57,3.1384421,,,8.52,9.22,,,,,"586,173.21",,,,33238.0211508,,778196.0794012,,,137.61,87.56,,,,86.67,9.48,,,,,,,,
N310026,A002270,롯데푸드,롯데푸드(주),110111-0033722,107-81-11210,1958-01-10,1973-05-09,2022-07-20,폐업,12.0,대기업,,,N30202.식품,C00000.제조업(10~34),C10000.식료품 제조업,코스피,해산 사유 발생,해산사유발생,2020,0.0773085,-0.0965242,0.8733988,7.73,-0.1485791,-0.0430955,,,,0.0346144,0.0545879,0.0585036,,,,,,2.0,2.8977671,,,8.31,8.34,,,,,"631,889.69",,,1172340.2480647,62047.2677958,100242.4368441,836654.7451168,,,173.68,116.01,,,,69.02,7.42,,,,,,,,
N310026,A002270,롯데푸드,롯데푸드(주),110111-0033722,107-81-11210,1958-01-10,1973-05-09,2022-07-20,폐업,12.0,대기업,,,N30202.식품,C00000.제조업(10~34),C10000.식료품 제조업,코스피,해산 사유 발생,해산사유발생,2021,0.0326282,-0.1364268,-1.0149062,3.26,0.0561538,-0.0605327,,,,0.0300678,-0.0008185,0.0497112,,,,,,2.08,3.1812247,,,7.99,8.79,,,,,"660,609.44",,,1202340.0861944,-894.3118164,35647.6565744,796390.3093636,,,187.47,102.33,,,,61.76,7.85,,,,,,,,
N310026,A002270,롯데푸드,롯데푸드(주),110111-0033722,107-81-11210,1958-01-10,1973-05-09,2022-07-20,폐업,12.0,대기업,,,N30202.식품,C00000.제조업(10~34),C10000.식료품 제조업,코스피,해산 사유 발생,해산사유발생,2022,,,,,,,,,,,,,,,,,,,,,,,,,,,,,,,,,,,,,,,,,,,,,,,,,,,
N310026,A002270,롯데푸드,롯데푸드(주),110111-0033722,107-81-11210,1958-01-10,1973-05-09,2022-07-20,폐업,12.0,대기업,,,N30202.식품,C00000.제조업(10~34),C10000.식료품 제조업,코스피,해산 사유 발생,해산사유발생,2023,,,,,,,,,,,,,,,,,,,,,,,,,,,,,,,,,,,,,,,,,,,,,,,,,,,
N310026,A002270,롯데푸드,롯데푸드(주),110111-0033722,107-81-11210,1958-01-10,1973-05-09,2022-07-20,폐업,12.0,대기업,,,N30202.식품,C00000.제조업(10~34),C10000.식료품 제조업,코스피,해산 사유 발생,해산사유발생,2024,,,,,,,,,,,,,,,,,,,,,,,,,,,,,,,,,,,,,,,,,,,,,,,,,,,
N340154,A002300,한국제지,한국제지(주),110111-0002818,214-81-03513,1958-02-25,1971-06-23,2020-07-13,폐업,12.0,중견기업,,,N15105.종이와 임산물,C00000.제조업(10~34),"C17000.펄프, 종이 및 종이제품 제조업",코스피,해산 사유 발생,해산사유발생,2014,0.0002881,0.0124211,-0.3805153,0.03,-0.0922816,-0.0079051,11.37,1.16,0.79,0.0111267,0.0075141,0.0152242,1.03,.4,99.09,68.26,.96,1.31,3.5563387,,,7.42,4.72,5.18,,,,"1,247,782.5",,,49365.7388478,1114.2651004,1868.7681029,99799.1532203,"1,835.08",74.93,194.58,131.98,7.97,66.19,353.36,33.46,2.91,,,,,,,,
N340154,A002300,한국제지,한국제지(주),110111-0002818,214-81-03513,1958-02-25,1971-06-23,2020-07-13,폐업,12.0,중견기업,,,N15105.종이와 임산물,C00000.제조업(10~34),"C17000.펄프, 종이 및 종이제품 제조업",코스피,해산 사유 발생,해산사유발생,2015,0.0164233,1.2081038,0.8784886,1.64,-0.0073175,0.0318725,12.27,2.59,1.49,0.0243314,0.0139787,0.033338,1.92,.27,97.98,64.69,0.94,1.29,3.4830148,,,6.81,4.19,5.14,,,,"1,206,468.02",,,55652.5388596,1852.6192774,-3409.06368,101095.9104549,"1,861.08",71.17,176.23,111.88,8.06,84.42,444.09,40.51,9.48,,,,,,,,
N340154,A002300,한국제지,한국제지(주),110111-0002818,214-81-03513,1958-02-25,1971-06-23,2020-07-13,폐업,12.0,중견기업,,,N15105.종이와 임산물,C00000.제조업(10~34),"C17000.펄프, 종이 및 종이제품 제조업",코스피,해산 사유 발생,해산사유발생,2016,0.0126868,0.4379138,0.6873392,1.27,0.0031538,-0.0250965,,,,0.033603,0.0226541,0.0472502,,,,,,1.27,3.1389392,,,5.58,3.89,,,,,"1,281,722.12",,,116455.0553626,3452.8193994,4762.7992537,102680.6624562,,,182.33,112.01,,,,40.71,12.9,,,,,,,,
N340154,A002300,한국제지,한국제지(주),110111-0002818,214-81-03513,1958-02-25,1971-06-23,2020-07-13,폐업,12.0,중견기업,,,N15105.종이와 임산물,C00000.제조업(10~34),"C17000.펄프, 종이 및 종이제품 제조업",코스피,해산 사유 발생,해산사유발생,2017,0.0033248,-0.6009855,-0.5131974,.33,0.0313093,0.009901,,,,0.0129487,0.0106502,0.0187043,,,,,,1.3,2.9344169,,,5.08,3.85,,,,,"1,314,172.31",,,126312.3312821,1968.0742002,274.2567805,103543.3471405,,,169.82,104.09,,,,48.17,5.32,,,,,,,,
N340154,A002300,한국제지,한국제지(주),110111-0002818,214-81-03513,1958-02-25,1971-06-23,2020-07-13,폐업,12.0,중견기업,,,N15105.종이와 임산물,C00000.제조업(10~34),"C17000.펄프, 종이 및 종이제품 제조업",코스피,해산 사유 발생,해산사유발생,2018,-0.0655062,-2.4874846,-5.1234765,-6.55,0.0671478,0.0294118,,,,-0.0189076,-0.0431102,-0.0287169,,,,,,1.44,2.7691883,,,4.66,3.88,,,,,"1,287,787.24",,,134685.3945805,-6866.0469867,-6155.6769747,96281.5552899,,,158.08,88.72,,,,55.85,-2.65,,,,,,,183.04,
N340154,A002300,한국제지,한국제지(주),110111-0002818,214-81-03513,1958-02-25,1971-06-23,2020-07-13,폐업,12.0,중견기업,,,N15105.종이와 임산물,C00000.제조업(10~34),"C17000.펄프, 종이 및 종이제품 제조업",코스피,해산 사유 발생,해산사유발생,2019,0.0013363,1.2440605,0.3848466,.13,-0.0094294,-0.0266667,,,,0.0043872,-0.0252129,0.0072495,,,,,,1.47,2.2563276,,,4.63,3.81,,,,,"1,266,134.84",,,119090.9157084,-4329.5490124,11451.5726366,90306.7853577,,,140.92,88.75,,,,74.62,.62,,,,,,,,
N340154,A002300,한국제지,한국제지(주),110111-0002818,214-81-03513,1958-02-25,1971-06-23,2020-07-13,폐업,12.0,중견기업,,,N15105.종이와 임산물,C00000.제조업(10~34),"C17000.펄프, 종이 및 종이제품 제조업",코스피,해산 사유 발생,해산사유발생,2020,,,,,,,,,,,,,,,,,,,,,,,,,,,,,,,,,,,,,,,,,,,,,,,,,,,
N340154,A002300,한국제지,한국제지(주),110111-0002818,214-81-03513,1958-02-25,1971-06-23,2020-07-13,폐업,12.0,중견기업,,,N15105.종이와 임산물,C00000.제조업(10~34),"C17000.펄프, 종이 및 종이제품 제조업",코스피,해산 사유 발생,해산사유발생,2021,,,,,,,,,,,,,,,,,,,,,,,,,,,,,,,,,,,,,,,,,,,,,,,,,,,
N340154,A002300,한국제지,한국제지(주),110111-0002818,214-81-03513,1958-02-25,1971-06-23,2020-07-13,폐업,12.0,중견기업,,,N15105.종이와 임산물,C00000.제조업(10~34),"C17000.펄프, 종이 및 종이제품 제조업",코스피,해산 사유 발생,해산사유발생,2022,,,,,,,,,,,,,,,,,,,,,,,,,,,,,,,,,,,,,,,,,,,,,,,,,,,
N340154,A002300,한국제지,한국제지(주),110111-0002818,214-81-03513,1958-02-25,1971-06-23,2020-07-13,폐업,12.0,중견기업,,,N15105.종이와 임산물,C00000.제조업(10~34),"C17000.펄프, 종이 및 종이제품 제조업",코스피,해산 사유 발생,해산사유발생,2023,,,,,,,,,,,,,,,,,,,,,,,,,,,,,,,,,,,,,,,,,,,,,,,,,,,
N340154,A002300,한국제지,한국제지(주),110111-0002818,214-81-03513,1958-02-25,1971-06-23,2020-07-13,폐업,12.0,중견기업,,,N15105.종이와 임산물,C00000.제조업(10~34),"C17000.펄프, 종이 및 종이제품 제조업",코스피,해산 사유 발생,해산사유발생,2024,,,,,,,,,,,,,,,,,,,,,,,,,,,,,,,,,,,,,,,,,,,,,,,,,,,
N500500,A002530,벽산건설,벽산건설(주),110111-0016827,116-81-25566,1958-11-27,1975-06-30,2014-04-25,폐업,12.0,중견기업,,,N20103.건설 및 엔지니어링,F00000.건설업(41~42),F41000.종합 건설업,코스피,공시서류 미제출(사업보고서) 후 10일이내 미제출,공시서류미제출,2014,,,,,,,,,,,,,,,,,,,,,,,,,,,,,,,,,,,,,,,,,,,,,,,,,,,
N500500,A002530,벽산건설,벽산건설(주),110111-0016827,116-81-25566,1958-11-27,1975-06-30,2014-04-25,폐업,12.0,중견기업,,,N20103.건설 및 엔지니어링,F00000.건설업(41~42),F41000.종합 건설업,코스피,공시서류 미제출(사업보고서) 후 10일이내 미제출,공시서류미제출,2015,,,,,,,,,,,,,,,,,,,,,,,,,,,,,,,,,,,,,,,,,,,,,,,,,,,
N500500,A002530,벽산건설,벽산건설(주),110111-0016827,116-81-25566,1958-11-27,1975-06-30,2014-04-25,폐업,12.0,중견기업,,,N20103.건설 및 엔지니어링,F00000.건설업(41~42),F41000.종합 건설업,코스피,공시서류 미제출(사업보고서) 후 10일이내 미제출,공시서류미제출,2016,,,,,,,,,,,,,,,,,,,,,,,,,,,,,,,,,,,,,,,,,,,,,,,,,,,
N500500,A002530,벽산건설,벽산건설(주),110111-0016827,116-81-25566,1958-11-27,1975-06-30,2014-04-25,폐업,12.0,중견기업,,,N20103.건설 및 엔지니어링,F00000.건설업(41~42),F41000.종합 건설업,코스피,공시서류 미제출(사업보고서) 후 10일이내 미제출,공시서류미제출,2017,,,,,,,,,,,,,,,,,,,,,,,,,,,,,,,,,,,,,,,,,,,,,,,,,,,
N500500,A002530,벽산건설,벽산건설(주),110111-0016827,116-81-25566,1958-11-27,1975-06-30,2014-04-25,폐업,12.0,중견기업,,,N20103.건설 및 엔지니어링,F00000.건설업(41~42),F41000.종합 건설업,코스피,공시서류 미제출(사업보고서) 후 10일이내 미제출,공시서류미제출,2018,,,,,,,,,,,,,,,,,,,,,,,,,,,,,,,,,,,,,,,,,,,,,,,,,,,
N500500,A002530,벽산건설,벽산건설(주),110111-0016827,116-81-25566,1958-11-27,1975-06-30,2014-04-25,폐업,12.0,중견기업,,,N20103.건설 및 엔지니어링,F00000.건설업(41~42),F41000.종합 건설업,코스피,공시서류 미제출(사업보고서) 후 10일이내 미제출,공시서류미제출,2019,,,,,,,,,,,,,,,,,,,,,,,,,,,,,,,,,,,,,,,,,,,,,,,,,,,
N500500,A002530,벽산건설,벽산건설(주),110111-0016827,116-81-25566,1958-11-27,1975-06-30,2014-04-25,폐업,12.0,중견기업,,,N20103.건설 및 엔지니어링,F00000.건설업(41~42),F41000.종합 건설업,코스피,공시서류 미제출(사업보고서) 후 10일이내 미제출,공시서류미제출,2020,,,,,,,,,,,,,,,,,,,,,,,,,,,,,,,,,,,,,,,,,,,,,,,,,,,
N500500,A002530,벽산건설,벽산건설(주),110111-0016827,116-81-25566,1958-11-27,1975-06-30,2014-04-25,폐업,12.0,중견기업,,,N20103.건설 및 엔지니어링,F00000.건설업(41~42),F41000.종합 건설업,코스피,공시서류 미제출(사업보고서) 후 10일이내 미제출,공시서류미제출,2021,,,,,,,,,,,,,,,,,,,,,,,,,,,,,,,,,,,,,,,,,,,,,,,,,,,
N500500,A002530,벽산건설,벽산건설(주),110111-0016827,116-81-25566,1958-11-27,1975-06-30,2014-04-25,폐업,12.0,중견기업,,,N20103.건설 및 엔지니어링,F00000.건설업(41~42),F41000.종합 건설업,코스피,공시서류 미제출(사업보고서) 후 10일이내 미제출,공시서류미제출,2022,,,,,,,,,,,,,,,,,,,,,,,,,,,,,,,,,,,,,,,,,,,,,,,,,,,
N500500,A002530,벽산건설,벽산건설(주),110111-0016827,116-81-25566,1958-11-27,1975-06-30,2014-04-25,폐업,12.0,중견기업,,,N20103.건설 및 엔지니어링,F00000.건설업(41~42),F41000.종합 건설업,코스피,공시서류 미제출(사업보고서) 후 10일이내 미제출,공시서류미제출,2023,,,,,,,,,,,,,,,,,,,,,,,,,,,,,,,,,,,,,,,,,,,,,,,,,,,
N500500,A002530,벽산건설,벽산건설(주),110111-0016827,116-81-25566,1958-11-27,1975-06-30,2014-04-25,폐업,12.0,중견기업,,,N20103.건설 및 엔지니어링,F00000.건설업(41~42),F41000.종합 건설업,코스피,공시서류 미제출(사업보고서) 후 10일이내 미제출,공시서류미제출,2024,,,,,,,,,,,,,,,,,,,,,,,,,,,,,,,,,,,,,,,,,,,,,,,,,,,
N320447,A003560,IHQ,(주)아이에이치큐,110111-0042393,211-81-20395,1962-08-24,1973-12-18,2026-01-15,외감,12.0,중견기업,,KH,"N25203.섬유, 의류, 사치품",J00000.정보통신업(58~63),J59000.영상ㆍ오디오 기록물 제작 및 배급업,코스피,감사의견 의견거절 2년 계속,감사의견거절,2014,0.0897618,0.3095853,-0.0349335,8.98,0.028607,0.1126761,78.19,14.32,6.73,0.1141341,0.0536667,0.1554388,7.31,.28,89.24,57.36,.8,1.09,2.999063,2449.1946172,98.064559,585.15,3.31,1.91,,"110,787,110.","17,589,810.","927,344.73",-0.63,-5.23,1815.7950487,160.0905869,1002.3736454,1650.1393204,512.2,70.28,274.65,274.25,113.05,.23,455.32,42.28,50.63,-19.49,-36.97,-8.48,-14.42,-32.96,-1.27,-685.35,"86,465,331,000."
N320447,A003560,IHQ,(주)아이에이치큐,110111-0042393,211-81-20395,1962-08-24,1973-12-18,2026-01-15,외감,12.0,중견기업,,KH,"N25203.섬유, 의류, 사치품",J00000.정보통신업(58~63),J59000.영상ㆍ오디오 기록물 제작 및 배급업,코스피,감사의견 의견거절 2년 계속,감사의견거절,2015,1.9565402,-0.320445,-0.2503492,195.65,0.4027991,1.9746835,85.0,6.94,3.6,0.0410198,0.0212773,0.0511957,2.66,.29,94.18,58.48,0.59,0.74,2.9746223,3346.3338237,95.659531,"1,104.49",3.93,2.33,,"10,282,630.","2,380,070.","666,807.71",12.28,796.18,861.8067142,41.7479207,281.1205585,1517.569568,208.68,84.11,220.31,220.08,97.62,.19,306.06,18.9,24.04,18.24,81.28,2.41,6.55,"3,439.76",20.72,48.46,"103,486,906,000."
N320447,A003560,IHQ,(주)아이에이치큐,110111-0042393,211-81-20395,1962-08-24,1973-12-18,2026-01-15,외감,12.0,중견기업,,KH,"N25203.섬유, 의류, 사치품",J00000.정보통신업(58~63),J59000.영상ㆍ오디오 기록물 제작 및 배급업,코스피,감사의견 의견거절 2년 계속,감사의견거절,2016,0.0303136,0.5235368,0.1052347,3.03,0.0303893,0.0085106,85.35,10.26,3.86,0.0438131,0.0164865,0.0514109,1.93,.23,94.45,60.69,0.43,0.5,2.8900163,4488.9590941,111.8150995,"1,194.31",3.74,2.03,,"10,944,670.","3,768,100.","1,073,090.59",8.61,844.62,761.6273176,30.3871514,293.648649,1560.9838839,217.01,86.33,309.5,309.17,117.97,.16,341.78,15.83,45.38,27.42,193.19,3.01,7.92,"2,453.24",22.51,47.52,"255,675,961,000."
N320447,A003560,IHQ,(주)아이에이치큐,110111-0042393,211-81-20395,1962-08-24,1973-12-18,2026-01-15,외감,12.0,중견기업,,KH,"N25203.섬유, 의류, 사치품",J00000.정보통신업(58~63),J59000.영상ㆍ오디오 기록물 제작 및 배급업,코스피,감사의견 의견거절 2년 계속,감사의견거절,2017,0.0278317,0.367485,-0.3755078,2.78,0.1589521,-0.0632911,86.9,12.1,2.08,0.0599836,0.0103077,0.0683187,1.17,.09,95.73,63.14,0.5,0.56,4.0619086,4224.8388573,107.061591,479.26,4.43,1.77,,"12,768,980.","6,888,390.","1,152,342.86",6.83,616.49,878.86227,17.3510117,428.3026456,1586.2399003,221.91,89.28,435.84,434.02,204.25,.54,273.78,12.01,127.55,7.96,88.27,.69,1.49,"1,142.79",14.8,65.55,"256,634,714,000."
N320447,A003560,IHQ,(주)아이에이치큐,110111-0042393,211-81-20395,1962-08-24,1973-12-18,2026-01-15,외감,12.0,중견기업,,KH,"N25203.섬유, 의류, 사치품",J00000.정보통신업(58~63),J59000.영상ㆍ오디오 기록물 제작 및 배급업,코스피,감사의견 의견거절 2년 계속,감사의견거절,2018,-0.1016356,-0.3531035,-4.7525891,-10.16,-0.1368177,0.0495496,86.95,9.07,-9.04,0.0408265,-0.0406975,0.0459309,-4.58,.05,105.48,59.31,.45,0.51,4.0498493,7539.6652023,162.4973954,264.33,3.77,1.62,,"14,970,680.","10,673,540.","1,049,190.72",2.74,192.05,748.708914,-69.1780489,277.2220784,1411.781334,187.61,88.46,350.08,348.29,74.02,.71,379.28,13.05,181.07,-38.11,,-3.91,-9.06,269.38,6.65,170.51,"255,079,898,000."
N320447,A003560,IHQ,(주)아이에이치큐,110111-0042393,211-81-20395,1962-08-24,1973-12-18,2026-01-15,외감,12.0,중견기업,,KH,"N25203.섬유, 의류, 사치품",J00000.정보통신업(58~63),J59000.영상ㆍ오디오 기록물 제작 및 배급업,코스피,감사의견 의견거절 2년 계속,감사의견거절,2019,-0.3310629,-1.7092147,-5.6970924,-33.11,-0.0928286,0.0686695,82.63,-7.09,-66.75,-0.0354643,-0.3338304,-0.0412448,-38.82,.33,159.58,42.69,.5,0.58,3.5681612,6960.5393313,114.458005,264.52,3.22,1.49,,"27,649,640.","9,008,230.","801,381.28",,,677.9559363,-452.7773195,277.3814594,949.5878538,96.81,82.54,504.12,502.28,198.41,.46,831.51,21.16,-21.7,-247.63,-881.7,-41.77,-73.9,,,,"231,274,872,000."
N320447,A003560,IHQ,(주)아이에이치큐,110111-0042393,211-81-20395,1962-08-24,1973-12-18,2026-01-15,외감,12.0,중견기업,,KH,"N25203.섬유, 의류, 사치품",J00000.정보통신업(58~63),J59000.영상ㆍ오디오 기록물 제작 및 배급업,코스피,감사의견 의견거절 2년 계속,감사의견거절,2020,-0.1328933,-1.3045814,0.7246731,-13.29,-0.1836903,-0.1365462,76.5,-20.02,-22.52,-0.1039758,-0.1169292,-0.1270127,-14.28,.34,116.82,35.96,.52,0.63,2.8633121,8448.8293931,103.7730204,391.89,2.86,1.04,,"39,001,750.","7,375,500.","721,344.87",,,553.4220005,-124.7020599,272.6007931,823.0599204,71.96,81.1,574.27,573.89,132.51,.08,762.21,23.31,-58.79,-66.23,-333.65,-12.21,-22.25,,,,"165,807,959,000."
N320447,A003560,IHQ,(주)아이에이치큐,110111-0042393,211-81-20395,1962-08-24,1973-12-18,2026-01-15,외감,12.0,중견기업,,KH,"N25203.섬유, 의류, 사치품",J00000.정보통신업(58~63),J59000.영상ㆍ오디오 기록물 제작 및 배급업,코스피,감사의견 의견거절 2년 계속,감사의견거절,2021,-0.0040928,0.2826593,0.4465308,-0.41,-0.2596181,-0.1534884,82.75,-19.4,-16.83,-0.0604861,-0.0524825,-0.0982944,-8.53,4.87,110.39,20.67,.31,0.51,0.8106646,8372.0834719,67.6518339,322.79,2.61,1.49,,"82,439,370.","6,205,600.","1,037,597.56",,,410.347154,-69.3845119,108.1037518,800.010191,67.43,49.54,101.4,101.14,8.36,18.63,416.69,101.87,-3.98,-3.35,-4.01,-1.64,-6.51,,,,"146,319,857,000."
N320447,A003560,IHQ,(주)아이에이치큐,110111-0042393,211-81-20395,1962-08-24,1973-12-18,2026-01-15,외감,12.0,중견기업,,KH,"N25203.섬유, 의류, 사치품",J00000.정보통신업(58~63),J59000.영상ㆍ오디오 기록물 제작 및 배급업,코스피,감사의견 의견거절 2년 계속,감사의견거절,2022,-0.259792,-1.7641807,-10.0990743,-25.98,-0.2201932,0.0989011,82.39,-68.76,-239.56,-0.1327133,-0.4623745,-0.3129073,-109.02,21.37,276.39,-14.37,.19,0.46,0.3351626,37579.69016,263.763617,303.51,2.49,-.77,,"124,243,390.","3,179,560.","1,100,603.87",,,1961.005393,-628.363557,246.9981269,2804.2341018,-33.07,35.51,15.6,15.6,1.89,,271.37,181.58,-3.22,-73.55,-95.34,-51.56,-249.25,,,,"238,568,446,000."
N320447,A003560,IHQ,(주)아이에이치큐,110111-0042393,211-81-20395,1962-08-24,1973-12-18,2026-01-15,외감,12.0,중견기업,,KH,"N25203.섬유, 의류, 사치품",J00000.정보통신업(58~63),J59000.영상ㆍ오디오 기록물 제작 및 배급업,코스피,감사의견 의견거절 2년 계속,감사의견거절,2023,0.2415842,0.4578369,1.334888,24.16,-0.2242568,-0.41,84.02,-48.06,103.42,-0.0876663,0.1886607,-0.1779254,38.29,23.31,66.81,70.88,.18,0.37,0.359611,90085.1253027,295.4067706,,2.33,-.52,,"216,988,960.","2,149,250.","1,391,921.38",,,176.8854201,184.9047051,447.6944874,35720.1391074,"3,926.7",71.62,50.83,50.83,18.57,,265.15,39.63,-2.06,92.25,163.21,22.36,80.57,,,,"246,320,129,000."
N320447,A003560,IHQ,(주)아이에이치큐,110111-0042393,211-81-20395,1962-08-24,1973-12-18,2026-01-15,외감,12.0,중견기업,,KH,"N25203.섬유, 의류, 사치품",J00000.정보통신업(58~63),J59000.영상ㆍ오디오 기록물 제작 및 배급업,코스피,감사의견 의견거절 2년 계속,감사의견거절,2024,-0.0809575,0.5893071,-1.6423815,-8.1,-0.1065637,-0.0423729,78.43,-22.09,-74.36,-0.0489844,-0.1648855,-0.0687463,-23.14,5.99,154.87,68.37,.22,0.31,0.7713972,20157.2281511,63.1626438,"23,586.9",2.38,33.04,,"220,302,450.","1,639,080.","1,151,765.73",,,5699.2341278,-4093.3788702,285.7037124,26913.8038393,"3,204.89",70.86,143.01,143.,.9,.02,418.27,41.12,-3.69,8.01,18.55,1.88,8.56,,,,"151,653,101,000."
N370134,A003640,유니온스틸,유니온스틸(주),110111-0041501,102-81-18542,1962-12-10,1973-06-30,2015-01-16,폐업,12.0,대기업,,,N15104.금속과 채광,C00000.제조업(10~34),C24000.1차 금속 제조업,코스피,해산 사유 발생,해산사유발생,2014,-0.009671,-0.2682699,-2.1819629,-0.97,-0.0974163,-0.0434783,6.42,1.23,-1.01,0.0121637,-0.0099385,0.0370933,-3.03,1.78,101.06,29.72,.99,3.01,1.4665983,,,7.55,5.09,-7.45,,,,"1,914,759.26",,,195788.2709826,-1971.603002,4003.3231293,65375.0098968,"1,165.38",33.03,69.69,47.86,8.2,,128.15,202.79,.69,,,,,,,,
N370134,A003640,유니온스틸,유니온스틸(주),110111-0041501,102-81-18542,1962-12-10,1973-06-30,2015-01-16,폐업,12.0,대기업,,,N15104.금속과 채광,C00000.제조업(10~34),C24000.1차 금속 제조업,코스피,해산 사유 발생,해산사유발생,2015,,,,,,,,,,,,,,,,,,,,,,,,,,,,,,,,,,,,,,,,,,,,,,,,,,,
N370134,A003640,유니온스틸,유니온스틸(주),110111-0041501,102-81-18542,1962-12-10,1973-06-30,2015-01-16,폐업,12.0,대기업,,,N15104.금속과 채광,C00000.제조업(10~34),C24000.1차 금속 제조업,코스피,해산 사유 발생,해산사유발생,2016,,,,,,,,,,,,,,,,,,,,,,,,,,,,,,,,,,,,,,,,,,,,,,,,,,,
N370134,A003640,유니온스틸,유니온스틸(주),110111-0041501,102-81-18542,1962-12-10,1973-06-30,2015-01-16,폐업,12.0,대기업,,,N15104.금속과 채광,C00000.제조업(10~34),C24000.1차 금속 제조업,코스피,해산 사유 발생,해산사유발생,2017,,,,,,,,,,,,,,,,,,,,,,,,,,,,,,,,,,,,,,,,,,,,,,,,,,,
N370134,A003640,유니온스틸,유니온스틸(주),110111-0041501,102-81-18542,1962-12-10,1973-06-30,2015-01-16,폐업,12.0,대기업,,,N15104.금속과 채광,C00000.제조업(10~34),C24000.1차 금속 제조업,코스피,해산 사유 발생,해산사유발생,2018,,,,,,,,,,,,,,,,,,,,,,,,,,,,,,,,,,,,,,,,,,,,,,,,,,,
N370134,A003640,유니온스틸,유니온스틸(주),110111-0041501,102-81-18542,1962-12-10,1973-06-30,2015-01-16,폐업,12.0,대기업,,,N15104.금속과 채광,C00000.제조업(10~34),C24000.1차 금속 제조업,코스피,해산 사유 발생,해산사유발생,2019,,,,,,,,,,,,,,,,,,,,,,,,,,,,,,,,,,,,,,,,,,,,,,,,,,,
N370134,A003640,유니온스틸,유니온스틸(주),110111-0041501,102-81-18542,1962-12-10,1973-06-30,2015-01-16,폐업,12.0,대기업,,,N15104.금속과 채광,C00000.제조업(10~34),C24000.1차 금속 제조업,코스피,해산 사유 발생,해산사유발생,2020,,,,,,,,,,,,,,,,,,,,,,,,,,,,,,,,,,,,,,,,,,,,,,,,,,,
N370134,A003640,유니온스틸,유니온스틸(주),110111-0041501,102-81-18542,1962-12-10,1973-06-30,2015-01-16,폐업,12.0,대기업,,,N15104.금속과 채광,C00000.제조업(10~34),C24000.1차 금속 제조업,코스피,해산 사유 발생,해산사유발생,2021,,,,,,,,,,,,,,,,,,,,,,,,,,,,,,,,,,,,,,,,,,,,,,,,,,,
N370134,A003640,유니온스틸,유니온스틸(주),110111-0041501,102-81-18542,1962-12-10,1973-06-30,2015-01-16,폐업,12.0,대기업,,,N15104.금속과 채광,C00000.제조업(10~34),C24000.1차 금속 제조업,코스피,해산 사유 발생,해산사유발생,2022,,,,,,,,,,,,,,,,,,,,,,,,,,,,,,,,,,,,,,,,,,,,,,,,,,,
N370134,A003640,유니온스틸,유니온스틸(주),110111-0041501,102-81-18542,1962-12-10,1973-06-30,2015-01-16,폐업,12.0,대기업,,,N15104.금속과 채광,C00000.제조업(10~34),C24000.1차 금속 제조업,코스피,해산 사유 발생,해산사유발생,2023,,,,,,,,,,,,,,,,,,,,,,,,,,,,,,,,,,,,,,,,,,,,,,,,,,,
N370134,A003640,유니온스틸,유니온스틸(주),110111-0041501,102-81-18542,1962-12-10,1973-06-30,2015-01-16,폐업,12.0,대기업,,,N15104.금속과 채광,C00000.제조업(10~34),C24000.1차 금속 제조업,코스피,해산 사유 발생,해산사유발생,2024,,,,,,,,,,,,,,,,,,,,,,,,,,,,,,,,,,,,,,,,,,,,,,,,,,,
N310298,A003940,삼양제넥스,(주)삼양제넥스,110111-0134463,208-81-07718,0000-00-00,1987-06-26,2016-01-21,폐업,12.0,중견기업,,,N30202.식품,C00000.제조업(10~34),C10000.식료품 제조업,코스피,해산 사유 발생,해산사유발생,2014,0.0529334,0.2594503,-0.0228393,5.29,-0.0995007,-0.0198864,19.57,7.01,5.91,0.0563661,0.0475342,0.081054,6.84,.19,92.39,68.27,.8,1.16,2.6390277,,,6.34,12.75,2.37,,,,"1,359,284.65",,,190016.9513389,11236.8754434,22754.4799417,181602.44982,"3,328.86",69.17,226.05,179.68,24.09,36.79,134.74,44.58,37.36,,,,,,,37.19,
N310298,A003940,삼양제넥스,(주)삼양제넥스,110111-0134463,208-81-07718,0000-00-00,1987-06-26,2016-01-21,폐업,12.0,중견기업,,,N30202.식품,C00000.제조업(10~34),C10000.식료품 제조업,코스피,해산 사유 발생,해산사유발생,2015,0.0663765,0.4502444,0.2603398,6.64,-0.0114915,0.0,23.83,10.29,7.54,0.0775685,0.0568486,0.1109124,8.13,.17,89.41,70.01,0.75,1.08,2.5079739,,,6.48,12.26,2.42,,,,"1,457,634.77",,,187833.3654217,14162.2809846,18042.7354912,195126.7086513,"3,562.88",70.67,216.11,172.06,37.,37.94,213.85,41.49,59.28,,,,,,,,
N310298,A003940,삼양제넥스,(주)삼양제넥스,110111-0134463,208-81-07718,0000-00-00,1987-06-26,2016-01-21,폐업,12.0,중견기업,,,N30202.식품,C00000.제조업(10~34),C10000.식료품 제조업,코스피,해산 사유 발생,해산사유발생,2016,,,,,,,,,,,,,,,,,,,,,,,,,,,,,,,,,,,,,,,,,,,,,,,,,,,
N310298,A003940,삼양제넥스,(주)삼양제넥스,110111-0134463,208-81-07718,0000-00-00,1987-06-26,2016-01-21,폐업,12.0,중견기업,,,N30202.식품,C00000.제조업(10~34),C10000.식료품 제조업,코스피,해산 사유 발생,해산사유발생,2017,,,,,,,,,,,,,,,,,,,,,,,,,,,,,,,,,,,,,,,,,,,,,,,,,,,
N310298,A003940,삼양제넥스,(주)삼양제넥스,110111-0134463,208-81-07718,0000-00-00,1987-06-26,2016-01-21,폐업,12.0,중견기업,,,N30202.식품,C00000.제조업(10~34),C10000.식료품 제조업,코스피,해산 사유 발생,해산사유발생,2018,,,,,,,,,,,,,,,,,,,,,,,,,,,,,,,,,,,,,,,,,,,,,,,,,,,
N310298,A003940,삼양제넥스,(주)삼양제넥스,110111-0134463,208-81-07718,0000-00-00,1987-06-26,2016-01-21,폐업,12.0,중견기업,,,N30202.식품,C00000.제조업(10~34),C10000.식료품 제조업,코스피,해산 사유 발생,해산사유발생,2019,,,,,,,,,,,,,,,,,,,,,,,,,,,,,,,,,,,,,,,,,,,,,,,,,,,
N310298,A003940,삼양제넥스,(주)삼양제넥스,110111-0134463,208-81-07718,0000-00-00,1987-06-26,2016-01-21,폐업,12.0,중견기업,,,N30202.식품,C00000.제조업(10~34),C10000.식료품 제조업,코스피,해산 사유 발생,해산사유발생,2020,,,,,,,,,,,,,,,,,,,,,,,,,,,,,,,,,,,,,,,,,,,,,,,,,,,
N310298,A003940,삼양제넥스,(주)삼양제넥스,110111-0134463,208-81-07718,0000-00-00,1987-06-26,2016-01-21,폐업,12.0,중견기업,,,N30202.식품,C00000.제조업(10~34),C10000.식료품 제조업,코스피,해산 사유 발생,해산사유발생,2021,,,,,,,,,,,,,,,,,,,,,,,,,,,,,,,,,,,,,,,,,,,,,,,,,,,
N310298,A003940,삼양제넥스,(주)삼양제넥스,110111-0134463,208-81-07718,0000-00-00,1987-06-26,2016-01-21,폐업,12.0,중견기업,,,N30202.식품,C00000.제조업(10~34),C10000.식료품 제조업,코스피,해산 사유 발생,해산사유발생,2022,,,,,,,,,,,,,,,,,,,,,,,,,,,,,,,,,,,,,,,,,,,,,,,,,,,
N310298,A003940,삼양제넥스,(주)삼양제넥스,110111-0134463,208-81-07718,0000-00-00,1987-06-26,2016-01-21,폐업,12.0,중견기업,,,N30202.식품,C00000.제조업(10~34),C10000.식료품 제조업,코스피,해산 사유 발생,해산사유발생,2023,,,,,,,,,,,,,,,,,,,,,,,,,,,,,,,,,,,,,,,,,,,,,,,,,,,
N310298,A003940,삼양제넥스,(주)삼양제넥스,110111-0134463,208-81-07718,0000-00-00,1987-06-26,2016-01-21,폐업,12.0,중견기업,,,N30202.식품,C00000.제조업(10~34),C10000.식료품 제조업,코스피,해산 사유 발생,해산사유발생,2024,,,,,,,,,,,,,,,,,,,,,,,,,,,,,,,,,,,,,,,,,,,,,,,,,,,
N381438,A004130,대덕GDS,대덕GDS(주),130111-0007640,134-81-03503,1970-12-01,1987-08-10,2018-12-19,폐업,12.0,중견기업,,,"N45203.전자장비와 기기, 부품",C00000.제조업(10~34),"C26000.전자 부품, 컴퓨터, 영상, 음향 및 통신장비 제조업",코스피,해산 사유 발생,해산사유발생,2014,0.0605413,-0.7126322,-0.5889726,6.05,-0.0431586,0.022942,7.16,3.03,3.61,0.0333046,0.0396313,0.0420901,5.01,.07,95.57,79.85,1.1,1.39,5.2585683,,,11.66,5.85,3.85,,,,"679,687.02",,,25942.8127141,936.7053794,814.882449,19533.579996,"3,769.07",81.57,250.84,193.01,20.37,38.34,277.35,22.59,45.88,,,,,,,,
N381438,A004130,대덕GDS,대덕GDS(주),130111-0007640,134-81-03503,1970-12-01,1987-08-10,2018-12-19,폐업,12.0,중견기업,,,"N45203.전자장비와 기기, 부품",C00000.제조업(10~34),"C26000.전자 부품, 컴퓨터, 영상, 음향 및 통신장비 제조업",코스피,해산 사유 발생,해산사유발생,2015,0.0378325,-0.5750689,-0.0155448,3.78,-0.1131038,-0.0316623,6.09,1.45,4.01,0.0143098,0.0394496,0.0170523,4.7,.06,95.35,84.55,0.98,1.17,6.1201241,,,10.65,5.19,2.96,,,,"692,121.27",,,23008.5823065,922.1445228,2463.7797538,20272.5843369,"3,914.73",86.3,412.78,345.25,96.85,21.59,304.77,15.87,26.06,,,,,,,,
N381438,A004130,대덕GDS,대덕GDS(주),130111-0007640,134-81-03503,1970-12-01,1987-08-10,2018-12-19,폐업,12.0,중견기업,,,"N45203.전자장비와 기기, 부품",C00000.제조업(10~34),"C26000.전자 부품, 컴퓨터, 영상, 음향 및 통신장비 제조업",코스피,해산 사유 발생,해산사유발생,2016,0.0039049,-0.3609489,-0.5421781,.39,-0.1145424,0.0408719,,,,0.0093507,0.0184677,0.0106778,,,,,,1.02,7.1701585,,,10.78,4.61,,,,,"658,001.74",,,20373.1230823,422.1779285,1367.1107966,20823.5029462,,,470.3,400.79,,,,12.53,27.21,,,,,,,,
N381438,A004130,대덕GDS,대덕GDS(주),130111-0007640,134-81-03503,1970-12-01,1987-08-10,2018-12-19,폐업,12.0,중견기업,,,"N45203.전자장비와 기기, 부품",C00000.제조업(10~34),"C26000.전자 부품, 컴퓨터, 영상, 음향 및 통신장비 제조업",코스피,해산 사유 발생,해산사유발생,2017,0.050094,5.1809269,2.5064368,5.01,0.0413825,0.1505236,,,,0.0555349,0.0622228,0.064261,,,,,,1.03,6.567216,,,10.9,4.48,,,,,"598,157.99",,,21216.2143594,1480.3402046,2123.8450883,21866.636228,,,325.7,267.36,,,,18.75,155.42,,,,,,,,
N381438,A004130,대덕GDS,대덕GDS(주),130111-0007640,134-81-03503,1970-12-01,1987-08-10,2018-12-19,폐업,12.0,중견기업,,,"N45203.전자장비와 기기, 부품",C00000.제조업(10~34),"C26000.전자 부품, 컴퓨터, 영상, 음향 및 통신장비 제조업",코스피,해산 사유 발생,해산사유발생,2018,,,,,,,,,,,,,,,,,,,,,,,,,,,,,,,,,,,,,,,,,,,,,,,,,,,
N381438,A004130,대덕GDS,대덕GDS(주),130111-0007640,134-81-03503,1970-12-01,1987-08-10,2018-12-19,폐업,12.0,중견기업,,,"N45203.전자장비와 기기, 부품",C00000.제조업(10~34),"C26000.전자 부품, 컴퓨터, 영상, 음향 및 통신장비 제조업",코스피,해산 사유 발생,해산사유발생,2019,,,,,,,,,,,,,,,,,,,,,,,,,,,,,,,,,,,,,,,,,,,,,,,,,,,
N381438,A004130,대덕GDS,대덕GDS(주),130111-0007640,134-81-03503,1970-12-01,1987-08-10,2018-12-19,폐업,12.0,중견기업,,,"N45203.전자장비와 기기, 부품",C00000.제조업(10~34),"C26000.전자 부품, 컴퓨터, 영상, 음향 및 통신장비 제조업",코스피,해산 사유 발생,해산사유발생,2020,,,,,,,,,,,,,,,,,,,,,,,,,,,,,,,,,,,,,,,,,,,,,,,,,,,
N381438,A004130,대덕GDS,대덕GDS(주),130111-0007640,134-81-03503,1970-12-01,1987-08-10,2018-12-19,폐업,12.0,중견기업,,,"N45203.전자장비와 기기, 부품",C00000.제조업(10~34),"C26000.전자 부품, 컴퓨터, 영상, 음향 및 통신장비 제조업",코스피,해산 사유 발생,해산사유발생,2021,,,,,,,,,,,,,,,,,,,,,,,,,,,,,,,,,,,,,,,,,,,,,,,,,,,
N381438,A004130,대덕GDS,대덕GDS(주),130111-0007640,134-81-03503,1970-12-01,1987-08-10,2018-12-19,폐업,12.0,중견기업,,,"N45203.전자장비와 기기, 부품",C00000.제조업(10~34),"C26000.전자 부품, 컴퓨터, 영상, 음향 및 통신장비 제조업",코스피,해산 사유 발생,해산사유발생,2022,,,,,,,,,,,,,,,,,,,,,,,,,,,,,,,,,,,,,,,,,,,,,,,,,,,
N381438,A004130,대덕GDS,대덕GDS(주),130111-0007640,134-81-03503,1970-12-01,1987-08-10,2018-12-19,폐업,12.0,중견기업,,,"N45203.전자장비와 기기, 부품",C00000.제조업(10~34),"C26000.전자 부품, 컴퓨터, 영상, 음향 및 통신장비 제조업",코스피,해산 사유 발생,해산사유발생,2023,,,,,,,,,,,,,,,,,,,,,,,,,,,,,,,,,,,,,,,,,,,,,,,,,,,
N381438,A004130,대덕GDS,대덕GDS(주),130111-0007640,134-81-03503,1970-12-01,1987-08-10,2018-12-19,폐업,12.0,중견기업,,,"N45203.전자장비와 기기, 부품",C00000.제조업(10~34),"C26000.전자 부품, 컴퓨터, 영상, 음향 및 통신장비 제조업",코스피,해산 사유 발생,해산사유발생,2024,,,,,,,,,,,,,,,,,,,,,,,,,,,,,,,,,,,,,,,,,,,,,,,,,,,
N500046,A004200,고려개발,고려개발(주),110111-0052037,106-81-44682,1965-03-31,1978-10-30,2020-07-21,폐업,12.0,대기업,,,N20103.건설 및 엔지니어링,F00000.건설업(41~42),F41000.종합 건설업,코스피,해산 사유 발생,해산사유발생,2014,-0.5221504,-0.6380383,-19.1953517,-52.22,-0.0773175,0.0048662,,,,0.0207558,-0.0776935,0.187329,,,,,,7.8,0.9721476,,,7.33,10.87,,,,,"1,923,647.03",,,,-3086.24355,,2846.6495792,,,77.37,64.61,,,,"1,244.74",1.19,,,,,,,,
N500046,A004200,고려개발,고려개발(주),110111-0052037,106-81-44682,1965-03-31,1978-10-30,2020-07-21,폐업,12.0,대기업,,,N20103.건설 및 엔지니어링,F00000.건설업(41~42),F41000.종합 건설업,코스피,해산 사유 발생,해산사유발생,2015,-2.1347915,-5.8364438,-0.9408245,,-0.1160559,-0.0096852,,,,-0.1135598,-0.1705805,20.7877584,,,,,,,0.859705,,,7.69,11.88,,,,,"1,717,092.69",,,,-5989.8571,,-3230.1206917,,,140.12,112.77,,,,,-6.03,,,,,,,-105.01,
N500046,A004200,고려개발,고려개발(주),110111-0052037,106-81-44682,1965-03-31,1978-10-30,2020-07-21,폐업,12.0,대기업,,,N20103.건설 및 엔지니어링,F00000.건설업(41~42),F41000.종합 건설업,코스피,해산 사유 발생,해산사유발생,2016,-1.3316364,1.3303464,0.7451009,,0.0276803,-0.0733496,,,,0.0423028,-0.0490312,-1.2204247,,,,,,,0.968166,,,8.57,12.64,,,,,"1,643,247.01",,,,-1436.8160368,,994.1960361,,,65.14,52.12,,,,"2,731.02",2.67,,,,,,,126.07,
N500046,A004200,고려개발,고려개발(주),110111-0052037,106-81-44682,1965-03-31,1978-10-30,2020-07-21,폐업,12.0,대기업,,,N20103.건설 및 엔지니어링,F00000.건설업(41~42),F41000.종합 건설업,코스피,해산 사유 발생,해산사유발생,2017,2.6511329,1.1369862,1.1874036,265.11,0.062889,-0.1187335,,,,0.0887205,0.0090179,1.1300679,,,,,,13.31,1.1339623,,,10.9,15.92,,,,,"1,899,950.53",,,,265.5494664,,3629.9418898,,,163.35,142.05,,,,747.22,5.75,,,,,,,59.4,
N500046,A004200,고려개발,고려개발(주),110111-0052037,106-81-44682,1965-03-31,1978-10-30,2020-07-21,폐업,12.0,대기업,,,N20103.건설 및 엔지니어링,F00000.건설업(41~42),F41000.종합 건설업,코스피,해산 사유 발생,해산사유발생,2018,0.7405273,-0.2901755,-0.8914034,74.05,-0.1644436,0.1017964,,,,0.063655,0.0009899,0.3728657,,,,,,5.17,1.0641945,,,10.75,14.04,,,,,"1,706,017.",,,,23.2007704,,4472.8817018,,,84.99,72.8,,,,335.54,3.09,,,,,,,63.18,
N500046,A004200,고려개발,고려개발(주),110111-0052037,106-81-44682,1965-03-31,1978-10-30,2020-07-21,폐업,12.0,대기업,,,N20103.건설 및 엔지니어링,F00000.건설업(41~42),F41000.종합 건설업,코스피,해산 사유 발생,해산사유발생,2019,0.2416732,0.5791387,54.2376684,24.17,0.2362276,0.0679348,,,,0.1046242,0.0569105,0.4135745,,,,,,4.49,1.5200783,,,13.97,18.77,,,,,"1,534,826.64",,,,1365.2779641,,11108.2823187,,,153.89,136.32,,,,262.88,4.96,,,,,,,41.64,
N500046,A004200,고려개발,고려개발(주),110111-0052037,106-81-44682,1965-03-31,1978-10-30,2020-07-21,폐업,12.0,대기업,,,N20103.건설 및 엔지니어링,F00000.건설업(41~42),F41000.종합 건설업,코스피,해산 사유 발생,해산사유발생,2020,,,,,,,,,,,,,,,,,,,,,,,,,,,,,,,,,,,,,,,,,,,,,,,,,,,
N500046,A004200,고려개발,고려개발(주),110111-0052037,106-81-44682,1965-03-31,1978-10-30,2020-07-21,폐업,12.0,대기업,,,N20103.건설 및 엔지니어링,F00000.건설업(41~42),F41000.종합 건설업,코스피,해산 사유 발생,해산사유발생,2021,,,,,,,,,,,,,,,,,,,,,,,,,,,,,,,,,,,,,,,,,,,,,,,,,,,
N500046,A004200,고려개발,고려개발(주),110111-0052037,106-81-44682,1965-03-31,1978-10-30,2020-07-21,폐업,12.0,대기업,,,N20103.건설 및 엔지니어링,F00000.건설업(41~42),F41000.종합 건설업,코스피,해산 사유 발생,해산사유발생,2022,,,,,,,,,,,,,,,,,,,,,,,,,,,,,,,,,,,,,,,,,,,,,,,,,,,
N500046,A004200,고려개발,고려개발(주),110111-0052037,106-81-44682,1965-03-31,1978-10-30,2020-07-21,폐업,12.0,대기업,,,N20103.건설 및 엔지니어링,F00000.건설업(41~42),F41000.종합 건설업,코스피,해산 사유 발생,해산사유발생,2023,,,,,,,,,,,,,,,,,,,,,,,,,,,,,,,,,,,,,,,,,,,,,,,,,,,
N500046,A004200,고려개발,고려개발(주),110111-0052037,106-81-44682,1965-03-31,1978-10-30,2020-07-21,폐업,12.0,대기업,,,N20103.건설 및 엔지니어링,F00000.건설업(41~42),F41000.종합 건설업,코스피,해산 사유 발생,해산사유발생,2024,,,,,,,,,,,,,,,,,,,,,,,,,,,,,,,,,,,,,,,,,,,,,,,,,,,
N500380,A004320,울트라건설,(주)호반산업,110111-0055859,120-81-65984,1965-07-20,1991-12-06,2015-04-13,폐업,12.0,중견기업,,,N20103.건설 및 엔지니어링,F00000.건설업(41~42),F41000.종합 건설업,코스닥,자본전액잠식,자본잠식,2014,-2.0289529,-3.9542862,-27.5018767,,-0.6250529,-0.4309927,-12.05,-21.42,-63.17,-0.1552922,-0.4579044,47.580892,,4.68,154.02,-51.96,.72,,0.7224906,,,36.38,6.66,-2.23,,,,"1,166,525.03",,,30295.7132044,-18797.7962617,6835.7106381,-9850.4098911,-296.98,,38.94,36.99,3.56,,11.06,,-4.58,,,,,,,,
N500380,A004320,울트라건설,(주)호반산업,110111-0055859,120-81-65984,1965-07-20,1991-12-06,2015-04-13,폐업,12.0,중견기업,,,N20103.건설 및 엔지니어링,F00000.건설업(41~42),F41000.종합 건설업,코스닥,자본전액잠식,자본잠식,2015,,,,,,,-1.55,-6.79,-30.81,,,,,6.61,126.08,-16.86,0.65,,,,,,,-1.9,,,,,,,,,,,-136.26,,,,9.69,62.64,152.16,,,,,,,,,,
N500380,A004320,울트라건설,(주)호반산업,110111-0055859,120-81-65984,1965-07-20,1991-12-06,2015-04-13,폐업,12.0,중견기업,,,N20103.건설 및 엔지니어링,F00000.건설업(41~42),F41000.종합 건설업,코스닥,자본전액잠식,자본잠식,2016,,,,,,,,,,,,,,,,,,,,,,,,,,,,,,,,,,,,,,,,,,,,,,,,,,,
N500380,A004320,울트라건설,(주)호반산업,110111-0055859,120-81-65984,1965-07-20,1991-12-06,2015-04-13,폐업,12.0,중견기업,,,N20103.건설 및 엔지니어링,F00000.건설업(41~42),F41000.종합 건설업,코스닥,자본전액잠식,자본잠식,2017,,,,,,,,,,,,,,,,,,,,,,,,,,,,,,,,,,,,,,,,,,,,,,,,,,,
N500380,A004320,울트라건설,(주)호반산업,110111-0055859,120-81-65984,1965-07-20,1991-12-06,2015-04-13,폐업,12.0,중견기업,,,N20103.건설 및 엔지니어링,F00000.건설업(41~42),F41000.종합 건설업,코스닥,자본전액잠식,자본잠식,2018,,,,,,,,,,,,,,,,,,,,,,,,,,,,,,,,,,,,,,,,,,,,,,,,,,,
N500380,A004320,울트라건설,(주)호반산업,110111-0055859,120-81-65984,1965-07-20,1991-12-06,2015-04-13,폐업,12.0,중견기업,,,N20103.건설 및 엔지니어링,F00000.건설업(41~42),F41000.종합 건설업,코스닥,자본전액잠식,자본잠식,2019,,,,,,,,,,,,,,,,,,,,,,,,,,,,,,,,,,,,,,,,,,,,,,,,,,,
N500380,A004320,울트라건설,(주)호반산업,110111-0055859,120-81-65984,1965-07-20,1991-12-06,2015-04-13,폐업,12.0,중견기업,,,N20103.건설 및 엔지니어링,F00000.건설업(41~42),F41000.종합 건설업,코스닥,자본전액잠식,자본잠식,2020,,,,,,,,,,,,,,,,,,,,,,,,,,,,,,,,,,,,,,,,,,,,,,,,,,,
N500380,A004320,울트라건설,(주)호반산업,110111-0055859,120-81-65984,1965-07-20,1991-12-06,2015-04-13,폐업,12.0,중견기업,,,N20103.건설 및 엔지니어링,F00000.건설업(41~42),F41000.종합 건설업,코스닥,자본전액잠식,자본잠식,2021,,,,,,,,,,,,,,,,,,,,,,,,,,,,,,,,,,,,,,,,,,,,,,,,,,,
N500380,A004320,울트라건설,(주)호반산업,110111-0055859,120-81-65984,1965-07-20,1991-12-06,2015-04-13,폐업,12.0,중견기업,,,N20103.건설 및 엔지니어링,F00000.건설업(41~42),F41000.종합 건설업,코스닥,자본전액잠식,자본잠식,2022,,,,,,,,,,,,,,,,,,,,,,,,,,,,,,,,,,,,,,,,,,,,,,,,,,,
N500380,A004320,울트라건설,(주)호반산업,110111-0055859,120-81-65984,1965-07-20,1991-12-06,2015-04-13,폐업,12.0,중견기업,,,N20103.건설 및 엔지니어링,F00000.건설업(41~42),F41000.종합 건설업,코스닥,자본전액잠식,자본잠식,2023,,,,,,,,,,,,,,,,,,,,,,,,,,,,,,,,,,,,,,,,,,,,,,,,,,,
N500380,A004320,울트라건설,(주)호반산업,110111-0055859,120-81-65984,1965-07-20,1991-12-06,2015-04-13,폐업,12.0,중견기업,,,N20103.건설 및 엔지니어링,F00000.건설업(41~42),F41000.종합 건설업,코스닥,자본전액잠식,자본잠식,2024,,,,,,,,,,,,,,,,,,,,,,,,,,,,,,,,,,,,,,,,,,,,,,,,,,,
N330140,A004740,보루네오,(주)보루네오가구,120111-0004599,139-81-00705,1966-09-03,1988-09-22,2017-07-05,일반,12.0,중소기업,,보루네오가구,N25201.가정용 내구재,C00000.제조업(10~34),C32000.가구 제조업,코스피,"기업의 계속성, 경영의 투명성 및 기타 공익과 투자자 보호 등을 종합적으로 고려하여 상장폐지 기준에 해당한다고 결정",기업의계속성_경영의투명성종합판단,2014,-0.3107292,0.2156811,0.6727354,-31.07,-0.4242549,-0.2327273,21.07,-27.99,-19.17,-0.2153544,-0.1475334,-0.5221091,-35.77,2.91,123.49,26.31,.77,1.87,1.3096849,,,4.99,3.51,2.09,,,,"332,988.91",,,2369.7510082,-460.4839973,-547.852591,1051.0375028,110.5,50.02,297.18,190.1,71.46,54.31,189.1,99.92,-9.61,,,,,,,,
N330140,A004740,보루네오,(주)보루네오가구,120111-0004599,139-81-00705,1966-09-03,1988-09-22,2017-07-05,일반,12.0,중소기업,,보루네오가구,N25201.가정용 내구재,C00000.제조업(10~34),C32000.가구 제조업,코스피,"기업의 계속성, 경영의 투명성 및 기타 공익과 투자자 보호 등을 종합적으로 고려하여 상장폐지 기준에 해당한다고 결정",기업의계속성_경영의투명성종합판단,2015,-0.0401231,0.110851,-0.3127374,-4.01,-0.1912356,-0.1943128,19.67,-30.77,-31.12,-0.2974275,-0.3008299,-0.5805189,-58.72,2.98,128.37,6.44,0.97,1.89,1.9822633,,,4.72,3.74,2.32,,,,"266,434.11",,,1410.8584094,-443.4128202,-95.3184845,568.6825865,13.93,52.57,296.95,211.74,74.31,43.27,162.83,90.24,-10.33,,,,,,,,
N330140,A004740,보루네오,(주)보루네오가구,120111-0004599,139-81-00705,1966-09-03,1988-09-22,2017-07-05,일반,12.0,중소기업,,보루네오가구,N25201.가정용 내구재,C00000.제조업(10~34),C32000.가구 제조업,코스피,"기업의 계속성, 경영의 투명성 및 기타 공익과 투자자 보호 등을 종합적으로 고려하여 상장폐지 기준에 해당한다고 결정",기업의계속성_경영의투명성종합판단,2016,-0.6248789,-0.1491362,-0.0522078,-62.49,-0.2593179,0.0,,,,-0.4202259,-0.3891819,-0.990513,,,,,,2.07,1.528975,,,4.09,3.32,,,,,"216,919.47",,,800.8281513,-358.5989188,-269.7728266,213.274761,,,123.21,54.45,,,,256.92,-16.08,,,,,,,,
N330140,A004740,보루네오,(주)보루네오가구,120111-0004599,139-81-00705,1966-09-03,1988-09-22,2017-07-05,일반,12.0,중소기업,,보루네오가구,N25201.가정용 내구재,C00000.제조업(10~34),C32000.가구 제조업,코스피,"기업의 계속성, 경영의 투명성 및 기타 공익과 투자자 보호 등을 종합적으로 고려하여 상장폐지 기준에 해당한다고 결정",기업의계속성_경영의투명성종합판단,2017,,,,,,,,,,,,,,,,,,,,,,,,,,,,,,,,,,,,,,,,,,,,,,,,,,,
N330140,A004740,보루네오,(주)보루네오가구,120111-0004599,139-81-00705,1966-09-03,1988-09-22,2017-07-05,일반,12.0,중소기업,,보루네오가구,N25201.가정용 내구재,C00000.제조업(10~34),C32000.가구 제조업,코스피,"기업의 계속성, 경영의 투명성 및 기타 공익과 투자자 보호 등을 종합적으로 고려하여 상장폐지 기준에 해당한다고 결정",기업의계속성_경영의투명성종합판단,2018,,,,,,,,,,,,,,,,,,,,,,,,,,,,,,,,,,,,,,,,,,,,,,,,,,,
N330140,A004740,보루네오,(주)보루네오가구,120111-0004599,139-81-00705,1966-09-03,1988-09-22,2017-07-05,일반,12.0,중소기업,,보루네오가구,N25201.가정용 내구재,C00000.제조업(10~34),C32000.가구 제조업,코스피,"기업의 계속성, 경영의 투명성 및 기타 공익과 투자자 보호 등을 종합적으로 고려하여 상장폐지 기준에 해당한다고 결정",기업의계속성_경영의투명성종합판단,2019,,,,,,,,,,,,,,,,,,,,,,,,,,,,,,,,,,,,,,,,,,,,,,,,,,,
N330140,A004740,보루네오,(주)보루네오가구,120111-0004599,139-81-00705,1966-09-03,1988-09-22,2017-07-05,일반,12.0,중소기업,,보루네오가구,N25201.가정용 내구재,C00000.제조업(10~34),C32000.가구 제조업,코스피,"기업의 계속성, 경영의 투명성 및 기타 공익과 투자자 보호 등을 종합적으로 고려하여 상장폐지 기준에 해당한다고 결정",기업의계속성_경영의투명성종합판단,2020,,,,,,,,,,,,,,,,,,,,,,,,,,,,,,,,,,,,,,,,,,,,,,,,,,,
N330140,A004740,보루네오,(주)보루네오가구,120111-0004599,139-81-00705,1966-09-03,1988-09-22,2017-07-05,일반,12.0,중소기업,,보루네오가구,N25201.가정용 내구재,C00000.제조업(10~34),C32000.가구 제조업,코스피,"기업의 계속성, 경영의 투명성 및 기타 공익과 투자자 보호 등을 종합적으로 고려하여 상장폐지 기준에 해당한다고 결정",기업의계속성_경영의투명성종합판단,2021,,,,,,,,,,,,,,,,,,,,,,,,,,,,,,,,,,,,,,,,,,,,,,,,,,,
N330140,A004740,보루네오,(주)보루네오가구,120111-0004599,139-81-00705,1966-09-03,1988-09-22,2017-07-05,일반,12.0,중소기업,,보루네오가구,N25201.가정용 내구재,C00000.제조업(10~34),C32000.가구 제조업,코스피,"기업의 계속성, 경영의 투명성 및 기타 공익과 투자자 보호 등을 종합적으로 고려하여 상장폐지 기준에 해당한다고 결정",기업의계속성_경영의투명성종합판단,2022,,,,,,,,,,,,,,,,,,,,,,,,,,,,,,,,,,,,,,,,,,,,,,,,,,,
N330140,A004740,보루네오,(주)보루네오가구,120111-0004599,139-81-00705,1966-09-03,1988-09-22,2017-07-05,일반,12.0,중소기업,,보루네오가구,N25201.가정용 내구재,C00000.제조업(10~34),C32000.가구 제조업,코스피,"기업의 계속성, 경영의 투명성 및 기타 공익과 투자자 보호 등을 종합적으로 고려하여 상장폐지 기준에 해당한다고 결정",기업의계속성_경영의투명성종합판단,2023,,,,,,,,,,,,,,,,,,,,,,,,,,,,,,,,,,,,,,,,,,,,,,,,,,,
N330140,A004740,보루네오,(주)보루네오가구,120111-0004599,139-81-00705,1966-09-03,1988-09-22,2017-07-05,일반,12.0,중소기업,,보루네오가구,N25201.가정용 내구재,C00000.제조업(10~34),C32000.가구 제조업,코스피,"기업의 계속성, 경영의 투명성 및 기타 공익과 투자자 보호 등을 종합적으로 고려하여 상장폐지 기준에 해당한다고 결정",기업의계속성_경영의투명성종합판단,2024,,,,,,,,,,,,,,,,,,,,,,,,,,,,,,,,,,,,,,,,,,,,,,,,,,,
N384593,A004790,렉스엘이앤지,(주)기륭전자,110111-0071756,119-81-02368,0000-00-00,1995-12-23,2014-03-04,폐업,12.0,중소기업,,,N25201.가정용 내구재,C00000.제조업(10~34),"C26000.전자 부품, 컴퓨터, 영상, 음향 및 통신장비 제조업",코스닥,"기업의 계속성, 경영의 투명성 또는 기타 코스닥시장의 건전성 등을 종합적으로 고려하여 상장폐지가 필요하다고 인정",기업의계속성_경영의투명성종합판단,2014,,,,,,,,,,,,,,,,,,,,,,,,,,,,,,,,,,,,,,,,,,,,,,,,,,,
N384593,A004790,렉스엘이앤지,(주)기륭전자,110111-0071756,119-81-02368,0000-00-00,1995-12-23,2014-03-04,폐업,12.0,중소기업,,,N25201.가정용 내구재,C00000.제조업(10~34),"C26000.전자 부품, 컴퓨터, 영상, 음향 및 통신장비 제조업",코스닥,"기업의 계속성, 경영의 투명성 또는 기타 코스닥시장의 건전성 등을 종합적으로 고려하여 상장폐지가 필요하다고 인정",기업의계속성_경영의투명성종합판단,2015,,,,,,,,,,,,,,,,,,,,,,,,,,,,,,,,,,,,,,,,,,,,,,,,,,,
N384593,A004790,렉스엘이앤지,(주)기륭전자,110111-0071756,119-81-02368,0000-00-00,1995-12-23,2014-03-04,폐업,12.0,중소기업,,,N25201.가정용 내구재,C00000.제조업(10~34),"C26000.전자 부품, 컴퓨터, 영상, 음향 및 통신장비 제조업",코스닥,"기업의 계속성, 경영의 투명성 또는 기타 코스닥시장의 건전성 등을 종합적으로 고려하여 상장폐지가 필요하다고 인정",기업의계속성_경영의투명성종합판단,2016,,,,,,,,,,,,,,,,,,,,,,,,,,,,,,,,,,,,,,,,,,,,,,,,,,,
N384593,A004790,렉스엘이앤지,(주)기륭전자,110111-0071756,119-81-02368,0000-00-00,1995-12-23,2014-03-04,폐업,12.0,중소기업,,,N25201.가정용 내구재,C00000.제조업(10~34),"C26000.전자 부품, 컴퓨터, 영상, 음향 및 통신장비 제조업",코스닥,"기업의 계속성, 경영의 투명성 또는 기타 코스닥시장의 건전성 등을 종합적으로 고려하여 상장폐지가 필요하다고 인정",기업의계속성_경영의투명성종합판단,2017,,,,,,,,,,,,,,,,,,,,,,,,,,,,,,,,,,,,,,,,,,,,,,,,,,,
N384593,A004790,렉스엘이앤지,(주)기륭전자,110111-0071756,119-81-02368,0000-00-00,1995-12-23,2014-03-04,폐업,12.0,중소기업,,,N25201.가정용 내구재,C00000.제조업(10~34),"C26000.전자 부품, 컴퓨터, 영상, 음향 및 통신장비 제조업",코스닥,"기업의 계속성, 경영의 투명성 또는 기타 코스닥시장의 건전성 등을 종합적으로 고려하여 상장폐지가 필요하다고 인정",기업의계속성_경영의투명성종합판단,2018,,,,,,,,,,,,,,,,,,,,,,,,,,,,,,,,,,,,,,,,,,,,,,,,,,,
N384593,A004790,렉스엘이앤지,(주)기륭전자,110111-0071756,119-81-02368,0000-00-00,1995-12-23,2014-03-04,폐업,12.0,중소기업,,,N25201.가정용 내구재,C00000.제조업(10~34),"C26000.전자 부품, 컴퓨터, 영상, 음향 및 통신장비 제조업",코스닥,"기업의 계속성, 경영의 투명성 또는 기타 코스닥시장의 건전성 등을 종합적으로 고려하여 상장폐지가 필요하다고 인정",기업의계속성_경영의투명성종합판단,2019,,,,,,,,,,,,,,,,,,,,,,,,,,,,,,,,,,,,,,,,,,,,,,,,,,,
N384593,A004790,렉스엘이앤지,(주)기륭전자,110111-0071756,119-81-02368,0000-00-00,1995-12-23,2014-03-04,폐업,12.0,중소기업,,,N25201.가정용 내구재,C00000.제조업(10~34),"C26000.전자 부품, 컴퓨터, 영상, 음향 및 통신장비 제조업",코스닥,"기업의 계속성, 경영의 투명성 또는 기타 코스닥시장의 건전성 등을 종합적으로 고려하여 상장폐지가 필요하다고 인정",기업의계속성_경영의투명성종합판단,2020,,,,,,,,,,,,,,,,,,,,,,,,,,,,,,,,,,,,,,,,,,,,,,,,,,,
N384593,A004790,렉스엘이앤지,(주)기륭전자,110111-0071756,119-81-02368,0000-00-00,1995-12-23,2014-03-04,폐업,12.0,중소기업,,,N25201.가정용 내구재,C00000.제조업(10~34),"C26000.전자 부품, 컴퓨터, 영상, 음향 및 통신장비 제조업",코스닥,"기업의 계속성, 경영의 투명성 또는 기타 코스닥시장의 건전성 등을 종합적으로 고려하여 상장폐지가 필요하다고 인정",기업의계속성_경영의투명성종합판단,2021,,,,,,,,,,,,,,,,,,,,,,,,,,,,,,,,,,,,,,,,,,,,,,,,,,,
N384593,A004790,렉스엘이앤지,(주)기륭전자,110111-0071756,119-81-02368,0000-00-00,1995-12-23,2014-03-04,폐업,12.0,중소기업,,,N25201.가정용 내구재,C00000.제조업(10~34),"C26000.전자 부품, 컴퓨터, 영상, 음향 및 통신장비 제조업",코스닥,"기업의 계속성, 경영의 투명성 또는 기타 코스닥시장의 건전성 등을 종합적으로 고려하여 상장폐지가 필요하다고 인정",기업의계속성_경영의투명성종합판단,2022,,,,,,,,,,,,,,,,,,,,,,,,,,,,,,,,,,,,,,,,,,,,,,,,,,,
N384593,A004790,렉스엘이앤지,(주)기륭전자,110111-0071756,119-81-02368,0000-00-00,1995-12-23,2014-03-04,폐업,12.0,중소기업,,,N25201.가정용 내구재,C00000.제조업(10~34),"C26000.전자 부품, 컴퓨터, 영상, 음향 및 통신장비 제조업",코스닥,"기업의 계속성, 경영의 투명성 또는 기타 코스닥시장의 건전성 등을 종합적으로 고려하여 상장폐지가 필요하다고 인정",기업의계속성_경영의투명성종합판단,2023,,,,,,,,,,,,,,,,,,,,,,,,,,,,,,,,,,,,,,,,,,,,,,,,,,,
N384593,A004790,렉스엘이앤지,(주)기륭전자,110111-0071756,119-81-02368,0000-00-00,1995-12-23,2014-03-04,폐업,12.0,중소기업,,,N25201.가정용 내구재,C00000.제조업(10~34),"C26000.전자 부품, 컴퓨터, 영상, 음향 및 통신장비 제조업",코스닥,"기업의 계속성, 경영의 투명성 또는 기타 코스닥시장의 건전성 등을 종합적으로 고려하여 상장폐지가 필요하다고 인정",기업의계속성_경영의투명성종합판단,2024,,,,,,,,,,,,,,,,,,,,,,,,,,,,,,,,,,,,,,,,,,,,,,,,,,,
N350850,A005190,동성화학,(주)동성화학,180111-0007690,603-81-07586,1967-09-16,1988-07-01,2021-04-16,폐업,12.0,중견기업,,,N15101.화학,C00000.제조업(10~34),C20000.화학 물질 및 화학제품 제조업,코스피,해산 사유 발생,해산사유발생,2014,0.0219054,0.6513391,-0.3718133,2.19,0.1982061,-0.0412844,16.06,3.84,1.79,0.048829,0.0227069,0.0882629,4.1,.68,97.51,48.84,1.27,2.3,2.8461774,,,10.82,5.21,7.88,,,,"648,005.8",,,31885.1208047,410.7086358,898.3876045,15229.9415271,"1,363.43",54.67,182.38,134.3,23.21,58.37,148.95,82.91,5.66,,,,,,,,
N350850,A005190,동성화학,(주)동성화학,180111-0007690,603-81-07586,1967-09-16,1988-07-01,2021-04-16,폐업,12.0,중견기업,,,N15101.화학,C00000.제조업(10~34),C20000.화학 물질 및 화학제품 제조업,코스피,해산 사유 발생,해산사유발생,2015,0.1818323,2.1444186,2.7637143,18.18,0.0268478,0.0669857,23.49,11.76,6.55,0.1415194,0.0787722,0.2516793,14.01,.47,89.45,51.62,1.2,2.14,2.7496757,,,9.65,5.31,6.92,,,,"626,021.46",,,15861.5039267,1950.6524252,1434.0854476,16955.8156437,"1,532.67",57.62,138.87,103.99,31.17,89.75,167.5,73.55,24.88,,,,,,,,
N350850,A005190,동성화학,(주)동성화학,180111-0007690,603-81-07586,1967-09-16,1988-07-01,2021-04-16,폐업,12.0,중견기업,,,N15101.화학,C00000.제조업(10~34),C20000.화학 물질 및 화학제품 제조업,코스피,해산 사유 발생,해산사유발생,2016,0.2147352,-0.0368022,0.2892608,21.47,-0.0219981,-0.0044843,,,,0.1150095,0.0856872,0.2020723,,,,,,1.74,2.3050139,,,7.88,5.36,,,,,"682,781.95",,,15058.0253785,2547.2357491,2232.9316786,19178.3010862,,,148.3,116.08,,,,77.47,20.38,,,,,,,,
N350850,A005190,동성화학,(주)동성화학,180111-0007690,603-81-07586,1967-09-16,1988-07-01,2021-04-16,폐업,12.0,중견기업,,,N15101.화학,C00000.제조업(10~34),C20000.화학 물질 및 화학제품 제조업,코스피,해산 사유 발생,해산사유발생,2017,-0.0069639,-0.5989646,-0.6678204,-.7,0.1552986,0.0225225,,,,0.0423895,0.0261596,0.0741335,,,,,,1.84,2.4625725,,,8.38,5.74,,,,,"704,266.64",,,17375.8402178,979.3373846,665.0396416,19259.4682119,,,158.74,124.75,,,,72.29,7.37,,,,,,,,
N350850,A005190,동성화학,(주)동성화학,180111-0007690,603-81-07586,1967-09-16,1988-07-01,2021-04-16,폐업,12.0,중견기업,,,N15101.화학,C00000.제조업(10~34),C20000.화학 물질 및 화학제품 제조업,코스피,해산 사유 발생,해산사유발생,2018,0.0228358,-0.1742097,0.0589764,2.28,-0.0629502,-0.0484582,,,,0.0362372,0.0286777,0.0607399,,,,,,1.71,2.5356259,,,8.47,5.0,,,,,"729,359.93",,,16248.2110619,1093.5917927,870.1112474,20023.3549964,,,180.97,146.11,,,,63.05,6.8,,,,,,,,
N350850,A005190,동성화학,(주)동성화학,180111-0007690,603-81-07586,1967-09-16,1988-07-01,2021-04-16,폐업,12.0,중견기업,,,N15101.화학,C00000.제조업(10~34),C20000.화학 물질 및 화학제품 제조업,코스피,해산 사유 발생,해산사유발생,2019,0.0961893,2.7325356,1.5272182,9.62,0.0502692,0.0462963,,,,0.1358278,0.0727808,0.2138956,,,,,,1.7,2.9558691,,,9.77,5.46,,,,,"694,558.31",,,10651.7196747,2491.7892467,1620.7197571,22194.1934625,,,216.42,179.7,,,,52.39,32.02,,,,,,,,
N350850,A005190,동성화학,(주)동성화학,180111-0007690,603-81-07586,1967-09-16,1988-07-01,2021-04-16,폐업,12.0,중견기업,,,N15101.화학,C00000.제조업(10~34),C20000.화학 물질 및 화학제품 제조업,코스피,해산 사유 발생,해산사유발생,2020,0.1389517,0.0801429,1.0770665,13.9,-0.0923535,0.0530974,,,,0.1451329,0.1495419,0.2065509,,,,,,1.38,3.2576155,,,8.75,5.87,,,,,"669,559.27",,,9667.9958291,4136.7677344,1829.8017533,25695.2206156,,,346.87,284.63,,,,33.48,79.87,,,,,,,,
N350850,A005190,동성화학,(주)동성화학,180111-0007690,603-81-07586,1967-09-16,1988-07-01,2021-04-16,폐업,12.0,중견기업,,,N15101.화학,C00000.제조업(10~34),C20000.화학 물질 및 화학제품 제조업,코스피,해산 사유 발생,해산사유발생,2021,,,,,,,,,,,,,,,,,,,,,,,,,,,,,,,,,,,,,,,,,,,,,,,,,,,
N350850,A005190,동성화학,(주)동성화학,180111-0007690,603-81-07586,1967-09-16,1988-07-01,2021-04-16,폐업,12.0,중견기업,,,N15101.화학,C00000.제조업(10~34),C20000.화학 물질 및 화학제품 제조업,코스피,해산 사유 발생,해산사유발생,2022,,,,,,,,,,,,,,,,,,,,,,,,,,,,,,,,,,,,,,,,,,,,,,,,,,,
N350850,A005190,동성화학,(주)동성화학,180111-0007690,603-81-07586,1967-09-16,1988-07-01,2021-04-16,폐업,12.0,중견기업,,,N15101.화학,C00000.제조업(10~34),C20000.화학 물질 및 화학제품 제조업,코스피,해산 사유 발생,해산사유발생,2023,,,,,,,,,,,,,,,,,,,,,,,,,,,,,,,,,,,,,,,,,,,,,,,,,,,
N350850,A005190,동성화학,(주)동성화학,180111-0007690,603-81-07586,1967-09-16,1988-07-01,2021-04-16,폐업,12.0,중견기업,,,N15101.화학,C00000.제조업(10~34),C20000.화학 물질 및 화학제품 제조업,코스피,해산 사유 발생,해산사유발생,2024,,,,,,,,,,,,,,,,,,,,,,,,,,,,,,,,,,,,,,,,,,,,,,,,,,,
N500615,A005450,신한,(주)신한,110111-0087018,116-81-08311,1968-02-28,1978-07-28,2020-06-30,외감,12.0,중소기업,,에스엔드케이월드코리아,N20103.건설 및 엔지니어링,F00000.건설업(41~42),F41000.종합 건설업,코스피,감사의견 의견거절 2년 계속,감사의견거절,2014,0.0531777,2.3957017,1.2832565,5.32,0.6532475,,42.79,20.72,8.29,0.0395356,0.0158102,0.0940989,3.76,9.44,92.05,25.15,.19,0.45,0.3290416,0.0,23.0386821,2.91,0.75,6.13,,"129,938,470.","215,640.","5,643,172.35",4.7,203.94,4120.505496,441.680067,1593.8250693,11393.1344575,127.86,42.11,110.91,99.63,4.4,103.36,"2,655.91",137.47,2.19,-3.66,-8.18,-1.99,-11.31,"122,890.39",26.27,37.01,"170,338,314,000."
N500615,A005450,신한,(주)신한,110111-0087018,116-81-08311,1968-02-28,1978-07-28,2020-06-30,외감,12.0,중소기업,,에스엔드케이월드코리아,N20103.건설 및 엔지니어링,F00000.건설업(41~42),F41000.종합 건설업,코스피,감사의견 의견거절 2년 계속,감사의견거절,2015,-0.0812296,-1.2684633,-1.5533154,-8.12,-0.7724705,-0.030303,33.75,-24.45,-20.15,-0.0105176,-0.0086687,-0.0256668,-2.12,32.67,116.73,22.49,0.04,0.1,0.0728835,0.0,40.1190283,.74,0.14,2.39,,"131,012,970.","26,590.","5,664,957.52",,,937.5367377,-168.6934586,-284.8192988,10556.510978,111.13,39.81,96.67,85.72,.56,,487.17,151.19,-.75,-16.23,-41.94,-9.75,-222.65,,,,"178,554,460,000."
N500615,A005450,신한,(주)신한,110111-0087018,116-81-08311,1968-02-28,1978-07-28,2020-06-30,외감,12.0,중소기업,,에스엔드케이월드코리아,N20103.건설 및 엔지니어링,F00000.건설업(41~42),F41000.종합 건설업,코스피,감사의견 의견거절 2년 계속,감사의견거절,2016,-0.2462198,-3.935852,-10.255468,-24.62,-0.2291938,-0.1875,-0.1,-156.56,-294.25,-0.0524411,-0.0985623,-0.1508601,-28.35,50.5,247.52,12.99,0.03,0.1,0.0513432,0.0,8.1308437,.35,0.1,0.28,,"81,538,000.","25,960.","6,387,454.12",14.99,"1,174.23",722.6590993,-2344.1636637,-1042.2258928,8236.7029915,64.73,29.76,162.66,130.23,10.,51.75,488.89,236.08,-3.1,7.57,25.89,3.63,18.66,"3,687,934.52",80.55,8.68,"173,532,097,000."
N500615,A005450,신한,(주)신한,110111-0087018,116-81-08311,1968-02-28,1978-07-28,2020-06-30,외감,12.0,중소기업,,에스엔드케이월드코리아,N20103.건설 및 엔지니어링,F00000.건설업(41~42),F41000.종합 건설업,코스피,감사의견 의견거절 2년 계속,감사의견거절,2017,-0.0520797,2.0624018,0.8335156,-5.21,7.6670402,0.0769231,34.42,19.19,-5.65,0.0593438,-0.0174783,0.1914354,-5.64,3.56,107.09,13.27,0.31,1.0,0.4481457,0.0,31.3689161,2.37,1.61,7.16,,"2,938,700.","9,140.","5,416,746.27",-9.75,"-17,965.52",6263.3154533,-381.1210822,1749.6846809,7876.6023256,57.53,32.43,55.37,27.07,10.89,,20.29,208.36,5.39,-23.1,-81.07,-12.17,-202.58,"-5,774,476.56",-170.6,-11.22,"175,009,594,000."
N500615,A005450,신한,(주)신한,110111-0087018,116-81-08311,1968-02-28,1978-07-28,2020-06-30,외감,12.0,중소기업,,에스엔드케이월드코리아,N20103.건설 및 엔지니어링,F00000.건설업(41~42),F41000.종합 건설업,코스피,감사의견 의견거절 2년 계속,감사의견거절,2018,-0.1736116,1.3681864,0.440306,-17.36,0.1457456,0.2142857,47.38,39.67,-2.76,0.1465089,-0.0101982,0.5100872,-3.55,4.06,78.09,7.31,.37,1.29,0.5181794,0.0,110.4760031,2.98,29.71,-1.44,,"2,035,260.",380.,"3,871,794.37",-7.84,"-14,909.7",7176.1661854,-201.8870146,-13.2727422,6682.3249116,33.65,25.23,56.79,39.86,6.5,,3.5,296.33,9.76,-31.89,-133.38,-22.02,-390.4,"-79,364,353.85",-153.75,-13.18,"152,210,982,000."
N500615,A005450,신한,(주)신한,110111-0087018,116-81-08311,1968-02-28,1978-07-28,2020-06-30,외감,12.0,중소기업,,에스엔드케이월드코리아,N20103.건설 및 엔지니어링,F00000.건설업(41~42),F41000.종합 건설업,코스피,감사의견 의견거절 2년 계속,감사의견거절,2019,-0.361966,-0.9257721,-7.1952164,-36.2,-0.352752,-0.3529412,49.78,4.55,-34.96,0.0124384,-0.0955909,0.0510855,-39.26,4.37,118.99,-2.35,.27,1.12,0.3614254,0.0,855.0351163,1.7,55.19,-.8,,"14,632,480.",300.,"4,701,989.27",,,4644.7591913,-1840.6670009,3222.5844478,4623.3761019,-7.53,23.08,41.33,8.92,1.58,,4.05,333.24,1.04,-37.21,-220.48,-32.99,-515.2,,,,"161,671,832,000."
N500615,A005450,신한,(주)신한,110111-0087018,116-81-08311,1968-02-28,1978-07-28,2020-06-30,외감,12.0,중소기업,,에스엔드케이월드코리아,N20103.건설 및 엔지니어링,F00000.건설업(41~42),F41000.종합 건설업,코스피,감사의견 의견거절 2년 계속,감사의견거절,2020,,,,,,,5.68,-85.01,38.58,,,,3.05,64.31,87.54,3.98,.02,,,0.0,650.1291224,,,-.05,,"21,596,960.",.,,6.16,985.1,,,,,12.88,29.05,,,.8,,3.01,,,5.34,63.28,4.42,111.5,,165.29,,"112,759,688,000."
N500615,A005450,신한,(주)신한,110111-0087018,116-81-08311,1968-02-28,1978-07-28,2020-06-30,외감,12.0,중소기업,,에스엔드케이월드코리아,N20103.건설 및 엔지니어링,F00000.건설업(41~42),F41000.종합 건설업,코스피,감사의견 의견거절 2년 계속,감사의견거절,2021,,,,,,,1.82,-442.63,-652.68,,,,-66.11,31.44,260.08,-18.16,.02,,,0.0,38.9706722,,,-.05,,"20,022,380.",.,,,,,,,,-50.56,11.0,,,1.17,,2.59,,,-17.48,-297.3,-16.45,-417.11,,,,"113,750,855,000."
N500615,A005450,신한,(주)신한,110111-0087018,116-81-08311,1968-02-28,1978-07-28,2020-06-30,외감,12.0,중소기업,,에스엔드케이월드코리아,N20103.건설 및 엔지니어링,F00000.건설업(41~42),F41000.종합 건설업,코스피,감사의견 의견거절 2년 계속,감사의견거절,2022,,,,,,,-35.63,-151.97,-170.52,,,,-43.4,45.73,227.22,-21.01,.02,,,0.0,37.4940419,,,-.04,,"14,332,500.",.,,,,,,,,-58.99,7.89,,,.96,,2.94,,,.3,5.89,0.29,5.21,,,,"97,749,777,000."
N500615,A005450,신한,(주)신한,110111-0087018,116-81-08311,1968-02-28,1978-07-28,2020-06-30,외감,12.0,중소기업,,에스엔드케이월드코리아,N20103.건설 및 엔지니어링,F00000.건설업(41~42),F41000.종합 건설업,코스피,감사의견 의견거절 2년 계속,감사의견거절,2023,,,,,,,-4.47,-136.56,-86.57,,,,-34.76,45.8,142.95,-24.81,.03,,,0.0,40.8794559,,,-.04,,"12,404,710.",.,,,,,,,,-67.55,4.98,,,.55,,3.19,,,1.54,34.09,1.47,30.39,,,,"98,611,398,000."
N500615,A005450,신한,(주)신한,110111-0087018,116-81-08311,1968-02-28,1978-07-28,2020-06-30,외감,12.0,중소기업,,에스엔드케이월드코리아,N20103.건설 및 엔지니어링,F00000.건설업(41~42),F41000.종합 건설업,코스피,감사의견 의견거절 2년 계속,감사의견거절,2024,,,,,,,26.13,-13.84,-5.52,,,,-5.63,7.46,104.69,-43.95,.05,,,0.351939454,0.351939454,,,-.06,,"4,963,290.",.,,,,,,,,-91.03,4.33,,,.56,,5.31,,,.38,9.65,.36,8.,,,,"95,601,382,000."
N501166,A005980,성지건설,성지건설(주),110111-0098940,105-81-13677,1969-02-01,1995-03-17,2018-10-04,외감,12.0,중소기업,,,N20103.건설 및 엔지니어링,F00000.건설업(41~42),F41000.종합 건설업,코스피,감사의견 의견거절,감사의견거절,2014,-0.00195,-0.5849291,-0.8877113,-0.19,0.3431194,0.0625,6.26,1.42,.21,0.017964,0.0027237,0.0359994,.55,.78,99.79,13.19,1.27,2.54,2.533656,1.517289922,1.52543839,20.24,1.23,2.92,,"2,644,850.",.,"970,323.5",,,,36.8957928,,6749.7185691,34.99,50.87,183.12,182.14,4.13,1.18,177.5,96.57,1.82,.62,2.04,0.31,.24,,,,"129,316,647,000."
N501166,A005980,성지건설,성지건설(주),110111-0098940,105-81-13677,1969-02-01,1995-03-17,2018-10-04,외감,12.0,중소기업,,,N20103.건설 및 엔지니어링,F00000.건설업(41~42),F41000.종합 건설업,코스피,감사의견 의견거절,감사의견거절,2015,-0.1859838,-5.4572853,-18.8345825,-18.6,-0.1881,0.0220588,-3.34,-7.77,-4.71,-0.0930018,-0.0564208,-0.1770836,-10.74,.32,104.49,4.92,1.2,2.28,2.5210041,2.000803108,2.795502525,13.66,1.19,3.43,,"3,076,100.",.,"817,378.74",,,,-657.6930259,,5494.3803083,9.89,54.69,175.14,125.35,15.75,66.26,60.62,82.84,-24.66,-14.82,-88.68,-6.72,-4.83,,,,"97,914,642,000."
N501166,A005980,성지건설,성지건설(주),110111-0098940,105-81-13677,1969-02-01,1995-03-17,2018-10-04,외감,12.0,중소기업,,,N20103.건설 및 엔지니어링,F00000.건설업(41~42),F41000.종합 건설업,코스피,감사의견 의견거절,감사의견거절,2016,-0.2057844,0.3311189,-0.8000327,-20.58,-0.2524436,-0.028777,0.91,-6.95,-11.35,-0.0737991,-0.1204843,-0.1471163,-24.02,.06,107.22,-6.63,1.06,2.12,2.1301343,1.91375568,2.109125451,8.39,2.25,5.59,,"2,446,510.",.,"709,403.88",,,,-253.7946425,,436.3031233,-12.74,45.43,115.65,104.93,5.38,68.47,20.6,120.13,-120.91,-24.98,-160.21,-13.63,-12.55,,,,"93,624,405,000."
N501166,A005980,성지건설,성지건설(주),110111-0098940,105-81-13677,1969-02-01,1995-03-17,2018-10-04,외감,12.0,중소기업,,,N20103.건설 및 엔지니어링,F00000.건설업(41~42),F41000.종합 건설업,코스피,감사의견 의견거절,감사의견거절,2017,0.2388314,-0.4992846,-0.1753004,23.88,0.0932824,0.0296296,2.11,-9.53,-12.2,-0.1031485,-0.1320102,-0.2225665,-28.48,.58,110.48,-10.62,1.08,2.33,2.0165222,1.438134494,1.438134494,45.17,5.8,7.87,,"1,202,460.",.,"739,067.95",3.55,"2,182.38",,-128.3846999,,408.0426845,-18.39,47.11,137.41,137.41,18.35,.,13.16,112.26,-16.56,-22.79,-68.77,-12.05,-12.13,,3.28,340.71,"111,836,486,000."
N501166,A005980,성지건설,성지건설(주),110111-0098940,105-81-13677,1969-02-01,1995-03-17,2018-10-04,외감,12.0,중소기업,,,N20103.건설 및 엔지니어링,F00000.건설업(41~42),F41000.종합 건설업,코스피,감사의견 의견거절,감사의견거절,2018,,,,,,,-8.66,-30.03,-46.42,,,,-55.43,1.52,143.82,-29.04,.57,,,1.295745598,1.63589876,,,3.96,,"562,420.",.,,-16.08,"-23,543.55",,,,,-37.67,48.04,,,9.74,112.78,191.26,,,-55.55,-175.49,-28.86,-46.,,-28.34,,"92,335,261,000."
N501166,A005980,성지건설,성지건설(주),110111-0098940,105-81-13677,1969-02-01,1995-03-17,2018-10-04,외감,12.0,중소기업,,,N20103.건설 및 엔지니어링,F00000.건설업(41~42),F41000.종합 건설업,코스피,감사의견 의견거절,감사의견거절,2019,,,,,,,12.58,-5.97,2.24,,,,2.64,.67,97.99,-29.41,.6,,,0.0,0.0,,,3.9,,"2,598,270.",.,,12.64,"3,074.73",,,,,-36.44,51.29,,,37.91,22.92,135.14,,,-0.75,-3.72,-.36,-.6,,21.43,,"88,369,608,000."
N501166,A005980,성지건설,성지건설(주),110111-0098940,105-81-13677,1969-02-01,1995-03-17,2018-10-04,외감,12.0,중소기업,,,N20103.건설 및 엔지니어링,F00000.건설업(41~42),F41000.종합 건설업,코스피,감사의견 의견거절,감사의견거절,2020,,,,,,,6.76,-8.14,-36.65,,,,-61.03,.39,135.19,-80.22,.78,,,0.0,142.5383531,,,4.41,,"6,762,880.",.,,-11.55,-834.28,,,,,-66.25,40.84,,,36.02,25.26,175.05,,,-57.17,-244.27,-33.63,-34.49,,-14.78,,"88,191,145,000."
N501166,A005980,성지건설,성지건설(주),110111-0098940,105-81-13677,1969-02-01,1995-03-17,2018-10-04,외감,12.0,중소기업,,,N20103.건설 및 엔지니어링,F00000.건설업(41~42),F41000.종합 건설업,코스피,감사의견 의견거절,감사의견거절,2021,,,,,,,2.13,-11.03,-8.75,,,,-24.6,.15,108.26,-12.33,1.08,,,0.0,154.8321852,,,5.09,,"8,065,300.",.,,,,,,,,-25.75,35.53,,,17.43,28.67,155.09,,,-15.01,-69.04,-9.68,-8.43,,,,"58,787,913,000."
N501166,A005980,성지건설,성지건설(주),110111-0098940,105-81-13677,1969-02-01,1995-03-17,2018-10-04,외감,12.0,중소기업,,,N20103.건설 및 엔지니어링,F00000.건설업(41~42),F41000.종합 건설업,코스피,감사의견 의견거절,감사의견거절,2022,,,,,,,1.52,-6.7,-3.7,,,,-15.06,.14,103.12,-6.35,.87,,,0.0,92.4663999,,,-34.93,,"5,568,000.",.,,,,,,,,-30.58,16.04,,,.42,.,90.14,,,-23.68,-141.87,-18.84,-13.53,,,,"52,017,417,000."
N501166,A005980,성지건설,성지건설(주),110111-0098940,105-81-13677,1969-02-01,1995-03-17,2018-10-04,외감,12.0,중소기업,,,N20103.건설 및 엔지니어링,F00000.건설업(41~42),F41000.종합 건설업,코스피,감사의견 의견거절,감사의견거절,2023,,,,,,,-2.28,-17.82,-28.12,,,,-187.69,.35,124.64,-56.72,.78,,,1.173015376,1.173015376,,,45.75,,,,,,,,,,,-97.64,1.34,,,.11,,127.64,,,-24.46,-117.79,-24.13,-27.98,,,,"139,245,589,000."
N501166,A005980,성지건설,성지건설(주),110111-0098940,105-81-13677,1969-02-01,1995-03-17,2018-10-04,외감,12.0,중소기업,,,N20103.건설 및 엔지니어링,F00000.건설업(41~42),F41000.종합 건설업,코스피,감사의견 의견거절,감사의견거절,2024,,,,,,,,,,,,,,,,,,,,,,,,,,,,,,,,,,,,,,,,,,,,,,,,,,,
N360309,A006390,한일현대시멘트,한일현대시멘트(주),110111-0111867,214-81-24240,1969-12-30,1975-12-26,2025-11-21,폐업,12.0,중견기업,,,N15102.건축자재,C00000.제조업(10~34),C23000.비금속 광물제품 제조업,코스피,해산 사유 발생,해산사유발생,2014,-1.2019465,0.0619969,1.8155626,,-0.0019706,,27.98,14.9,87.0,0.1023343,0.5975373,-0.4394021,,3.48,54.59,8.47,.69,,0.5570622,423.7351984,311.0418341,8.28,3.14,-3.95,,"808,868,720.","201,410,290.","1,296,327.02",70.46,112.92,41988.226861,38954.8260603,7599.374895,6566.0190379,90.83,11.9,137.67,97.83,9.14,105.76,462.29,740.02,4.28,71.64,260.58,63.11,90.98,453.47,102.63,10.3,"478,959,202,000."
N360309,A006390,한일현대시멘트,한일현대시멘트(주),110111-0111867,214-81-24240,1969-12-30,1975-12-26,2025-11-21,폐업,12.0,중견기업,,,N15102.건축자재,C00000.제조업(10~34),C23000.비금속 광물제품 제조업,코스피,해산 사유 발생,해산사유발생,2015,-0.4460986,0.0821657,-1.0387487,-44.61,0.1150022,-0.0081967,26.7,14.46,-3.02,0.1077715,-0.0225326,1.2092833,-25.28,1.38,99.02,2.9,.75,8.36,0.8181508,2.056098564,2.434665199,10.35,3.61,15.1,,"790,161,380.","183,004,470.","1,342,548.56",14.97,25.44,,-1254.2792344,,3636.3370524,33.5,6.13,104.56,88.31,14.05,356.23,480.57,"1,531.3",10.45,.46,2.54,0.43,0.6,109.85,20.09,55.42,"469,581,181,000."
N360309,A006390,한일현대시멘트,한일현대시멘트(주),110111-0111867,214-81-24240,1969-12-30,1975-12-26,2025-11-21,폐업,12.0,중견기업,,,N15102.건축자재,C00000.제조업(10~34),C23000.비금속 광물제품 제조업,코스피,해산 사유 발생,해산사유발생,2016,3.6184398,0.0161968,-12.6580911,361.84,0.0431412,0.0606061,26.09,14.09,-39.59,0.1041384,-0.292638,0.613594,-172.43,1.14,129.43,11.39,.74,4.36,0.8903108,1.704298488,2.033115914,11.95,3.9,12.23,,"738,042,370.","161,744,880.","1,331,210.13",,,,-13441.8071222,,8533.1738843,70.66,27.5,132.28,110.88,16.31,66.28,402.04,263.57,12.33,-36.13,-139.02,-26.2,-35.95,,,,"519,922,721,000."
N360309,A006390,한일현대시멘트,한일현대시멘트(주),110111-0111867,214-81-24240,1969-12-30,1975-12-26,2025-11-21,폐업,12.0,중견기업,,,N15102.건축자재,C00000.제조업(10~34),C23000.비금속 광물제품 제조업,코스피,해산 사유 발생,해산사유발생,2017,0.4639361,-0.5335105,1.4100509,46.39,-0.079641,-0.0337662,21.57,7.14,17.64,0.0490099,0.1210596,0.1413234,34.91,1.14,83.11,25.31,.69,1.98,1.05076,1.732080062,2.25348803,8.45,3.95,3.76,,"760,665,000.","158,787,700.","1,365,632.28",,,,3669.7759662,,12492.0215623,149.84,42.2,287.36,220.87,12.26,35.49,432.19,136.98,6.24,26.46,131.71,15.29,21.76,,,,"496,107,694,000."
N360309,A006390,한일현대시멘트,한일현대시멘트(주),110111-0111867,214-81-24240,1969-12-30,1975-12-26,2025-11-21,폐업,12.0,중견기업,,,N15102.건축자재,C00000.제조업(10~34),C23000.비금속 광물제품 제조업,코스피,해산 사유 발생,해산사유발생,2018,-0.1573478,-0.1782392,-1.477302,-15.73,-0.0260124,0.0456989,19.68,6.02,-8.64,0.0391559,-0.0561773,0.1060775,-15.22,1.1,108.04,16.87,.65,1.76,1.0302293,1.336621886,1.615482068,7.51,3.89,4.77,,"715,250,300.","142,381,800.","1,343,255.13",,,,-1751.591248,,10526.428907,110.53,32.14,104.56,86.51,7.58,395.74,433.17,211.18,5.46,-4.2,-16.02,-2.85,-4.6,,,,"548,944,794,000."
N360309,A006390,한일현대시멘트,한일현대시멘트(주),110111-0111867,214-81-24240,1969-12-30,1975-12-26,2025-11-21,폐업,12.0,중견기업,,,N15102.건축자재,C00000.제조업(10~34),C23000.비금속 광물제품 제조업,코스피,해산 사유 발생,해산사유발생,2019,0.159895,0.7215736,2.4075812,15.99,0.1310294,0.033419,21.97,9.17,10.76,0.0635143,0.0745045,0.1848891,21.69,1.09,89.07,21.51,.69,2.02,1.0550699,1.71829109,2.073669085,9.35,4.35,-18.37,,"721,523,090.","156,548,190.","1,379,539.29",,,,2457.7669972,,12164.0091812,143.28,36.52,80.87,67.01,4.74,,608.71,173.79,8.41,15.72,55.43,9.98,14.55,,,,"560,204,794,000."
N360309,A006390,한일현대시멘트,한일현대시멘트(주),110111-0111867,214-81-24240,1969-12-30,1975-12-26,2025-11-21,폐업,12.0,중견기업,,,N15102.건축자재,C00000.제조업(10~34),C23000.비금속 광물제품 제조업,코스피,해산 사유 발생,해산사유발생,2020,0.2505192,0.6218474,0.5194796,25.05,-0.1297668,0.0373134,30.01,17.09,18.78,0.1017278,0.1117985,0.2481148,27.27,.83,78.84,30.51,.6,1.45,1.0088883,1.672789263,1.921359553,10.42,4.19,-7.41,,"742,103,950.","180,385,580.","1,346,683.53",,,,3732.3132768,,15211.326777,204.23,45.45,84.24,73.34,4.71,,554.97,120.,20.58,25.25,75.04,13.77,23.2,,,,"562,929,272,000."
N360309,A006390,한일현대시멘트,한일현대시멘트(주),110111-0111867,214-81-24240,1969-12-30,1975-12-26,2025-11-21,폐업,12.0,중견기업,,,N15102.건축자재,C00000.제조업(10~34),C23000.비금속 광물제품 제조업,코스피,해산 사유 발생,해산사유발생,2021,0.2670428,-0.3707143,-0.3567413,26.7,0.1876216,0.0095923,23.04,9.06,10.17,0.0619962,0.0696464,0.1239462,13.92,.66,88.16,39.43,.68,1.37,1.3697463,1.943669235,2.230161604,15.24,5.28,75.47,,"738,457,080.","187,732,160.","1,377,343.2",,,,2310.1017679,,18239.7733049,264.8,54.32,130.64,113.85,5.95,54.78,526.09,84.08,13.73,19.94,44.15,9.11,13.69,,,,"596,793,705,000."
N360309,A006390,한일현대시멘트,한일현대시멘트(주),110111-0111867,214-81-24240,1969-12-30,1975-12-26,2025-11-21,폐업,12.0,중견기업,,,N15102.건축자재,C00000.제조업(10~34),C23000.비금속 광물제품 제조업,코스피,해산 사유 발생,해산사유발생,2022,0.1223833,-0.0217224,-0.1159136,12.24,0.1868254,0.0142518,21.03,7.46,7.58,0.0564536,0.0573136,0.1022209,10.38,.91,90.91,41.17,.76,1.37,1.6892078,2.224327797,2.788661099,13.64,5.17,7.93,,"736,019,570.","202,695,900.","1,458,922.39",,,,1972.6322472,,18826.9219387,276.54,56.06,150.38,119.95,35.76,60.41,429.6,78.39,8.22,17.78,26.51,7.81,10.77,,,,"649,126,014,000."
N360309,A006390,한일현대시멘트,한일현대시멘트(주),110111-0111867,214-81-24240,1969-12-30,1975-12-26,2025-11-21,폐업,12.0,중견기업,,,N15102.건축자재,C00000.제조업(10~34),C23000.비금속 광물제품 제조업,코스피,해산 사유 발생,해산사유발생,2023,0.0744758,0.3649608,-0.0179649,7.45,0.0711474,0.0421546,21.7,9.51,6.95,0.0645447,0.0471448,0.1271845,9.29,1.55,91.86,35.11,.68,1.34,1.3777837,2.00508013,2.437673168,11.53,4.84,6.51,,"715,212,160.","211,468,770.","1,671,287.23",,,"25,153.93",1814.1165682,,20229.0714578,304.58,46.64,150.24,123.58,45.45,53.07,206.84,114.41,6.14,11.45,16.14,6.11,10.15,,,,"838,319,619,000."
N360309,A006390,한일현대시멘트,한일현대시멘트(주),110111-0111867,214-81-24240,1969-12-30,1975-12-26,2025-11-21,폐업,12.0,중견기업,,,N15102.건축자재,C00000.제조업(10~34),C23000.비금속 광물제품 제조업,코스피,해산 사유 발생,해산사유발생,2024,0.1034933,0.6475658,0.7124925,10.35,0.0172316,-0.1483146,28.97,15.41,11.7,0.0906696,0.0688368,0.1923303,14.6,2.04,86.81,36.95,.59,1.25,1.1134487,1.85641333,2.252919815,11.,4.6,4.76,,"1,125,924,860.","497,480,010.","2,301,513.51",,,"20,383.12",3106.6610609,1784.0952265,22322.6442895,346.45,47.61,190.89,157.29,52.28,36.96,492.32,110.04,7.55,18.54,23.3,9.71,17.15,,,,"906,227,621,000."
N340260,A007190,한솔아트원제지,한솔아트원제지(주),134811-0000034,124-81-00815,1971-03-25,1974-06-24,2017-03-15,폐업,12.0,중견기업,,,N15105.종이와 임산물,C00000.제조업(10~34),"C17000.펄프, 종이 및 종이제품 제조업",코스피,해산 사유 발생,해산사유발생,2014,0.0420829,-1.7118063,-94.187419,4.21,-0.1108053,-0.1267218,,,,-0.0177162,-0.0528526,-0.0809051,,,,,,3.45,0.9660352,,,7.3,4.05,,,,,"1,459,805.21",,,,-776.5773042,,2623.2314144,,,56.19,36.39,,,,340.29,-.62,,,,,,,,
N340260,A007190,한솔아트원제지,한솔아트원제지(주),134811-0000034,124-81-00815,1971-03-25,1974-06-24,2017-03-15,폐업,12.0,중견기업,,,N15105.종이와 임산물,C00000.제조업(10~34),"C17000.펄프, 종이 및 종이제품 제조업",코스피,해산 사유 발생,해산사유발생,2015,0.1059654,2.4646061,0.942373,10.6,-0.2686229,-0.0630915,,,,0.0269643,-0.0031651,0.1102597,,,,,,2.34,0.759092,,,5.39,3.43,,,,,"1,499,335.11",,,,-36.1897597,,2937.7316285,,,50.87,30.58,,,,280.54,1.33,,,,,,,,
N340260,A007190,한솔아트원제지,한솔아트원제지(주),134811-0000034,124-81-00815,1971-03-25,1974-06-24,2017-03-15,폐업,12.0,중견기업,,,N15105.종이와 임산물,C00000.제조업(10~34),"C17000.펄프, 종이 및 종이제품 제조업",코스피,해산 사유 발생,해산사유발생,2016,-0.3632519,0.0137614,-27.2320696,-36.33,-0.0744424,-0.3164983,,,,0.0292309,-0.0955545,0.130041,,,,,,2.52,0.7321426,,,5.1,3.91,,,,,"2,051,359.46",,,,-1021.7118171,,1870.5950222,,,48.91,33.29,,,,445.91,1.41,,,,,,,,
N340260,A007190,한솔아트원제지,한솔아트원제지(주),134811-0000034,124-81-00815,1971-03-25,1974-06-24,2017-03-15,폐업,12.0,중견기업,,,N15105.종이와 임산물,C00000.제조업(10~34),"C17000.펄프, 종이 및 종이제품 제조업",코스피,해산 사유 발생,해산사유발생,2017,,,,,,,,,,,,,,,,,,,,,,,,,,,,,,,,,,,,,,,,,,,,,,,,,,,
N340260,A007190,한솔아트원제지,한솔아트원제지(주),134811-0000034,124-81-00815,1971-03-25,1974-06-24,2017-03-15,폐업,12.0,중견기업,,,N15105.종이와 임산물,C00000.제조업(10~34),"C17000.펄프, 종이 및 종이제품 제조업",코스피,해산 사유 발생,해산사유발생,2018,,,,,,,,,,,,,,,,,,,,,,,,,,,,,,,,,,,,,,,,,,,,,,,,,,,
N340260,A007190,한솔아트원제지,한솔아트원제지(주),134811-0000034,124-81-00815,1971-03-25,1974-06-24,2017-03-15,폐업,12.0,중견기업,,,N15105.종이와 임산물,C00000.제조업(10~34),"C17000.펄프, 종이 및 종이제품 제조업",코스피,해산 사유 발생,해산사유발생,2019,,,,,,,,,,,,,,,,,,,,,,,,,,,,,,,,,,,,,,,,,,,,,,,,,,,
N340260,A007190,한솔아트원제지,한솔아트원제지(주),134811-0000034,124-81-00815,1971-03-25,1974-06-24,2017-03-15,폐업,12.0,중견기업,,,N15105.종이와 임산물,C00000.제조업(10~34),"C17000.펄프, 종이 및 종이제품 제조업",코스피,해산 사유 발생,해산사유발생,2020,,,,,,,,,,,,,,,,,,,,,,,,,,,,,,,,,,,,,,,,,,,,,,,,,,,
N340260,A007190,한솔아트원제지,한솔아트원제지(주),134811-0000034,124-81-00815,1971-03-25,1974-06-24,2017-03-15,폐업,12.0,중견기업,,,N15105.종이와 임산물,C00000.제조업(10~34),"C17000.펄프, 종이 및 종이제품 제조업",코스피,해산 사유 발생,해산사유발생,2021,,,,,,,,,,,,,,,,,,,,,,,,,,,,,,,,,,,,,,,,,,,,,,,,,,,
N340260,A007190,한솔아트원제지,한솔아트원제지(주),134811-0000034,124-81-00815,1971-03-25,1974-06-24,2017-03-15,폐업,12.0,중견기업,,,N15105.종이와 임산물,C00000.제조업(10~34),"C17000.펄프, 종이 및 종이제품 제조업",코스피,해산 사유 발생,해산사유발생,2022,,,,,,,,,,,,,,,,,,,,,,,,,,,,,,,,,,,,,,,,,,,,,,,,,,,
N340260,A007190,한솔아트원제지,한솔아트원제지(주),134811-0000034,124-81-00815,1971-03-25,1974-06-24,2017-03-15,폐업,12.0,중견기업,,,N15105.종이와 임산물,C00000.제조업(10~34),"C17000.펄프, 종이 및 종이제품 제조업",코스피,해산 사유 발생,해산사유발생,2023,,,,,,,,,,,,,,,,,,,,,,,,,,,,,,,,,,,,,,,,,,,,,,,,,,,
N340260,A007190,한솔아트원제지,한솔아트원제지(주),134811-0000034,124-81-00815,1971-03-25,1974-06-24,2017-03-15,폐업,12.0,중견기업,,,N15105.종이와 임산물,C00000.제조업(10~34),"C17000.펄프, 종이 및 종이제품 제조업",코스피,해산 사유 발생,해산사유발생,2024,,,,,,,,,,,,,,,,,,,,,,,,,,,,,,,,,,,,,,,,,,,,,,,,,,,
N383775,A007630,폴루스바이오팜,(주)폴루스바이오팜,110111-0125967,111-81-02291,1972-02-02,1988-10-24,2022-02-22,일반,12.0,중소기업,,폴루스홀딩스,N20201.상업서비스와 공급품,G00000.도매 및 소매업(45~47),G46000.도매 및 상품 중개업,코스피,감사의견 의견거절 2년 계속,감사의견거절,2014,0.100275,1.5183318,1.0849034,10.03,0.0728992,-0.0129032,25.54,5.63,1.95,0.0637019,0.0220251,0.2795746,9.67,2.53,98.11,12.65,1.13,4.96,1.4647285,,,12.5,4.61,-5.08,,"94,831,710.","3,574,310.","339,461.53",,,,97.0486794,,1053.5469938,111.82,23.81,70.99,55.42,.7,,60.47,320.03,2.23,3.38,5.77,2.57,2.28,,,,
N383775,A007630,폴루스바이오팜,(주)폴루스바이오팜,110111-0125967,111-81-02291,1972-02-02,1988-10-24,2022-02-22,일반,12.0,중소기업,,폴루스홀딩스,N20201.상업서비스와 공급품,G00000.도매 및 소매업(45~47),G46000.도매 및 상품 중개업,코스피,감사의견 의견거절 2년 계속,감사의견거절,2015,-0.2738344,-1.8420504,-8.5822636,-27.38,-0.4874912,-0.0326797,14.91,-9.25,-28.81,-0.0534148,-0.1662985,-0.2603324,-81.05,4.54,110.63,6.12,.58,2.81,0.726207,,,5.45,2.25,-1.55,,"95,915,150.","3,231,040.","352,410.75",,,,-735.8486724,,765.0495983,54.21,17.24,26.02,12.4,.25,,27.31,480.12,-2.04,-20.26,-34.68,-16.77,-29.09,,,,
N383775,A007630,폴루스바이오팜,(주)폴루스바이오팜,110111-0125967,111-81-02291,1972-02-02,1988-10-24,2022-02-22,일반,12.0,중소기업,,폴루스홀딩스,N20201.상업서비스와 공급품,G00000.도매 및 소매업(45~47),G46000.도매 및 상품 중개업,코스피,감사의견 의견거절 2년 계속,감사의견거절,2016,0.2621136,-0.9991195,-1.0031764,26.21,-0.0081,-0.777027,,,,-0.0934452,-0.2927553,-0.4847841,,,,,,2.6,0.6206538,,,35.19,7.37,,,,,"1,692,539.74",,,1835.1251523,-1258.7882397,-220.5098721,674.7302651,,,50.65,48.71,,,,418.79,-4.42,,,,,,,,
N383775,A007630,폴루스바이오팜,(주)폴루스바이오팜,110111-0125967,111-81-02291,1972-02-02,1988-10-24,2022-02-22,일반,12.0,중소기업,,폴루스홀딩스,N20201.상업서비스와 공급품,G00000.도매 및 소매업(45~47),G46000.도매 및 상품 중개업,코스피,감사의견 의견거절 2년 계속,감사의견거절,2017,0.8570098,0.3748847,0.8291751,85.7,-0.0079863,-0.1515152,,,,-0.0608464,-0.0520923,-0.212142,,,,,,1.81,0.7259216,,,47.53,8.35,,,,,"2,035,926.8",,,1449.6145022,-164.6871247,-653.5440114,1125.3888924,,,27.71,26.34,,,,157.03,-3.4,,,,,,,,
N383775,A007630,폴루스바이오팜,(주)폴루스바이오팜,110111-0125967,111-81-02291,1972-02-02,1988-10-24,2022-02-22,일반,12.0,중소기업,,폴루스홀딩스,N20201.상업서비스와 공급품,G00000.도매 및 소매업(45~47),G46000.도매 및 상품 중개업,코스피,감사의견 의견거절 2년 계속,감사의견거절,2018,0.8152981,-1.7445641,-7.171008,81.53,-0.6569011,0.1785714,,,,-0.0871971,-0.2222508,-0.3181803,,,,,,0.34,0.1277603,,,21.08,4.17,,,,,"3,316,935.24",,,294.3353737,-780.0391055,-440.3408998,1179.2415728,,,5.03,4.56,,,,324.32,-.44,,,,,,,,
N383775,A007630,폴루스바이오팜,(주)폴루스바이오팜,110111-0125967,111-81-02291,1972-02-02,1988-10-24,2022-02-22,일반,12.0,중소기업,,폴루스홀딩스,N20201.상업서비스와 공급품,G00000.도매 및 소매업(45~47),G46000.도매 및 상품 중개업,코스피,감사의견 의견거절 2년 계속,감사의견거절,2019,0.5321876,0.5544341,0.4555216,53.22,-0.0666415,,,,,-0.0270095,-0.0841254,-0.0868292,,,,,,0.19,0.0873526,,,27.,8.0,,,,,,,,246.5400842,-344.7782088,-72.7356501,1510.1430711,,,12.75,12.59,,,,154.36,-.68,,,,,,,,
N383775,A007630,폴루스바이오팜,(주)폴루스바이오팜,110111-0125967,111-81-02291,1972-02-02,1988-10-24,2022-02-22,일반,12.0,중소기업,,폴루스홀딩스,N20201.상업서비스와 공급품,G00000.도매 및 소매업(45~47),G46000.도매 및 상품 중개업,코스피,감사의견 의견거절 2년 계속,감사의견거절,2020,0.0720596,0.4452309,0.6724825,7.21,-0.31309,,,,,-0.0157937,-0.0290413,-0.0384202,,,,,,0.11,0.0739862,,,73.53,18.26,,,,,"24,730,090.17",,,161.4770826,-107.6687188,-233.0818038,1413.9861326,,,12.79,12.74,,,,132.92,-1.45,,,,,,,,
N383775,A007630,폴루스바이오팜,(주)폴루스바이오팜,110111-0125967,111-81-02291,1972-02-02,1988-10-24,2022-02-22,일반,12.0,중소기업,,폴루스홀딩스,N20201.상업서비스와 공급품,G00000.도매 및 소매업(45~47),G46000.도매 및 상품 중개업,코스피,감사의견 의견거절 2년 계속,감사의견거절,2021,-0.0093683,0.5683946,0.8627798,-0.94,-0.9949794,-0.8333333,,,,-0.0069188,-0.0040448,-0.0161005,,,,,,,0.0003894,,,1.46,0.19,,,,,"147,893,047.5",,,0.7268757,-13.241358,-1.8542385,1400.7394267,,,13.11,13.11,,,,132.5,,,,,,,,,
N383775,A007630,폴루스바이오팜,(주)폴루스바이오팜,110111-0125967,111-81-02291,1972-02-02,1988-10-24,2022-02-22,일반,12.0,중소기업,,폴루스홀딩스,N20201.상업서비스와 공급품,G00000.도매 및 소매업(45~47),G46000.도매 및 상품 중개업,코스피,감사의견 의견거절 2년 계속,감사의견거절,2022,,,,,,,,,,,,,,,,,,,,,,,,,,,,,,,,,,,,,,,,,,,,,,,,,,,
N383775,A007630,폴루스바이오팜,(주)폴루스바이오팜,110111-0125967,111-81-02291,1972-02-02,1988-10-24,2022-02-22,일반,12.0,중소기업,,폴루스홀딩스,N20201.상업서비스와 공급품,G00000.도매 및 소매업(45~47),G46000.도매 및 상품 중개업,코스피,감사의견 의견거절 2년 계속,감사의견거절,2023,,,,,,,,,,,,,,,,,,,,,,,,,,,,,,,,,,,,,,,,,,,,,,,,,,,
N383775,A007630,폴루스바이오팜,(주)폴루스바이오팜,110111-0125967,111-81-02291,1972-02-02,1988-10-24,2022-02-22,일반,12.0,중소기업,,폴루스홀딩스,N20201.상업서비스와 공급품,G00000.도매 및 소매업(45~47),G46000.도매 및 상품 중개업,코스피,감사의견 의견거절 2년 계속,감사의견거절,2024,,,,,,,,,,,,,,,,,,,,,,,,,,,,,,,,,,,,,,,,,,,,,,,,,,,
N381152,A008720,삼양엔텍,삼양엔텍(주),124311-0012932,130-81-00770,0000-00-00,1976-06-26,2014-12-30,폐업,12.0,중견기업,,,N20106.기계,C00000.제조업(10~34),C29000.기타 기계 및 장비 제조업,코스피,해산 사유 발생,해산사유발생,2014,,,,,,,,,,,,,,,,,,,,,,,,,,,,,,,,,,,,,,,,,,,,,,,,,,,
N381152,A008720,삼양엔텍,삼양엔텍(주),124311-0012932,130-81-00770,0000-00-00,1976-06-26,2014-12-30,폐업,12.0,중견기업,,,N20106.기계,C00000.제조업(10~34),C29000.기타 기계 및 장비 제조업,코스피,해산 사유 발생,해산사유발생,2015,,,,,,,,,,,,,,,,,,,,,,,,,,,,,,,,,,,,,,,,,,,,,,,,,,,
N381152,A008720,삼양엔텍,삼양엔텍(주),124311-0012932,130-81-00770,0000-00-00,1976-06-26,2014-12-30,폐업,12.0,중견기업,,,N20106.기계,C00000.제조업(10~34),C29000.기타 기계 및 장비 제조업,코스피,해산 사유 발생,해산사유발생,2016,,,,,,,,,,,,,,,,,,,,,,,,,,,,,,,,,,,,,,,,,,,,,,,,,,,
N381152,A008720,삼양엔텍,삼양엔텍(주),124311-0012932,130-81-00770,0000-00-00,1976-06-26,2014-12-30,폐업,12.0,중견기업,,,N20106.기계,C00000.제조업(10~34),C29000.기타 기계 및 장비 제조업,코스피,해산 사유 발생,해산사유발생,2017,,,,,,,,,,,,,,,,,,,,,,,,,,,,,,,,,,,,,,,,,,,,,,,,,,,
N381152,A008720,삼양엔텍,삼양엔텍(주),124311-0012932,130-81-00770,0000-00-00,1976-06-26,2014-12-30,폐업,12.0,중견기업,,,N20106.기계,C00000.제조업(10~34),C29000.기타 기계 및 장비 제조업,코스피,해산 사유 발생,해산사유발생,2018,,,,,,,,,,,,,,,,,,,,,,,,,,,,,,,,,,,,,,,,,,,,,,,,,,,
N381152,A008720,삼양엔텍,삼양엔텍(주),124311-0012932,130-81-00770,0000-00-00,1976-06-26,2014-12-30,폐업,12.0,중견기업,,,N20106.기계,C00000.제조업(10~34),C29000.기타 기계 및 장비 제조업,코스피,해산 사유 발생,해산사유발생,2019,,,,,,,,,,,,,,,,,,,,,,,,,,,,,,,,,,,,,,,,,,,,,,,,,,,
N381152,A008720,삼양엔텍,삼양엔텍(주),124311-0012932,130-81-00770,0000-00-00,1976-06-26,2014-12-30,폐업,12.0,중견기업,,,N20106.기계,C00000.제조업(10~34),C29000.기타 기계 및 장비 제조업,코스피,해산 사유 발생,해산사유발생,2020,,,,,,,,,,,,,,,,,,,,,,,,,,,,,,,,,,,,,,,,,,,,,,,,,,,
N381152,A008720,삼양엔텍,삼양엔텍(주),124311-0012932,130-81-00770,0000-00-00,1976-06-26,2014-12-30,폐업,12.0,중견기업,,,N20106.기계,C00000.제조업(10~34),C29000.기타 기계 및 장비 제조업,코스피,해산 사유 발생,해산사유발생,2021,,,,,,,,,,,,,,,,,,,,,,,,,,,,,,,,,,,,,,,,,,,,,,,,,,,
N381152,A008720,삼양엔텍,삼양엔텍(주),124311-0012932,130-81-00770,0000-00-00,1976-06-26,2014-12-30,폐업,12.0,중견기업,,,N20106.기계,C00000.제조업(10~34),C29000.기타 기계 및 장비 제조업,코스피,해산 사유 발생,해산사유발생,2022,,,,,,,,,,,,,,,,,,,,,,,,,,,,,,,,,,,,,,,,,,,,,,,,,,,
N381152,A008720,삼양엔텍,삼양엔텍(주),124311-0012932,130-81-00770,0000-00-00,1976-06-26,2014-12-30,폐업,12.0,중견기업,,,N20106.기계,C00000.제조업(10~34),C29000.기타 기계 및 장비 제조업,코스피,해산 사유 발생,해산사유발생,2023,,,,,,,,,,,,,,,,,,,,,,,,,,,,,,,,,,,,,,,,,,,,,,,,,,,
N381152,A008720,삼양엔텍,삼양엔텍(주),124311-0012932,130-81-00770,0000-00-00,1976-06-26,2014-12-30,폐업,12.0,중견기업,,,N20106.기계,C00000.제조업(10~34),C29000.기타 기계 및 장비 제조업,코스피,해산 사유 발생,해산사유발생,2024,,,,,,,,,,,,,,,,,,,,,,,,,,,,,,,,,,,,,,,,,,,,,,,,,,,
N360023,A008800,행남사,(주)행남사,201111-0000276,411-81-01362,1973-05-14,1993-09-03,2021-06-07,외감,12.0,중소기업,,,N30202.식품,C00000.제조업(10~34),C10000.식료품 제조업,코스닥,기업의 계속성 및 경영의 투명성 등을 종합적으로 고려하여 상장폐지기준에 해당한다고 결정,기업의계속성_경영의투명성종합판단,2014,-0.1658042,-2.7979591,-7.0080063,-16.58,-0.0337357,-0.2080537,8.55,-5.87,-10.13,-0.0405929,-0.0700018,-0.0817941,-14.11,2.95,109.55,-6.75,.69,1.39,1.3718657,0.0,279.7410049,1.62,3.56,3.05,,"45,794,180.","7,622,720.","425,542.87",,,5142.9614207,-564.0336825,-159.2562815,4420.6126766,-13.12,47.13,139.75,54.43,1.03,214.63,306.84,112.16,-1.99,-6.12,-9.45,-2.66,-2.97,,,,"63,908,708,000."
N360023,A008800,행남사,(주)행남사,201111-0000276,411-81-01362,1973-05-14,1993-09-03,2021-06-07,외감,12.0,중소기업,,,N30202.식품,C00000.제조업(10~34),C10000.식료품 제조업,코스닥,기업의 계속성 및 경영의 투명성 등을 종합적으로 고려하여 상장폐지기준에 해당한다고 결정,기업의계속성_경영의투명성종합판단,2015,0.2447672,1.1444897,1.0757184,24.48,-0.0871238,-0.3220339,13.4,0.93,0.84,0.0052686,0.0047612,0.0115762,1.05,2.65,99.82,-3.59,0.57,1.25,1.0399642,0.0,247.4383787,1.56,3.17,3.54,,"65,562,380.","10,407,850.","633,122.86",,,6000.904616,74.0570954,-444.3416631,4551.6916186,-8.97,44.29,132.59,53.7,1.99,242.04,345.79,125.79,.35,2.86,3.95,1.1,1.44,,,,"58,726,859,000."
N360023,A008800,행남사,(주)행남사,201111-0000276,411-81-01362,1973-05-14,1993-09-03,2021-06-07,외감,12.0,중소기업,,,N30202.식품,C00000.제조업(10~34),C10000.식료품 제조업,코스닥,기업의 계속성 및 경영의 투명성 등을 종합적으로 고려하여 상장폐지기준에 해당한다고 결정,기업의계속성_경영의투명성종합판단,2016,-0.5559753,-12.1565048,-72.7733854,-55.6,-0.2774147,0.1125,8.67,-14.36,-83.46,-0.0632251,-0.3675771,-0.161288,-93.77,4.08,184.39,-38.93,0.44,1.12,0.7243909,0.0,194.351365,1.47,2.25,2.48,,"61,030,490.","6,352,890.","591,734.54",,,461.4384672,-390.2726128,-23.3246034,222.211935,-55.56,31.14,158.79,96.52,1.32,105.93,469.07,221.11,-3.52,-66.64,-89.78,-41.67,-80.65,,,,"77,797,543,000."
N360023,A008800,행남사,(주)행남사,201111-0000276,411-81-01362,1973-05-14,1993-09-03,2021-06-07,외감,12.0,중소기업,,,N30202.식품,C00000.제조업(10~34),C10000.식료품 제조업,코스닥,기업의 계속성 및 경영의 투명성 등을 종합적으로 고려하여 상장폐지기준에 해당한다고 결정,기업의계속성_경영의투명성종합판단,2017,0.7253123,-1.2070724,0.2021169,72.53,-0.4519853,-0.3595506,-8.63,-57.81,-121.51,-0.1856179,-0.3901232,-0.4247856,-89.28,11.04,208.91,-65.96,0.32,0.73,0.5702292,0.0,144.1862058,1.31,1.37,1.25,,"136,551,180.","6,434,820.","903,456.96",,,178.1710054,-217.4314587,-60.8187695,231.8175738,-53.64,57.02,169.92,109.95,3.62,85.76,644.53,75.38,-5.24,-112.15,-130.11,-45.63,-145.68,,,,"49,125,869,000."
N360023,A008800,행남사,(주)행남사,201111-0000276,411-81-01362,1973-05-14,1993-09-03,2021-06-07,외감,12.0,중소기업,,,N30202.식품,C00000.제조업(10~34),C10000.식료품 제조업,코스닥,기업의 계속성 및 경영의 투명성 등을 종합적으로 고려하여 상장폐지기준에 해당한다고 결정,기업의계속성_경영의투명성종합판단,2018,1.2942952,-0.7479237,0.4118716,129.43,-0.4337248,0.0877193,-95.79,-178.46,-126.2,-0.2031011,-0.1436296,-0.3560232,-25.18,15.84,320.54,40.9,.11,0.2,0.2649644,0.0,28.3949375,1.39,0.99,.65,,"209,701,630.","12,549,550.","1,184,260.79",,,193.1396258,-256.3005128,-132.7854008,1861.4880984,272.33,57.06,134.36,129.71,81.93,13.52,376.76,75.26,-11.27,-30.21,-59.84,-11.92,-134.59,,,,"46,291,545,000."
N360023,A008800,행남사,(주)행남사,201111-0000276,411-81-01362,1973-05-14,1993-09-03,2021-06-07,외감,12.0,중소기업,,,N30202.식품,C00000.제조업(10~34),C10000.식료품 제조업,코스닥,기업의 계속성 및 경영의 투명성 등을 종합적으로 고려하여 상장폐지기준에 해당한다고 결정,기업의계속성_경영의투명성종합판단,2019,-0.4941377,0.7086861,-2.2950503,-49.41,-0.113783,-0.483871,9.9,-58.66,-469.23,-0.0600048,-0.4799747,-0.0988934,-79.1,9.17,105.28,17.73,.1,0.17,0.2601218,0.0,66.5027972,6.55,0.99,1.04,,"537,980,230.","36,220,730.","2,231,406.28",,,222.1489977,-1057.8787127,-299.3124103,671.4350697,34.32,69.37,104.18,100.96,38.56,77.12,204.46,44.16,-6.4,-274.36,-431.4,-78.12,-525.61,,,,"106,134,014,000."
N360023,A008800,행남사,(주)행남사,201111-0000276,411-81-01362,1973-05-14,1993-09-03,2021-06-07,외감,12.0,중소기업,,,N30202.식품,C00000.제조업(10~34),C10000.식료품 제조업,코스닥,기업의 계속성 및 경영의 투명성 등을 종합적으로 고려하여 상장폐지기준에 해당한다고 결정,기업의계속성_경영의투명성종합판단,2020,-0.3742757,0.3495136,0.8797709,-37.43,0.0521256,-0.3125,21.49,-36.27,-53.62,-0.0770281,-0.1138814,-0.1177909,-17.41,9.11,150.2,-11.36,.21,0.32,0.6137222,0.0,96.2737963,22.17,1.66,-6.7,,"722,464,820.","25,817,550.","1,727,588.52",,,175.8274513,-95.0404643,41.6012791,420.1332293,-15.93,59.91,73.75,70.97,52.78,,293.82,66.93,-3.98,-35.1,-74.57,-13.5,-158.93,,,,"44,161,246,000."
N360023,A008800,행남사,(주)행남사,201111-0000276,411-81-01362,1973-05-14,1993-09-03,2021-06-07,외감,12.0,중소기업,,,N30202.식품,C00000.제조업(10~34),C10000.식료품 제조업,코스닥,기업의 계속성 및 경영의 투명성 등을 종합적으로 고려하여 상장폐지기준에 해당한다고 결정,기업의계속성_경영의투명성종합판단,2021,,,,,,,19.15,-5.37,-19.76,,,,-11.47,3.65,117.02,-30.09,.35,,,0.0,256.4890914,,,-4.3,,"595,111,220.",.,,,,,,,,-33.17,60.58,,,44.96,,121.55,,,-16.71,-47.42,-6.59,-16.58,,,,"31,997,622,000."
N360023,A008800,행남사,(주)행남사,201111-0000276,411-81-01362,1973-05-14,1993-09-03,2021-06-07,외감,12.0,중소기업,,,N30202.식품,C00000.제조업(10~34),C10000.식료품 제조업,코스닥,기업의 계속성 및 경영의 투명성 등을 종합적으로 고려하여 상장폐지기준에 해당한다고 결정,기업의계속성_경영의투명성종합판단,2022,,,,,,,18.18,-8.31,-14.05,,,,-10.45,1.64,113.73,-36.24,.43,,,0.0,483.6050794,,,-2.51,,"655,381,740.",.,,,,,,,,-39.44,55.6,,,1.55,,107.69,,,-10.98,-34.48,-4.85,-11.14,,,,"25,151,466,000."
N360023,A008800,행남사,(주)행남사,201111-0000276,411-81-01362,1973-05-14,1993-09-03,2021-06-07,외감,12.0,중소기업,,,N30202.식품,C00000.제조업(10~34),C10000.식료품 제조업,코스닥,기업의 계속성 및 경영의 투명성 등을 종합적으로 고려하여 상장폐지기준에 해당한다고 결정,기업의계속성_경영의투명성종합판단,2023,,,,,,,19.18,-14.9,-19.09,,,,-10.68,2.89,118.44,-49.15,.33,,,3.635971762,3.91858972,,,-1.29,,"907,793,250.",.,,,,,,,,-44.48,61.31,,,19.77,,64.54,,,-13.11,-27.75,-5.07,-14.13,,,,"24,831,118,000."
N360023,A008800,행남사,(주)행남사,201111-0000276,411-81-01362,1973-05-14,1993-09-03,2021-06-07,외감,12.0,중소기업,,,N30202.식품,C00000.제조업(10~34),C10000.식료품 제조업,코스닥,기업의 계속성 및 경영의 투명성 등을 종합적으로 고려하여 상장폐지기준에 해당한다고 결정,기업의계속성_경영의투명성종합판단,2024,,,,,,,23.98,-23.21,-21.3,,,,-12.99,2.84,120.16,-60.42,.37,,,4.59209476,4.866881864,,,-1.46,,"989,648,280.",.,,,,,,,,-50.48,59.22,,,13.82,,56.27,,,-14.81,-33.04,-6.04,-15.77,,,,"19,060,421,000."
N320390,A008900,티이씨앤코,(주)티이씨앤코,110111-0264343,211-81-44214,1973-06-07,1984-09-19,2016-05-17,폐업,12.0,중견기업,,,N20201.상업서비스와 공급품,C00000.제조업(10~34),C28000.전기장비 제조업,코스피,해산 사유 발생,해산사유발생,2014,5.6278451,1.5125837,2.6609546,562.78,-0.0784642,0.0512821,,,,0.0167049,0.510096,0.0483938,,,,,,3.81,2.009783,,,20.81,4.29,,,,,"1,352,328.62",,,,700.0453318,,6487.4982567,,,184.45,173.44,,,,88.02,1.15,,,,,,,9.74,
N320390,A008900,티이씨앤코,(주)티이씨앤코,110111-0264343,211-81-44214,1973-06-07,1984-09-19,2016-05-17,폐업,12.0,중견기업,,,N20201.상업서비스와 공급품,C00000.제조업(10~34),C28000.전기장비 제조업,코스피,해산 사유 발생,해산사유발생,2015,0.4138329,0.9111379,-0.8459241,41.38,-0.2623525,0.0,,,,0.0268396,0.0660735,0.0440965,,,,,,1.34,2.085444,,,14.85,3.63,,,,,"1,608,575.7",,,,290.3825542,,2915.892369,,,265.85,246.91,,,,47.52,1.56,,,,,,,33.72,
N320390,A008900,티이씨앤코,(주)티이씨앤코,110111-0264343,211-81-44214,1973-06-07,1984-09-19,2016-05-17,폐업,12.0,중견기업,,,N20201.상업서비스와 공급품,C00000.제조업(10~34),C28000.전기장비 제조업,코스피,해산 사유 발생,해산사유발생,2016,,,,,,,,,,,,,,,,,,,,,,,,,,,,,,,,,,,,,,,,,,,,,,,,,,,
N320390,A008900,티이씨앤코,(주)티이씨앤코,110111-0264343,211-81-44214,1973-06-07,1984-09-19,2016-05-17,폐업,12.0,중견기업,,,N20201.상업서비스와 공급품,C00000.제조업(10~34),C28000.전기장비 제조업,코스피,해산 사유 발생,해산사유발생,2017,,,,,,,,,,,,,,,,,,,,,,,,,,,,,,,,,,,,,,,,,,,,,,,,,,,
N320390,A008900,티이씨앤코,(주)티이씨앤코,110111-0264343,211-81-44214,1973-06-07,1984-09-19,2016-05-17,폐업,12.0,중견기업,,,N20201.상업서비스와 공급품,C00000.제조업(10~34),C28000.전기장비 제조업,코스피,해산 사유 발생,해산사유발생,2018,,,,,,,,,,,,,,,,,,,,,,,,,,,,,,,,,,,,,,,,,,,,,,,,,,,
N320390,A008900,티이씨앤코,(주)티이씨앤코,110111-0264343,211-81-44214,1973-06-07,1984-09-19,2016-05-17,폐업,12.0,중견기업,,,N20201.상업서비스와 공급품,C00000.제조업(10~34),C28000.전기장비 제조업,코스피,해산 사유 발생,해산사유발생,2019,,,,,,,,,,,,,,,,,,,,,,,,,,,,,,,,,,,,,,,,,,,,,,,,,,,
N320390,A008900,티이씨앤코,(주)티이씨앤코,110111-0264343,211-81-44214,1973-06-07,1984-09-19,2016-05-17,폐업,12.0,중견기업,,,N20201.상업서비스와 공급품,C00000.제조업(10~34),C28000.전기장비 제조업,코스피,해산 사유 발생,해산사유발생,2020,,,,,,,,,,,,,,,,,,,,,,,,,,,,,,,,,,,,,,,,,,,,,,,,,,,
N320390,A008900,티이씨앤코,(주)티이씨앤코,110111-0264343,211-81-44214,1973-06-07,1984-09-19,2016-05-17,폐업,12.0,중견기업,,,N20201.상업서비스와 공급품,C00000.제조업(10~34),C28000.전기장비 제조업,코스피,해산 사유 발생,해산사유발생,2021,,,,,,,,,,,,,,,,,,,,,,,,,,,,,,,,,,,,,,,,,,,,,,,,,,,
N320390,A008900,티이씨앤코,(주)티이씨앤코,110111-0264343,211-81-44214,1973-06-07,1984-09-19,2016-05-17,폐업,12.0,중견기업,,,N20201.상업서비스와 공급품,C00000.제조업(10~34),C28000.전기장비 제조업,코스피,해산 사유 발생,해산사유발생,2022,,,,,,,,,,,,,,,,,,,,,,,,,,,,,,,,,,,,,,,,,,,,,,,,,,,
N320390,A008900,티이씨앤코,(주)티이씨앤코,110111-0264343,211-81-44214,1973-06-07,1984-09-19,2016-05-17,폐업,12.0,중견기업,,,N20201.상업서비스와 공급품,C00000.제조업(10~34),C28000.전기장비 제조업,코스피,해산 사유 발생,해산사유발생,2023,,,,,,,,,,,,,,,,,,,,,,,,,,,,,,,,,,,,,,,,,,,,,,,,,,,
N320390,A008900,티이씨앤코,(주)티이씨앤코,110111-0264343,211-81-44214,1973-06-07,1984-09-19,2016-05-17,폐업,12.0,중견기업,,,N20201.상업서비스와 공급품,C00000.제조업(10~34),C28000.전기장비 제조업,코스피,해산 사유 발생,해산사유발생,2024,,,,,,,,,,,,,,,,,,,,,,,,,,,,,,,,,,,,,,,,,,,,,,,,,,,
N370185,A010520,현대하이스코,현대하이스코(주),110111-0302416,620-81-03815,1975-03-18,1989-09-29,2015-07-15,폐업,12.0,대기업,,,N15104.금속과 채광,C00000.제조업(10~34),C24000.1차 금속 제조업,코스피,해산 사유 발생,해산사유발생,2014,0.3272608,1.1829985,-0.8975453,32.73,0.0415655,0.0027778,12.5,8.34,3.91,0.1464905,0.0686824,0.4302358,20.17,.68,94.32,32.47,1.76,5.16,2.662723,,,5.67,6.84,7.93,,,,"3,310,153.57",,,184108.9191519,7200.3546132,10198.7095853,41190.9817376,723.6,36.67,168.11,91.03,26.22,113.18,114.78,172.68,12.21,,,,,,,,
N370185,A010520,현대하이스코,현대하이스코(주),110111-0302416,620-81-03815,1975-03-18,1989-09-29,2015-07-15,폐업,12.0,대기업,,,N15104.금속과 채광,C00000.제조업(10~34),C24000.1차 금속 제조업,코스피,해산 사유 발생,해산사유발생,2015,,,,,,,,,,,,,,,,,,,,,,,,,,,,,,,,,,,,,,,,,,,,,,,,,,,
N370185,A010520,현대하이스코,현대하이스코(주),110111-0302416,620-81-03815,1975-03-18,1989-09-29,2015-07-15,폐업,12.0,대기업,,,N15104.금속과 채광,C00000.제조업(10~34),C24000.1차 금속 제조업,코스피,해산 사유 발생,해산사유발생,2016,,,,,,,,,,,,,,,,,,,,,,,,,,,,,,,,,,,,,,,,,,,,,,,,,,,
N370185,A010520,현대하이스코,현대하이스코(주),110111-0302416,620-81-03815,1975-03-18,1989-09-29,2015-07-15,폐업,12.0,대기업,,,N15104.금속과 채광,C00000.제조업(10~34),C24000.1차 금속 제조업,코스피,해산 사유 발생,해산사유발생,2017,,,,,,,,,,,,,,,,,,,,,,,,,,,,,,,,,,,,,,,,,,,,,,,,,,,
N370185,A010520,현대하이스코,현대하이스코(주),110111-0302416,620-81-03815,1975-03-18,1989-09-29,2015-07-15,폐업,12.0,대기업,,,N15104.금속과 채광,C00000.제조업(10~34),C24000.1차 금속 제조업,코스피,해산 사유 발생,해산사유발생,2018,,,,,,,,,,,,,,,,,,,,,,,,,,,,,,,,,,,,,,,,,,,,,,,,,,,
N370185,A010520,현대하이스코,현대하이스코(주),110111-0302416,620-81-03815,1975-03-18,1989-09-29,2015-07-15,폐업,12.0,대기업,,,N15104.금속과 채광,C00000.제조업(10~34),C24000.1차 금속 제조업,코스피,해산 사유 발생,해산사유발생,2019,,,,,,,,,,,,,,,,,,,,,,,,,,,,,,,,,,,,,,,,,,,,,,,,,,,
N370185,A010520,현대하이스코,현대하이스코(주),110111-0302416,620-81-03815,1975-03-18,1989-09-29,2015-07-15,폐업,12.0,대기업,,,N15104.금속과 채광,C00000.제조업(10~34),C24000.1차 금속 제조업,코스피,해산 사유 발생,해산사유발생,2020,,,,,,,,,,,,,,,,,,,,,,,,,,,,,,,,,,,,,,,,,,,,,,,,,,,
N370185,A010520,현대하이스코,현대하이스코(주),110111-0302416,620-81-03815,1975-03-18,1989-09-29,2015-07-15,폐업,12.0,대기업,,,N15104.금속과 채광,C00000.제조업(10~34),C24000.1차 금속 제조업,코스피,해산 사유 발생,해산사유발생,2021,,,,,,,,,,,,,,,,,,,,,,,,,,,,,,,,,,,,,,,,,,,,,,,,,,,
N370185,A010520,현대하이스코,현대하이스코(주),110111-0302416,620-81-03815,1975-03-18,1989-09-29,2015-07-15,폐업,12.0,대기업,,,N15104.금속과 채광,C00000.제조업(10~34),C24000.1차 금속 제조업,코스피,해산 사유 발생,해산사유발생,2022,,,,,,,,,,,,,,,,,,,,,,,,,,,,,,,,,,,,,,,,,,,,,,,,,,,
N370185,A010520,현대하이스코,현대하이스코(주),110111-0302416,620-81-03815,1975-03-18,1989-09-29,2015-07-15,폐업,12.0,대기업,,,N15104.금속과 채광,C00000.제조업(10~34),C24000.1차 금속 제조업,코스피,해산 사유 발생,해산사유발생,2023,,,,,,,,,,,,,,,,,,,,,,,,,,,,,,,,,,,,,,,,,,,,,,,,,,,
N370185,A010520,현대하이스코,현대하이스코(주),110111-0302416,620-81-03815,1975-03-18,1989-09-29,2015-07-15,폐업,12.0,대기업,,,N15104.금속과 채광,C00000.제조업(10~34),C24000.1차 금속 제조업,코스피,해산 사유 발생,해산사유발생,2024,,,,,,,,,,,,,,,,,,,,,,,,,,,,,,,,,,,,,,,,,,,,,,,,,,,
N325660,A010600,웰바이오텍,웰바이오텍(주),110111-0179659,119-81-04065,1975-04-19,1997-07-18,2026-01-26,외감,12.0,중소기업,,웰바이오텍,"N25203.섬유, 의류, 사치품",G00000.도매 및 소매업(45~47),G46000.도매 및 상품 중개업,코스피,감사의견 의견거절 2년 계속,감사의견거절,2014,-0.1368384,-0.9135694,-3.7984128,-13.68,-0.1316207,0.0882353,8.16,0.14,-5.63,0.0027357,-0.1099684,0.00442,-17.77,.29,104.96,44.57,1.95,3.16,5.1264353,0.0,906.2773269,4.18,9.71,5.33,,"121,248,380.",.,"1,397,556.88",,,8094.7837593,-459.7800848,-103.82255,2290.2254782,358.04,57.34,175.88,61.65,9.24,150.54,222.53,74.41,.48,-16.29,-20.75,-4.39,-2.95,,,,"61,228,213,000."
N325660,A010600,웰바이오텍,웰바이오텍(주),110111-0179659,119-81-04065,1975-04-19,1997-07-18,2026-01-26,외감,12.0,중소기업,,웰바이오텍,"N25203.섬유, 의류, 사치품",G00000.도매 및 소매업(45~47),G46000.도매 및 상품 중개업,코스피,감사의견 의견거절 2년 계속,감사의견거절,2015,0.0413324,11.394794,1.0825211,4.13,-0.0597005,0.0540541,9.46,1.85,0.49,0.0345117,0.0092361,0.0579298,1.55,.38,98.67,48.65,1.87,3.14,4.6245607,0.0,708.3657712,4.32,9.3,5.89,,"229,059,960.",.,"1,407,725.46",,,7232.1265567,36.0818482,275.0091263,2385.0586893,377.,61.89,191.41,79.14,20.06,122.82,274.02,61.56,4.91,19.84,24.64,4.58,3.95,,,,"61,253,425,000."
N325660,A010600,웰바이오텍,웰바이오텍(주),110111-0179659,119-81-04065,1975-04-19,1997-07-18,2026-01-26,외감,12.0,중소기업,,웰바이오텍,"N25203.섬유, 의류, 사치품",G00000.도매 및 소매업(45~47),G46000.도매 및 상품 중개업,코스피,감사의견 의견거절 2년 계속,감사의견거절,2016,-0.074227,-1.1959406,-5.4212469,-7.42,-0.2417645,-0.1538462,9.26,-0.48,-2.88,-0.0068412,-0.0413117,-0.0115544,-6.98,.43,102.32,43.5,1.43,2.42,3.515589,0.0,757.7786272,3.41,7.57,4.88,,"269,541,260.",.,"1,750,660.77",,,5483.6554617,-160.666927,-152.0894832,2207.4926433,341.49,56.56,160.97,58.5,12.13,168.06,235.15,76.81,-1.12,11.11,13.58,2.86,3.35,,,,"59,088,349,000."
N325660,A010600,웰바이오텍,웰바이오텍(주),110111-0179659,119-81-04065,1975-04-19,1997-07-18,2026-01-26,외감,12.0,중소기업,,웰바이오텍,"N25203.섬유, 의류, 사치품",G00000.도매 및 소매업(45~47),G46000.도매 및 상품 중개업,코스피,감사의견 의견거절 2년 계속,감사의견거절,2017,-0.2069859,-11.6070879,-2.5583187,-20.7,-0.1700817,0.030303,3.92,-7.25,-12.35,-0.069853,-0.1190576,-0.1689963,-28.8,.83,112.19,20.5,0.96,2.33,1.6430599,0.0,384.878623,2.85,6.43,53.7,,"281,088,510.",.,"1,931,751.28",,,4550.9859173,-573.2511801,-258.334961,1669.7292816,233.94,30.86,78.15,37.72,14.48,,171.83,224.05,-8.77,-45.85,-49.79,-31.34,-69.96,,,,"59,864,700,000."
N325660,A010600,웰바이오텍,웰바이오텍(주),110111-0179659,119-81-04065,1975-04-19,1997-07-18,2026-01-26,외감,12.0,중소기업,,웰바이오텍,"N25203.섬유, 의류, 사치품",G00000.도매 및 소매업(45~47),G46000.도매 및 상품 중개업,코스피,감사의견 의견거절 2년 계속,감사의견거절,2018,1.8455337,-0.6474609,-0.865185,184.55,0.0444522,0.2058824,4.55,-11.43,-22.06,-0.0852927,-0.1645851,-0.1636962,-31.59,4.21,118.55,50.55,.75,1.43,1.5579109,0.0,129.1601222,3.64,4.97,6.01,,"133,156,380.",.,"2,060,219.44",,,3648.943129,-779.9631633,-457.7648235,2020.3416602,304.07,68.73,209.44,160.26,54.08,44.94,337.81,45.49,-2.72,-67.26,-74.98,-16.75,-56.62,,,,"87,006,465,000."
N325660,A010600,웰바이오텍,웰바이오텍(주),110111-0179659,119-81-04065,1975-04-19,1997-07-18,2026-01-26,외감,12.0,중소기업,,웰바이오텍,"N25203.섬유, 의류, 사치품",G00000.도매 및 소매업(45~47),G46000.도매 및 상품 중개업,코스피,감사의견 의견거절 2년 계속,감사의견거절,2019,-0.0100214,-0.3483461,-0.0150368,-1.,0.1336865,-0.097561,10.78,-13.6,-19.75,-0.0986645,-0.1433243,-0.149894,-21.77,2.72,117.98,45.73,.73,1.1,2.1234582,0.0,134.2547398,4.92,4.05,2.18,,"44,486,350.","1,719,220.","2,614,884.12",,,2000.5166819,-367.8054966,-184.439094,1774.1054186,254.82,63.12,220.28,167.66,32.45,43.75,322.71,58.42,-5.,-70.38,-76.28,-16.51,-54.48,,,,"111,157,697,000."
N325660,A010600,웰바이오텍,웰바이오텍(주),110111-0179659,119-81-04065,1975-04-19,1997-07-18,2026-01-26,외감,12.0,중소기업,,웰바이오텍,"N25203.섬유, 의류, 사치품",G00000.도매 및 소매업(45~47),G46000.도매 및 상품 중개업,코스피,감사의견 의견거절 2년 계속,감사의견거절,2020,-0.7423133,-0.1033157,-3.0975613,-74.23,-0.2790001,0.4324324,10.6,-20.8,-112.24,-0.1318212,-0.7111642,-0.2643226,-142.6,4.4,181.05,-5.17,.63,1.27,1.2640191,0.0,341.7380917,5.33,2.94,4.36,,"44,104,670.","1,200,210.","1,477,452.32",,,1373.5615265,-1543.3186097,-129.6662166,419.0354869,-16.19,27.48,71.71,58.76,4.19,,276.52,263.87,-4.73,-153.92,-163.61,-104.73,-390.68,,,,"119,823,956,000."
N325660,A010600,웰바이오텍,웰바이오텍(주),110111-0179659,119-81-04065,1975-04-19,1997-07-18,2026-01-26,외감,12.0,중소기업,,웰바이오텍,"N25203.섬유, 의류, 사치품",G00000.도매 및 소매업(45~47),G46000.도매 및 상품 중개업,코스피,감사의견 의견거절 2년 계속,감사의견거절,2021,0.8998554,0.6564575,0.5090703,89.99,0.7933877,-0.6037736,8.57,-3.99,-30.72,-0.0410743,-0.3166605,-0.1528336,-117.83,4.69,130.62,5.17,1.03,3.84,1.4094641,0.0,49.2926329,30.14,4.95,18.19,,"82,894,480.","2,428,950.","3,212,620.83",,,4541.7543728,-601.1816262,22.44695,1597.8143691,24.56,26.57,123.57,121.79,3.88,7.54,300.02,276.42,-.85,-83.35,-165.81,-47.69,-299.28,,,,"70,920,912,000."
N325660,A010600,웰바이오텍,웰바이오텍(주),110111-0179659,119-81-04065,1975-04-19,1997-07-18,2026-01-26,외감,12.0,중소기업,,웰바이오텍,"N25203.섬유, 의류, 사치품",G00000.도매 및 소매업(45~47),G46000.도매 및 상품 중개업,코스피,감사의견 의견거절 2년 계속,감사의견거절,2022,-0.0466191,1.5237992,0.3685999,-4.66,0.4589455,0.4285714,14.05,1.43,-13.3,0.0227748,-0.2116493,0.0625536,-58.13,.54,112.07,2.62,1.59,4.37,2.5030878,0.0,236.2758495,110.9,6.27,6.59,,"36,837,380.","2,874,270.","1,798,979.43",,,6626.1722912,-324.616646,82.9867099,1520.1998084,4.68,59.55,207.3,202.6,46.,4.38,228.26,67.93,2.65,-336.68,-537.5,-69.71,-104.19,,,,"139,383,374,000."
N325660,A010600,웰바이오텍,웰바이오텍(주),110111-0179659,119-81-04065,1975-04-19,1997-07-18,2026-01-26,외감,12.0,중소기업,,웰바이오텍,"N25203.섬유, 의류, 사치품",G00000.도매 및 소매업(45~47),G46000.도매 및 상품 중개업,코스피,감사의견 의견거절 2년 계속,감사의견거절,2023,0.0542958,-8.024154,-2.1569653,5.43,-0.5438005,0.0333333,13.78,-22.03,-92.01,-0.2658978,-1.1105898,-0.4382321,-183.04,2.14,185.34,-12.38,1.21,1.99,3.0692364,0.0,426.3751752,52.92,3.17,3.4,,"52,212,370.","1,136,130.","1,250,065.1",,,907.5334988,-819.8043917,,418.0043464,-16.4,61.79,188.37,180.28,49.03,9.15,150.04,61.85,-10.31,-531.7,-938.04,-140.15,"-2,302.95",,,,"59,285,485,000."
N325660,A010600,웰바이오텍,웰바이오텍(주),110111-0179659,119-81-04065,1975-04-19,1997-07-18,2026-01-26,외감,12.0,중소기업,,웰바이오텍,"N25203.섬유, 의류, 사치품",G00000.도매 및 소매업(45~47),G46000.도매 및 상품 중개업,코스피,감사의견 의견거절 2년 계속,감사의견거절,2024,-0.4577055,0.8191238,0.6779428,-45.77,0.1548382,0.0,11.65,-3.45,-25.66,-0.0623567,-0.4637393,-0.1001426,-74.47,.94,121.8,-79.12,1.81,2.9,4.789563,0.0,300.9312446,100.18,4.77,5.3,,"66,587,390.",.,"1,082,113.27",,,916.1702773,-233.3806189,-66.8309867,221.9787585,-55.6,63.18,223.46,223.46,68.31,.,472.78,58.28,-3.67,-276.28,-902.45,-59.73,-369.44,,,,"60,240,632,000."
N380903,A010620,HD현대미포,에이치디현대미포(주),181211-0000526,620-81-00900,1975-04-28,1983-12-20,2025-12-15,폐업,12.0,대기업,,,N20106.기계,C00000.제조업(10~34),C31000.기타 운송장비 제조업,코스피,해산 사유 발생,해산사유발생,2014,-0.4055614,-2.153507,-1.5429477,-40.56,-0.0046056,,-13.42,-21.87,-17.12,-0.0855261,-0.0669504,-0.3358297,-26.29,.3,121.31,17.16,.39,1.54,0.5246674,1.8490812,55.6602184,14.61,11.17,6.2,,"157,152,470.","20,158,080.","1,325,851.81",,,167063.015306,-31642.4683,17086.1444538,91079.3937303,"1,726.85",19.14,110.89,106.58,10.65,39.54,146.57,422.36,-71.73,-20.72,-96.85,-13.19,-19.55,,,,"10,227,698,199,000."
N380903,A010620,HD현대미포,에이치디현대미포(주),181211-0000526,620-81-00900,1975-04-28,1983-12-20,2025-12-15,폐업,12.0,대기업,,,N20106.기계,C00000.제조업(10~34),C31000.기타 운송장비 제조업,코스피,해산 사유 발생,해산사유발생,2015,-0.0673683,1.0767219,1.0378041,-6.74,0.1726422,-0.0917594,8.73,1.43,0.55,0.0068274,0.0026335,0.0357594,1.38,.57,98.99,16.76,0.48,2.5,0.5897244,1.7454122,60.1269256,17.08,13.53,4.73,,"171,016,560.","22,137,020.","1,337,178.63",,,195905.1472081,1909.52165,-51059.6296027,83992.123216,"1,581.39",19.04,121.99,117.45,11.69,20.67,82.21,425.27,2.52,2.12,5.99,1.34,1.68,,,,"10,063,720,316,000."
N380903,A010620,HD현대미포,에이치디현대미포(주),181211-0000526,620-81-00900,1975-04-28,1983-12-20,2025-12-15,폐업,12.0,대기업,,,N20106.기계,C00000.제조업(10~34),C31000.기타 운송장비 제조업,코스피,해산 사유 발생,해산사유발생,2016,0.2568906,1.870073,0.5421177,25.69,-0.2592135,-0.0667966,10.11,5.54,1.15,0.0204744,0.0042434,0.0942348,1.95,.96,94.89,22.21,0.37,1.7,0.4718225,1.7183415,72.8714624,16.52,20.87,2.98,,"224,383,720.","22,803,160.","1,391,330.76",,,145123.8854139,1728.63635,22303.8687803,107433.4778564,"2,048.86",24.48,119.64,116.68,14.7,15.07,20.77,308.54,5.77,2.16,4.33,1.17,1.6,,,,"9,438,010,980,000."
N380903,A010620,HD현대미포,에이치디현대미포(주),181211-0000526,620-81-00900,1975-04-28,1983-12-20,2025-12-15,폐업,12.0,대기업,,,N20106.기계,C00000.제조업(10~34),C31000.기타 운송장비 제조업,코스피,해산 사유 발생,해산사유발생,2017,0.0357563,-0.4350307,10.2414139,3.58,-0.2881293,-0.0420519,8.5,4.4,18.14,0.0123048,0.0507424,0.0469595,19.37,1.15,78.22,25.52,0.28,1.07,0.3789605,1.2587062,51.5916351,19.03,16.99,2.52,,"276,845,850.","21,885,740.","1,318,027.59",,,103309.4464639,21846.68465,-28605.2757936,111160.3500205,"2,123.19",28.12,114.76,113.14,9.52,11.01,96.32,255.66,3.82,28.27,111.87,11.53,17.75,,,,"9,226,316,948,000."
N380903,A010620,HD현대미포,에이치디현대미포(주),181211-0000526,620-81-00900,1975-04-28,1983-12-20,2025-12-15,폐업,12.0,대기업,,,N20106.기계,C00000.제조업(10~34),C31000.기타 운송장비 제조업,코스피,해산 사유 발생,해산사유발생,2018,-0.0093912,-0.3432424,-0.7289597,-0.94,-0.0205494,-0.0305106,7.14,2.95,5.02,0.0120335,0.0204793,0.0304517,5.18,.7,95.48,60.52,.41,1.03,0.674355,3.9295739,149.4887359,18.77,4.51,3.01,,"355,636,050.","25,448,780.","1,169,383.01",,,95268.7134529,3958.7109872,20557.9323723,57405.3228165,"1,049.65",66.9,167.35,152.48,26.06,22.09,423.92,49.48,4.22,9.83,57.69,3.41,4.99,,,,"8,319,438,717,000."
N380903,A010620,HD현대미포,에이치디현대미포(주),181211-0000526,620-81-00900,1975-04-28,1983-12-20,2025-12-15,폐업,12.0,대기업,,,N20106.기계,C00000.제조업(10~34),C31000.기타 운송장비 제조업,코스피,해산 사유 발생,해산사유발생,2019,0.0158761,0.3064231,-0.4929522,1.59,0.2459761,-0.0064226,6.38,3.09,2.04,0.0270648,0.0178769,0.0396565,2.62,.32,97.3,62.83,.87,1.28,2.7554422,4.2372416,152.2331735,18.34,3.31,4.08,,"433,187,130.","31,196,670.","1,117,880.2",,,68529.7330054,1333.2165478,-1657.0469331,58105.7114507,"1,063.64",69.63,174.21,157.6,19.95,22.38,433.26,43.61,9.63,7.45,52.2,2.35,2.66,,,,"3,463,733,941,000."
N380903,A010620,HD현대미포,에이치디현대미포(주),181211-0000526,620-81-00900,1975-04-28,1983-12-20,2025-12-15,폐업,12.0,대기업,,,N20106.기계,C00000.제조업(10~34),C31000.기타 운송장비 제조업,코스피,해산 사유 발생,해산사유발생,2020,0.0057425,-0.6038684,-1.2004365,0.57,-0.067496,-0.0090498,4.71,1.31,-.44,0.0105134,-0.0035137,0.0155418,-0.52,.25,100.66,59.27,.8,1.18,2.472761,4.4601115,173.001748,17.73,3.02,3.9,,"457,574,230.","34,208,410.","1,132,774.6",6.33,15.68,63904.2506183,-487.9834833,5859.5463164,58332.6288205,"1,068.17",65.78,157.79,145.31,44.73,21.59,452.07,52.02,5.19,0.67,5.09,.23,.3,209.75,7.91,96.23,"3,380,628,394,000."
N380903,A010620,HD현대미포,에이치디현대미포(주),181211-0000526,620-81-00900,1975-04-28,1983-12-20,2025-12-15,폐업,12.0,대기업,,,N20106.기계,C00000.제조업(10~34),C31000.기타 운송장비 제조업,코스피,해산 사유 발생,해산사유발생,2021,-0.0689257,-6.9233036,-12.0569515,-6.89,0.0340977,-0.0136986,-4.19,-7.53,-5.55,-0.058129,-0.042825,-0.0950726,-7.0,.12,106.67,50.8,.77,1.26,1.9873651,2.9526291,156.7520374,13.94,3.14,5.14,,"483,187,930.","35,819,280.","1,225,461.71",1.75,4.43,72284.8500465,-3998.1417625,1743.0020102,54248.7173524,986.61,56.84,126.97,110.49,24.84,61.09,280.68,75.94,-62.22,-7.04,-120.13,-3.1,-4.19,59.79,2.27,357.54,"3,599,025,550,000."
N380903,A010620,HD현대미포,에이치디현대미포(주),181211-0000526,620-81-00900,1975-04-28,1983-12-20,2025-12-15,폐업,12.0,대기업,,,N20106.기계,C00000.제조업(10~34),C31000.기타 운송장비 제조업,코스피,해산 사유 발생,해산사유발생,2022,-0.013172,0.4981438,0.726643,-1.32,0.2873529,0.0261243,0.35,-2.93,-1.18,-0.0252861,-0.010147,-0.0498069,-2.,.14,101.47,40.89,.86,1.7,1.7503452,3.9779001,118.7233432,13.32,3.19,11.26,,"473,579,670.","36,238,800.","1,391,987.21",6.18,18.17,93056.108273,-1116.1423738,5217.7155265,53525.1570932,972.16,45.81,109.02,97.31,19.61,129.82,284.91,118.28,-21.55,.07,15.63,0.04,.05,237.46,7.23,103.99,"3,878,320,283,000."
N380903,A010620,HD현대미포,에이치디현대미포(주),181211-0000526,620-81-00900,1975-04-28,1983-12-20,2025-12-15,폐업,12.0,대기업,,,N20106.기계,C00000.제조업(10~34),C31000.기타 운송장비 제조업,코스피,해산 사유 발생,해산사유발생,2023,-0.0735775,-0.4020517,-2.1748447,-7.36,0.0866873,0.1427651,-0.76,-3.79,-3.44,-0.0316685,-0.0287767,-0.0729828,-6.63,.34,103.58,36.19,.84,1.93,1.4776601,5.6482286,144.6690793,15.45,2.73,27.92,,"421,957,130.","33,748,170.","1,369,631.23",5.21,16.9,101122.8941387,-3578.6538927,,49395.8770191,889.7,41.05,102.34,93.92,11.33,359.69,482.55,143.6,-11.05,-3.26,-22.67,-1.97,-2.42,211.29,6.32,141.13,"4,748,245,499,000."
N380903,A010620,HD현대미포,에이치디현대미포(주),181211-0000526,620-81-00900,1975-04-28,1983-12-20,2025-12-15,폐업,12.0,대기업,,,N20106.기계,C00000.제조업(10~34),C31000.기타 운송장비 제조업,코스피,해산 사유 발생,해산사유발생,2024,0.0452645,1.5789302,1.8150136,4.53,0.1463168,0.1288776,5.35,1.91,2.45,0.0176739,0.0226091,0.0429576,5.5,.42,97.29,36.31,.92,2.25,1.5704943,2.5885963,160.5535131,18.48,2.91,63.88,,"389,509,140.","34,381,340.","1,249,123.12",12.05,38.63,109987.8578484,2642.0621735,8573.260846,51352.7357558,928.78,41.23,102.99,92.98,6.1,334.49,444.47,142.54,4.55,4.89,154.68,2.94,3.26,437.66,13.17,67.32,"4,909,071,433,000."
N320994,A010670,나노트로닉스,(주)나노트로닉스,134111-0002472,126-81-15594,0000-00-00,1996-05-14,2014-04-11,폐업,12.0,중소기업,,,N35101.헬스케어 장비와 용품,C00000.제조업(10~34),"C27000.의료, 정밀, 광학 기기 및 시계 제조업",코스닥,기업의 계속성 및 경영의 투명성 등을 종합적으로 고려하여 상장폐지기준에 해당,기업의계속성_경영의투명성종합판단,2014,,,,,,,,,,,,,,,,,,,,,,,,,,,,,,,,,,,,,,,,,,,,,,,,,,,
N320994,A010670,나노트로닉스,(주)나노트로닉스,134111-0002472,126-81-15594,0000-00-00,1996-05-14,2014-04-11,폐업,12.0,중소기업,,,N35101.헬스케어 장비와 용품,C00000.제조업(10~34),"C27000.의료, 정밀, 광학 기기 및 시계 제조업",코스닥,기업의 계속성 및 경영의 투명성 등을 종합적으로 고려하여 상장폐지기준에 해당,기업의계속성_경영의투명성종합판단,2015,,,,,,,,,,,,,,,,,,,,,,,,,,,,,,,,,,,,,,,,,,,,,,,,,,,
N320994,A010670,나노트로닉스,(주)나노트로닉스,134111-0002472,126-81-15594,0000-00-00,1996-05-14,2014-04-11,폐업,12.0,중소기업,,,N35101.헬스케어 장비와 용품,C00000.제조업(10~34),"C27000.의료, 정밀, 광학 기기 및 시계 제조업",코스닥,기업의 계속성 및 경영의 투명성 등을 종합적으로 고려하여 상장폐지기준에 해당,기업의계속성_경영의투명성종합판단,2016,,,,,,,,,,,,,,,,,,,,,,,,,,,,,,,,,,,,,,,,,,,,,,,,,,,
N320994,A010670,나노트로닉스,(주)나노트로닉스,134111-0002472,126-81-15594,0000-00-00,1996-05-14,2014-04-11,폐업,12.0,중소기업,,,N35101.헬스케어 장비와 용품,C00000.제조업(10~34),"C27000.의료, 정밀, 광학 기기 및 시계 제조업",코스닥,기업의 계속성 및 경영의 투명성 등을 종합적으로 고려하여 상장폐지기준에 해당,기업의계속성_경영의투명성종합판단,2017,,,,,,,,,,,,,,,,,,,,,,,,,,,,,,,,,,,,,,,,,,,,,,,,,,,
N320994,A010670,나노트로닉스,(주)나노트로닉스,134111-0002472,126-81-15594,0000-00-00,1996-05-14,2014-04-11,폐업,12.0,중소기업,,,N35101.헬스케어 장비와 용품,C00000.제조업(10~34),"C27000.의료, 정밀, 광학 기기 및 시계 제조업",코스닥,기업의 계속성 및 경영의 투명성 등을 종합적으로 고려하여 상장폐지기준에 해당,기업의계속성_경영의투명성종합판단,2018,,,,,,,,,,,,,,,,,,,,,,,,,,,,,,,,,,,,,,,,,,,,,,,,,,,
N320994,A010670,나노트로닉스,(주)나노트로닉스,134111-0002472,126-81-15594,0000-00-00,1996-05-14,2014-04-11,폐업,12.0,중소기업,,,N35101.헬스케어 장비와 용품,C00000.제조업(10~34),"C27000.의료, 정밀, 광학 기기 및 시계 제조업",코스닥,기업의 계속성 및 경영의 투명성 등을 종합적으로 고려하여 상장폐지기준에 해당,기업의계속성_경영의투명성종합판단,2019,,,,,,,,,,,,,,,,,,,,,,,,,,,,,,,,,,,,,,,,,,,,,,,,,,,
N320994,A010670,나노트로닉스,(주)나노트로닉스,134111-0002472,126-81-15594,0000-00-00,1996-05-14,2014-04-11,폐업,12.0,중소기업,,,N35101.헬스케어 장비와 용품,C00000.제조업(10~34),"C27000.의료, 정밀, 광학 기기 및 시계 제조업",코스닥,기업의 계속성 및 경영의 투명성 등을 종합적으로 고려하여 상장폐지기준에 해당,기업의계속성_경영의투명성종합판단,2020,,,,,,,,,,,,,,,,,,,,,,,,,,,,,,,,,,,,,,,,,,,,,,,,,,,
N320994,A010670,나노트로닉스,(주)나노트로닉스,134111-0002472,126-81-15594,0000-00-00,1996-05-14,2014-04-11,폐업,12.0,중소기업,,,N35101.헬스케어 장비와 용품,C00000.제조업(10~34),"C27000.의료, 정밀, 광학 기기 및 시계 제조업",코스닥,기업의 계속성 및 경영의 투명성 등을 종합적으로 고려하여 상장폐지기준에 해당,기업의계속성_경영의투명성종합판단,2021,,,,,,,,,,,,,,,,,,,,,,,,,,,,,,,,,,,,,,,,,,,,,,,,,,,
N320994,A010670,나노트로닉스,(주)나노트로닉스,134111-0002472,126-81-15594,0000-00-00,1996-05-14,2014-04-11,폐업,12.0,중소기업,,,N35101.헬스케어 장비와 용품,C00000.제조업(10~34),"C27000.의료, 정밀, 광학 기기 및 시계 제조업",코스닥,기업의 계속성 및 경영의 투명성 등을 종합적으로 고려하여 상장폐지기준에 해당,기업의계속성_경영의투명성종합판단,2022,,,,,,,,,,,,,,,,,,,,,,,,,,,,,,,,,,,,,,,,,,,,,,,,,,,
N320994,A010670,나노트로닉스,(주)나노트로닉스,134111-0002472,126-81-15594,0000-00-00,1996-05-14,2014-04-11,폐업,12.0,중소기업,,,N35101.헬스케어 장비와 용품,C00000.제조업(10~34),"C27000.의료, 정밀, 광학 기기 및 시계 제조업",코스닥,기업의 계속성 및 경영의 투명성 등을 종합적으로 고려하여 상장폐지기준에 해당,기업의계속성_경영의투명성종합판단,2023,,,,,,,,,,,,,,,,,,,,,,,,,,,,,,,,,,,,,,,,,,,,,,,,,,,
N320994,A010670,나노트로닉스,(주)나노트로닉스,134111-0002472,126-81-15594,0000-00-00,1996-05-14,2014-04-11,폐업,12.0,중소기업,,,N35101.헬스케어 장비와 용품,C00000.제조업(10~34),"C27000.의료, 정밀, 광학 기기 및 시계 제조업",코스닥,기업의 계속성 및 경영의 투명성 등을 종합적으로 고려하여 상장폐지기준에 해당,기업의계속성_경영의투명성종합판단,2024,,,,,,,,,,,,,,,,,,,,,,,,,,,,,,,,,,,,,,,,,,,,,,,,,,,
N351300,A011720,현대페인트,현대페인트(주),120111-0018285,122-81-06583,1976-11-30,1989-05-30,2016-11-21,폐업,12.0,중소기업,,,N20102.건축 제품,C00000.제조업(10~34),C20000.화학 물질 및 화학제품 제조업,코스피,감사의견 의견거절,감사의견거절,2014,-1.2557591,0.3498229,3.3370038,,0.1426418,,,,,-0.0579139,0.3861463,0.2487393,,,,,,,0.4101508,,,6.57,2.41,,,,,"366,518.29",,,,661.4734856,,293.9211285,,,70.11,58.42,,,,469.89,-9.2,,,,,,,19.54,
N351300,A011720,현대페인트,현대페인트(주),120111-0018285,122-81-06583,1976-11-30,1989-05-30,2016-11-21,폐업,12.0,중소기업,,,N20102.건축 제품,C00000.제조업(10~34),C20000.화학 물질 및 화학제품 제조업,코스피,감사의견 의견거절,감사의견거절,2015,0.4753305,-0.6622296,-1.1464842,47.53,0.2214617,0.6046512,,,,-0.1092884,-0.0642159,-0.4860541,,,,,,3.12,0.9045651,,,7.45,2.55,,,,,"201,193.98",,,,-95.3795294,,359.7715973,,,93.31,75.35,,,,259.92,-9.37,,,,,,,,
N351300,A011720,현대페인트,현대페인트(주),120111-0018285,122-81-06583,1976-11-30,1989-05-30,2016-11-21,폐업,12.0,중소기업,,,N20102.건축 제품,C00000.제조업(10~34),C20000.화학 물질 및 화학제품 제조업,코스피,감사의견 의견거절,감사의견거절,2016,,,,,,,,,,,,,,,,,,,,,,,,,,,,,,,,,,,,,,,,,,,,,,,,,,,
N351300,A011720,현대페인트,현대페인트(주),120111-0018285,122-81-06583,1976-11-30,1989-05-30,2016-11-21,폐업,12.0,중소기업,,,N20102.건축 제품,C00000.제조업(10~34),C20000.화학 물질 및 화학제품 제조업,코스피,감사의견 의견거절,감사의견거절,2017,,,,,,,,,,,,,,,,,,,,,,,,,,,,,,,,,,,,,,,,,,,,,,,,,,,
N351300,A011720,현대페인트,현대페인트(주),120111-0018285,122-81-06583,1976-11-30,1989-05-30,2016-11-21,폐업,12.0,중소기업,,,N20102.건축 제품,C00000.제조업(10~34),C20000.화학 물질 및 화학제품 제조업,코스피,감사의견 의견거절,감사의견거절,2018,,,,,,,,,,,,,,,,,,,,,,,,,,,,,,,,,,,,,,,,,,,,,,,,,,,
N351300,A011720,현대페인트,현대페인트(주),120111-0018285,122-81-06583,1976-11-30,1989-05-30,2016-11-21,폐업,12.0,중소기업,,,N20102.건축 제품,C00000.제조업(10~34),C20000.화학 물질 및 화학제품 제조업,코스피,감사의견 의견거절,감사의견거절,2019,,,,,,,,,,,,,,,,,,,,,,,,,,,,,,,,,,,,,,,,,,,,,,,,,,,
N351300,A011720,현대페인트,현대페인트(주),120111-0018285,122-81-06583,1976-11-30,1989-05-30,2016-11-21,폐업,12.0,중소기업,,,N20102.건축 제품,C00000.제조업(10~34),C20000.화학 물질 및 화학제품 제조업,코스피,감사의견 의견거절,감사의견거절,2020,,,,,,,,,,,,,,,,,,,,,,,,,,,,,,,,,,,,,,,,,,,,,,,,,,,
N351300,A011720,현대페인트,현대페인트(주),120111-0018285,122-81-06583,1976-11-30,1989-05-30,2016-11-21,폐업,12.0,중소기업,,,N20102.건축 제품,C00000.제조업(10~34),C20000.화학 물질 및 화학제품 제조업,코스피,감사의견 의견거절,감사의견거절,2021,,,,,,,,,,,,,,,,,,,,,,,,,,,,,,,,,,,,,,,,,,,,,,,,,,,
N351300,A011720,현대페인트,현대페인트(주),120111-0018285,122-81-06583,1976-11-30,1989-05-30,2016-11-21,폐업,12.0,중소기업,,,N20102.건축 제품,C00000.제조업(10~34),C20000.화학 물질 및 화학제품 제조업,코스피,감사의견 의견거절,감사의견거절,2022,,,,,,,,,,,,,,,,,,,,,,,,,,,,,,,,,,,,,,,,,,,,,,,,,,,
N351300,A011720,현대페인트,현대페인트(주),120111-0018285,122-81-06583,1976-11-30,1989-05-30,2016-11-21,폐업,12.0,중소기업,,,N20102.건축 제품,C00000.제조업(10~34),C20000.화학 물질 및 화학제품 제조업,코스피,감사의견 의견거절,감사의견거절,2023,,,,,,,,,,,,,,,,,,,,,,,,,,,,,,,,,,,,,,,,,,,,,,,,,,,
N351300,A011720,현대페인트,현대페인트(주),120111-0018285,122-81-06583,1976-11-30,1989-05-30,2016-11-21,폐업,12.0,중소기업,,,N20102.건축 제품,C00000.제조업(10~34),C20000.화학 물질 및 화학제품 제조업,코스피,감사의견 의견거절,감사의견거절,2024,,,,,,,,,,,,,,,,,,,,,,,,,,,,,,,,,,,,,,,,,,,,,,,,,,,
N611069,A012600,청호ICT,(주)청호아이씨티,110111-0220204,208-81-07756,1977-10-13,1990-07-10,2025-05-27,외감,12.0,중소기업,,청호ICT,N45204.사무용 전자제품,C00000.제조업(10~34),C29000.기타 기계 및 장비 제조업,코스피,"기업의 계속성, 경영의 투명성 및 기타 공익과 투자자 보호 등을 종합적으로 고려하여 상장폐지 기준에 해당한다고 결정",기업의계속성_경영의투명성종합판단,2014,-0.2881371,0.5181379,0.5701135,-28.81,-0.0521396,0.2280702,14.23,-10.15,-15.28,-0.0898551,-0.1353012,-0.2207678,-33.24,3.64,112.45,13.37,.89,2.18,1.4935793,0.0,760.5027147,6.62,7.88,-150.15,,"110,397,430.",30.,"567,453.59",,,15437.9481973,-2391.5028525,-1010.196145,6547.3337647,42.38,37.78,82.91,40.39,4.62,,152.8,164.69,-2.78,-8.3,-12.28,-4.14,-6.25,,,,"119,254,181,000."
N611069,A012600,청호ICT,(주)청호아이씨티,110111-0220204,208-81-07756,1977-10-13,1990-07-10,2025-05-27,외감,12.0,중소기업,,청호ICT,N45204.사무용 전자제품,C00000.제조업(10~34),C29000.기타 기계 및 장비 제조업,코스피,"기업의 계속성, 경영의 투명성 및 기타 공익과 투자자 보호 등을 종합적으로 고려하여 상장폐지 기준에 해당한다고 결정",기업의계속성_경영의투명성종합판단,2015,-0.271456,0.3987392,-0.1066234,-27.15,-0.0702364,-0.1928571,15.56,-6.56,-18.18,-0.0680629,-0.1886282,-0.1846677,-51.18,3.42,113.26,-3.72,1.04,2.81,1.6429597,0.0,839.7935192,7.04,7.41,-7.58,,"123,861,650.",40.,"590,103.68",,,14181.4642955,-2616.2284338,200.0839569,3942.1000399,-7.65,35.66,55.97,28.11,2.87,,117.49,180.42,-1.92,-45.64,-73.9,-22.46,-35.45,,,,"96,783,737,000."
N611069,A012600,청호ICT,(주)청호아이씨티,110111-0220204,208-81-07756,1977-10-13,1990-07-10,2025-05-27,외감,12.0,중소기업,,청호ICT,N45204.사무용 전자제품,C00000.제조업(10~34),C29000.기타 기계 및 장비 제조업,코스피,"기업의 계속성, 경영의 투명성 및 기타 공익과 투자자 보호 등을 종합적으로 고려하여 상장폐지 기준에 해당한다고 결정",기업의계속성_경영의투명성종합판단,2016,0.189032,-0.3271746,0.0441416,18.9,-0.3528933,-0.1504425,10.72,-13.46,-26.86,-0.1006328,-0.2008634,-0.2656388,-53.02,5.06,131.12,-9.6,0.75,1.97,1.2039833,0.0,912.315595,5.79,5.03,-3.77,,"132,240,630.",40.,"648,311.99",,,7216.762229,-1957.4609453,-274.1640497,3475.6547798,-18.15,39.98,59.14,31.43,6.03,,135.32,150.13,-2.66,-18.62,-24.29,-8.34,-13.39,,,,"74,700,733,000."
N611069,A012600,청호ICT,(주)청호아이씨티,110111-0220204,208-81-07756,1977-10-13,1990-07-10,2025-05-27,외감,12.0,중소기업,,청호ICT,N45204.사무용 전자제품,C00000.제조업(10~34),C29000.기타 기계 및 장비 제조업,코스피,"기업의 계속성, 경영의 투명성 및 기타 공익과 투자자 보호 등을 종합적으로 고려하여 상장폐지 기준에 해당한다고 결정",기업의계속성_경영의투명성종합판단,2017,-0.3435129,0.274826,0.615187,-34.35,-0.3989905,-0.0833333,14.29,-16.24,-17.2,-0.0784496,-0.0830921,-0.2140939,-22.68,8.14,150.44,-22.09,0.48,1.32,0.7626439,0.0,1078.3221942,4.39,4.37,-2.55,,"144,053,610.",50.,"664,775.93",,,4129.9926269,-729.41204,-645.2729064,2642.2201411,-33.74,32.51,46.43,19.81,6.35,,96.17,207.59,-1.99,-48.24,-57.85,-29.86,-48.08,,,,"79,229,574,000."
N611069,A012600,청호ICT,(주)청호아이씨티,110111-0220204,208-81-07756,1977-10-13,1990-07-10,2025-05-27,외감,12.0,중소기업,,청호ICT,N45204.사무용 전자제품,C00000.제조업(10~34),C29000.기타 기계 및 장비 제조업,코스피,"기업의 계속성, 경영의 투명성 및 기타 공익과 투자자 보호 등을 종합적으로 고려하여 상장폐지 기준에 해당한다고 결정",기업의계속성_경영의투명성종합판단,2018,0.0360859,-0.0175912,1.2654962,3.61,0.0508189,-0.2954546,9.7,-15.72,4.34,-0.0835648,0.0230928,-0.2699873,7.46,8.35,91.2,-18.37,.53,1.72,0.7697527,0.0,118.2519051,4.54,5.19,-3.39,,"198,545,510.",60.,"886,705.32",,,4339.8743272,188.3654125,-443.7083112,2737.8324339,-31.95,29.58,84.45,64.83,1.22,,57.03,238.04,-1.88,5.31,7.88,3.42,6.24,,,,"63,961,239,000."
N611069,A012600,청호ICT,(주)청호아이씨티,110111-0220204,208-81-07756,1977-10-13,1990-07-10,2025-05-27,외감,12.0,중소기업,,청호ICT,N45204.사무용 전자제품,C00000.제조업(10~34),C29000.기타 기계 및 장비 제조업,코스피,"기업의 계속성, 경영의 투명성 및 기타 공익과 투자자 보호 등을 종합적으로 고려하여 상장폐지 기준에 해당한다고 결정",기업의계속성_경영의투명성종합판단,2019,-0.6700141,-0.3933616,-11.3943457,-67.,0.8543969,-0.016129,7.18,-11.81,-24.35,-0.1285117,-0.2649291,-0.5558536,-114.59,2.03,120.57,-64.77,1.09,4.71,1.4149765,0.0,406.5181339,7.72,8.09,-5.63,,"197,400,850.",70.,"856,567.36",-11.42,-49.54,8000.225596,-1948.1198222,-929.2206789,841.0378557,-77.2,13.91,50.89,25.91,6.17,,47.9,618.88,-5.83,-28.44,-57.78,-20.87,-24.51,"-149,121,375.",-14.95,-45.08,"72,829,229,000."
N611069,A012600,청호ICT,(주)청호아이씨티,110111-0220204,208-81-07756,1977-10-13,1990-07-10,2025-05-27,외감,12.0,중소기업,,청호ICT,N45204.사무용 전자제품,C00000.제조업(10~34),C29000.기타 기계 및 장비 제조업,코스피,"기업의 계속성, 경영의 투명성 및 기타 공익과 투자자 보호 등을 종합적으로 고려하여 상장폐지 기준에 해당한다고 결정",기업의계속성_경영의투명성종합판단,2020,0.2832818,0.2930672,0.2875211,28.33,-0.567056,-0.0655738,8.81,-19.29,-40.08,-0.1568366,-0.325858,-0.6936346,-144.12,2.92,138.49,18.11,.81,3.6,1.0506126,0.0,1506.1494374,5.06,4.4,-2.87,,"181,695,750.",70.,"588,205.04",-43.75,-141.62,429.8893404,-171.8918363,-175.0903342,850.2770557,70.06,44.11,68.77,41.6,14.99,,62.44,126.72,-6.61,-148.12,-321.55,-82.64,-59.45,"-366,672,650.",-52.22,-19.06,"51,107,615,000."
N611069,A012600,청호ICT,(주)청호아이씨티,110111-0220204,208-81-07756,1977-10-13,1990-07-10,2025-05-27,외감,12.0,중소기업,,청호ICT,N45204.사무용 전자제품,C00000.제조업(10~34),C29000.기타 기계 및 장비 제조업,코스피,"기업의 계속성, 경영의 투명성 및 기타 공익과 투자자 보호 등을 종합적으로 고려하여 상장폐지 기준에 해당한다고 결정",기업의계속성_경영의투명성종합판단,2021,1.419755,0.1176857,0.4369113,141.98,-0.3781277,0.1052632,20.38,-27.37,-36.29,-0.187214,-0.2482405,-0.3184172,-42.22,.93,133.06,44.75,.68,1.16,1.6601351,0.0,450.3105837,5.3,3.3,-25.,,"178,031,590.","3,673,490.","413,206.7",-7.85,-18.21,1343.9594363,-488.1509894,-549.2296205,1462.2556305,192.45,68.18,122.44,76.24,40.21,205.86,95.91,46.68,-29.52,-61.97,-138.55,-19.87,-35.61,-882.58,-11.49,-196.76,"20,683,997,000."
N611069,A012600,청호ICT,(주)청호아이씨티,110111-0220204,208-81-07756,1977-10-13,1990-07-10,2025-05-27,외감,12.0,중소기업,,청호ICT,N45204.사무용 전자제품,C00000.제조업(10~34),C29000.기타 기계 및 장비 제조업,코스피,"기업의 계속성, 경영의 투명성 및 기타 공익과 투자자 보호 등을 종합적으로 고려하여 상장폐지 기준에 해당한다고 결정",기업의계속성_경영의투명성종합판단,2022,-0.0840198,0.156682,0.3428342,-8.4,0.1895028,-0.2222222,5.76,-19.4,-20.05,-0.1343745,-0.1388465,-0.1980708,-20.47,.84,114.82,37.0,.69,1.02,2.1535277,0.0,288.7498194,4.9,4.0,8.59,,"278,381,090.","8,953,990.","627,148.5",,,904.7318095,-257.2657963,,881.338368,122.28,67.48,138.72,78.06,22.02,156.65,119.95,48.19,-23.23,-39.46,-112.45,-13.57,-19.26,,,,"32,380,760,000."
N611069,A012600,청호ICT,(주)청호아이씨티,110111-0220204,208-81-07756,1977-10-13,1990-07-10,2025-05-27,외감,12.0,중소기업,,청호ICT,N45204.사무용 전자제품,C00000.제조업(10~34),C29000.기타 기계 및 장비 제조업,코스피,"기업의 계속성, 경영의 투명성 및 기타 공익과 투자자 보호 등을 종합적으로 고려하여 상장폐지 기준에 해당한다고 결정",기업의계속성_경영의투명성종합판단,2023,1.0663098,1.1184641,0.75015,106.63,-0.0089445,-0.244898,23.35,2.32,-5.05,0.012021,-0.026197,0.0160065,-3.49,1.03,94.9,38.24,.52,0.69,2.0815939,0.0,307.1201742,3.87,3.6,6.2,,"362,530,070.","7,866,140.","1,090,787.05",,,874.5124172,-44.5621575,,964.0983268,92.82,79.44,140.23,74.69,25.68,162.9,89.9,25.88,2.25,-14.77,-44.18,-3.2,-7.87,,,,"29,966,720,000."
N611069,A012600,청호ICT,(주)청호아이씨티,110111-0220204,208-81-07756,1977-10-13,1990-07-10,2025-05-27,외감,12.0,중소기업,,청호ICT,N45204.사무용 전자제품,C00000.제조업(10~34),C29000.기타 기계 및 장비 제조업,코스피,"기업의 계속성, 경영의 투명성 및 기타 공익과 투자자 보호 등을 종합적으로 고려하여 상장폐지 기준에 해당한다고 결정",기업의계속성_경영의투명성종합판단,2024,0.180423,4.0171509,2.2459142,18.04,0.4284818,0.027027,21.86,8.15,4.41,0.0426444,0.0230783,0.0546554,2.96,1.12,96.07,40.52,.52,0.67,2.3821675,0.0,112.3156701,3.91,4.9,3.04,,"404,703,470.","3,819,420.","1,445,211.34",8.63,30.81,650.4357709,28.9597128,,1057.5995244,111.52,76.86,233.41,155.9,43.42,58.1,286.62,30.11,7.28,33.14,88.83,5.54,12.83,"3,264.38",18.7,28.22,"52,595,492,000."
N500330,A012650,쌍용건설,쌍용건설(주),110111-0220395,120-81-01957,1977-10-18,1993-01-28,2014-04-11,외감,12.0,중견기업,,글로벌세아,N20103.건설 및 엔지니어링,F00000.건설업(41~42),F41000.종합 건설업,코스닥,자본전액잠식 등,자본잠식,2014,,,,,,,1.41,-0.28,36.23,,,,,2.56,75.78,-2.43,1.42,,,16.8537654,278.2948224,,,-5.35,,"25,367,670.","7,384,760.",,,,,,,,-25.01,7.2,,,31.35,4.32,138.16,,,55.42,122.34,51.0,36.48,,,,"900,796,304,000."
N500330,A012650,쌍용건설,쌍용건설(주),110111-0220395,120-81-01957,1977-10-18,1993-01-28,2014-04-11,외감,12.0,중견기업,,글로벌세아,N20103.건설 및 엔지니어링,F00000.건설업(41~42),F41000.종합 건설업,코스닥,자본전액잠식 등,자본잠식,2015,,,,,,,-7.28,-13.06,-4.0,,,,-27.26,.44,102.72,6.67,1.07,,,19.4549092,276.0437791,,,10.26,,"9,471,970.","2,714,010.",,,,,,,,29.14,26.27,,,43.64,1.63,123.11,,,-3.82,-17.52,-2.72,-2.21,,,,"1,000,714,789,000."
N500330,A012650,쌍용건설,쌍용건설(주),110111-0220395,120-81-01957,1977-10-18,1993-01-28,2014-04-11,외감,12.0,중견기업,,글로벌세아,N20103.건설 및 엔지니어링,F00000.건설업(41~42),F41000.종합 건설업,코스닥,자본전액잠식 등,자본잠식,2016,,,,,,,10.81,3.29,3.48,,,,13.33,.16,96.34,10.25,1.06,,,15.9249221,173.5231902,,,7.03,,"6,621,850.","1,602,870.",,,,,,,,46.31,29.24,,,51.99,4.67,115.57,,,5.37,42.02,3.69,3.51,,,,"795,247,488,000."
N500330,A012650,쌍용건설,쌍용건설(주),110111-0220395,120-81-01957,1977-10-18,1993-01-28,2014-04-11,외감,12.0,중견기업,,글로벌세아,N20103.건설 및 엔지니어링,F00000.건설업(41~42),F41000.종합 건설업,코스닥,자본전액잠식 등,자본잠식,2017,,,,,,,7.41,0.65,0.56,,,,2.34,.27,99.49,6.98,1.2,,,10.0119072,152.7888638,,,6.22,,"4,555,370.","554,150.",,24.05,"4,250.76",,,,,31.13,28.76,,,40.65,6.48,101.32,,,.73,5.49,.5,.41,"34,943.2",19.65,,"825,110,601,000."
N500330,A012650,쌍용건설,쌍용건설(주),110111-0220395,120-81-01957,1977-10-18,1993-01-28,2014-04-11,외감,12.0,중견기업,,글로벌세아,N20103.건설 및 엔지니어링,F00000.건설업(41~42),F41000.종합 건설업,코스닥,자본전액잠식 등,자본잠식,2018,,,,,,,2.9,-2.27,-1.27,,,,-7.31,.15,100.82,2.05,1.53,,,5.4469056,157.9318508,,,8.03,,"5,680,100.","91,950.",,25.68,"3,395.93",,,,,8.92,24.37,,,18.77,7.82,99.65,,,-3.11,-61.62,-2.29,-1.48,"209,770.32",16.59,,"814,841,560,000."
N500330,A012650,쌍용건설,쌍용건설(주),110111-0220395,120-81-01957,1977-10-18,1993-01-28,2014-04-11,외감,12.0,중견기업,,글로벌세아,N20103.건설 및 엔지니어링,F00000.건설업(41~42),F41000.종합 건설업,코스닥,자본전액잠식 등,자본잠식,2019,,,,,,,5.02,.77,.57,,,,4.18,.28,99.2,2.78,1.68,,,4.9674296,172.1079215,,,9.18,,"13,832,490.","1,096,700.",,,,,,,,14.31,21.74,,,21.48,10.03,139.39,,,4.28,36.41,3.26,2.05,,,,"795,029,266,000."
N500330,A012650,쌍용건설,쌍용건설(주),110111-0220395,120-81-01957,1977-10-18,1993-01-28,2014-04-11,외감,12.0,중견기업,,글로벌세아,N20103.건설 및 엔지니어링,F00000.건설업(41~42),F41000.종합 건설업,코스닥,자본전액잠식 등,자본잠식,2020,,,,,,,5.12,.18,-.74,,,,-5.51,.37,100.64,0.45,1.53,,,8.9582506,196.8453967,,,8.49,,"21,320,200.","1,164,460.",,28.0,984.23,,,,,2.34,19.29,,,28.22,7.46,197.02,,,1.04,6.79,.81,.51,"18,020.32",17.72,,"941,833,496,000."
N500330,A012650,쌍용건설,쌍용건설(주),110111-0220395,120-81-01957,1977-10-18,1993-01-28,2014-04-11,외감,12.0,중견기업,,글로벌세아,N20103.건설 및 엔지니어링,F00000.건설업(41~42),F41000.종합 건설업,코스닥,자본전액잠식 등,자본잠식,2021,,,,,,,-3.26,-7.91,-8.31,,,,-72.86,.37,108.19,-10.56,1.44,,,3.9013869,198.1269967,,,11.62,,"19,889,560.","207,720.",,16.06,611.66,,,,,-43.22,13.61,,,25.87,23.73,137.01,,,-12.92,-93.67,-10.97,-7.63,"58,566.92",10.82,,"950,628,542,000."
N500330,A012650,쌍용건설,쌍용건설(주),110111-0220395,120-81-01957,1977-10-18,1993-01-28,2014-04-11,외감,12.0,중견기업,,글로벌세아,N20103.건설 및 엔지니어링,F00000.건설업(41~42),F41000.종합 건설업,코스닥,자본전액잠식 등,자본잠식,2022,,,,,,,2.62,-2.81,-3.42,,,,-45.9,.37,103.28,-14.62,1.63,,,2.4377933,193.1739999,,,30.08,,"15,668,970.","240,290.",,25.64,952.11,,,,,-57.3,10.62,,,11.34,54.95,142.46,,,-5.04,-26.88,-4.45,-2.69,"62,085.25",15.53,,"1,002,165,134,000."
N500330,A012650,쌍용건설,쌍용건설(주),110111-0220395,120-81-01957,1977-10-18,1993-01-28,2014-04-11,외감,12.0,중견기업,,글로벌세아,N20103.건설 및 엔지니어링,F00000.건설업(41~42),F41000.종합 건설업,코스닥,자본전액잠식 등,자본잠식,2023,,,,,,,7.66,2.56,2.98,,,,22.5,.36,96.96,-9.35,1.42,,,2.4297467,183.9290287,,,9.89,,"21,950,680.","335,560.",,,,,,,,-26.49,25.78,,,25.56,7.16,170.13,,,6.33,65.45,4.6,3.43,,,,"959,969,980,000."
N500330,A012650,쌍용건설,쌍용건설(주),110111-0220395,120-81-01957,1977-10-18,1993-01-28,2014-04-11,외감,12.0,중견기업,,글로벌세아,N20103.건설 및 엔지니어링,F00000.건설업(41~42),F41000.종합 건설업,코스닥,자본전액잠식 등,자본잠식,2024,,,,,,,7.79,3.33,4.42,,,,18.89,.34,95.66,1.27,1.28,,,2.1667532,151.3936041,,,4.86,,"15,977,910.","747,100.",,,,,,,,3.87,34.01,,,30.99,4.4,127.37,,,7.73,176.6,5.04,4.02,,,,"1,118,623,538,000."
N382396,A013340,AJS,(주)뉴아세아,110111-0233439,136-81-18827,1978-06-05,1989-09-06,2014-09-02,외감,12.0,중소기업,,두쿰,N15104.금속과 채광,C00000.제조업(10~34),C24000.1차 금속 제조업,코스닥,감사의견거절(감사범위 제한 및 계속기업 존속능력에 대한 불확실성),감사의견거절,2014,,,,,,,2.67,-12.91,-156.07,,,,,36.6,196.86,-16.77,.23,,,1.476202641,9.91980909,,,-.73,,"323,298,060.","132,929,450.",,-18.47,-45.55,,,,,-131.55,,,,2.63,,96.02,,,-46.44,-70.93,-48.31,-136.25,-110.78,-81.08,,"22,540,866,000."
N382396,A013340,AJS,(주)뉴아세아,110111-0233439,136-81-18827,1978-06-05,1989-09-06,2014-09-02,외감,12.0,중소기업,,두쿰,N15104.금속과 채광,C00000.제조업(10~34),C24000.1차 금속 제조업,코스닥,감사의견거절(감사범위 제한 및 계속기업 존속능력에 대한 불확실성),감사의견거절,2015,,,,,,,3.99,-9.01,-55.52,,,,,7.8,149.69,-48.83,.44,,,1.528604205,10.7712758,,,-2.75,,"235,197,260.","89,318,730.",,-7.31,-12.08,,,,,-303.78,,,,5.39,,46.09,,,-15.98,-25.42,-21.22,-42.24,-31.82,-16.46,,"17,876,451,000."
N382396,A013340,AJS,(주)뉴아세아,110111-0233439,136-81-18827,1978-06-05,1989-09-06,2014-09-02,외감,12.0,중소기업,,두쿰,N15104.금속과 채광,C00000.제조업(10~34),C24000.1차 금속 제조업,코스닥,감사의견거절(감사범위 제한 및 계속기업 존속능력에 대한 불확실성),감사의견거절,2016,,,,,,,-0.08,-12.25,-27.39,,,,,1.72,125.71,-63.79,.81,,,2.554250447,8.14978214,,,-4.66,,"186,192,250.","61,013,000.",,-1.84,-2.91,,,,,-470.32,,,,9.68,,53.74,,,-9.99,-62.33,-15.01,-17.37,-8.89,-2.26,,"15,805,928,000."
N382396,A013340,AJS,(주)뉴아세아,110111-0233439,136-81-18827,1978-06-05,1989-09-06,2014-09-02,외감,12.0,중소기업,,두쿰,N15104.금속과 채광,C00000.제조업(10~34),C24000.1차 금속 제조업,코스닥,감사의견거절(감사범위 제한 및 계속기업 존속능력에 대한 불확실성),감사의견거절,2017,,,,,,,10.0,1.06,-3.3,,,,,2.91,103.24,-23.08,1.1,,,2.432897883,11.05125855,,,-5.76,,"123,899,940.","25,173,960.",,23.94,39.34,,,,,-255.02,,,,2.46,,41.43,,,2.01,4.11,2.29,2.49,193.61,21.68,,"23,689,407,000."
N382396,A013340,AJS,(주)뉴아세아,110111-0233439,136-81-18827,1978-06-05,1989-09-06,2014-09-02,외감,12.0,중소기업,,두쿰,N15104.금속과 채광,C00000.제조업(10~34),C24000.1차 금속 제조업,코스닥,감사의견거절(감사범위 제한 및 계속기업 존속능력에 대한 불확실성),감사의견거절,2018,,,,,,,9.94,-.88,18.51,,,,,1.87,84.77,-6.24,1.19,,,2.978625647,12.00297105,,,-4.84,,"117,502,350.","13,249,560.",,51.11,86.75,,,,,-68.08,2.93,,,1.92,,64.12,,,28.,51.04,27.18,22.7,769.33,42.96,,"23,374,976,000."
N382396,A013340,AJS,(주)뉴아세아,110111-0233439,136-81-18827,1978-06-05,1989-09-06,2014-09-02,외감,12.0,중소기업,,두쿰,N15104.금속과 채광,C00000.제조업(10~34),C24000.1차 금속 제조업,코스닥,감사의견거절(감사범위 제한 및 계속기업 존속능력에 대한 불확실성),감사의견거절,2019,,,,,,,15.91,4.69,3.53,,,,91.36,.26,96.49,-1.21,1.34,,,2.711810298,7.217004867,,,-5.94,,"120,344,050.","8,383,560.",,31.9,58.26,,,,,-14.39,7.22,,,2.1,,79.37,,,8.92,18.47,8.27,6.45,836.28,23.85,,"25,423,375,000."
N382396,A013340,AJS,(주)뉴아세아,110111-0233439,136-81-18827,1978-06-05,1989-09-06,2014-09-02,외감,12.0,중소기업,,두쿰,N15104.금속과 채광,C00000.제조업(10~34),C24000.1차 금속 제조업,코스닥,감사의견거절(감사범위 제한 및 계속기업 존속능력에 대한 불확실성),감사의견거절,2020,,,,,,,16.25,2.86,3.61,,,,27.17,1.58,99.83,17.72,1.27,,,2.374876927,4.744406761,,,388.68,,"114,146,770.","6,069,170.",,26.26,53.53,,,,,215.66,25.93,,,20.6,147.5,61.41,,,7.36,15.,5.45,4.43,"1,006.84",20.65,,"27,167,378,000."
N382396,A013340,AJS,(주)뉴아세아,110111-0233439,136-81-18827,1978-06-05,1989-09-06,2014-09-02,외감,12.0,중소기업,,두쿰,N15104.금속과 채광,C00000.제조업(10~34),C24000.1차 금속 제조업,코스닥,감사의견거절(감사범위 제한 및 계속기업 존속능력에 대한 불확실성),감사의견거절,2021,,,,,,,18.4,5.71,4.68,,,,21.64,1.2,95.39,19.91,1.22,,,1.949493101,3.832578233,,,12.67,,"78,750,080.","6,777,190.",,29.19,66.51,,,,,292.25,26.72,,,17.56,928.53,71.84,,,8.4,14.64,6.16,5.53,772.88,23.97,,"32,764,752,000."
N382396,A013340,AJS,(주)뉴아세아,110111-0233439,136-81-18827,1978-06-05,1989-09-06,2014-09-02,외감,12.0,중소기업,,두쿰,N15104.금속과 채광,C00000.제조업(10~34),C24000.1차 금속 제조업,코스닥,감사의견거절(감사범위 제한 및 계속기업 존속능력에 대한 불확실성),감사의견거절,2022,,,,,,,20.16,6.95,5.06,,,,21.87,1.4,95.01,20.68,1.12,,,0.0,0.0,,,65.02,,"96,242,600.","10,763,570.",,33.35,90.66,,,,,394.65,25.92,,,9.22,"1,773.77",112.56,,,8.27,13.91,6.1,5.45,810.67,26.33,,"42,589,022,000."
N382396,A013340,AJS,(주)뉴아세아,110111-0233439,136-81-18827,1978-06-05,1989-09-06,2014-09-02,외감,12.0,중소기업,,두쿰,N15104.금속과 채광,C00000.제조업(10~34),C24000.1차 금속 제조업,코스닥,감사의견거절(감사범위 제한 및 계속기업 존속능력에 대한 불확실성),감사의견거절,2023,,,,,,,2.94,-17.64,-22.31,,,,-77.45,3.74,121.96,6.5,.68,,,0.0,1138.5811601,,,-9.3,,"157,554,930.","30,592,610.",,8.5,20.81,,,,,108.82,12.47,,,1.21,,44.67,,,-15.3,-23.16,-13.31,-18.88,107.17,12.58,,"42,589,322,000."
N382396,A013340,AJS,(주)뉴아세아,110111-0233439,136-81-18827,1978-06-05,1989-09-06,2014-09-02,외감,12.0,중소기업,,두쿰,N15104.금속과 채광,C00000.제조업(10~34),C24000.1차 금속 제조업,코스닥,감사의견거절(감사범위 제한 및 계속기업 존속능력에 대한 불확실성),감사의견거절,2024,,,,,,,3.93,-18.59,-23.92,,,,-120.53,5.22,123.66,6.7,.64,,,0.0,1034.0532504,,,-2.34,,"286,054,480.","62,083,040.",,7.36,13.1,,,,,107.77,12.92,,,.4,,53.56,,,-14.53,-21.05,-12.57,-19.57,60.36,11.58,,"39,091,949,000."
N387819,A014200,광림,(주)광림,120111-0009268,301-81-08302,1980-03-13,1993-07-07,2025-11-26,외감,12.0,중견기업,,차AI헬스케어,N20106.기계,C00000.제조업(10~34),C30000.자동차 및 트레일러 제조업,코스닥,기업의 계속성 및 경영의 투명성 등을 종합적으로 고려하여 상장폐지기준에 해당한다고 결정,기업의계속성_경영의투명성종합판단,2014,0.0225718,-0.4229236,-0.302432,2.26,-0.105262,0.0,24.19,0.94,-0.1,0.0089245,-0.0009713,0.0169456,-.18,1.36,100.03,18.99,.95,1.79,1.9966791,0.0,0.0,3.01,5.44,3.61,,"109,842,380.","1,194,930.","511,237.",12.7,59.09,11471.9214736,37.2829615,-314.4975377,3439.014286,243.25,52.67,174.84,85.19,23.65,119.78,246.95,89.88,.7,2.97,4.62,1.34,1.74,"5,431.59",15.22,78.07,"120,284,256,000."
N387819,A014200,광림,(주)광림,120111-0009268,301-81-08302,1980-03-13,1993-07-07,2025-11-26,외감,12.0,중견기업,,차AI헬스케어,N20106.기계,C00000.제조업(10~34),C30000.자동차 및 트레일러 제조업,코스닥,기업의 계속성 및 경영의 투명성 등을 종합적으로 고려하여 상장폐지기준에 해당한다고 결정,기업의계속성_경영의투명성종합판단,2015,0.0535138,-0.8470093,1.8892567,5.35,0.0226015,0.0921659,13.65,.31,3.47,0.0023163,0.0260436,0.0042967,4.83,1.15,95.93,38.42,.75,1.39,1.6271164,1.642481156,2.624092229,4.21,6.21,12.59,,"101,639,380.","2,301,690.","532,488.94",13.5,70.75,,171.9053417,,3661.9599803,265.48,52.84,105.95,66.32,33.25,665.87,116.87,89.26,.27,6.24,9.3,2.95,4.11,"3,124.2",18.01,65.21,"244,886,480,000."
N387819,A014200,광림,(주)광림,120111-0009268,301-81-08302,1980-03-13,1993-07-07,2025-11-26,외감,12.0,중견기업,,차AI헬스케어,N20106.기계,C00000.제조업(10~34),C30000.자동차 및 트레일러 제조업,코스닥,기업의 계속성 및 경영의 투명성 등을 종합적으로 고려하여 상장폐지기준에 해당한다고 결정,기업의계속성_경영의투명성종합판단,2016,0.2924699,-0.4123608,-0.8669328,29.25,-0.0775789,-0.0084388,14.09,0.2,-2.17,0.0007509,-0.0082905,0.0015369,-1.7,1.27,101.91,32.62,0.38,0.78,0.7462514,0.0,0.0,3.31,2.36,-4.83,,"106,653,910.","3,475,480.","604,672.02",10.21,57.86,1550.4236885,-41.4528576,58.3985862,2041.7980879,307.7,48.86,83.04,58.35,27.22,,62.82,104.67,.16,1.65,2.45,.67,1.17,"1,775.61",16.61,80.81,"152,080,347,000."
N387819,A014200,광림,(주)광림,120111-0009268,301-81-08302,1980-03-13,1993-07-07,2025-11-26,외감,12.0,중견기업,,차AI헬스케어,N20106.기계,C00000.제조업(10~34),C30000.자동차 및 트레일러 제조업,코스닥,기업의 계속성 및 경영의 투명성 등을 종합적으로 고려하여 상장폐지기준에 해당한다고 결정,기업의계속성_경영의투명성종합판단,2017,-0.0364943,-73.010607,-11.4449194,-3.65,0.5485334,-0.0425532,2.98,-9.15,-17.46,-0.056635,-0.1080639,-0.112727,-21.51,2.86,117.57,33.38,0.62,1.23,1.2439627,0.0,154.7522591,5.62,4.54,-20.2,,"115,366,980.","4,661,390.","1,159,250.38",,,2289.1972808,-306.8606925,-258.2286372,1934.9436512,286.38,51.76,106.4,76.78,43.08,462.56,63.89,93.2,-3.19,45.05,208.31,23.53,87.46,,,,"228,758,317,000."
N387819,A014200,광림,(주)광림,120111-0009268,301-81-08302,1980-03-13,1993-07-07,2025-11-26,외감,12.0,중견기업,,차AI헬스케어,N20106.기계,C00000.제조업(10~34),C30000.자동차 및 트레일러 제조업,코스닥,기업의 계속성 및 경영의 투명성 등을 종합적으로 고려하여 상장폐지기준에 해당한다고 결정,기업의계속성_경영의투명성종합판단,2018,-0.1635746,0.9155593,-0.2052206,-16.36,0.0103834,-0.0755556,10.29,-.76,-20.82,-0.0052769,-0.1437119,-0.0105629,-28.77,3.34,122.54,27.72,.69,1.38,1.3790191,0.0,269.9221753,5.81,4.83,-29.38,,"121,078,560.","6,025,840.","1,456,638.91",,,2308.1452681,-465.8970128,-224.6499616,1551.210055,209.82,47.96,84.32,56.07,18.36,42.52,118.89,108.51,-.23,-49.8,-153.63,-24.32,-76.15,,,,"208,058,303,000."
N387819,A014200,광림,(주)광림,120111-0009268,301-81-08302,1980-03-13,1993-07-07,2025-11-26,외감,12.0,중견기업,,차AI헬스케어,N20106.기계,C00000.제조업(10~34),C30000.자동차 및 트레일러 제조업,코스닥,기업의 계속성 및 경영의 투명성 등을 종합적으로 고려하여 상장폐지기준에 해당한다고 결정,기업의계속성_경영의투명성종합판단,2019,0.1405154,-9.5152897,0.7671914,14.05,0.0678565,-0.1009615,7.47,-7.53,-4.54,-0.0496917,-0.0299621,-0.1139288,-6.87,3.49,102.08,25.13,.66,1.51,1.1704504,0.0,175.4154989,5.51,4.83,-6.3,,"129,267,290.","5,957,980.","1,377,679.48",,,2893.0208342,25.8681917,-242.6764895,1709.4886377,241.43,40.41,76.57,56.46,12.95,,107.17,147.48,-2.16,19.32,31.56,8.5,25.42,,,,"187,812,629,000."
N387819,A014200,광림,(주)광림,120111-0009268,301-81-08302,1980-03-13,1993-07-07,2025-11-26,외감,12.0,중견기업,,차AI헬스케어,N20106.기계,C00000.제조업(10~34),C30000.자동차 및 트레일러 제조업,코스닥,기업의 계속성 및 경영의 투명성 등을 종합적으로 고려하여 상장폐지기준에 해당한다고 결정,기업의계속성_경영의투명성종합판단,2020,-0.2055722,1.8053162,-2.5974717,-20.56,0.1052769,-0.0588235,14.95,5.49,-14.78,0.0379315,-0.102169,0.0959602,-25.85,5.15,113.56,19.46,.69,1.75,1.1433367,0.0,201.0464203,6.44,7.02,-5.38,,"143,788,880.","8,921,400.","1,459,392.02",,,3046.3625175,-431.4377016,474.1396593,1281.5795355,156.04,38.47,77.48,59.25,29.38,,68.85,159.91,1.07,-10.34,-16.96,-3.82,-8.6,,,,"254,239,320,000."
N387819,A014200,광림,(주)광림,120111-0009268,301-81-08302,1980-03-13,1993-07-07,2025-11-26,외감,12.0,중견기업,,차AI헬스케어,N20106.기계,C00000.제조업(10~34),C30000.자동차 및 트레일러 제조업,코스닥,기업의 계속성 및 경영의 투명성 등을 종합적으로 고려하여 상장폐지기준에 해당한다고 결정,기업의계속성_경영의투명성종합판단,2021,0.5411688,0.2750786,0.034075,54.12,0.1688043,-0.0738636,15.67,5.99,-12.21,0.0468979,-0.0956928,0.1087592,-22.19,6.24,108.03,30.55,.78,1.82,1.3776273,0.0,159.0837123,7.,9.88,-12.07,,"170,281,710.","11,904,700.","1,557,225.94",,,3079.3168543,-239.2570324,161.8437502,1593.0963791,218.33,46.79,97.33,74.26,53.71,234.13,66.87,113.73,.96,-13.33,-34.22,-3.35,-6.68,,,,"212,123,388,000."
N387819,A014200,광림,(주)광림,120111-0009268,301-81-08302,1980-03-13,1993-07-07,2025-11-26,외감,12.0,중견기업,,차AI헬스케어,N20106.기계,C00000.제조업(10~34),C30000.자동차 및 트레일러 제조업,코스닥,기업의 계속성 및 경영의 투명성 등을 종합적으로 고려하여 상장폐지기준에 해당한다고 결정,기업의계속성_경영의투명성종합판단,2022,0.2877797,0.9533832,-0.1637699,28.78,0.0982964,0.0306749,19.73,10.64,-12.94,0.0805612,-0.0979334,0.1531167,-18.61,4.97,106.62,36.56,.76,1.44,1.5971318,0.0,192.9563981,5.88,12.93,10.76,,"172,169,430.","10,179,400.","1,495,041.11",,,2320.56117,-292.8082198,112.4420715,1621.9628346,224.14,58.25,144.59,103.41,66.97,92.36,54.4,71.68,2.14,-137.25,-396.61,-33.68,-49.52,,,,"268,834,328,000."
N387819,A014200,광림,(주)광림,120111-0009268,301-81-08302,1980-03-13,1993-07-07,2025-11-26,외감,12.0,중견기업,,차AI헬스케어,N20106.기계,C00000.제조업(10~34),C30000.자동차 및 트레일러 제조업,코스닥,기업의 계속성 및 경영의 투명성 등을 종합적으로 고려하여 상장폐지기준에 해당한다고 결정,기업의계속성_경영의투명성종합판단,2023,0.1098551,-0.5275744,1.4594582,10.99,-0.1199077,-0.1428571,17.86,5.71,6.76,0.0377214,0.044597,0.0609083,7.2,4.93,89.44,44.44,.66,1.07,1.7341224,0.0,156.5745142,5.04,9.98,3.05,,"208,093,900.","20,571,850.","1,512,686.31",,,1798.671995,202.7559244,,1842.5484655,268.21,65.67,187.27,149.5,67.31,43.28,119.38,52.27,1.16,-14.11,-36.62,-2.7,-4.16,,,,"278,083,741,000."
N387819,A014200,광림,(주)광림,120111-0009268,301-81-08302,1980-03-13,1993-07-07,2025-11-26,외감,12.0,중견기업,,차AI헬스케어,N20106.기계,C00000.제조업(10~34),C30000.자동차 및 트레일러 제조업,코스닥,기업의 계속성 및 경영의 투명성 등을 종합적으로 고려하여 상장폐지기준에 해당한다고 결정,기업의계속성_경영의투명성종합판단,2024,-0.0975937,-0.5451803,-1.3589426,-9.76,-0.3111685,-0.1388889,20.08,6.56,-15.69,0.0326899,-0.0782301,0.0381301,-9.12,.67,100.05,91.37,.5,0.58,3.4948996,0.978989399,1.227973295,4.01,7.41,1.17,,"251,898,380.","33,018,940.","1,490,970.1",,,"1,170.07",-208.6245802,108.1035238,49733.3027733,"9,889.17",91.9,728.93,581.13,206.19,23.5,60.3,8.81,9.79,-96.98,"-3,302.9",-7.85,-13.94,,,,"273,731,612,000."
N501174,A014350,신일건업,(주)신일건업,110111-0262769,120-81-00827,1979-10-25,1989-11-11,2015-04-15,폐업,12.0,중소기업,,,N20103.건설 및 엔지니어링,F00000.건설업(41~42),F41000.종합 건설업,코스피,자본전액잠식,자본잠식,2014,-3.5281103,0.6150772,-28.9678224,,-0.2554837,-0.4307692,,,,-0.0681609,-0.5124604,1.3001434,,,,,,,0.1987047,,,.55,0.74,,,,,"4,728,531.97",,,,-60802.5030941,,-20581.4760185,,,123.43,51.82,,,,,-1.71,,,,,,,,
N501174,A014350,신일건업,(주)신일건업,110111-0262769,120-81-00827,1979-10-25,1989-11-11,2015-04-15,폐업,12.0,중소기업,,,N20103.건설 및 엔지니어링,F00000.건설업(41~42),F41000.종합 건설업,코스피,자본전액잠식,자본잠식,2015,,,,,,,,,,,,,,,,,,,,,,,,,,,,,,,,,,,,,,,,,,,,,,,,,,,
N501174,A014350,신일건업,(주)신일건업,110111-0262769,120-81-00827,1979-10-25,1989-11-11,2015-04-15,폐업,12.0,중소기업,,,N20103.건설 및 엔지니어링,F00000.건설업(41~42),F41000.종합 건설업,코스피,자본전액잠식,자본잠식,2016,,,,,,,,,,,,,,,,,,,,,,,,,,,,,,,,,,,,,,,,,,,,,,,,,,,
N501174,A014350,신일건업,(주)신일건업,110111-0262769,120-81-00827,1979-10-25,1989-11-11,2015-04-15,폐업,12.0,중소기업,,,N20103.건설 및 엔지니어링,F00000.건설업(41~42),F41000.종합 건설업,코스피,자본전액잠식,자본잠식,2017,,,,,,,,,,,,,,,,,,,,,,,,,,,,,,,,,,,,,,,,,,,,,,,,,,,
N501174,A014350,신일건업,(주)신일건업,110111-0262769,120-81-00827,1979-10-25,1989-11-11,2015-04-15,폐업,12.0,중소기업,,,N20103.건설 및 엔지니어링,F00000.건설업(41~42),F41000.종합 건설업,코스피,자본전액잠식,자본잠식,2018,,,,,,,,,,,,,,,,,,,,,,,,,,,,,,,,,,,,,,,,,,,,,,,,,,,
N501174,A014350,신일건업,(주)신일건업,110111-0262769,120-81-00827,1979-10-25,1989-11-11,2015-04-15,폐업,12.0,중소기업,,,N20103.건설 및 엔지니어링,F00000.건설업(41~42),F41000.종합 건설업,코스피,자본전액잠식,자본잠식,2019,,,,,,,,,,,,,,,,,,,,,,,,,,,,,,,,,,,,,,,,,,,,,,,,,,,
N501174,A014350,신일건업,(주)신일건업,110111-0262769,120-81-00827,1979-10-25,1989-11-11,2015-04-15,폐업,12.0,중소기업,,,N20103.건설 및 엔지니어링,F00000.건설업(41~42),F41000.종합 건설업,코스피,자본전액잠식,자본잠식,2020,,,,,,,,,,,,,,,,,,,,,,,,,,,,,,,,,,,,,,,,,,,,,,,,,,,
N501174,A014350,신일건업,(주)신일건업,110111-0262769,120-81-00827,1979-10-25,1989-11-11,2015-04-15,폐업,12.0,중소기업,,,N20103.건설 및 엔지니어링,F00000.건설업(41~42),F41000.종합 건설업,코스피,자본전액잠식,자본잠식,2021,,,,,,,,,,,,,,,,,,,,,,,,,,,,,,,,,,,,,,,,,,,,,,,,,,,
N501174,A014350,신일건업,(주)신일건업,110111-0262769,120-81-00827,1979-10-25,1989-11-11,2015-04-15,폐업,12.0,중소기업,,,N20103.건설 및 엔지니어링,F00000.건설업(41~42),F41000.종합 건설업,코스피,자본전액잠식,자본잠식,2022,,,,,,,,,,,,,,,,,,,,,,,,,,,,,,,,,,,,,,,,,,,,,,,,,,,
N501174,A014350,신일건업,(주)신일건업,110111-0262769,120-81-00827,1979-10-25,1989-11-11,2015-04-15,폐업,12.0,중소기업,,,N20103.건설 및 엔지니어링,F00000.건설업(41~42),F41000.종합 건설업,코스피,자본전액잠식,자본잠식,2023,,,,,,,,,,,,,,,,,,,,,,,,,,,,,,,,,,,,,,,,,,,,,,,,,,,
N501174,A014350,신일건업,(주)신일건업,110111-0262769,120-81-00827,1979-10-25,1989-11-11,2015-04-15,폐업,12.0,중소기업,,,N20103.건설 및 엔지니어링,F00000.건설업(41~42),F41000.종합 건설업,코스피,자본전액잠식,자본잠식,2024,,,,,,,,,,,,,,,,,,,,,,,,,,,,,,,,,,,,,,,,,,,,,,,,,,,
N386120,A015540,에코바이브,(주)에코바이브,110111-0302565,118-81-03215,1981-09-02,1989-09-02,2023-11-07,외감,12.0,중소기업,,,N25401.미디어,"N00000.사업시설 관리, 사업 지원 및 임대 서비스업(74~76)",N75000.사업 지원 서비스업,코스피,감사의견 의견거절 2년 계속,감사의견거절,2014,-0.1560601,-0.5510572,-2.6850477,-15.61,0.1409835,,-0.11,-4.27,-12.87,-0.3491712,-1.0511243,-0.4167483,-125.46,.05,111.65,-6.91,8.17,9.75,50.3827411,0.0,2343.8542671,38.89,98.09,30.63,,"74,605,060.","45,513,280.","1,320,637.",,,2508.6339564,-322.6335659,-40.0684453,456.1790272,-8.03,77.92,217.35,153.13,89.58,54.73,59.35,28.33,-87.91,-814.99,"-8,061.49",-104.72,-184.11,,,,"12,375,736,000."
N386120,A015540,에코바이브,(주)에코바이브,110111-0302565,118-81-03215,1981-09-02,1989-09-02,2023-11-07,외감,12.0,중소기업,,,N25401.미디어,"N00000.사업시설 관리, 사업 지원 및 임대 서비스업(74~76)",N75000.사업 지원 서비스업,코스피,감사의견 의견거절 2년 계속,감사의견거절,2015,-0.3435286,-1.1098358,-1.159588,-34.35,-0.0131875,1.0,1.13,-9.14,-28.16,-0.4440082,-1.3681348,-1.1597752,-357.36,1.,126.0,-29.93,4.86,12.69,7.8731478,0.0,723.5540436,99.4,32.6,62.9,,"5,117,030.",.,"1,051,850.11",,,3578.1698604,-907.0656728,-373.5465165,205.1637348,-58.75,21.57,101.95,98.96,17.72,153.35,"3,760.24",363.61,-9.14,-131.83,-147.12,-92.02,-209.2,,,,"11,991,189,000."
N386120,A015540,에코바이브,(주)에코바이브,110111-0302565,118-81-03215,1981-09-02,1989-09-02,2023-11-07,외감,12.0,중소기업,,,N25401.미디어,"N00000.사업시설 관리, 사업 지원 및 임대 서비스업(74~76)",N75000.사업 지원 서비스업,코스피,감사의견 의견거절 2년 계속,감사의견거절,2016,-0.0521387,0.5307423,0.6086023,-5.21,-0.2917577,-0.5555556,0.65,-6.05,-15.56,-0.2027228,-0.5210117,-0.7050101,-181.19,2.43,114.26,31.33,3.35,11.64,4.6997152,0.0,1382.875153,128.86,33.62,47.71,,"10,875,560.",.,"2,454,075.19",,,3118.5338524,-485.2548057,-128.909912,1678.413503,237.19,44.33,151.65,138.68,60.09,25.11,,125.56,-2.49,-152.49,-169.43,-84.42,-93.14,,,,"28,438,164,000."
N386120,A015540,에코바이브,(주)에코바이브,110111-0302565,118-81-03215,1981-09-02,1989-09-02,2023-11-07,외감,12.0,중소기업,,,N25401.미디어,"N00000.사업시설 관리, 사업 지원 및 임대 서비스업(74~76)",N75000.사업 지원 서비스업,코스피,감사의견 의견거절 2년 계속,감사의견거절,2017,0.2737451,-0.3854346,0.324894,27.37,-0.0428846,7.125,0.94,-8.76,-10.98,-0.3834305,-0.4801947,-0.8827807,-110.56,.75,111.0,30.35,4.38,10.07,7.7346055,0.0,972.2327825,88.45,54.61,132.73,,"4,954,780.",.,"228,779.25",,,16472.6609669,-1807.9735963,-1305.498108,1703.1791995,241.84,42.75,82.96,74.24,2.87,,212.23,133.9,-11.62,-76.57,-104.24,-42.86,-43.4,,,,"13,114,275,000."
N386120,A015540,에코바이브,(주)에코바이브,110111-0302565,118-81-03215,1981-09-02,1989-09-02,2023-11-07,외감,12.0,중소기업,,,N25401.미디어,"N00000.사업시설 관리, 사업 지원 및 임대 서비스업(74~76)",N75000.사업 지원 서비스업,코스피,감사의견 의견거절 2년 계속,감사의견거절,2018,-0.5134135,-0.4180717,-0.4310311,-51.34,-0.4325835,-0.1076923,1.07,-21.9,-27.68,-0.4488421,-0.5672509,-1.5032114,-189.98,1.43,127.18,4.47,2.05,6.86,2.9216535,0.0,986.2405956,15.33,26.4,-12.19,,"14,504,950.",.,"313,337.45",,,7386.3223984,-2044.5764132,-1797.9241422,653.6711422,31.68,18.43,70.4,43.85,7.68,,4.41,442.49,-15.27,-64.71,-128.26,-53.02,-89.88,,,,"17,322,499,000."
N386120,A015540,에코바이브,(주)에코바이브,110111-0302565,118-81-03215,1981-09-02,1989-09-02,2023-11-07,외감,12.0,중소기업,,,N25401.미디어,"N00000.사업시설 관리, 사업 지원 및 임대 서비스업(74~76)",N75000.사업 지원 서비스업,코스피,감사의견 의견거절 2년 계속,감사의견거절,2019,-0.9540378,-0.6123901,-1.6591361,-95.4,-0.7950699,-0.3793103,3.2,-172.33,-359.18,-0.7631641,-1.5906329,-7.0795288,"-1,475.56",52.24,422.96,-29.04,.44,4.11,0.496362,0.0,521.5841219,2.04,15.06,-1.83,,"22,245,140.",.,"483,130.36",,,1259.2475227,-4522.9284643,-986.3145385,17.9066996,-95.89,1.07,73.36,49.43,6.57,,9.89,"9,207.76",-3.3,-157.85,-352.28,-156.59,-318.08,,,,"19,548,915,000."
N386120,A015540,에코바이브,(주)에코바이브,110111-0302565,118-81-03215,1981-09-02,1989-09-02,2023-11-07,외감,12.0,중소기업,,,N25401.미디어,"N00000.사업시설 관리, 사업 지원 및 임대 서비스업(74~76)",N75000.사업 지원 서비스업,코스피,감사의견 의견거절 2년 계속,감사의견거절,2020,-133.8796641,0.2708276,-0.4685788,,0.2528503,-0.3055556,-6.47,-100.3,-421.02,-0.6931528,-2.9096988,0.8907836,,31.45,439.36,-229.04,.69,,0.3886653,0.0,112.9075213,5.15,12.91,-.63,,"25,575,280.",.,"537,824.36",,,910.9204057,-3825.1663524,-541.5808078,-1898.3126946,-470.04,,20.92,20.15,5.62,,95.21,,-3.19,-116.74,-179.93,-345.36,-418.17,,,,"15,416,253,000."
N386120,A015540,에코바이브,(주)에코바이브,110111-0302565,118-81-03215,1981-09-02,1989-09-02,2023-11-07,외감,12.0,중소기업,,,N25401.미디어,"N00000.사업시설 관리, 사업 지원 및 임대 서비스업(74~76)",N75000.사업 지원 서비스업,코스피,감사의견 의견거절 2년 계속,감사의견거절,2021,-0.8340047,0.4969483,0.9731703,,-0.0135863,-0.8,0.89,-51.15,-11.45,-0.4286817,-0.0959748,0.3814234,,32.28,104.15,-163.87,.84,,0.3946024,0.0,199.0353229,36.97,9.86,-.54,,"95,681,300.",.,"2,096,247.1",,,704.3793113,-76.1949705,-570.3162376,-180.3411324,-135.86,,37.69,35.82,1.84,,282.35,,-1.58,-6.12,-9.16,-9.01,-8.76,,,,"12,654,548,000."
N386120,A015540,에코바이브,(주)에코바이브,110111-0302565,118-81-03215,1981-09-02,1989-09-02,2023-11-07,외감,12.0,중소기업,,,N25401.미디어,"N00000.사업시설 관리, 사업 지원 및 임대 서비스업(74~76)",N75000.사업 지원 서비스업,코스피,감사의견 의견거절 2년 계속,감사의견거절,2022,0.1986268,0.3934305,-2.4814711,,-0.2075414,-0.2,37.04,"-2,181,857.78","-2,825,644.44",-0.2863225,-0.3679254,0.739158,,"1,228,794.81",301.23,-191.35,.,,0.527133,0.0,106.7796994,33.99,7.98,.,,"57,703,380.",.,"2,482,774.88",,,296.7409163,-149.2886848,,-138.1519336,-127.47,,61.89,60.6,24.94,,,,-1.79,-25.32,-33.71,-35.98,-50.1,,,,"10,178,374,000."
N386120,A015540,에코바이브,(주)에코바이브,110111-0302565,118-81-03215,1981-09-02,1989-09-02,2023-11-07,외감,12.0,중소기업,,,N25401.미디어,"N00000.사업시설 관리, 사업 지원 및 임대 서비스업(74~76)",N75000.사업 지원 서비스업,코스피,감사의견 의견거절 2년 계속,감사의견거절,2023,,,,,,,,,,,,,,,415.47,-63.6,.,,,0.0,0.0006679,,,.,,"67,450,500.",.,,,,,,,,-44.16,80.04,,,104.39,.,,,,-170.35,-275.38,-33.87,,,,,"10,557,460,000."
N386120,A015540,에코바이브,(주)에코바이브,110111-0302565,118-81-03215,1981-09-02,1989-09-02,2023-11-07,외감,12.0,중소기업,,,N25401.미디어,"N00000.사업시설 관리, 사업 지원 및 임대 서비스업(74~76)",N75000.사업 지원 서비스업,코스피,감사의견 의견거절 2년 계속,감사의견거절,2024,,,,,,,,,,,,,-3.69,,188.76,-65.82,.,,,0.0,0.0,,,.,,"199,415,500.",.,,,,,,,,-43.19,86.17,,,11.17,.,,,,-19.2,-69.19,-2.66,,,,,"21,716,386,000."
N324388,A017680,데코앤이,(주)데코앤에프,110111-0409858,120-81-39036,1985-11-02,1993-09-03,2019-11-20,외감,12.0,중소기업,,메이븐에프씨,"N25203.섬유, 의류, 사치품",C00000.제조업(10~34),"C14000.의복, 의복 액세서리 및 모피제품 제조업",코스닥,발행한 어음 또는 수표가 주거래은행에 의하여 최종부도로 결정되거나 거래은행에 의한 거래정지,최종부도,2014,-0.1777344,-0.6544902,-1.4644469,-17.77,-0.1924103,-0.2848101,41.79,-7.55,-6.07,-0.1070994,-0.0861026,-0.2807965,-22.57,1.05,106.14,1.95,1.42,3.72,2.2921666,0.0,900.4463837,3.41,11.16,6.93,,"20,457,750.","65,090.","668,590.43",,,2145.67734,-130.2967968,6.4652822,520.8864205,4.18,48.55,160.09,63.21,18.53,161.23,54.76,105.97,-7.23,-30.5,-108.93,-15.62,-7.81,,,,"97,539,717,000."
N324388,A017680,데코앤이,(주)데코앤에프,110111-0409858,120-81-39036,1985-11-02,1993-09-03,2019-11-20,외감,12.0,중소기업,,메이븐에프씨,"N25203.섬유, 의류, 사치품",C00000.제조업(10~34),"C14000.의복, 의복 액세서리 및 모피제품 제조업",코스닥,발행한 어음 또는 수표가 주거래은행에 의하여 최종부도로 결정되거나 거래은행에 의한 거래정지,최종부도,2015,0.229767,0.5850373,0.3306991,22.98,-0.4054871,-0.3628319,53.57,-5.27,-6.84,-0.0622721,-0.0807486,-0.1158086,-15.02,1.79,106.98,3.59,1.18,2.2,2.5550307,0.0,791.4986429,2.64,10.4,3.99,,"15,407,000.","181,580.","766,624.72",,,1197.887476,-81.8927469,-202.1134094,532.4754675,6.5,58.92,184.,63.59,21.51,143.35,95.87,69.71,-2.95,7.81,16.25,2.64,3.55,,,,"53,562,843,000."
N324388,A017680,데코앤이,(주)데코앤에프,110111-0409858,120-81-39036,1985-11-02,1993-09-03,2019-11-20,외감,12.0,중소기업,,메이븐에프씨,"N25203.섬유, 의류, 사치품",C00000.제조업(10~34),"C14000.의복, 의복 액세서리 및 모피제품 제조업",코스닥,발행한 어음 또는 수표가 주거래은행에 의하여 최종부도로 결정되거나 거래은행에 의한 거래정지,최종부도,2016,0.0776913,-1.4207952,-0.9931737,7.77,-0.1301445,0.4444444,47.76,-14.67,-15.66,-0.1514904,-0.1617387,-0.2446553,-26.12,1.98,115.33,0.12,1.03,1.67,2.7113694,0.0,366.7565645,2.48,10.66,3.0,,"10,254,210.","111,800.","518,160.5",,,852.1382414,-134.5510731,-39.6558645,500.9490856,.19,64.99,209.93,99.92,49.44,100.08,133.75,53.88,-7.42,-83.71,-179.32,-26.2,-32.09,,,,"54,275,849,000."
N324388,A017680,데코앤이,(주)데코앤에프,110111-0409858,120-81-39036,1985-11-02,1993-09-03,2019-11-20,외감,12.0,중소기업,,메이븐에프씨,"N25203.섬유, 의류, 사치품",C00000.제조업(10~34),"C14000.의복, 의복 액세서리 및 모피제품 제조업",코스닥,발행한 어음 또는 수표가 주거래은행에 의하여 최종부도로 결정되거나 거래은행에 의한 거래정지,최종부도,2017,-0.1633446,-0.2035993,-1.4536608,-16.33,-0.1543515,0.0384615,47.23,-20.88,-45.45,-0.1793851,-0.3904341,-0.3090975,-67.28,1.74,145.43,-30.47,0.86,1.48,2.0469607,0.0,326.9965511,2.83,9.51,3.96,,"11,955,130.","139,240.","451,948.6",,,646.8124876,-296.0522945,-55.7266955,314.0236508,-37.2,51.46,117.38,64.33,34.02,305.18,123.74,94.34,-12.04,-114.89,-197.94,-47.98,-56.49,,,,"53,034,331,000."
N324388,A017680,데코앤이,(주)데코앤에프,110111-0409858,120-81-39036,1985-11-02,1993-09-03,2019-11-20,외감,12.0,중소기업,,메이븐에프씨,"N25203.섬유, 의류, 사치품",C00000.제조업(10~34),"C14000.의복, 의복 액세서리 및 모피제품 제조업",코스닥,발행한 어음 또는 수표가 주거래은행에 의하여 최종부도로 결정되거나 거래은행에 의한 거래정지,최종부도,2018,0.0415755,0.2971403,0.5032382,4.16,0.1018978,-0.1111111,47.08,-13.32,-20.49,-0.1121962,-0.1725913,-0.2336037,-35.94,5.19,110.43,-42.55,.84,1.75,1.6206677,0.0,142.4277065,3.82,9.84,6.76,,"14,567,160.","170,560.","578,263.6",,,521.8547656,-107.491141,-40.2484494,257.3993236,-48.52,45.14,130.31,93.22,12.6,122.35,141.84,121.53,-2.57,-25.92,-42.11,-14.14,-23.04,,,,"56,039,766,000."
N324388,A017680,데코앤이,(주)데코앤에프,110111-0409858,120-81-39036,1985-11-02,1993-09-03,2019-11-20,외감,12.0,중소기업,,메이븐에프씨,"N25203.섬유, 의류, 사치품",C00000.제조업(10~34),"C14000.의복, 의복 액세서리 및 모피제품 제조업",코스닥,발행한 어음 또는 수표가 주거래은행에 의하여 최종부도로 결정되거나 거래은행에 의한 거래정지,최종부도,2019,,,,,,,58.61,-6.72,-62.68,,,,-143.22,10.2,161.53,-14.22,.8,,,0.0,716.3753566,,,7.43,,"33,557,010.","148,270.",,,,,,,,-56.08,11.14,,,15.27,,84.97,,,-84.62,-140.05,-74.95,-57.08,,,,"66,534,302,000."
N324388,A017680,데코앤이,(주)데코앤에프,110111-0409858,120-81-39036,1985-11-02,1993-09-03,2019-11-20,외감,12.0,중소기업,,메이븐에프씨,"N25203.섬유, 의류, 사치품",C00000.제조업(10~34),"C14000.의복, 의복 액세서리 및 모피제품 제조업",코스닥,발행한 어음 또는 수표가 주거래은행에 의하여 최종부도로 결정되거나 거래은행에 의한 거래정지,최종부도,2020,,,,,,,53.34,-11.33,-17.,,,,,8.76,113.59,-26.9,.82,,,0.0,241.9115737,,,-20.54,,"35,569,000.","119,170.",,,,,,,,-110.82,,,,12.94,,46.08,,,-12.56,-29.73,-12.85,-16.01,,,,"28,751,547,000."
N324388,A017680,데코앤이,(주)데코앤에프,110111-0409858,120-81-39036,1985-11-02,1993-09-03,2019-11-20,외감,12.0,중소기업,,메이븐에프씨,"N25203.섬유, 의류, 사치품",C00000.제조업(10~34),"C14000.의복, 의복 액세서리 및 모피제품 제조업",코스닥,발행한 어음 또는 수표가 주거래은행에 의하여 최종부도로 결정되거나 거래은행에 의한 거래정지,최종부도,2021,,,,,,,51.9,-6.44,43.56,,,,,.72,71.61,42.79,.92,,,1.168732295,2.444452859,,,2.94,,"25,799,050.","87,000.",,,,,,,,161.22,69.31,,,67.07,59.26,269.38,,,160.57,253.14,49.28,45.67,,,,"30,041,367,000."
N324388,A017680,데코앤이,(주)데코앤에프,110111-0409858,120-81-39036,1985-11-02,1993-09-03,2019-11-20,외감,12.0,중소기업,,메이븐에프씨,"N25203.섬유, 의류, 사치품",C00000.제조업(10~34),"C14000.의복, 의복 액세서리 및 모피제품 제조업",코스닥,발행한 어음 또는 수표가 주거래은행에 의하여 최종부도로 결정되거나 거래은행에 의한 거래정지,최종부도,2022,,,,,,,62.23,7.17,6.46,,,,10.76,.47,93.58,46.52,1.16,,,1.208514332,2.54900848,,,1.45,,"39,269,600.",40.,,,,,,,,191.43,70.35,,,11.25,61.16,456.82,,,33.51,57.21,9.94,8.92,,,,"24,546,915,000."
N324388,A017680,데코앤이,(주)데코앤에프,110111-0409858,120-81-39036,1985-11-02,1993-09-03,2019-11-20,외감,12.0,중소기업,,메이븐에프씨,"N25203.섬유, 의류, 사치품",C00000.제조업(10~34),"C14000.의복, 의복 액세서리 및 모피제품 제조업",코스닥,발행한 어음 또는 수표가 주거래은행에 의하여 최종부도로 결정되거나 거래은행에 의한 거래정지,최종부도,2023,,,,,,,62.43,3.45,3.86,,,,6.11,.63,96.2,47.68,1.11,,,1.212413179,3.428158502,,,1.57,,"42,381,880.",10.,,,,,,,,208.54,70.1,,,36.,91.96,299.21,,,24.44,38.63,7.31,6.77,,,,"26,087,793,000."
N324388,A017680,데코앤이,(주)데코앤에프,110111-0409858,120-81-39036,1985-11-02,1993-09-03,2019-11-20,외감,12.0,중소기업,,메이븐에프씨,"N25203.섬유, 의류, 사치품",C00000.제조업(10~34),"C14000.의복, 의복 액세서리 및 모피제품 제조업",코스닥,발행한 어음 또는 수표가 주거래은행에 의하여 최종부도로 결정되거나 거래은행에 의한 거래정지,최종부도,2024,,,,,,,42.03,-28.31,-21.89,,,,-37.57,.24,128.54,42.33,1.26,,,2.209531392,3.347303334,,,2.04,,"108,720,210.",.,,,,,,,,110.37,79.49,,,241.93,42.67,63.34,,,-162.94,-472.08,-33.42,-19.75,,,,"15,552,280,000."
N341711,A023430,아이이,아이이(주),110111-0370439,214-81-04910,1984-03-20,1994-10-07,2017-12-20,일반,12.0,중소기업,,,N25501.판매업체,G00000.도매 및 소매업(45~47),G47000.소매업,코스닥,기업의 계속성 및 경영의 투명성 등을 종합적으로 고려하여 상장폐지기준에 해당한다고 결정,기업의계속성_경영의투명성종합판단,2014,-0.076784,0.4117503,-3.9232727,-7.68,2.5154005,,6.41,-2.99,-8.7,-0.0121916,-0.0354725,-0.0277536,-8.08,.97,103.78,-15.11,.41,0.93,0.7270627,,,10.27,0.85,12.84,,,,"4,676,324.",,,372.7538477,-11.758414,32.112828,389.4832689,-22.1,52.96,90.73,90.17,3.18,,96.36,88.82,-3.07,,,,,,,,
N341711,A023430,아이이,아이이(주),110111-0370439,214-81-04910,1984-03-20,1994-10-07,2017-12-20,일반,12.0,중소기업,,,N25501.판매업체,G00000.도매 및 소매업(45~47),G47000.소매업,코스닥,기업의 계속성 및 경영의 투명성 등을 종합적으로 고려하여 상장폐지기준에 해당한다고 결정,기업의계속성_경영의투명성종합판단,2015,0.3476637,-0.7514978,-2.5379406,34.77,-0.6886126,0.1428571,12.1,-16.82,-98.86,-0.0295395,-0.1736097,-0.0431338,-25.35,2.75,197.44,-20.78,0.18,0.26,0.5571997,,,64.53,0.79,-10.27,,,,"4,359,085.31",,,98.3064131,-97.1982308,8.1238174,404.4627966,-19.11,87.52,117.59,114.08,56.04,19.96,35.88,14.26,-6.11,,,,,,,,
N341711,A023430,아이이,아이이(주),110111-0370439,214-81-04910,1984-03-20,1994-10-07,2017-12-20,일반,12.0,중소기업,,,N25501.판매업체,G00000.도매 및 소매업(45~47),G47000.소매업,코스닥,기업의 계속성 및 경영의 투명성 등을 종합적으로 고려하여 상장폐지기준에 해당한다고 결정,기업의계속성_경영의투명성종합판단,2016,-0.8446268,-1.0678577,-10.5362505,-84.46,-0.0317894,0.0,,,,-0.0884283,-2.8993884,-0.1344838,,,,,,0.37,0.7187468,,,70.42,7.53,,,,,"2,903,239.66",,,65.9012383,-774.2229324,26.6878517,31.0489019,,,76.88,75.04,,,,295.49,-7.62,,,,,,,,
N341711,A023430,아이이,아이이(주),110111-0370439,214-81-04910,1984-03-20,1994-10-07,2017-12-20,일반,12.0,중소기업,,,N25501.판매업체,G00000.도매 및 소매업(45~47),G47000.소매업,코스닥,기업의 계속성 및 경영의 투명성 등을 종합적으로 고려하여 상장폐지기준에 해당한다고 결정,기업의계속성_경영의투명성종합판단,2017,,,,,,,,,,,,,,,,,,,,,,,,,,,,,,,,,,,,,,,,,,,,,,,,,,,
N341711,A023430,아이이,아이이(주),110111-0370439,214-81-04910,1984-03-20,1994-10-07,2017-12-20,일반,12.0,중소기업,,,N25501.판매업체,G00000.도매 및 소매업(45~47),G47000.소매업,코스닥,기업의 계속성 및 경영의 투명성 등을 종합적으로 고려하여 상장폐지기준에 해당한다고 결정,기업의계속성_경영의투명성종합판단,2018,,,,,,,,,,,,,,,,,,,,,,,,,,,,,,,,,,,,,,,,,,,,,,,,,,,
N341711,A023430,아이이,아이이(주),110111-0370439,214-81-04910,1984-03-20,1994-10-07,2017-12-20,일반,12.0,중소기업,,,N25501.판매업체,G00000.도매 및 소매업(45~47),G47000.소매업,코스닥,기업의 계속성 및 경영의 투명성 등을 종합적으로 고려하여 상장폐지기준에 해당한다고 결정,기업의계속성_경영의투명성종합판단,2019,,,,,,,,,,,,,,,,,,,,,,,,,,,,,,,,,,,,,,,,,,,,,,,,,,,
N341711,A023430,아이이,아이이(주),110111-0370439,214-81-04910,1984-03-20,1994-10-07,2017-12-20,일반,12.0,중소기업,,,N25501.판매업체,G00000.도매 및 소매업(45~47),G47000.소매업,코스닥,기업의 계속성 및 경영의 투명성 등을 종합적으로 고려하여 상장폐지기준에 해당한다고 결정,기업의계속성_경영의투명성종합판단,2020,,,,,,,,,,,,,,,,,,,,,,,,,,,,,,,,,,,,,,,,,,,,,,,,,,,
N341711,A023430,아이이,아이이(주),110111-0370439,214-81-04910,1984-03-20,1994-10-07,2017-12-20,일반,12.0,중소기업,,,N25501.판매업체,G00000.도매 및 소매업(45~47),G47000.소매업,코스닥,기업의 계속성 및 경영의 투명성 등을 종합적으로 고려하여 상장폐지기준에 해당한다고 결정,기업의계속성_경영의투명성종합판단,2021,,,,,,,,,,,,,,,,,,,,,,,,,,,,,,,,,,,,,,,,,,,,,,,,,,,
N341711,A023430,아이이,아이이(주),110111-0370439,214-81-04910,1984-03-20,1994-10-07,2017-12-20,일반,12.0,중소기업,,,N25501.판매업체,G00000.도매 및 소매업(45~47),G47000.소매업,코스닥,기업의 계속성 및 경영의 투명성 등을 종합적으로 고려하여 상장폐지기준에 해당한다고 결정,기업의계속성_경영의투명성종합판단,2022,,,,,,,,,,,,,,,,,,,,,,,,,,,,,,,,,,,,,,,,,,,,,,,,,,,
N341711,A023430,아이이,아이이(주),110111-0370439,214-81-04910,1984-03-20,1994-10-07,2017-12-20,일반,12.0,중소기업,,,N25501.판매업체,G00000.도매 및 소매업(45~47),G47000.소매업,코스닥,기업의 계속성 및 경영의 투명성 등을 종합적으로 고려하여 상장폐지기준에 해당한다고 결정,기업의계속성_경영의투명성종합판단,2023,,,,,,,,,,,,,,,,,,,,,,,,,,,,,,,,,,,,,,,,,,,,,,,,,,,
N341711,A023430,아이이,아이이(주),110111-0370439,214-81-04910,1984-03-20,1994-10-07,2017-12-20,일반,12.0,중소기업,,,N25501.판매업체,G00000.도매 및 소매업(45~47),G47000.소매업,코스닥,기업의 계속성 및 경영의 투명성 등을 종합적으로 고려하여 상장폐지기준에 해당한다고 결정,기업의계속성_경영의투명성종합판단,2024,,,,,,,,,,,,,,,,,,,,,,,,,,,,,,,,,,,,,,,,,,,,,,,,,,,
N360880,A024810,이화전기,이화전기공업(주),110111-0054520,215-81-04548,1965-06-03,1994-12-29,,외감,12.0,중소기업,,이화전기공업,N20104.전기장비,C00000.제조업(10~34),C28000.전기장비 제조업,코스닥,기업의 계속성 및 경영의 투명성 등을 종합적으로 고려하여 상장폐지기준에 해당한다고 결정,기업의계속성_경영의투명성종합판단,2014,-0.1983542,-0.5176946,-0.1189382,-19.84,-0.6088154,,5.36,-16.59,-78.57,-0.0642539,-0.3042295,-0.1309173,-61.99,3.23,125.95,9.34,.39,0.79,0.7604443,0.0,485.2206587,3.9,4.48,-3.17,,"103,123,970.","2,028,500.","379,738.51",-7.67,-28.26,321.1897453,-124.5656483,-89.2119209,272.4738063,36.28,46.8,66.75,46.41,3.7,,126.14,113.68,-5.14,-41.53,-79.4,-22.13,-40.64,"-1,436.45",-14.78,-165.34,"129,832,382,000."
N360880,A024810,이화전기,이화전기공업(주),110111-0054520,215-81-04548,1965-06-03,1994-12-29,,외감,12.0,중소기업,,이화전기공업,N20104.전기장비,C00000.제조업(10~34),C28000.전기장비 제조업,코스닥,기업의 계속성 및 경영의 투명성 등을 종합적으로 고려하여 상장폐지기준에 해당한다고 결정,기업의계속성_경영의투명성종합판단,2015,0.2311908,1.1680735,0.9099742,23.12,-0.1307761,-0.3138075,18.1,3.21,-4.41,0.0156423,-0.0214997,0.0291521,-4.01,2.36,101.8,14.14,.49,0.91,1.0519904,1.394229982,2.53389661,3.4,3.82,-15.22,,"171,774,370.","1,884,190.","512,367.32",11.67,34.8,,-9.6261682,,260.191782,30.13,61.04,97.82,53.82,9.95,,155.36,63.83,1.36,-2.37,-3.56,-0.93,-1.84,"3,172.47",23.93,82.47,"113,588,184,000."
N360880,A024810,이화전기,이화전기공업(주),110111-0054520,215-81-04548,1965-06-03,1994-12-29,,외감,12.0,중소기업,,이화전기공업,N20104.전기장비,C00000.제조업(10~34),C28000.전기장비 제조업,코스닥,기업의 계속성 및 경영의 투명성 등을 종합적으로 고려하여 상장폐지기준에 해당한다고 결정,기업의계속성_경영의투명성종합판단,2016,0.3316462,-0.3515225,-1.4042128,33.16,0.1166954,0.0243902,18.51,1.86,-9.49,0.0098219,-0.0500503,0.0146931,-7.49,1.73,109.35,18.7,.53,0.79,1.5900424,1.32825558,2.098676242,3.54,3.98,9.52,,"189,964,180.","1,111,830.","516,551.75",8.03,21.82,,-19.9759309,,270.1069942,35.08,71.99,142.48,90.17,33.12,123.13,165.67,38.9,1.08,-13.84,-25.47,-3.87,-7.8,"3,728.67",15.22,131.65,"92,039,550,000."
N360880,A024810,이화전기,이화전기공업(주),110111-0054520,215-81-04548,1965-06-03,1994-12-29,,외감,12.0,중소기업,,이화전기공업,N20104.전기장비,C00000.제조업(10~34),C28000.전기장비 제조업,코스닥,기업의 계속성 및 경영의 투명성 등을 종합적으로 고려하여 상장폐지기준에 해당한다고 결정,기업의계속성_경영의투명성종합판단,2017,0.5723474,-0.4590939,2.2989876,57.23,0.0357467,0.0714286,20.04,.97,11.91,0.0044971,0.0550332,0.0054098,6.62,.36,90.12,27.06,.46,0.56,2.7393859,0.638854084,0.781751117,3.62,5.74,1.24,,"147,635,560.","1,292,070.","569,557.37",16.02,61.81,,17.1610083,,283.016436,41.53,92.2,929.43,759.54,158.13,20.48,96.76,8.46,2.68,-12.12,-53.42,-.95,-2.25,"7,062.99",34.67,60.74,"113,001,104,000."
N360880,A024810,이화전기,이화전기공업(주),110111-0054520,215-81-04548,1965-06-03,1994-12-29,,외감,12.0,중소기업,,이화전기공업,N20104.전기장비,C00000.제조업(10~34),C28000.전기장비 제조업,코스닥,기업의 계속성 및 경영의 투명성 등을 종합적으로 고려하여 상장폐지기준에 해당한다고 결정,기업의계속성_경영의투명성종합판단,2018,0.8182579,-8.9541475,-1.3486985,81.83,-0.1126062,-0.0833333,11.72,-8.72,-4.68,-0.0231043,-0.0123949,-0.024979,-1.34,.48,103.83,33.77,.26,0.29,3.5296423,0.323338723,0.375052742,2.67,5.23,.45,,"127,588,350.","1,675,760.","961,965.35",3.37,25.39,,-3.8914488,,314.6678329,57.34,92.66,"1,567.85","1,351.67",865.74,14.73,261.87,7.92,-18.23,-8.03,-15.07,-.59,-2.87,"1,933.08",12.71,174.88,"204,447,460,000."
N360880,A024810,이화전기,이화전기공업(주),110111-0054520,215-81-04548,1965-06-03,1994-12-29,,외감,12.0,중소기업,,이화전기공업,N20104.전기장비,C00000.제조업(10~34),C28000.전기장비 제조업,코스닥,기업의 계속성 및 경영의 투명성 등을 종합적으로 고려하여 상장폐지기준에 해당한다고 결정,기업의계속성_경영의투명성종합판단,2019,0.1063517,1.166022,1.0384753,10.64,0.3520195,-0.0181818,15.74,1.07,.13,0.0028284,0.0003516,0.0030517,.04,.42,99.88,29.17,.26,0.28,3.6094497,0.507723422,0.587963526,3.42,5.04,.51,,"128,892,090.","1,331,970.","1,328,769.68",4.72,48.69,,0.1205647,,291.7774306,45.9,92.71,"1,070.53",924.43,225.94,15.05,438.46,7.87,2.58,6.77,13.47,.49,1.96,"4,711.88",17.89,86.88,"226,073,917,000."
N360880,A024810,이화전기,이화전기공업(주),110111-0054520,215-81-04548,1965-06-03,1994-12-29,,외감,12.0,중소기업,,이화전기공업,N20104.전기장비,C00000.제조업(10~34),C28000.전기장비 제조업,코스닥,기업의 계속성 및 경영의 투명성 등을 종합적으로 고려하여 상장폐지기준에 해당한다고 결정,기업의계속성_경영의투명성종합판단,2020,-0.0727709,-6.8528279,-215.489636,-7.28,-0.0624618,0.0617284,9.87,-6.88,-37.37,-0.0143567,-0.0779749,-0.019237,-10.45,3.71,124.45,18.4,.21,0.28,0.8223768,0.0,0.0,2.63,4.46,1.01,,"120,928,780.","1,128,530.","1,410,355.19",-1.96,-22.81,74.0573584,-27.7305977,-7.3988239,265.4165613,32.72,74.63,183.04,151.11,42.55,38.45,192.2,33.99,-1.85,-23.51,-32.37,-5.88,-28.57,"-2,444.23",-8.9,-180.25,"259,088,268,000."
N360880,A024810,이화전기,이화전기공업(주),110111-0054520,215-81-04548,1965-06-03,1994-12-29,,외감,12.0,중소기업,,이화전기공업,N20104.전기장비,C00000.제조업(10~34),C28000.전기장비 제조업,코스닥,기업의 계속성 및 경영의 투명성 등을 종합적으로 고려하여 상장폐지기준에 해당한다고 결정,기업의계속성_경영의투명성종합판단,2021,0.3820705,0.1871138,2.3893821,38.21,0.2531815,-0.0290698,12.84,-4.46,41.44,-0.0095264,0.088434,-0.0131293,12.19,4.66,76.16,66.62,.21,0.29,0.7777122,0.0,34.5286539,3.54,4.54,1.12,,"125,115,570.","2,361,030.","1,886,588.16",12.56,189.38,224.167205,93.1176621,-3.3618926,3158.0015441,"1,478.49",71.13,163.73,147.03,48.39,26.21,298.29,40.59,-.96,25.39,33.8,7.29,40.51,"10,035.82",59.25,24.33,"255,456,839,000."
N360880,A024810,이화전기,이화전기공업(주),110111-0054520,215-81-04548,1965-06-03,1994-12-29,,외감,12.0,중소기업,,이화전기공업,N20104.전기장비,C00000.제조업(10~34),C28000.전기장비 제조업,코스닥,기업의 계속성 및 경영의 투명성 등을 종합적으로 고려하여 상장폐지기준에 해당한다고 결정,기업의계속성_경영의투명성종합판단,2022,-0.1697683,0.0353838,-4.0118252,-16.98,-0.2141197,-0.005988,11.71,-5.48,-158.8,-0.0078882,-0.2286354,-0.0119265,-34.57,13.1,209.45,54.13,.14,0.22,0.4251991,0.0,44.4223005,3.23,3.47,1.04,,"134,271,030.","4,390,190.","2,210,035.9",-14.24,-234.46,507.7454437,-812.0959682,79.2418585,1778.8089574,789.21,60.99,126.23,114.79,13.47,43.6,205.78,63.97,-.42,-52.16,-74.08,-18.38,-129.23,"-7,170.65",-101.3,-19.35,"370,442,906,000."
N360880,A024810,이화전기,이화전기공업(주),110111-0054520,215-81-04548,1965-06-03,1994-12-29,,외감,12.0,중소기업,,이화전기공업,N20104.전기장비,C00000.제조업(10~34),C28000.전기장비 제조업,코스닥,기업의 계속성 및 경영의 투명성 등을 종합적으로 고려하여 상장폐지기준에 해당한다고 결정,기업의계속성_경영의투명성종합판단,2023,0.1025239,2.2029154,0.88655,10.25,0.241487,0.0180723,19.77,5.31,-14.51,0.0104583,-0.0285889,0.0150424,-4.11,6.8,104.56,65.18,.2,0.28,0.6464634,0.0,54.0249491,3.99,3.98,1.36,,"145,554,050.","5,928,090.","1,930,353.61",-5.09,-67.47,409.8668002,-59.7556473,,1101.7067093,450.79,79.64,214.65,181.61,44.17,28.82,297.86,25.57,0.78,-54.46,-87.7,-10.31,-47.82,"-1,656.63",-26.58,-65.33,"358,696,265,000."
N360880,A024810,이화전기,이화전기공업(주),110111-0054520,215-81-04548,1965-06-03,1994-12-29,,외감,12.0,중소기업,,이화전기공업,N20104.전기장비,C00000.제조업(10~34),C28000.전기장비 제조업,코스닥,기업의 계속성 및 경영의 투명성 등을 종합적으로 고려하여 상장폐지기준에 해당한다고 결정,기업의계속성_경영의투명성종합판단,2024,-0.0564479,-0.513793,-0.4444369,-5.64,-0.0107131,0.0591716,15.67,2.61,-21.19,0.0057726,-0.0468795,0.0071762,-5.83,2.21,117.29,65.66,.22,0.28,1.1311757,0.0,94.0701385,3.58,3.01,1.23,,"138,266,200.","7,123,070.","1,544,172.6",-1.42,-15.9,294.4328588,-62.3856399,,1039.5177235,419.7,81.31,200.43,158.44,24.16,41.81,294.45,22.99,1.18,-36.34,-69.17,-6.17,-25.61,-308.64,-6.21,-294.44,"302,850,288,000."
N352195,A025850,한화화인케미칼,한화화인케미칼(주),110111-0234859,110-81-33942,1978-06-26,1995-11-10,2016-03-15,폐업,12.0,대기업,,,N15101.화학,C00000.제조업(10~34),C20000.화학 물질 및 화학제품 제조업,코스피,해산 사유 발생,해산사유발생,2014,-0.5569697,-0.1976081,-0.3574736,-55.7,-0.2061497,0.1368421,,,,-0.2488607,-0.3154402,-0.6053385,,,,,,2.11,1.4738718,,,12.58,8.55,,,,,"1,457,065.08",,,,-13062.7952632,,10453.5826316,,,39.94,30.49,,,,265.53,-24.28,,,,,,,,
N352195,A025850,한화화인케미칼,한화화인케미칼(주),110111-0234859,110-81-33942,1978-06-26,1995-11-10,2016-03-15,폐업,12.0,대기업,,,N15101.화학,C00000.제조업(10~34),C20000.화학 물질 및 화학제품 제조업,코스피,해산 사유 발생,해산사유발생,2015,-0.1419257,0.026465,0.1805364,-14.19,0.5387637,,,,,-0.268763,-0.2867532,-1.0330676,,,,,,5.69,2.002579,,,24.88,10.99,,,,,,,,,-9270.1802446,,4544.7750667,,,34.83,26.57,,,,306.34,-14.11,,,,,,,,
N352195,A025850,한화화인케미칼,한화화인케미칼(주),110111-0234859,110-81-33942,1978-06-26,1995-11-10,2016-03-15,폐업,12.0,대기업,,,N15101.화학,C00000.제조업(10~34),C20000.화학 물질 및 화학제품 제조업,코스피,해산 사유 발생,해산사유발생,2016,,,,,,,,,,,,,,,,,,,,,,,,,,,,,,,,,,,,,,,,,,,,,,,,,,,
N352195,A025850,한화화인케미칼,한화화인케미칼(주),110111-0234859,110-81-33942,1978-06-26,1995-11-10,2016-03-15,폐업,12.0,대기업,,,N15101.화학,C00000.제조업(10~34),C20000.화학 물질 및 화학제품 제조업,코스피,해산 사유 발생,해산사유발생,2017,,,,,,,,,,,,,,,,,,,,,,,,,,,,,,,,,,,,,,,,,,,,,,,,,,,
N352195,A025850,한화화인케미칼,한화화인케미칼(주),110111-0234859,110-81-33942,1978-06-26,1995-11-10,2016-03-15,폐업,12.0,대기업,,,N15101.화학,C00000.제조업(10~34),C20000.화학 물질 및 화학제품 제조업,코스피,해산 사유 발생,해산사유발생,2018,,,,,,,,,,,,,,,,,,,,,,,,,,,,,,,,,,,,,,,,,,,,,,,,,,,
N352195,A025850,한화화인케미칼,한화화인케미칼(주),110111-0234859,110-81-33942,1978-06-26,1995-11-10,2016-03-15,폐업,12.0,대기업,,,N15101.화학,C00000.제조업(10~34),C20000.화학 물질 및 화학제품 제조업,코스피,해산 사유 발생,해산사유발생,2019,,,,,,,,,,,,,,,,,,,,,,,,,,,,,,,,,,,,,,,,,,,,,,,,,,,
N352195,A025850,한화화인케미칼,한화화인케미칼(주),110111-0234859,110-81-33942,1978-06-26,1995-11-10,2016-03-15,폐업,12.0,대기업,,,N15101.화학,C00000.제조업(10~34),C20000.화학 물질 및 화학제품 제조업,코스피,해산 사유 발생,해산사유발생,2020,,,,,,,,,,,,,,,,,,,,,,,,,,,,,,,,,,,,,,,,,,,,,,,,,,,
N352195,A025850,한화화인케미칼,한화화인케미칼(주),110111-0234859,110-81-33942,1978-06-26,1995-11-10,2016-03-15,폐업,12.0,대기업,,,N15101.화학,C00000.제조업(10~34),C20000.화학 물질 및 화학제품 제조업,코스피,해산 사유 발생,해산사유발생,2021,,,,,,,,,,,,,,,,,,,,,,,,,,,,,,,,,,,,,,,,,,,,,,,,,,,
N352195,A025850,한화화인케미칼,한화화인케미칼(주),110111-0234859,110-81-33942,1978-06-26,1995-11-10,2016-03-15,폐업,12.0,대기업,,,N15101.화학,C00000.제조업(10~34),C20000.화학 물질 및 화학제품 제조업,코스피,해산 사유 발생,해산사유발생,2022,,,,,,,,,,,,,,,,,,,,,,,,,,,,,,,,,,,,,,,,,,,,,,,,,,,
N352195,A025850,한화화인케미칼,한화화인케미칼(주),110111-0234859,110-81-33942,1978-06-26,1995-11-10,2016-03-15,폐업,12.0,대기업,,,N15101.화학,C00000.제조업(10~34),C20000.화학 물질 및 화학제품 제조업,코스피,해산 사유 발생,해산사유발생,2023,,,,,,,,,,,,,,,,,,,,,,,,,,,,,,,,,,,,,,,,,,,,,,,,,,,
N352195,A025850,한화화인케미칼,한화화인케미칼(주),110111-0234859,110-81-33942,1978-06-26,1995-11-10,2016-03-15,폐업,12.0,대기업,,,N15101.화학,C00000.제조업(10~34),C20000.화학 물질 및 화학제품 제조업,코스피,해산 사유 발생,해산사유발생,2024,,,,,,,,,,,,,,,,,,,,,,,,,,,,,,,,,,,,,,,,,,,,,,,,,,,
N194271,A026260,위너지스,(주)위너지스,134111-0031273,138-81-00231,1990-06-27,1996-09-24,2018-10-11,일반,12.0,중소기업,,,N25501.판매업체,G00000.도매 및 소매업(45~47),G46000.도매 및 상품 중개업,코스닥,감사의견거절(감사범위 제한),감사의견거절,2014,1.3679526,-7.3776141,-2.3896487,136.8,-0.1302957,0.5625,31.61,-53.82,-117.56,-0.213968,-0.4673932,-0.2836218,-61.95,1.73,205.44,28.98,.4,0.53,1.6189202,,,273.67,1.16,1.03,,,,"668,446.92",,,442.5911867,-592.1060748,-363.1971491,796.1394246,59.33,81.44,435.87,435.03,243.17,.25,138.38,22.79,-31.03,,,,,,,,
N194271,A026260,위너지스,(주)위너지스,134111-0031273,138-81-00231,1990-06-27,1996-09-24,2018-10-11,일반,12.0,중소기업,,,N25501.판매업체,G00000.도매 및 소매업(45~47),G46000.도매 및 상품 중개업,코스닥,감사의견거절(감사범위 제한),감사의견거절,2015,-0.2567192,-0.2781606,-1.7040515,-25.67,2.5828171,0.04,42.09,-19.2,-88.72,-0.144208,-0.6664267,-0.2957676,-136.68,4.14,186.64,4.17,0.75,1.54,1.4658083,,,11.51,2.22,2.02,,,,"934,105.71",,,932.9026489,-706.4373365,-536.7837648,571.2895912,14.35,31.66,221.62,184.54,20.11,30.49,497.26,215.83,-4.64,,,,,,,,
N194271,A026260,위너지스,(주)위너지스,134111-0031273,138-81-00231,1990-06-27,1996-09-24,2018-10-11,일반,12.0,중소기업,,,N25501.판매업체,G00000.도매 및 소매업(45~47),G46000.도매 및 상품 중개업,코스닥,감사의견거절(감사범위 제한),감사의견거절,2016,-0.8390198,-1.8573392,-1.3238043,-83.9,0.2757527,-0.1153846,,,,-0.3246659,-1.2202182,-1.7072691,,,,,,3.97,0.9323232,,,11.05,2.3,,,,,"1,284,143.93",,,1032.3964898,-1713.3368244,-541.1538631,49.0138327,,,110.27,101.56,,,,"1,730.48",-4.14,,,,,,,,
N194271,A026260,위너지스,(주)위너지스,134111-0031273,138-81-00231,1990-06-27,1996-09-24,2018-10-11,일반,12.0,중소기업,,,N25501.판매업체,G00000.도매 및 소매업(45~47),G46000.도매 및 상품 중개업,코스닥,감사의견거절(감사범위 제한),감사의견거절,2017,12.8317278,0.1083019,0.7407479,"1,283.17",-0.6085963,0.7826087,,,,-0.2584606,-0.2824227,-0.7402534,,,,,,0.76,0.4053657,,,4.71,1.2,,,,,"884,473.29",,,216.00835,-224.5791794,-230.539935,331.3271437,,,184.84,159.65,,,,74.78,-3.72,,,,,,,,
N194271,A026260,위너지스,(주)위너지스,134111-0031273,138-81-00231,1990-06-27,1996-09-24,2018-10-11,일반,12.0,중소기업,,,N25501.판매업체,G00000.도매 및 소매업(45~47),G46000.도매 및 상품 중개업,코스닥,감사의견거절(감사범위 제한),감사의견거절,2018,,,,,,,,,,,,,,,,,,,,,,,,,,,,,,,,,,,,,,,,,,,,,,,,,,,
N194271,A026260,위너지스,(주)위너지스,134111-0031273,138-81-00231,1990-06-27,1996-09-24,2018-10-11,일반,12.0,중소기업,,,N25501.판매업체,G00000.도매 및 소매업(45~47),G46000.도매 및 상품 중개업,코스닥,감사의견거절(감사범위 제한),감사의견거절,2019,,,,,,,,,,,,,,,,,,,,,,,,,,,,,,,,,,,,,,,,,,,,,,,,,,,
N194271,A026260,위너지스,(주)위너지스,134111-0031273,138-81-00231,1990-06-27,1996-09-24,2018-10-11,일반,12.0,중소기업,,,N25501.판매업체,G00000.도매 및 소매업(45~47),G46000.도매 및 상품 중개업,코스닥,감사의견거절(감사범위 제한),감사의견거절,2020,,,,,,,,,,,,,,,,,,,,,,,,,,,,,,,,,,,,,,,,,,,,,,,,,,,
N194271,A026260,위너지스,(주)위너지스,134111-0031273,138-81-00231,1990-06-27,1996-09-24,2018-10-11,일반,12.0,중소기업,,,N25501.판매업체,G00000.도매 및 소매업(45~47),G46000.도매 및 상품 중개업,코스닥,감사의견거절(감사범위 제한),감사의견거절,2021,,,,,,,,,,,,,,,,,,,,,,,,,,,,,,,,,,,,,,,,,,,,,,,,,,,
N194271,A026260,위너지스,(주)위너지스,134111-0031273,138-81-00231,1990-06-27,1996-09-24,2018-10-11,일반,12.0,중소기업,,,N25501.판매업체,G00000.도매 및 소매업(45~47),G46000.도매 및 상품 중개업,코스닥,감사의견거절(감사범위 제한),감사의견거절,2022,,,,,,,,,,,,,,,,,,,,,,,,,,,,,,,,,,,,,,,,,,,,,,,,,,,
N194271,A026260,위너지스,(주)위너지스,134111-0031273,138-81-00231,1990-06-27,1996-09-24,2018-10-11,일반,12.0,중소기업,,,N25501.판매업체,G00000.도매 및 소매업(45~47),G46000.도매 및 상품 중개업,코스닥,감사의견거절(감사범위 제한),감사의견거절,2023,,,,,,,,,,,,,,,,,,,,,,,,,,,,,,,,,,,,,,,,,,,,,,,,,,,
N194271,A026260,위너지스,(주)위너지스,134111-0031273,138-81-00231,1990-06-27,1996-09-24,2018-10-11,일반,12.0,중소기업,,,N25501.판매업체,G00000.도매 및 소매업(45~47),G46000.도매 및 상품 중개업,코스닥,감사의견거절(감사범위 제한),감사의견거절,2024,,,,,,,,,,,,,,,,,,,,,,,,,,,,,,,,,,,,,,,,,,,,,,,,,,,
N388904,A028040,미래SCI,(주)미래SCI,181211-0003835,620-81-01495,1984-10-10,1996-07-27,2021-04-13,일반,12.0,중소기업,,,N25501.판매업체,G00000.도매 및 소매업(45~47),G46000.도매 및 상품 중개업,코스닥,"최근 2년간 3회 이상 공시규정 제19조제1항의 규정에 의한 사업보고서, 반기보고서 또는 분기보고서 법정제출기한 내 미제출",공시서류미제출,2014,-0.2436264,0.1509707,-0.9902927,-24.36,-0.3201022,-0.1643836,-31.09,-61.25,-142.21,-0.1103809,-0.2562788,-0.3594785,-83.46,20.78,229.11,-18.84,.18,0.59,0.2600648,,,1.88,4.62,-.42,,,,"696,392.45",,,390.5292106,-555.3771461,-288.0001557,300.4945318,-39.9,28.38,22.68,6.92,.35,,302.46,252.35,-2.95,,,,,,,,
N388904,A028040,미래SCI,(주)미래SCI,181211-0003835,620-81-01495,1984-10-10,1996-07-27,2021-04-13,일반,12.0,중소기업,,,N25501.판매업체,G00000.도매 및 소매업(45~47),G46000.도매 및 상품 중개업,코스닥,"최근 2년간 3회 이상 공시규정 제19조제1항의 규정에 의한 사업보고서, 반기보고서 또는 분기보고서 법정제출기한 내 미제출",공시서류미제출,2015,0.0651404,1.565037,0.6052949,6.51,0.2150529,-0.2622951,40.1,28.48,-46.2,0.063523,-0.1030257,0.2283919,-37.04,14.28,97.6,9.42,0.22,0.8,0.3089409,,,2.84,1.41,-0.56,,,,"927,003.22",,,262.8728014,-121.4388534,-106.4820986,762.9868313,52.63,27.3,49.99,40.38,.,,200.84,266.3,1.99,,,,,,,,
N388904,A028040,미래SCI,(주)미래SCI,181211-0003835,620-81-01495,1984-10-10,1996-07-27,2021-04-13,일반,12.0,중소기업,,,N25501.판매업체,G00000.도매 및 소매업(45~47),G46000.도매 및 상품 중개업,코스닥,"최근 2년간 3회 이상 공시규정 제19조제1항의 규정에 의한 사업보고서, 반기보고서 또는 분기보고서 법정제출기한 내 미제출",공시서류미제출,2016,0.4812599,-0.2338393,-0.383034,48.13,0.7742867,-0.3777778,,,,0.0454932,-0.1331909,0.1367323,,,,,,1.11,0.5542985,,,10.43,1.53,,,,,"1,555,251.79",,,958.4103194,-350.5216227,-117.6346506,962.8605978,,,137.59,136.32,,,,156.17,1.86,,,,,,,,
N388904,A028040,미래SCI,(주)미래SCI,181211-0003835,620-81-01495,1984-10-10,1996-07-27,2021-04-13,일반,12.0,중소기업,,,N25501.판매업체,G00000.도매 및 소매업(45~47),G46000.도매 및 상품 중개업,코스닥,"최근 2년간 3회 이상 공시규정 제19조제1항의 규정에 의한 사업보고서, 반기보고서 또는 분기보고서 법정제출기한 내 미제출",공시서류미제출,2017,0.0324189,-3.1101219,-0.121109,3.24,0.1574646,-0.3214286,,,,-0.0876385,-0.1363211,-0.237797,,,,,,1.06,0.6189542,,,11.21,2.16,,,,,"2,463,721.11",,,999.3681219,-353.4727514,-94.5439661,881.4487298,,,116.57,107.49,,,,186.03,-2.2,,,,,,,,
N388904,A028040,미래SCI,(주)미래SCI,181211-0003835,620-81-01495,1984-10-10,1996-07-27,2021-04-13,일반,12.0,중소기업,,,N25501.판매업체,G00000.도매 및 소매업(45~47),G46000.도매 및 상품 중개업,코스닥,"최근 2년간 3회 이상 공시규정 제19조제1항의 규정에 의한 사업보고서, 반기보고서 또는 분기보고서 법정제출기한 내 미제출",공시서류미제출,2018,0.2800023,0.0042665,-2.2023951,28.0,2.0139588,0.7368421,,,,-0.0719941,-0.360161,-0.2044427,,,,,,2.76,1.5001065,,,22.34,5.84,,,,,"1,680,504.24",,,2112.9517459,-790.7460569,-496.8567057,760.5263821,,,131.56,126.33,,,,182.36,-1.59,,,,,,,,
N388904,A028040,미래SCI,(주)미래SCI,181211-0003835,620-81-01495,1984-10-10,1996-07-27,2021-04-13,일반,12.0,중소기업,,,N25501.판매업체,G00000.도매 및 소매업(45~47),G46000.도매 및 상품 중개업,코스닥,"최근 2년간 3회 이상 공시규정 제19조제1항의 규정에 의한 사업보고서, 반기보고서 또는 분기보고서 법정제출기한 내 미제출",공시서류미제출,2019,-0.2780101,-0.3978287,0.0339732,-27.8,-0.7430618,-0.6060606,,,,-0.0989287,-0.3420245,-0.2956102,,,,,,0.73,0.3689383,,,9.38,2.03,,,,,"4,189,091.73",,,414.6010394,-582.0101697,234.3986739,376.1363323,,,100.57,97.55,,,,221.59,-1.83,,,,,,,,
N388904,A028040,미래SCI,(주)미래SCI,181211-0003835,620-81-01495,1984-10-10,1996-07-27,2021-04-13,일반,12.0,중소기업,,,N25501.판매업체,G00000.도매 및 소매업(45~47),G46000.도매 및 상품 중개업,코스닥,"최근 2년간 3회 이상 공시규정 제19조제1항의 규정에 의한 사업보고서, 반기보고서 또는 분기보고서 법정제출기한 내 미제출",공시서류미제출,2020,,,,,,,,,,,,,,,,,,,,,,,,,,,,,,,,,,,,,,,,,,,,,,,,,,,
N388904,A028040,미래SCI,(주)미래SCI,181211-0003835,620-81-01495,1984-10-10,1996-07-27,2021-04-13,일반,12.0,중소기업,,,N25501.판매업체,G00000.도매 및 소매업(45~47),G46000.도매 및 상품 중개업,코스닥,"최근 2년간 3회 이상 공시규정 제19조제1항의 규정에 의한 사업보고서, 반기보고서 또는 분기보고서 법정제출기한 내 미제출",공시서류미제출,2021,,,,,,,,,,,,,,,,,,,,,,,,,,,,,,,,,,,,,,,,,,,,,,,,,,,
N388904,A028040,미래SCI,(주)미래SCI,181211-0003835,620-81-01495,1984-10-10,1996-07-27,2021-04-13,일반,12.0,중소기업,,,N25501.판매업체,G00000.도매 및 소매업(45~47),G46000.도매 및 상품 중개업,코스닥,"최근 2년간 3회 이상 공시규정 제19조제1항의 규정에 의한 사업보고서, 반기보고서 또는 분기보고서 법정제출기한 내 미제출",공시서류미제출,2022,,,,,,,,,,,,,,,,,,,,,,,,,,,,,,,,,,,,,,,,,,,,,,,,,,,
N388904,A028040,미래SCI,(주)미래SCI,181211-0003835,620-81-01495,1984-10-10,1996-07-27,2021-04-13,일반,12.0,중소기업,,,N25501.판매업체,G00000.도매 및 소매업(45~47),G46000.도매 및 상품 중개업,코스닥,"최근 2년간 3회 이상 공시규정 제19조제1항의 규정에 의한 사업보고서, 반기보고서 또는 분기보고서 법정제출기한 내 미제출",공시서류미제출,2023,,,,,,,,,,,,,,,,,,,,,,,,,,,,,,,,,,,,,,,,,,,,,,,,,,,
N388904,A028040,미래SCI,(주)미래SCI,181211-0003835,620-81-01495,1984-10-10,1996-07-27,2021-04-13,일반,12.0,중소기업,,,N25501.판매업체,G00000.도매 및 소매업(45~47),G46000.도매 및 상품 중개업,코스닥,"최근 2년간 3회 이상 공시규정 제19조제1항의 규정에 의한 사업보고서, 반기보고서 또는 분기보고서 법정제출기한 내 미제출",공시서류미제출,2024,,,,,,,,,,,,,,,,,,,,,,,,,,,,,,,,,,,,,,,,,,,,,,,,,,,
N324833,A030270,에스마크,(주)에스마크,151111-0001366,303-81-03040,1986-05-28,1997-01-17,2020-05-21,일반,12.0,중소기업,,에스마크,"N25203.섬유, 의류, 사치품",C00000.제조업(10~34),C13000.섬유제품 제조업,코스닥,감사의견거절(감사범위제한 및 계속기업 존속 불확실),감사의견거절,2014,-0.0019427,-2.0248461,-8.5186323,-0.19,-0.1636715,-0.2034632,,,,-0.0270948,-0.0517593,-0.0874821,,,,,,2.28,1.0248262,,,3.24,8.2,,,,,"390,532.31",,,,-3099.4308333,,18538.4654508,,,66.46,19.45,,,,231.25,-1.57,,,,,,,,
N324833,A030270,에스마크,(주)에스마크,151111-0001366,303-81-03040,1986-05-28,1997-01-17,2020-05-21,일반,12.0,중소기업,,에스마크,"N25203.섬유, 의류, 사치품",C00000.제조업(10~34),C13000.섬유제품 제조업,코스닥,감사의견거절(감사범위제한 및 계속기업 존속 불확실),감사의견거절,2015,0.1191932,-6.1150589,-3.4157473,11.92,-0.0814669,-0.0706522,,,,-0.2052767,-0.2433703,-0.5880028,,,,,,1.98,1.0630107,,,3.83,9.64,,,,,"394,642.31",,,,-1325.2950024,,1003.3018244,,,46.41,21.46,,,,146.41,-9.67,,,,,,,-336.03,
N324833,A030270,에스마크,(주)에스마크,151111-0001366,303-81-03040,1986-05-28,1997-01-17,2020-05-21,일반,12.0,중소기업,,에스마크,"N25203.섬유, 의류, 사치품",C00000.제조업(10~34),C13000.섬유제품 제조업,코스닥,감사의견거절(감사범위제한 및 계속기업 존속 불확실),감사의견거절,2016,0.9377879,0.5081174,-0.2219591,93.78,-0.6174322,-0.245614,,,,-0.0751706,-0.199895,-0.165756,,,,,,0.45,0.3709809,,,7.67,6.34,,,,,"638,263.69",,,704.6343952,-702.3984608,-170.7933067,1170.0118028,,,37.17,32.17,,,,120.51,-3.1,,,,,,,,
N324833,A030270,에스마크,(주)에스마크,151111-0001366,303-81-03040,1986-05-28,1997-01-17,2020-05-21,일반,12.0,중소기업,,에스마크,"N25203.섬유, 의류, 사치품",C00000.제조업(10~34),C13000.섬유제품 제조업,코스닥,감사의견거절(감사범위제한 및 계속기업 존속 불확실),감사의견거절,2017,-0.3900071,-0.3428214,-3.1435023,-39.,-0.1949508,-0.5503876,,,,-0.1239242,-1.0168563,-0.2764991,,,,,,0.45,0.3631315,,,4.35,5.22,,,,,"1,400,150.66",,,227.8844945,-1153.9425552,-282.752108,306.8536885,,,135.17,117.2,,,,127.4,-1.32,,,,,,,,
N324833,A030270,에스마크,(주)에스마크,151111-0001366,303-81-03040,1986-05-28,1997-01-17,2020-05-21,일반,12.0,중소기업,,에스마크,"N25203.섬유, 의류, 사치품",C00000.제조업(10~34),C13000.섬유제품 제조업,코스닥,감사의견거절(감사범위제한 및 계속기업 존속 불확실),감사의견거절,2018,-0.0745794,0.0162253,0.6018906,-7.46,-0.1673209,-0.362069,,,,-0.1629961,-0.5412369,-0.3728747,,,,,,0.51,0.3963246,,,2.82,3.67,,,,,"1,499,813.01",,,109.8296379,-265.4216849,-55.0959572,180.0271383,,,111.56,92.41,,,,130.23,-1.35,,,,,,,,
N324833,A030270,에스마크,(주)에스마크,151111-0001366,303-81-03040,1986-05-28,1997-01-17,2020-05-21,일반,12.0,중소기업,,에스마크,"N25203.섬유, 의류, 사치품",C00000.제조업(10~34),C13000.섬유제품 제조업,코스닥,감사의견거절(감사범위제한 및 계속기업 존속 불확실),감사의견거절,2019,-0.3137603,0.6180491,0.5789245,-31.38,-0.8205909,-0.7297297,,,,-0.073803,-0.2701697,-0.1757266,,,,,,0.11,0.0817999,,,.52,0.59,,,,,"4,038,270.4",,,324.2517026,-1851.6958425,-642.4230105,2386.6121127,,,111.74,87.02,,,,149.57,-2.19,,,,,,,,
N324833,A030270,에스마크,(주)에스마크,151111-0001366,303-81-03040,1986-05-28,1997-01-17,2020-05-21,일반,12.0,중소기업,,에스마크,"N25203.섬유, 의류, 사치품",C00000.제조업(10~34),C13000.섬유제품 제조업,코스닥,감사의견거절(감사범위제한 및 계속기업 존속 불확실),감사의견거절,2020,,,,,,,,,,,,,,,,,,,,,,,,,,,,,,,,,,,,,,,,,,,,,,,,,,,
N324833,A030270,에스마크,(주)에스마크,151111-0001366,303-81-03040,1986-05-28,1997-01-17,2020-05-21,일반,12.0,중소기업,,에스마크,"N25203.섬유, 의류, 사치품",C00000.제조업(10~34),C13000.섬유제품 제조업,코스닥,감사의견거절(감사범위제한 및 계속기업 존속 불확실),감사의견거절,2021,,,,,,,,,,,,,,,,,,,,,,,,,,,,,,,,,,,,,,,,,,,,,,,,,,,
N324833,A030270,에스마크,(주)에스마크,151111-0001366,303-81-03040,1986-05-28,1997-01-17,2020-05-21,일반,12.0,중소기업,,에스마크,"N25203.섬유, 의류, 사치품",C00000.제조업(10~34),C13000.섬유제품 제조업,코스닥,감사의견거절(감사범위제한 및 계속기업 존속 불확실),감사의견거절,2022,,,,,,,,,,,,,,,,,,,,,,,,,,,,,,,,,,,,,,,,,,,,,,,,,,,
N324833,A030270,에스마크,(주)에스마크,151111-0001366,303-81-03040,1986-05-28,1997-01-17,2020-05-21,일반,12.0,중소기업,,에스마크,"N25203.섬유, 의류, 사치품",C00000.제조업(10~34),C13000.섬유제품 제조업,코스닥,감사의견거절(감사범위제한 및 계속기업 존속 불확실),감사의견거절,2023,,,,,,,,,,,,,,,,,,,,,,,,,,,,,,,,,,,,,,,,,,,,,,,,,,,
N324833,A030270,에스마크,(주)에스마크,151111-0001366,303-81-03040,1986-05-28,1997-01-17,2020-05-21,일반,12.0,중소기업,,에스마크,"N25203.섬유, 의류, 사치품",C00000.제조업(10~34),C13000.섬유제품 제조업,코스닥,감사의견거절(감사범위제한 및 계속기업 존속 불확실),감사의견거절,2024,,,,,,,,,,,,,,,,,,,,,,,,,,,,,,,,,,,,,,,,,,,,,,,,,,,
N814083,A030790,비케이탑스,에이치에스아엔씨(주),110111-0766703,215-81-44176,1991-03-30,2010-11-02,2024-05-13,일반,12.0,중소기업,,,N45102.IT서비스,J00000.정보통신업(58~63),"J62000.컴퓨터 프로그래밍, 시스템 통합 및 관리업",코스피,감사의견 의견거절 2년 계속,감사의견거절,2014,-1.266856,1.0101357,1.8638698,,-0.709097,-0.4598726,10.44,0.53,100.32,0.0042796,0.8161138,-0.0155044,,4.73,48.5,15.16,.81,,0.6375112,0.0,560.5982353,21.52,6.69,-4.05,,"37,545,700.","13,769,350.","379,679.31",135.3,"1,368.19",3802.1214317,3981.4862882,,1118.9653962,123.79,27.64,134.93,131.13,37.16,10.88,106.13,261.79,.11,183.67,289.63,124.88,128.19,"3,730.72",191.89,17.22,"223,836,869,000."
N814083,A030790,비케이탑스,에이치에스아엔씨(주),110111-0766703,215-81-44176,1991-03-30,2010-11-02,2024-05-13,일반,12.0,중소기업,,,N45102.IT서비스,J00000.정보통신업(58~63),"J62000.컴퓨터 프로그래밍, 시스템 통합 및 관리업",코스피,감사의견 의견거절 2년 계속,감사의견거절,2015,0.4057418,-9.6255143,-1.0624437,40.57,-0.2147105,-0.1839623,6.87,-5.78,-7.98,-0.057621,-0.0795493,-0.1527226,-21.08,6.41,110.1,23.65,1.0,2.64,1.6013567,0.0,262.593999,64.88,8.9,4.94,,"14,164,590.","11,557,550.","298,129.52",34.23,720.53,3353.4723391,-281.4747855,,937.8378035,87.57,50.96,166.27,163.51,122.76,4.17,41.76,96.23,-.9,9.32,18.91,3.63,3.73,883.05,40.38,74.02,"127,822,384,000."
N814083,A030790,비케이탑스,에이치에스아엔씨(주),110111-0766703,215-81-44176,1991-03-30,2010-11-02,2024-05-13,일반,12.0,중소기업,,,N45102.IT서비스,J00000.정보통신업(58~63),"J62000.컴퓨터 프로그래밍, 시스템 통합 및 관리업",코스피,감사의견 의견거절 2년 계속,감사의견거절,2016,-0.1623544,-0.0235811,0.5572402,-16.24,-0.162342,-0.0549133,7.05,-7.06,-4.22,-0.0685281,-0.0409233,-0.1455819,-8.69,4.78,101.96,14.85,0.97,2.06,1.833662,0.0,166.0013405,203.25,9.69,2.9,,"9,562,140.","7,902,000.","279,288.66",29.53,862.49,1731.143217,-76.6862146,,771.5094068,54.3,43.14,271.77,271.74,198.13,.01,82.3,131.8,-1.48,-13.25,-27.25,-6.33,-6.58,"1,043.7",30.18,92.89,"97,458,769,000."
N814083,A030790,비케이탑스,에이치에스아엔씨(주),110111-0766703,215-81-44176,1991-03-30,2010-11-02,2024-05-13,일반,12.0,중소기업,,,N45102.IT서비스,J00000.정보통신업(58~63),"J62000.컴퓨터 프로그래밍, 시스템 통합 및 관리업",코스피,감사의견 의견거절 2년 계속,감사의견거절,2017,0.8946283,-0.1769152,-4.1269236,89.46,-0.0831772,0.0489297,6.8,-9.06,-23.58,-0.0788673,-0.2051685,-0.1298557,-33.78,2.04,118.36,31.95,0.87,1.43,2.2159688,0.0,127.9869251,"2,276.7",10.88,1.72,,"6,608,240.","5,330,700.","280,064.7",-0.59,-25.18,1368.5755184,-327.9814816,,962.5490052,71.44,77.39,457.04,456.61,391.76,.12,116.27,29.21,-4.45,-124.16,-993.8,-27.28,-33.81,-31.21,-.71,"-4,172.06","96,432,695,000."
N814083,A030790,비케이탑스,에이치에스아엔씨(주),110111-0766703,215-81-44176,1991-03-30,2010-11-02,2024-05-13,일반,12.0,중소기업,,,N45102.IT서비스,J00000.정보통신업(58~63),"J62000.컴퓨터 프로그래밍, 시스템 통합 및 관리업",코스피,감사의견 의견거절 2년 계속,감사의견거절,2018,0.0589438,-1.5337412,0.1848965,5.89,-0.1886262,-0.2011662,-5.56,-28.31,-23.69,-0.135463,-0.1133665,-0.2441449,-20.43,12.12,119.88,19.04,.48,0.86,1.0750954,0.0,88.1403954,61.93,7.29,2.55,,"4,525,280.","3,188,000.","529,025.97",,,730.3846046,-174.0589243,,884.7818869,76.96,43.78,97.56,95.43,73.54,,252.59,128.41,-2.33,-15.34,-24.25,-8.62,-23.49,,,,"101,845,856,000."
N814083,A030790,비케이탑스,에이치에스아엔씨(주),110111-0766703,215-81-44176,1991-03-30,2010-11-02,2024-05-13,일반,12.0,중소기업,,,N45102.IT서비스,J00000.정보통신업(58~63),"J62000.컴퓨터 프로그래밍, 시스템 통합 및 관리업",코스피,감사의견 의견거절 2년 계속,감사의견거절,2019,-0.5070911,0.8132357,-1.1156715,-50.71,-0.8341559,-0.4452555,2.46,-31.88,-302.19,-0.0256841,-0.2434909,-0.0593854,-56.3,120.08,194.14,-33.88,.08,0.19,0.141984,0.0,404.9086305,7.86,1.06,-.62,,"3,613,810.","925,010.","941,279.06",,,113.0001245,-320.5181305,,277.3846958,-44.52,42.21,34.19,32.75,14.11,,106.33,136.91,-.27,-63.68,-91.29,-37.56,-309.03,,,,"190,646,346,000."
N814083,A030790,비케이탑스,에이치에스아엔씨(주),110111-0766703,215-81-44176,1991-03-30,2010-11-02,2024-05-13,일반,12.0,중소기업,,,N45102.IT서비스,J00000.정보통신업(58~63),"J62000.컴퓨터 프로그래밍, 시스템 통합 및 관리업",코스피,감사의견 의견거절 2년 계속,감사의견거절,2020,-0.4397702,0.0763551,-0.3968069,-43.98,-0.1507387,-0.9144737,10.32,-34.67,-497.02,-0.0410016,-0.5878291,-0.1064787,-152.66,45.31,473.64,23.91,.12,0.31,0.1923327,0.0,97.5453738,13.02,1.57,-.31,,"45,183,960.","3,889,460.","5,995,227.08",,,340.8342457,-1795.0068186,,1764.2216769,253.26,33.29,30.96,29.12,3.75,,"2,553.88",200.37,-0.77,-125.16,-152.23,-77.38,-600.7,,,,"97,467,795,000."
N814083,A030790,비케이탑스,에이치에스아엔씨(주),110111-0766703,215-81-44176,1991-03-30,2010-11-02,2024-05-13,일반,12.0,중소기업,,,N45102.IT서비스,J00000.정보통신업(58~63),"J62000.컴퓨터 프로그래밍, 시스템 통합 및 관리업",코스피,감사의견 의견거절 2년 계속,감사의견거절,2021,-0.7817882,-2.0248965,0.3027543,-78.18,1.5155465,0.6153846,3.58,-41.69,-137.76,-0.1165918,-0.3852949,-0.7363307,-243.33,41.41,169.42,-2.29,.28,1.77,0.3323016,0.0,110.3246658,1.33,4.39,-.77,,"35,546,520.","1,088,500.","3,657,273.29",,,1665.9423566,-2460.2966645,,333.2996468,-32.85,4.65,55.49,10.89,0.32,,82.97,"2,049.24",-1.01,-35.59,-59.47,-32.1,-356.28,,,,"69,231,085,000."
N814083,A030790,비케이탑스,에이치에스아엔씨(주),110111-0766703,215-81-44176,1991-03-30,2010-11-02,2024-05-13,일반,12.0,중소기업,,,N45102.IT서비스,J00000.정보통신업(58~63),"J62000.컴퓨터 프로그래밍, 시스템 통합 및 관리업",코스피,감사의견 의견거절 2년 계속,감사의견거절,2022,0.5018782,0.0687648,0.5784682,50.19,0.2868876,-0.7142857,7.16,-30.17,-45.12,-0.0936624,-0.1401075,-1.5300675,-228.88,30.37,136.13,-6.19,.31,5.07,0.3307351,0.0,68.2344643,.92,3.99,-1.19,,"103,765,830.","2,463,830.","14,787,221.75",,,1638.4754241,-739.3576908,,355.6173537,-44.26,7.75,79.96,42.21,2.55,"1,332.91",122.25,"1,190.27",-.99,-12.07,-20.42,-9.68,-130.53,,,,"108,096,534,000."
N814083,A030790,비케이탑스,에이치에스아엔씨(주),110111-0766703,215-81-44176,1991-03-30,2010-11-02,2024-05-13,일반,12.0,중소기업,,,N45102.IT서비스,J00000.정보통신업(58~63),"J62000.컴퓨터 프로그래밍, 시스템 통합 및 관리업",코스피,감사의견 의견거절 2년 계속,감사의견거절,2023,,,,,,,,,,,,,,,,,,,,,,,,,,,,,,,,,,,,,,,,,,,,,,,,,,,"97,463,452,000."
N814083,A030790,비케이탑스,에이치에스아엔씨(주),110111-0766703,215-81-44176,1991-03-30,2010-11-02,2024-05-13,일반,12.0,중소기업,,,N45102.IT서비스,J00000.정보통신업(58~63),"J62000.컴퓨터 프로그래밍, 시스템 통합 및 관리업",코스피,감사의견 의견거절 2년 계속,감사의견거절,2024,,,,,,,,,,,,,,,,,,,,,,,,,,,,,,,,,,,,,,,,,,,,,,,,,,,
N081469,A032420,터보테크,(주)터보테크,110111-0569694,214-81-59263,1988-04-07,1997-04-22,2015-01-27,폐업,12.0,중소기업,,,N25202.레저용 제품,G00000.도매 및 소매업(45~47),G47000.소매업,코스닥,기업의 계속성 및 경영의 투명성 등을 종합적으로 고려하여 상장폐지기준에 해당한다고 결정,기업의계속성_경영의투명성종합판단,2014,,,,,,,,,,,,,,,,,,,,,,,,,,,,,,,,,,,,,,,,,,,,,,,,,,,
N081469,A032420,터보테크,(주)터보테크,110111-0569694,214-81-59263,1988-04-07,1997-04-22,2015-01-27,폐업,12.0,중소기업,,,N25202.레저용 제품,G00000.도매 및 소매업(45~47),G47000.소매업,코스닥,기업의 계속성 및 경영의 투명성 등을 종합적으로 고려하여 상장폐지기준에 해당한다고 결정,기업의계속성_경영의투명성종합판단,2015,,,,,,,,,,,,,,,,,,,,,,,,,,,,,,,,,,,,,,,,,,,,,,,,,,,
N081469,A032420,터보테크,(주)터보테크,110111-0569694,214-81-59263,1988-04-07,1997-04-22,2015-01-27,폐업,12.0,중소기업,,,N25202.레저용 제품,G00000.도매 및 소매업(45~47),G47000.소매업,코스닥,기업의 계속성 및 경영의 투명성 등을 종합적으로 고려하여 상장폐지기준에 해당한다고 결정,기업의계속성_경영의투명성종합판단,2016,,,,,,,,,,,,,,,,,,,,,,,,,,,,,,,,,,,,,,,,,,,,,,,,,,,
N081469,A032420,터보테크,(주)터보테크,110111-0569694,214-81-59263,1988-04-07,1997-04-22,2015-01-27,폐업,12.0,중소기업,,,N25202.레저용 제품,G00000.도매 및 소매업(45~47),G47000.소매업,코스닥,기업의 계속성 및 경영의 투명성 등을 종합적으로 고려하여 상장폐지기준에 해당한다고 결정,기업의계속성_경영의투명성종합판단,2017,,,,,,,,,,,,,,,,,,,,,,,,,,,,,,,,,,,,,,,,,,,,,,,,,,,
N081469,A032420,터보테크,(주)터보테크,110111-0569694,214-81-59263,1988-04-07,1997-04-22,2015-01-27,폐업,12.0,중소기업,,,N25202.레저용 제품,G00000.도매 및 소매업(45~47),G47000.소매업,코스닥,기업의 계속성 및 경영의 투명성 등을 종합적으로 고려하여 상장폐지기준에 해당한다고 결정,기업의계속성_경영의투명성종합판단,2018,,,,,,,,,,,,,,,,,,,,,,,,,,,,,,,,,,,,,,,,,,,,,,,,,,,
N081469,A032420,터보테크,(주)터보테크,110111-0569694,214-81-59263,1988-04-07,1997-04-22,2015-01-27,폐업,12.0,중소기업,,,N25202.레저용 제품,G00000.도매 및 소매업(45~47),G47000.소매업,코스닥,기업의 계속성 및 경영의 투명성 등을 종합적으로 고려하여 상장폐지기준에 해당한다고 결정,기업의계속성_경영의투명성종합판단,2019,,,,,,,,,,,,,,,,,,,,,,,,,,,,,,,,,,,,,,,,,,,,,,,,,,,
N081469,A032420,터보테크,(주)터보테크,110111-0569694,214-81-59263,1988-04-07,1997-04-22,2015-01-27,폐업,12.0,중소기업,,,N25202.레저용 제품,G00000.도매 및 소매업(45~47),G47000.소매업,코스닥,기업의 계속성 및 경영의 투명성 등을 종합적으로 고려하여 상장폐지기준에 해당한다고 결정,기업의계속성_경영의투명성종합판단,2020,,,,,,,,,,,,,,,,,,,,,,,,,,,,,,,,,,,,,,,,,,,,,,,,,,,
N081469,A032420,터보테크,(주)터보테크,110111-0569694,214-81-59263,1988-04-07,1997-04-22,2015-01-27,폐업,12.0,중소기업,,,N25202.레저용 제품,G00000.도매 및 소매업(45~47),G47000.소매업,코스닥,기업의 계속성 및 경영의 투명성 등을 종합적으로 고려하여 상장폐지기준에 해당한다고 결정,기업의계속성_경영의투명성종합판단,2021,,,,,,,,,,,,,,,,,,,,,,,,,,,,,,,,,,,,,,,,,,,,,,,,,,,
N081469,A032420,터보테크,(주)터보테크,110111-0569694,214-81-59263,1988-04-07,1997-04-22,2015-01-27,폐업,12.0,중소기업,,,N25202.레저용 제품,G00000.도매 및 소매업(45~47),G47000.소매업,코스닥,기업의 계속성 및 경영의 투명성 등을 종합적으로 고려하여 상장폐지기준에 해당한다고 결정,기업의계속성_경영의투명성종합판단,2022,,,,,,,,,,,,,,,,,,,,,,,,,,,,,,,,,,,,,,,,,,,,,,,,,,,
N081469,A032420,터보테크,(주)터보테크,110111-0569694,214-81-59263,1988-04-07,1997-04-22,2015-01-27,폐업,12.0,중소기업,,,N25202.레저용 제품,G00000.도매 및 소매업(45~47),G47000.소매업,코스닥,기업의 계속성 및 경영의 투명성 등을 종합적으로 고려하여 상장폐지기준에 해당한다고 결정,기업의계속성_경영의투명성종합판단,2023,,,,,,,,,,,,,,,,,,,,,,,,,,,,,,,,,,,,,,,,,,,,,,,,,,,
N081469,A032420,터보테크,(주)터보테크,110111-0569694,214-81-59263,1988-04-07,1997-04-22,2015-01-27,폐업,12.0,중소기업,,,N25202.레저용 제품,G00000.도매 및 소매업(45~47),G47000.소매업,코스닥,기업의 계속성 및 경영의 투명성 등을 종합적으로 고려하여 상장폐지기준에 해당한다고 결정,기업의계속성_경영의투명성종합판단,2024,,,,,,,,,,,,,,,,,,,,,,,,,,,,,,,,,,,,,,,,,,,,,,,,,,,
N008230,A033110,코너스톤네트웍스,(주)코너스톤네트웍스,110111-0424129,114-81-22210,1986-04-07,1997-08-18,2021-10-08,폐업,12.0,중소기업,,,N25503.복합소매,G00000.도매 및 소매업(45~47),G47000.소매업,코스닥,감사의견 거절(감사범위 제한 및 계속기업 존속능력에 대한 불확실성),감사의견거절,2014,-0.2000802,-7.4964415,-31.1427374,-20.01,-0.4955498,,31.2,-43.6,-82.01,-0.1074117,-0.2020294,-0.1577395,-29.67,2.48,178.42,33.27,.25,0.36,0.7720729,,,2.07,1.26,.68,,,,,,,385.2532655,-316.600196,-272.8282319,969.3478758,98.72,63.86,380.91,289.16,49.97,32.66,353.1,56.6,-17.58,,,,,,,,
N008230,A033110,코너스톤네트웍스,(주)코너스톤네트웍스,110111-0424129,114-81-22210,1986-04-07,1997-08-18,2021-10-08,폐업,12.0,중소기업,,,N25503.복합소매,G00000.도매 및 소매업(45~47),G47000.소매업,코스닥,감사의견 거절(감사범위 제한 및 계속기업 존속능력에 대한 불확실성),감사의견거절,2015,-0.3417521,-0.0770555,-0.1449116,-34.18,-0.0925897,,23.83,-51.76,-103.48,-0.1299507,-0.2598218,-0.2305344,-46.09,2.93,188.14,13.72,0.25,0.45,0.5754758,,,2.05,0.99,0.81,,,,"753,376.36",,,339.5248412,-354.4907777,-14.157559,640.02551,35.4,47.85,171.25,132.13,20.82,54.91,522.74,109.,-17.64,,,,,,,,
N008230,A033110,코너스톤네트웍스,(주)코너스톤네트웍스,110111-0424129,114-81-22210,1986-04-07,1997-08-18,2021-10-08,폐업,12.0,중소기업,,,N25503.복합소매,G00000.도매 및 소매업(45~47),G47000.소매업,코스닥,감사의견 거절(감사범위 제한 및 계속기업 존속능력에 대한 불확실성),감사의견거절,2016,1.4450281,1.0262807,-0.1721247,144.5,2.5339411,0.1489362,,,,0.0017297,-0.1542465,0.0044304,,,,,,1.15,0.7372583,,,9.15,2.09,,,,,"1,114,854.76",,,1078.1773343,-180.1740141,-312.4119295,565.6347472,,,85.01,80.15,,,,175.41,.03,,,,,,,,
N008230,A033110,코너스톤네트웍스,(주)코너스톤네트웍스,110111-0424129,114-81-22210,1986-04-07,1997-08-18,2021-10-08,폐업,12.0,중소기업,,,N25503.복합소매,G00000.도매 및 소매업(45~47),G47000.소매업,코스닥,감사의견 거절(감사범위 제한 및 계속기업 존속능력에 대한 불확실성),감사의견거절,2017,-0.4658564,-54.0796313,-4.0220598,-46.59,-0.8727099,0.0,,,,-0.0862975,-0.7280905,-0.2159788,,,,,,0.13,0.089549,,,1.4,0.32,,,,,"1,199,649.54",,,97.4516142,-1286.8130223,-90.6522069,377.1912554,,,167.69,155.29,,,,103.22,-1.66,,,,,,,-8.97,
N008230,A033110,코너스톤네트웍스,(주)코너스톤네트웍스,110111-0424129,114-81-22210,1986-04-07,1997-08-18,2021-10-08,폐업,12.0,중소기업,,,N25503.복합소매,G00000.도매 및 소매업(45~47),G47000.소매업,코스닥,감사의견 거절(감사범위 제한 및 계속기업 존속능력에 대한 불확실성),감사의견거절,2018,0.352664,0.2117842,0.8710964,35.27,1.2482305,-0.537037,,,,-0.1045286,-0.1442257,-0.2078281,,,,,,0.37,0.3737369,,,2.34,1.54,,,,,"1,810,417.32",,,146.121811,-99.7383768,-159.239421,285.9772227,,,179.26,153.87,,,,95.57,-1.83,,,,,,,71.96,
N008230,A033110,코너스톤네트웍스,(주)코너스톤네트웍스,110111-0424129,114-81-22210,1986-04-07,1997-08-18,2021-10-08,폐업,12.0,중소기업,,,N25503.복합소매,G00000.도매 및 소매업(45~47),G47000.소매업,코스닥,감사의견 거절(감사범위 제한 및 계속기업 존속능력에 대한 불확실성),감사의견거절,2019,0.3224146,-0.3694359,-6.5406083,32.24,-0.7426351,0.48,,,,-0.1023547,-0.7776425,-0.2131456,,,,,,0.07,0.0657677,,,.5,0.21,,,,,"1,530,592.49",,,20.8278217,-454.4435548,-57.7859036,287.505613,,,95.58,84.34,,,,117.82,-2.83,,,,,,,-4.68,
N008230,A033110,코너스톤네트웍스,(주)코너스톤네트웍스,110111-0424129,114-81-22210,1986-04-07,1997-08-18,2021-10-08,폐업,12.0,중소기업,,,N25503.복합소매,G00000.도매 및 소매업(45~47),G47000.소매업,코스닥,감사의견 거절(감사범위 제한 및 계속기업 존속능력에 대한 불확실성),감사의견거절,2020,-0.967667,0.4366324,0.2805359,-96.77,1.2968285,-0.7837838,,,,-0.06479,-0.6286327,-0.2042775,,,,,,0.28,0.1291997,,,2.41,0.49,,,,,"5,808,579.75",,,40.6554896,-285.9108407,-28.2348999,8.5193468,,,94.62,93.86,,,,"3,229.9",-1.4,,,,,,,,
N008230,A033110,코너스톤네트웍스,(주)코너스톤네트웍스,110111-0424129,114-81-22210,1986-04-07,1997-08-18,2021-10-08,폐업,12.0,중소기업,,,N25503.복합소매,G00000.도매 및 소매업(45~47),G47000.소매업,코스닥,감사의견 거절(감사범위 제한 및 계속기업 존속능력에 대한 불확실성),감사의견거절,2021,,,,,,,,,,,,,,,,,,,,,,,,,,,,,,,,,,,,,,,,,,,,,,,,,,,
N008230,A033110,코너스톤네트웍스,(주)코너스톤네트웍스,110111-0424129,114-81-22210,1986-04-07,1997-08-18,2021-10-08,폐업,12.0,중소기업,,,N25503.복합소매,G00000.도매 및 소매업(45~47),G47000.소매업,코스닥,감사의견 거절(감사범위 제한 및 계속기업 존속능력에 대한 불확실성),감사의견거절,2022,,,,,,,,,,,,,,,,,,,,,,,,,,,,,,,,,,,,,,,,,,,,,,,,,,,
N008230,A033110,코너스톤네트웍스,(주)코너스톤네트웍스,110111-0424129,114-81-22210,1986-04-07,1997-08-18,2021-10-08,폐업,12.0,중소기업,,,N25503.복합소매,G00000.도매 및 소매업(45~47),G47000.소매업,코스닥,감사의견 거절(감사범위 제한 및 계속기업 존속능력에 대한 불확실성),감사의견거절,2023,,,,,,,,,,,,,,,,,,,,,,,,,,,,,,,,,,,,,,,,,,,,,,,,,,,
N008230,A033110,코너스톤네트웍스,(주)코너스톤네트웍스,110111-0424129,114-81-22210,1986-04-07,1997-08-18,2021-10-08,폐업,12.0,중소기업,,,N25503.복합소매,G00000.도매 및 소매업(45~47),G47000.소매업,코스닥,감사의견 거절(감사범위 제한 및 계속기업 존속능력에 대한 불확실성),감사의견거절,2024,,,,,,,,,,,,,,,,,,,,,,,,,,,,,,,,,,,,,,,,,,,,,,,,,,,
N662500,A033180,KH 필룩스,케이에이치필룩스(주),111511-0004162,127-81-07398,1984-02-07,2001-12-26,2026-01-15,외감,12.0,중소기업,,KH,N20104.전기장비,C00000.제조업(10~34),"C26000.전자 부품, 컴퓨터, 영상, 음향 및 통신장비 제조업",코스피,감사의견 의견거절 2년 계속,감사의견거절,2014,0.0835521,0.1059798,0.2004569,8.36,0.062093,0.0746269,31.49,7.1,5.06,0.0749351,0.0534142,0.116539,8.31,.41,93.11,52.21,1.05,1.64,2.954996,0.0,310.0633957,4.72,4.65,4.85,,"123,692,920.","2,123,830.","412,014.7",14.04,46.76,4085.0674333,206.8408695,,2589.8199863,411.9,64.89,162.04,94.53,11.53,108.81,152.54,54.11,17.38,9.16,15.33,3.38,4.,"2,723.44",16.72,62.66,"94,998,300,000."
N662500,A033180,KH 필룩스,케이에이치필룩스(주),111511-0004162,127-81-07398,1984-02-07,2001-12-26,2026-01-15,외감,12.0,중소기업,,KH,N20104.전기장비,C00000.제조업(10~34),"C26000.전자 부품, 컴퓨터, 영상, 음향 및 통신장비 제조업",코스피,감사의견 의견거절 2년 계속,감사의견거절,2015,0.0238698,-0.3435417,-0.4142816,2.39,-0.0826472,-0.0486111,32.25,5.08,3.23,0.0469108,0.0298349,0.0726859,4.62,.46,95.01,51.95,0.92,1.43,2.6024591,0.0,352.7780045,4.4,4.15,4.92,,"128,393,430.","1,625,470.","432,109.23",16.96,57.09,3747.4481947,121.1505016,,2651.6385182,424.12,64.2,155.99,91.44,23.11,115.28,149.41,55.76,10.94,13.88,20.42,4.81,5.73,"4,509.76",20.15,53.16,"101,016,572,000."
N662500,A033180,KH 필룩스,케이에이치필룩스(주),111511-0004162,127-81-07398,1984-02-07,2001-12-26,2026-01-15,외감,12.0,중소기업,,KH,N20104.전기장비,C00000.제조업(10~34),"C26000.전자 부품, 컴퓨터, 영상, 음향 및 통신장비 제조업",코스피,감사의견 의견거절 2년 계속,감사의견거절,2016,0.183543,1.201075,0.9096189,18.35,0.1364864,0.0364964,34.73,9.84,5.43,0.0785812,0.0433594,0.1448309,7.99,1.05,91.56,38.13,0.8,1.47,1.7449703,0.0,210.4960971,2.89,4.78,5.13,,"112,879,690.","993,170.","596,602.35",,,4239.7376539,218.2057104,,2950.4985552,483.32,47.98,132.15,60.24,20.5,223.65,133.71,108.43,9.38,5.15,6.2,2.98,6.34,,,,"104,529,556,000."
N662500,A033180,KH 필룩스,케이에이치필룩스(주),111511-0004162,127-81-07398,1984-02-07,2001-12-26,2026-01-15,외감,12.0,중소기업,,KH,N20104.전기장비,C00000.제조업(10~34),"C26000.전자 부품, 컴퓨터, 영상, 음향 및 통신장비 제조업",코스피,감사의견 의견거절 2년 계속,감사의견거절,2017,0.1799094,-0.2085938,-0.3636148,17.99,0.0391289,0.1478873,35.27,7.5,3.33,0.0470025,0.0208548,0.0970063,4.3,2.16,94.65,41.61,0.63,1.29,1.2161299,0.0,258.0844623,2.07,4.88,4.68,,"102,647,930.","1,429,360.","750,333.7",12.61,92.15,3746.0827629,147.3039717,,3081.8708198,505.68,48.86,132.91,57.6,13.63,228.85,134.01,104.65,3.47,2.44,3.54,1.26,2.64,"6,617.86",23.94,49.38,"165,553,887,000."
N662500,A033180,KH 필룩스,케이에이치필룩스(주),111511-0004162,127-81-07398,1984-02-07,2001-12-26,2026-01-15,외감,12.0,중소기업,,KH,N20104.전기장비,C00000.제조업(10~34),"C26000.전자 부품, 컴퓨터, 영상, 음향 및 통신장비 제조업",코스피,감사의견 의견거절 2년 계속,감사의견거절,2018,0.7075544,-0.8767027,-3.9632896,70.76,-0.0178751,-0.1226994,36.03,.94,-10.04,0.0041759,-0.0445308,0.0081614,-8.7,3.54,108.71,43.55,.44,0.87,0.9084791,0.0,180.294673,1.69,4.61,7.5,,"132,056,850.","2,682,470.","1,414,061.16",5.06,54.16,2308.6953222,-210.5961472,,2962.5522162,489.41,52.62,104.14,46.89,16.52,"1,383.13",139.37,90.04,.27,-2.28,-3.1,-1.04,-4.17,"2,666.34",15.14,86.52,"191,797,206,000."
N662500,A033180,KH 필룩스,케이에이치필룩스(주),111511-0004162,127-81-07398,1984-02-07,2001-12-26,2026-01-15,외감,12.0,중소기업,,KH,N20104.전기장비,C00000.제조업(10~34),"C26000.전자 부품, 컴퓨터, 영상, 음향 및 통신장비 제조업",코스피,감사의견 의견거절 2년 계속,감사의견거절,2019,0.7020876,1.804116,-0.0581436,70.21,0.2281508,0.006993,33.78,2.15,-8.65,0.0080555,-0.0324151,0.0134297,-5.4,4.89,109.78,55.53,.37,0.62,0.9366577,0.0,143.0020427,2.12,5.38,-45.55,,"252,037,860.","2,022,440.","2,282,975.96",1.5,13.6,1984.7774366,-167.6528774,,3355.085541,568.66,65.36,91.83,55.02,29.82,,167.64,53.01,.44,-5.21,-6.31,-1.75,-7.88,"1,694.65",5.72,195.95,"304,126,673,000."
N662500,A033180,KH 필룩스,케이에이치필룩스(주),111511-0004162,127-81-07398,1984-02-07,2001-12-26,2026-01-15,외감,12.0,중소기업,,KH,N20104.전기장비,C00000.제조업(10~34),"C26000.전자 부품, 컴퓨터, 영상, 음향 및 통신장비 제조업",코스피,감사의견 의견거절 2년 계속,감사의견거절,2020,-0.0087456,-0.9803385,-3.0339215,-0.87,-0.1205598,0.0277778,31.27,.05,-39.67,0.0001427,-0.1178441,0.0002105,-17.38,4.,133.12,58.37,.3,0.44,0.9227694,0.0,193.7498226,2.78,4.72,-21.04,,"395,014,170.","1,106,740.","2,468,251.77",-9.17,-57.29,1354.4005336,-535.2925476,,2984.8275538,495.09,70.47,100.12,67.36,18.17,"27,739.66",165.21,41.9,0.01,-54.85,-71.15,-14.95,-75.32,"-20,447.91",-49.21,-27.87,"416,767,817,000."
N662500,A033180,KH 필룩스,케이에이치필룩스(주),111511-0004162,127-81-07398,1984-02-07,2001-12-26,2026-01-15,외감,12.0,중소기업,,KH,N20104.전기장비,C00000.제조업(10~34),"C26000.전자 부품, 컴퓨터, 영상, 음향 및 통신장비 제조업",코스피,감사의견 의견거절 2년 계속,감사의견거절,2021,0.5824306,-122.2138941,0.9635957,58.24,0.0115867,-0.027027,28.96,-5.76,-1.43,-0.0150025,-0.0037199,-0.019849,-0.49,4.59,101.85,65.59,.26,0.34,1.0672011,0.0,93.6987869,3.75,4.37,4.68,,"282,089,430.","508,990.","2,845,514.78",1.04,10.45,960.4190342,-6.778107,,3088.037537,516.33,79.21,148.39,119.8,20.84,59.09,177.87,26.24,-1.26,-9.64,-12.07,-1.83,-13.92,"5,794.15",6.79,276.9,"383,138,673,000."
N662500,A033180,KH 필룩스,케이에이치필룩스(주),111511-0004162,127-81-07398,1984-02-07,2001-12-26,2026-01-15,외감,12.0,중소기업,,KH,N20104.전기장비,C00000.제조업(10~34),"C26000.전자 부품, 컴퓨터, 영상, 음향 및 통신장비 제조업",코스피,감사의견 의견거절 2년 계속,감사의견거절,2022,0.122385,-2.0449472,-51.6773015,12.24,0.3630752,-0.0277778,22.31,-12.86,-55.17,-0.0236038,-0.1012488,-0.0464727,-19.93,25.47,145.48,31.22,.18,0.36,0.3729447,0.0,32.7589519,6.1,5.93,2.69,,"127,725,940.","91,620.","3,780,908.47",-10.34,-306.15,6865.6677207,-636.557129,,20755.2040767,453.32,38.49,122.07,114.74,9.38,33.19,254.38,159.83,-.5,-32.35,-35.57,-10.57,-124.87,"-426,787.31",-111.08,-20.54,"539,371,447,000."
N662500,A033180,KH 필룩스,케이에이치필룩스(주),111511-0004162,127-81-07398,1984-02-07,2001-12-26,2026-01-15,외감,12.0,중소기업,,KH,N20104.전기장비,C00000.제조업(10~34),"C26000.전자 부품, 컴퓨터, 영상, 음향 및 통신장비 제조업",코스피,감사의견 의견거절 2년 계속,감사의견거절,2023,-0.0344323,0.4711086,0.1550036,-3.44,-0.1439979,0.0071429,22.13,-7.95,-54.46,-0.0097678,-0.0669412,-0.0236461,-16.21,52.16,141.93,40.97,.12,0.3,0.2094303,0.0,78.9810441,5.85,5.41,1.99,,"125,244,820.","208,110.","3,699,094.49",2.26,66.87,831.2933138,-404.0443,-198.0643031,5475.9270684,991.26,44.7,143.52,128.33,10.8,34.92,224.38,123.7,-0.15,-27.86,-78.55,-.93,-11.32,"40,244.05",31.3,91.96,"1,246,019,564,000."
N662500,A033180,KH 필룩스,케이에이치필룩스(주),111511-0004162,127-81-07398,1984-02-07,2001-12-26,2026-01-15,외감,12.0,중소기업,,KH,N20104.전기장비,C00000.제조업(10~34),"C26000.전자 부품, 컴퓨터, 영상, 음향 및 통신장비 제조업",코스피,감사의견 의견거절 2년 계속,감사의견거절,2024,-0.0363092,0.2361778,0.2379571,-3.63,0.1843981,-0.177305,22.25,-5.12,-35.04,-0.0085257,-0.0582924,-0.0187233,-12.8,20.74,125.43,46.18,.17,0.37,0.3054463,0.0,145.3431062,7.03,5.81,-1.88,,"151,225,310.","607,750.","4,120,741.96",,,6746.2265094,-2024.7031486,-393.7434393,23435.9100262,"4,517.94",46.43,32.54,26.34,3.32,6.37,214.33,115.37,-0.25,-27.93,-134.99,-2.1,-26.45,,,,"1,035,818,461,000."
N034730,A033430,디에스티,디에스티(주),131211-0003976,126-81-18247,1995-05-11,1998-05-25,2021-09-02,외감,12.0,중소기업,,,N20106.기계,C00000.제조업(10~34),C29000.기타 기계 및 장비 제조업,코스닥,감사의견 한정(감사범위 제한),감사의견한정,2014,1.5128729,-0.6796031,-2.1841772,151.29,-0.040247,0.3076923,5.63,-38.25,-221.0,-0.0340703,-0.1968402,-0.0811068,-46.86,55.99,212.23,-13.41,.09,0.21,0.1535804,0.0,27.8292024,7.49,4.53,19.98,,"1,225,760.",.,"4,299,723.29",,,61.6674675,-136.98237,-9.8732873,374.4719535,-23.39,42.75,140.71,131.96,.51,21.5,13.56,133.89,-.68,-24.49,-29.12,-14.04,-221.1,,,,"43,542,438,000."
N034730,A033430,디에스티,디에스티(주),131211-0003976,126-81-18247,1995-05-11,1998-05-25,2021-09-02,외감,12.0,중소기업,,,N20106.기계,C00000.제조업(10~34),C29000.기타 기계 및 장비 제조업,코스닥,감사의견 한정(감사범위 제한),감사의견한정,2015,-0.0187775,0.1190951,-0.2228053,-1.88,0.9130055,-0.4117647,1.64,-17.61,-141.27,-0.0226013,-0.1812593,-0.0504133,-40.43,37.98,208.98,-41.95,0.13,0.29,0.2325801,0.0,16.823419,12.8,8.09,9.31,,"7,725,200.","3,958,350.","8,123,549.75",,,96.22589,-128.683475,-13.3339037,220.7735986,-54.3,47.17,88.96,88.21,.62,,26.68,112.01,-.46,-55.45,-131.04,-25.48,-126.22,,,,"102,975,581,000."
N034730,A033430,디에스티,디에스티(주),131211-0003976,126-81-18247,1995-05-11,1998-05-25,2021-09-02,외감,12.0,중소기업,,,N20106.기계,C00000.제조업(10~34),C29000.기타 기계 및 장비 제조업,코스닥,감사의견 한정(감사범위 제한),감사의견한정,2016,-0.7379432,1.2192325,-1.6229848,-73.79,1.4889408,3.5,30.73,1.55,-148.88,0.0056635,-0.5434324,0.0176822,-169.67,9.34,224.0,-39.23,0.37,1.14,0.5370362,0.0,31.9437028,9.82,4.12,-2.83,,"22,070,710.","11,633,340.","1,236,328.99",-33.08,"-1,853.15",264.0262966,-196.1666798,-46.4694095,153.4147777,-66.7,14.4,72.51,62.86,9.34,,197.78,594.58,.17,-57.02,-139.16,-42.21,-186.,"-3,515.79",-157.34,-5.28,"91,588,151,000."
N034730,A033430,디에스티,디에스티(주),131211-0003976,126-81-18247,1995-05-11,1998-05-25,2021-09-02,외감,12.0,중소기업,,,N20106.기계,C00000.제조업(10~34),C29000.기타 기계 및 장비 제조업,코스닥,감사의견 한정(감사범위 제한),감사의견한정,2017,-0.8197971,7.0531569,1.069773,-81.98,0.0672489,1.8666667,41.34,11.71,9.73,0.0561056,0.0466429,0.5810719,48.31,13.8,96.37,21.23,0.48,4.96,0.5304446,0.0,134.1528073,5.15,2.88,-1.5,,"17,284,670.","5,984,340.","406,858.1",,,1119.2496953,57.5304049,-153.4597037,1745.728009,274.29,3.41,52.62,40.57,1.78,,278.21,"2,828.51",.85,10.9,26.44,7.35,17.39,,,,"78,632,564,000."
N034730,A033430,디에스티,디에스티(주),131211-0003976,126-81-18247,1995-05-11,1998-05-25,2021-09-02,외감,12.0,중소기업,,,N20106.기계,C00000.제조업(10~34),C29000.기타 기계 및 장비 제조업,코스닥,감사의견 한정(감사범위 제한),감사의견한정,2018,2.2989841,-1.9653839,-5.4245571,229.9,-0.1676341,-0.3333333,36.91,-13.58,-51.74,-0.0708093,-0.2697983,-0.8545922,-325.62,18.36,155.,6.45,.52,6.29,0.5685949,0.0,117.5142195,7.89,1.91,-1.53,,"29,289,780.","6,378,750.","577,790.3",,,557.1919339,-455.5142726,75.8017916,183.2111046,57.03,14.6,75.69,75.38,4.57,,522.43,585.03,-.74,-46.62,-150.28,-39.58,-65.91,,,,"59,743,222,000."
N034730,A033430,디에스티,디에스티(주),131211-0003976,126-81-18247,1995-05-11,1998-05-25,2021-09-02,외감,12.0,중소기업,,,N20106.기계,C00000.제조업(10~34),C29000.기타 기계 및 장비 제조업,코스닥,감사의견 한정(감사범위 제한),감사의견한정,2019,-0.4262478,-0.1037843,-0.2592085,-42.62,-0.2459801,-0.2906977,43.91,-19.88,-86.4,-0.082211,-0.3573485,-0.7810744,-339.51,31.13,173.66,-1.97,.41,3.93,0.4622509,0.0,116.8981925,164.17,1.58,-1.21,,"148,147,850.","7,619,070.","823,063.16",,,370.4618697,-325.3447669,5.9230739,67.9952872,-16.73,7.08,48.4,48.13,2.11,,218.63,"1,312.06",-.64,-34.67,-125.81,-32.07,-83.93,,,,"46,103,178,000."
N034730,A033430,디에스티,디에스티(주),131211-0003976,126-81-18247,1995-05-11,1998-05-25,2021-09-02,외감,12.0,중소기업,,,N20106.기계,C00000.제조업(10~34),C29000.기타 기계 및 장비 제조업,코스닥,감사의견 한정(감사범위 제한),감사의견한정,2020,-0.1918887,0.2724583,0.8520257,-19.19,-0.1309111,0.0655738,37.66,-16.64,-14.71,-0.0544947,-0.0481776,-0.8620593,-76.21,49.8,109.03,-3.7,.33,5.18,0.3495977,0.0,81.2570488,139.93,2.13,-.75,,"237,198,090.","5,659,990.","848,683.65",17.82,63.77,281.0752807,-41.0861253,6.7450852,51.0791369,-30.9,5.58,52.63,52.38,.53,,170.01,"1,692.1",-0.33,-3.88,-11.98,-3.65,-11.27,"2,672.63",54.37,,"54,525,328,000."
N034730,A033430,디에스티,디에스티(주),131211-0003976,126-81-18247,1995-05-11,1998-05-25,2021-09-02,외감,12.0,중소기업,,,N20106.기계,C00000.제조업(10~34),C29000.기타 기계 및 장비 제조업,코스닥,감사의견 한정(감사범위 제한),감사의견한정,2021,,,,,,,43.88,13.91,9.12,,,,42.69,13.59,92.02,2.82,.43,,,0.0,53.1854888,,,-1.19,,"254,180,800.","4,985,640.",,16.45,64.59,,,,,23.63,12.3,,,1.16,,183.62,,,3.31,12.55,2.89,7.11,"3,293.19",38.54,,"55,921,767,000."
N034730,A033430,디에스티,디에스티(주),131211-0003976,126-81-18247,1995-05-11,1998-05-25,2021-09-02,외감,12.0,중소기업,,,N20106.기계,C00000.제조업(10~34),C29000.기타 기계 및 장비 제조업,코스닥,감사의견 한정(감사범위 제한),감사의견한정,2022,,,,,,,48.91,14.26,6.74,,,,22.83,7.74,94.38,8.41,.58,,,0.0,115.8247974,,,-2.53,,"142,257,360.","3,928,890.",,18.69,109.17,,,,,39.29,25.38,,,3.03,,254.3,,,-6.54,-14.03,-4.83,-6.01,"3,952.72",32.46,,"61,953,875,000."
N034730,A033430,디에스티,디에스티(주),131211-0003976,126-81-18247,1995-05-11,1998-05-25,2021-09-02,외감,12.0,중소기업,,,N20106.기계,C00000.제조업(10~34),C29000.기타 기계 및 장비 제조업,코스닥,감사의견 한정(감사범위 제한),감사의견한정,2023,,,,,,,50.9,13.,12.2,,,,25.84,5.24,88.5,16.2,.63,,,0.0,146.2910931,,,-12.73,,"30,983,280.","4,870,040.",,26.42,511.07,,,,,68.78,34.8,,,7.16,,239.92,,,14.19,27.09,9.14,13.79,"3,251.46",41.75,,"34,538,895,000."
N034730,A033430,디에스티,디에스티(주),131211-0003976,126-81-18247,1995-05-11,1998-05-25,2021-09-02,외감,12.0,중소기업,,,N20106.기계,C00000.제조업(10~34),C29000.기타 기계 및 장비 제조업,코스닥,감사의견 한정(감사범위 제한),감사의견한정,2024,,,,,,,46.42,10.,9.06,,,,14.06,4.3,92.16,22.11,.59,,,0.0,114.41237,,,36.09,,"24,966,320.","4,724,770.",,25.4,493.31,,,,,91.36,41.18,,,12.74,3.49,331.44,,,9.72,18.34,5.65,9.47,"2,606.7",43.2,,"31,408,230,000."
N094854,A033600,럭슬,럭슬(주),124311-0006521,125-81-12615,1979-06-20,2000-11-21,2021-08-11,일반,12.0,중소기업,,,"N45203.전자장비와 기기, 부품",C00000.제조업(10~34),C30000.자동차 및 트레일러 제조업,코스닥,감사의견 거절(감사범위 제한),감사의견거절,2014,0.0878279,1.2623098,0.6609787,8.78,0.2975862,-0.116129,4.9,1.02,-3.11,0.0089012,-0.0270086,0.0221807,-6.73,2.19,100.97,37.05,.87,2.17,1.4518903,,,25.42,7.74,-4.12,,,,"534,117.61",,,5387.0893912,-167.6018261,-61.5732398,2782.5675066,472.79,41.18,48.53,39.26,2.02,,112.59,142.87,.47,,,,,,,153.28,
N094854,A033600,럭슬,럭슬(주),124311-0006521,125-81-12615,1979-06-20,2000-11-21,2021-08-11,일반,12.0,중소기업,,,"N45203.전자장비와 기기, 부품",C00000.제조업(10~34),C30000.자동차 및 트레일러 제조업,코스닥,감사의견 거절(감사범위 제한),감사의견거절,2015,-0.0961928,-6.9778279,0.4803233,-9.62,-0.2319338,0.0145985,,,,-0.0587128,-0.046704,-0.1389776,,,,,,1.74,1.2755619,,,15.98,7.64,,,,,"471,029.58",,,,-265.9006957,,2675.8043402,,,31.3,21.72,,,,130.74,-3.72,,,,,,,102.58,
N094854,A033600,럭슬,럭슬(주),124311-0006521,125-81-12615,1979-06-20,2000-11-21,2021-08-11,일반,12.0,중소기업,,,"N45203.전자장비와 기기, 부품",C00000.제조업(10~34),C30000.자동차 및 트레일러 제조업,코스닥,감사의견 거절(감사범위 제한),감사의견거절,2016,-0.1933971,-0.3220066,-2.9787188,-19.34,-0.196478,-0.1079137,,,,-0.0880035,-0.2106838,-0.2142214,,,,,,1.63,1.1390822,,,17.83,9.2,,,,,"465,701.63",,,,-1057.944087,,1842.0253913,,,27.57,21.37,,,,159.15,-5.86,,,,,,,-404.71,
N094854,A033600,럭슬,럭슬(주),124311-0006521,125-81-12615,1979-06-20,2000-11-21,2021-08-11,일반,12.0,중소기업,,,"N45203.전자장비와 기기, 부품",C00000.제조업(10~34),C30000.자동차 및 트레일러 제조업,코스닥,감사의견 거절(감사범위 제한),감사의견거절,2017,-0.2074104,0.0128404,0.1624692,-20.74,-0.3427606,-0.1209677,,,,-0.0916148,-0.1860846,-0.264224,,,,,,1.34,0.7120715,,,22.62,6.11,,,,,"502,370.91",,,,-886.0607826,,1459.9701739,,,21.88,20.18,,,,225.32,-5.59,,,,,,,238.71,
N094854,A033600,럭슬,럭슬(주),124311-0006521,125-81-12615,1979-06-20,2000-11-21,2021-08-11,일반,12.0,중소기업,,,"N45203.전자장비와 기기, 부품",C00000.제조업(10~34),C30000.자동차 및 트레일러 제조업,코스닥,감사의견 거절(감사범위 제한),감사의견거절,2018,-0.1493104,-0.0892672,0.0440779,-14.93,-0.2179811,-0.6238532,,,,-0.090499,-0.1613158,-0.3517269,,,,,,1.28,0.4441836,,,43.2,6.44,,,,,"1,472,730.37",,,,-773.0937327,,988.1073894,,,49.07,48.24,,,,363.11,-1.51,,,,,,,366.81,
N094854,A033600,럭슬,럭슬(주),124311-0006521,125-81-12615,1979-06-20,2000-11-21,2021-08-11,일반,12.0,중소기업,,,"N45203.전자장비와 기기, 부품",C00000.제조업(10~34),C30000.자동차 및 트레일러 제조업,코스닥,감사의견 거절(감사범위 제한),감사의견거절,2019,,,,,,,,,,,,,,,,,,,,,,,,,,,,,,,,,,,,,,,,,,,,,,,,,,,
N094854,A033600,럭슬,럭슬(주),124311-0006521,125-81-12615,1979-06-20,2000-11-21,2021-08-11,일반,12.0,중소기업,,,"N45203.전자장비와 기기, 부품",C00000.제조업(10~34),C30000.자동차 및 트레일러 제조업,코스닥,감사의견 거절(감사범위 제한),감사의견거절,2020,,,,,,,,,,,,,,,,,,,,,,,,,,,,,,,,,,,,,,,,,,,,,,,,,,,
N094854,A033600,럭슬,럭슬(주),124311-0006521,125-81-12615,1979-06-20,2000-11-21,2021-08-11,일반,12.0,중소기업,,,"N45203.전자장비와 기기, 부품",C00000.제조업(10~34),C30000.자동차 및 트레일러 제조업,코스닥,감사의견 거절(감사범위 제한),감사의견거절,2021,,,,,,,,,,,,,,,,,,,,,,,,,,,,,,,,,,,,,,,,,,,,,,,,,,,
N094854,A033600,럭슬,럭슬(주),124311-0006521,125-81-12615,1979-06-20,2000-11-21,2021-08-11,일반,12.0,중소기업,,,"N45203.전자장비와 기기, 부품",C00000.제조업(10~34),C30000.자동차 및 트레일러 제조업,코스닥,감사의견 거절(감사범위 제한),감사의견거절,2022,,,,,,,,,,,,,,,,,,,,,,,,,,,,,,,,,,,,,,,,,,,,,,,,,,,
N094854,A033600,럭슬,럭슬(주),124311-0006521,125-81-12615,1979-06-20,2000-11-21,2021-08-11,일반,12.0,중소기업,,,"N45203.전자장비와 기기, 부품",C00000.제조업(10~34),C30000.자동차 및 트레일러 제조업,코스닥,감사의견 거절(감사범위 제한),감사의견거절,2023,,,,,,,,,,,,,,,,,,,,,,,,,,,,,,,,,,,,,,,,,,,,,,,,,,,
N094854,A033600,럭슬,럭슬(주),124311-0006521,125-81-12615,1979-06-20,2000-11-21,2021-08-11,일반,12.0,중소기업,,,"N45203.전자장비와 기기, 부품",C00000.제조업(10~34),C30000.자동차 및 트레일러 제조업,코스닥,감사의견 거절(감사범위 제한),감사의견거절,2024,,,,,,,,,,,,,,,,,,,,,,,,,,,,,,,,,,,,,,,,,,,,,,,,,,,
N102978,A035480,제이테크놀로지,(주)글로앤웰,110111-1535272,220-81-51330,1998-04-15,1999-11-18,2019-12-12,일반,12.0,중소기업,,글로앤웰,"N25301.호텔, 레스토랑, 레저","R00000.예술, 스포츠 및 여가관련 서비스업(90~91)",R91000.스포츠 및 오락관련 서비스업,코스닥,기업의 계속성 및 경영의 투명성 등을 종합적으로 고려하여 상장폐지기준에 해당한다고 결정,기업의계속성_경영의투명성종합판단,2014,0.3743611,2.2747285,1.0747905,37.44,-0.0333907,-0.3684211,42.52,18.18,3.63,0.132997,0.0265915,0.2761836,5.52,4.91,118.47,40.96,.73,1.52,1.4111361,,,91.72,4.82,14.68,,,,"1,902,486.21",,,2179.2033707,70.1519202,815.6035955,1362.1210651,172.42,64.72,154.88,154.76,93.1,.22,"6,835.35",54.52,3.7,,,,,,,,
N102978,A035480,제이테크놀로지,(주)글로앤웰,110111-1535272,220-81-51330,1998-04-15,1999-11-18,2019-12-12,일반,12.0,중소기업,,글로앤웰,"N25301.호텔, 레스토랑, 레저","R00000.예술, 스포츠 및 여가관련 서비스업(90~91)",R91000.스포츠 및 오락관련 서비스업,코스닥,기업의 계속성 및 경영의 투명성 등을 종합적으로 고려하여 상장폐지기준에 해당한다고 결정,기업의계속성_경영의투명성종합판단,2015,0.0361666,1.323287,-1.3189464,3.62,4.7905272,10.2916667,,,,0.0446278,-0.0607272,0.0562836,,,,,,0.85,3.2703534,,,199.96,6.23,,,,,"191,666.57",,,,-108.2928814,,1351.2204975,,,311.35,307.18,,,,27.15,8.38,,,,,,,,
N102978,A035480,제이테크놀로지,(주)글로앤웰,110111-1535272,220-81-51330,1998-04-15,1999-11-18,2019-12-12,일반,12.0,중소기업,,글로앤웰,"N25301.호텔, 레스토랑, 레저","R00000.예술, 스포츠 및 여가관련 서비스업(90~91)",R91000.스포츠 및 오락관련 서비스업,코스닥,기업의 계속성 및 경영의 투명성 등을 종합적으로 고려하여 상장폐지기준에 해당한다고 결정,기업의계속성_경영의투명성종합판단,2016,0.3586447,-9.1507153,-6.0622408,35.86,-0.305132,-0.2656827,,,,-0.2392841,-0.282123,-0.3385657,,,,,,0.44,1.0557157,,,93.43,3.63,,,,,"335,181.79",,,755.8903846,-688.8496724,-220.8224542,1228.8038427,,,164.25,163.02,,,,41.49,-26.24,,,,,,,,
N102978,A035480,제이테크놀로지,(주)글로앤웰,110111-1535272,220-81-51330,1998-04-15,1999-11-18,2019-12-12,일반,12.0,중소기업,,글로앤웰,"N25301.호텔, 레스토랑, 레저","R00000.예술, 스포츠 및 여가관련 서비스업(90~91)",R91000.스포츠 및 오락관련 서비스업,코스닥,기업의 계속성 및 경영의 투명성 등을 종합적으로 고려하여 상장폐지기준에 해당한다고 결정,기업의계속성_경영의투명성종합판단,2017,-0.3095889,0.3303075,0.0987861,-30.96,-0.667974,-0.4522613,,,,-0.1744625,-0.2768083,-0.2682601,,,,,,0.17,0.320053,,,35.12,1.34,,,,,"670,620.58",,,178.4360182,-439.1629749,-326.170394,828.7041444,,,145.57,144.81,,,,71.54,-4.22,,,,,,,,
N102978,A035480,제이테크놀로지,(주)글로앤웰,110111-1535272,220-81-51330,1998-04-15,1999-11-18,2019-12-12,일반,12.0,중소기업,,글로앤웰,"N25301.호텔, 레스토랑, 레저","R00000.예술, 스포츠 및 여가관련 서비스업(90~91)",R91000.스포츠 및 오락관련 서비스업,코스닥,기업의 계속성 및 경영의 투명성 등을 종합적으로 고려하여 상장폐지기준에 해당한다고 결정,기업의계속성_경영의투명성종합판단,2018,-0.1603222,,0.7513495,-16.03,,0.1834862,,,,,-0.0949303,,,,,,,,,,,,,,,,,"407,627.66",,,,-109.6401486,,710.5672705,,,386.05,378.92,,,,20.79,,,,,,,,,
N102978,A035480,제이테크놀로지,(주)글로앤웰,110111-1535272,220-81-51330,1998-04-15,1999-11-18,2019-12-12,일반,12.0,중소기업,,글로앤웰,"N25301.호텔, 레스토랑, 레저","R00000.예술, 스포츠 및 여가관련 서비스업(90~91)",R91000.스포츠 및 오락관련 서비스업,코스닥,기업의 계속성 및 경영의 투명성 등을 종합적으로 고려하여 상장폐지기준에 해당한다고 결정,기업의계속성_경영의투명성종합판단,2019,,,,,,,,,,,,,,,,,,,,,,,,,,,,,,,,,,,,,,,,,,,,,,,,,,,
N102978,A035480,제이테크놀로지,(주)글로앤웰,110111-1535272,220-81-51330,1998-04-15,1999-11-18,2019-12-12,일반,12.0,중소기업,,글로앤웰,"N25301.호텔, 레스토랑, 레저","R00000.예술, 스포츠 및 여가관련 서비스업(90~91)",R91000.스포츠 및 오락관련 서비스업,코스닥,기업의 계속성 및 경영의 투명성 등을 종합적으로 고려하여 상장폐지기준에 해당한다고 결정,기업의계속성_경영의투명성종합판단,2020,,,,,,,,,,,,,,,,,,,,,,,,,,,,,,,,,,,,,,,,,,,,,,,,,,,
N102978,A035480,제이테크놀로지,(주)글로앤웰,110111-1535272,220-81-51330,1998-04-15,1999-11-18,2019-12-12,일반,12.0,중소기업,,글로앤웰,"N25301.호텔, 레스토랑, 레저","R00000.예술, 스포츠 및 여가관련 서비스업(90~91)",R91000.스포츠 및 오락관련 서비스업,코스닥,기업의 계속성 및 경영의 투명성 등을 종합적으로 고려하여 상장폐지기준에 해당한다고 결정,기업의계속성_경영의투명성종합판단,2021,,,,,,,,,,,,,,,,,,,,,,,,,,,,,,,,,,,,,,,,,,,,,,,,,,,
N102978,A035480,제이테크놀로지,(주)글로앤웰,110111-1535272,220-81-51330,1998-04-15,1999-11-18,2019-12-12,일반,12.0,중소기업,,글로앤웰,"N25301.호텔, 레스토랑, 레저","R00000.예술, 스포츠 및 여가관련 서비스업(90~91)",R91000.스포츠 및 오락관련 서비스업,코스닥,기업의 계속성 및 경영의 투명성 등을 종합적으로 고려하여 상장폐지기준에 해당한다고 결정,기업의계속성_경영의투명성종합판단,2022,,,,,,,,,,,,,,,,,,,,,,,,,,,,,,,,,,,,,,,,,,,,,,,,,,,
N102978,A035480,제이테크놀로지,(주)글로앤웰,110111-1535272,220-81-51330,1998-04-15,1999-11-18,2019-12-12,일반,12.0,중소기업,,글로앤웰,"N25301.호텔, 레스토랑, 레저","R00000.예술, 스포츠 및 여가관련 서비스업(90~91)",R91000.스포츠 및 오락관련 서비스업,코스닥,기업의 계속성 및 경영의 투명성 등을 종합적으로 고려하여 상장폐지기준에 해당한다고 결정,기업의계속성_경영의투명성종합판단,2023,,,,,,,,,,,,,,,,,,,,,,,,,,,,,,,,,,,,,,,,,,,,,,,,,,,
N102978,A035480,제이테크놀로지,(주)글로앤웰,110111-1535272,220-81-51330,1998-04-15,1999-11-18,2019-12-12,일반,12.0,중소기업,,글로앤웰,"N25301.호텔, 레스토랑, 레저","R00000.예술, 스포츠 및 여가관련 서비스업(90~91)",R91000.스포츠 및 오락관련 서비스업,코스닥,기업의 계속성 및 경영의 투명성 등을 종합적으로 고려하여 상장폐지기준에 해당한다고 결정,기업의계속성_경영의투명성종합판단,2024,,,,,,,,,,,,,,,,,,,,,,,,,,,,,,,,,,,,,,,,,,,,,,,,,,,
N178349,A036210,태산엘시디,태산엘시디(주),110111-0342404,129-81-14425,0000-00-00,1999-11-16,2014-04-11,폐업,12.0,중소기업,,,N45301.반도체 및 반도체장비,C00000.제조업(10~34),"C26000.전자 부품, 컴퓨터, 영상, 음향 및 통신장비 제조업",코스닥,자본전액잠식등,자본잠식,2014,,,,,,,,,,,,,,,,,,,,,,,,,,,,,,,,,,,,,,,,,,,,,,,,,,,
N178349,A036210,태산엘시디,태산엘시디(주),110111-0342404,129-81-14425,0000-00-00,1999-11-16,2014-04-11,폐업,12.0,중소기업,,,N45301.반도체 및 반도체장비,C00000.제조업(10~34),"C26000.전자 부품, 컴퓨터, 영상, 음향 및 통신장비 제조업",코스닥,자본전액잠식등,자본잠식,2015,,,,,,,,,,,,,,,,,,,,,,,,,,,,,,,,,,,,,,,,,,,,,,,,,,,
N178349,A036210,태산엘시디,태산엘시디(주),110111-0342404,129-81-14425,0000-00-00,1999-11-16,2014-04-11,폐업,12.0,중소기업,,,N45301.반도체 및 반도체장비,C00000.제조업(10~34),"C26000.전자 부품, 컴퓨터, 영상, 음향 및 통신장비 제조업",코스닥,자본전액잠식등,자본잠식,2016,,,,,,,,,,,,,,,,,,,,,,,,,,,,,,,,,,,,,,,,,,,,,,,,,,,
N178349,A036210,태산엘시디,태산엘시디(주),110111-0342404,129-81-14425,0000-00-00,1999-11-16,2014-04-11,폐업,12.0,중소기업,,,N45301.반도체 및 반도체장비,C00000.제조업(10~34),"C26000.전자 부품, 컴퓨터, 영상, 음향 및 통신장비 제조업",코스닥,자본전액잠식등,자본잠식,2017,,,,,,,,,,,,,,,,,,,,,,,,,,,,,,,,,,,,,,,,,,,,,,,,,,,
N178349,A036210,태산엘시디,태산엘시디(주),110111-0342404,129-81-14425,0000-00-00,1999-11-16,2014-04-11,폐업,12.0,중소기업,,,N45301.반도체 및 반도체장비,C00000.제조업(10~34),"C26000.전자 부품, 컴퓨터, 영상, 음향 및 통신장비 제조업",코스닥,자본전액잠식등,자본잠식,2018,,,,,,,,,,,,,,,,,,,,,,,,,,,,,,,,,,,,,,,,,,,,,,,,,,,
N178349,A036210,태산엘시디,태산엘시디(주),110111-0342404,129-81-14425,0000-00-00,1999-11-16,2014-04-11,폐업,12.0,중소기업,,,N45301.반도체 및 반도체장비,C00000.제조업(10~34),"C26000.전자 부품, 컴퓨터, 영상, 음향 및 통신장비 제조업",코스닥,자본전액잠식등,자본잠식,2019,,,,,,,,,,,,,,,,,,,,,,,,,,,,,,,,,,,,,,,,,,,,,,,,,,,
N178349,A036210,태산엘시디,태산엘시디(주),110111-0342404,129-81-14425,0000-00-00,1999-11-16,2014-04-11,폐업,12.0,중소기업,,,N45301.반도체 및 반도체장비,C00000.제조업(10~34),"C26000.전자 부품, 컴퓨터, 영상, 음향 및 통신장비 제조업",코스닥,자본전액잠식등,자본잠식,2020,,,,,,,,,,,,,,,,,,,,,,,,,,,,,,,,,,,,,,,,,,,,,,,,,,,
N178349,A036210,태산엘시디,태산엘시디(주),110111-0342404,129-81-14425,0000-00-00,1999-11-16,2014-04-11,폐업,12.0,중소기업,,,N45301.반도체 및 반도체장비,C00000.제조업(10~34),"C26000.전자 부품, 컴퓨터, 영상, 음향 및 통신장비 제조업",코스닥,자본전액잠식등,자본잠식,2021,,,,,,,,,,,,,,,,,,,,,,,,,,,,,,,,,,,,,,,,,,,,,,,,,,,
N178349,A036210,태산엘시디,태산엘시디(주),110111-0342404,129-81-14425,0000-00-00,1999-11-16,2014-04-11,폐업,12.0,중소기업,,,N45301.반도체 및 반도체장비,C00000.제조업(10~34),"C26000.전자 부품, 컴퓨터, 영상, 음향 및 통신장비 제조업",코스닥,자본전액잠식등,자본잠식,2022,,,,,,,,,,,,,,,,,,,,,,,,,,,,,,,,,,,,,,,,,,,,,,,,,,,
N178349,A036210,태산엘시디,태산엘시디(주),110111-0342404,129-81-14425,0000-00-00,1999-11-16,2014-04-11,폐업,12.0,중소기업,,,N45301.반도체 및 반도체장비,C00000.제조업(10~34),"C26000.전자 부품, 컴퓨터, 영상, 음향 및 통신장비 제조업",코스닥,자본전액잠식등,자본잠식,2023,,,,,,,,,,,,,,,,,,,,,,,,,,,,,,,,,,,,,,,,,,,,,,,,,,,
N178349,A036210,태산엘시디,태산엘시디(주),110111-0342404,129-81-14425,0000-00-00,1999-11-16,2014-04-11,폐업,12.0,중소기업,,,N45301.반도체 및 반도체장비,C00000.제조업(10~34),"C26000.전자 부품, 컴퓨터, 영상, 음향 및 통신장비 제조업",코스닥,자본전액잠식등,자본잠식,2024,,,,,,,,,,,,,,,,,,,,,,,,,,,,,,,,,,,,,,,,,,,,,,,,,,,
N324531,A036260,이매진아시아,(주)이매진아시아,131111-0004603,129-81-04567,1976-07-02,1999-12-10,2021-02-15,일반,12.0,중소기업,,이매진아시아,N25401.미디어,J00000.정보통신업(58~63),J59000.영상ㆍ오디오 기록물 제작 및 배급업,코스닥,기업의 계속성 및 경영의 투명성 등을 종합적으로 고려하여 상장폐지기준에 해당,기업의계속성_경영의투명성종합판단,2014,0.1363596,0.9690648,0.4209995,13.64,1.5484722,0.75,13.7,-0.16,-8.26,-0.0021202,-0.1121678,-0.0064378,-34.06,2.11,107.02,11.1,1.36,4.12,2.0248681,,,"1,294.38",11.31,-265.79,,,,"2,854,746.93",,,3176.6867742,-273.2128068,-530.6897304,762.8048787,57.96,28.92,98.7,98.65,14.81,,,245.79,-.07,,,,,,,,
N324531,A036260,이매진아시아,(주)이매진아시아,131111-0004603,129-81-04567,1976-07-02,1999-12-10,2021-02-15,일반,12.0,중소기업,,이매진아시아,N25401.미디어,J00000.정보통신업(58~63),J59000.영상ㆍ오디오 기록물 제작 및 배급업,코스닥,기업의 계속성 및 경영의 투명성 등을 종합적으로 고려하여 상장폐지기준에 해당,기업의계속성_경영의투명성종합판단,2015,0.9227038,3.4035593,0.0553423,92.27,0.1837376,2.7142857,11.39,0.32,-6.59,0.0034075,-0.0708515,0.0099532,-20.7,1.57,105.63,20.4,1.07,3.14,1.6344419,,,"4,290.39",9.13,36.32,,,,"885,745.87",,,2876.4605164,-206.1833891,64.4256831,1089.3631616,122.08,37.85,111.22,111.18,22.97,.34,,164.18,.2,,,,,,,,
N324531,A036260,이매진아시아,(주)이매진아시아,131111-0004603,129-81-04567,1976-07-02,1999-12-10,2021-02-15,일반,12.0,중소기업,,이매진아시아,N25401.미디어,J00000.정보통신업(58~63),J59000.영상ㆍ오디오 기록물 제작 및 배급업,코스닥,기업의 계속성 및 경영의 투명성 등을 종합적으로 고려하여 상장폐지기준에 해당,기업의계속성_경영의투명성종합판단,2016,0.7619063,-27.2089194,0.1321823,76.19,-0.299714,0.3461539,,,,-0.0828006,-0.0570072,-0.1435744,,,,,,1.21,1.648747,,,"6,602.86",8.13,,,,,"925,363.49",,,1782.0600852,-174.6870813,-97.4803689,1362.7594922,,,376.69,376.69,,,,21.88,-9.66,,,,,,,,
N324531,A036260,이매진아시아,(주)이매진아시아,131111-0004603,129-81-04567,1976-07-02,1999-12-10,2021-02-15,일반,12.0,중소기업,,이매진아시아,N25401.미디어,J00000.정보통신업(58~63),J59000.영상ㆍ오디오 기록물 제작 및 배급업,코스닥,기업의 계속성 및 경영의 투명성 등을 종합적으로 고려하여 상장폐지기준에 해당,기업의계속성_경영의투명성종합판단,2017,0.1118965,-0.7959601,-4.7539923,11.19,-0.5557343,-0.0571429,,,,-0.1426286,-0.3146123,-0.1913935,,,,,,0.4,1.1671651,,,13.7,2.55,,,,,"1,195,362.06",,,463.8047552,-499.8080068,-211.8801049,1030.2092797,,,136.03,122.76,,,,45.27,-11.88,,,,,,,,
N324531,A036260,이매진아시아,(주)이매진아시아,131111-0004603,129-81-04567,1976-07-02,1999-12-10,2021-02-15,일반,12.0,중소기업,,이매진아시아,N25401.미디어,J00000.정보통신업(58~63),J59000.영상ㆍ오디오 기록물 제작 및 배급업,코스닥,기업의 계속성 및 경영의 투명성 등을 종합적으로 고려하여 상장폐지기준에 해당,기업의계속성_경영의투명성종합판단,2018,-0.328963,0.4234421,0.2311605,-32.9,0.8361324,-0.2727273,,,,-0.091084,-0.2679192,-0.1254274,,,,,,0.83,2.2088077,,,24.46,4.8,,,,,"1,341,424.6",,,725.3057047,-332.3130052,-51.0642647,714.9764585,,,434.,433.1,,,,26.44,-45.2,,,,,,,,
N324531,A036260,이매진아시아,(주)이매진아시아,131111-0004603,129-81-04567,1976-07-02,1999-12-10,2021-02-15,일반,12.0,중소기업,,이매진아시아,N25401.미디어,J00000.정보통신업(58~63),J59000.영상ㆍ오디오 기록물 제작 및 배급업,코스닥,기업의 계속성 및 경영의 투명성 등을 종합적으로 고려하여 상장폐지기준에 해당,기업의계속성_경영의투명성종합판단,2019,-0.5281722,0.0416534,-0.7107709,-52.82,-0.5153826,-0.5,,,,-0.1516241,-0.7961581,-0.203375,,,,,,0.68,2.0007433,,,423.03,5.59,,,,,"1,841,513.71",,,336.6070637,-518.5997399,-165.9325706,278.3084976,,,240.73,240.73,,,,50.44,-4.53,,,,,,,,
N324531,A036260,이매진아시아,(주)이매진아시아,131111-0004603,129-81-04567,1976-07-02,1999-12-10,2021-02-15,일반,12.0,중소기업,,이매진아시아,N25401.미디어,J00000.정보통신업(58~63),J59000.영상ㆍ오디오 기록물 제작 및 배급업,코스닥,기업의 계속성 및 경영의 투명성 등을 종합적으로 고려하여 상장폐지기준에 해당,기업의계속성_경영의투명성종합판단,2020,-1.0815053,0.3745033,0.3506836,,-0.5651222,-0.1666667,,,,-0.2021891,-1.102098,-0.4320355,,,,,,,0.8872081,,,,3.22,,,,,"1,155,749.5",,,124.6032861,-294.275839,-32.6700568,-15.9673414,,,23.02,23.02,,,,,-3.54,,,,,,,,
N324531,A036260,이매진아시아,(주)이매진아시아,131111-0004603,129-81-04567,1976-07-02,1999-12-10,2021-02-15,일반,12.0,중소기업,,이매진아시아,N25401.미디어,J00000.정보통신업(58~63),J59000.영상ㆍ오디오 기록물 제작 및 배급업,코스닥,기업의 계속성 및 경영의 투명성 등을 종합적으로 고려하여 상장폐지기준에 해당,기업의계속성_경영의투명성종합판단,2021,,,,,,,,,,,,,,,,,,,,,,,,,,,,,,,,,,,,,,,,,,,,,,,,,,,
N324531,A036260,이매진아시아,(주)이매진아시아,131111-0004603,129-81-04567,1976-07-02,1999-12-10,2021-02-15,일반,12.0,중소기업,,이매진아시아,N25401.미디어,J00000.정보통신업(58~63),J59000.영상ㆍ오디오 기록물 제작 및 배급업,코스닥,기업의 계속성 및 경영의 투명성 등을 종합적으로 고려하여 상장폐지기준에 해당,기업의계속성_경영의투명성종합판단,2022,,,,,,,,,,,,,,,,,,,,,,,,,,,,,,,,,,,,,,,,,,,,,,,,,,,
N324531,A036260,이매진아시아,(주)이매진아시아,131111-0004603,129-81-04567,1976-07-02,1999-12-10,2021-02-15,일반,12.0,중소기업,,이매진아시아,N25401.미디어,J00000.정보통신업(58~63),J59000.영상ㆍ오디오 기록물 제작 및 배급업,코스닥,기업의 계속성 및 경영의 투명성 등을 종합적으로 고려하여 상장폐지기준에 해당,기업의계속성_경영의투명성종합판단,2023,,,,,,,,,,,,,,,,,,,,,,,,,,,,,,,,,,,,,,,,,,,,,,,,,,,
N324531,A036260,이매진아시아,(주)이매진아시아,131111-0004603,129-81-04567,1976-07-02,1999-12-10,2021-02-15,일반,12.0,중소기업,,이매진아시아,N25401.미디어,J00000.정보통신업(58~63),J59000.영상ㆍ오디오 기록물 제작 및 배급업,코스닥,기업의 계속성 및 경영의 투명성 등을 종합적으로 고려하여 상장폐지기준에 해당,기업의계속성_경영의투명성종합판단,2024,,,,,,,,,,,,,,,,,,,,,,,,,,,,,,,,,,,,,,,,,,,,,,,,,,,
N065802,A036500,에스에스컴텍,(주)에스에스컴텍,154511-0000870,303-81-03171,1988-04-21,1999-12-14,2017-05-11,폐업,12.0,중소기업,,,N45301.반도체 및 반도체장비,C00000.제조업(10~34),C20000.화학 물질 및 화학제품 제조업,코스닥,감사의견 거절(감사범위 제한 및 계속기업 존속능력에 대한 불확실성),감사의견거절,2014,-0.0307556,-1.8693488,-0.8778555,-3.08,-0.8852073,0.1287129,-8.14,-33.71,-39.93,-0.0321557,-0.0380869,-0.0794826,-9.41,12.93,153.27,20.89,.1,0.24,0.1602046,,,.52,0.46,.43,,,,"685,600.41",,,1188.9043919,-583.7789431,-905.7271972,3157.9151725,542.49,37.17,133.64,86.13,28.3,141.22,81.81,169.07,-2.61,,,,,,,-288.69,
N065802,A036500,에스에스컴텍,(주)에스에스컴텍,154511-0000870,303-81-03171,1988-04-21,1999-12-14,2017-05-11,폐업,12.0,중소기업,,,N45301.반도체 및 반도체장비,C00000.제조업(10~34),C20000.화학 물질 및 화학제품 제조업,코스닥,감사의견 거절(감사범위 제한 및 계속기업 존속능력에 대한 불확실성),감사의견거절,2015,-0.6677484,0.2241144,-7.829849,-66.77,-0.0720331,0.2894737,4.74,-28.18,-379.91,-0.0292635,-0.3944569,-0.094048,-126.77,12.72,178.51,10.11,0.1,0.33,0.1507275,,,.6,0.69,0.68,,,,"449,132.24",,,1026.268538,-2593.0033233,-427.2241714,1056.1386105,126.06,20.88,114.6,109.26,3.2,36.58,147.82,378.85,-2.22,,,,,,,,
N065802,A036500,에스에스컴텍,(주)에스에스컴텍,154511-0000870,303-81-03171,1988-04-21,1999-12-14,2017-05-11,폐업,12.0,중소기업,,,N45301.반도체 및 반도체장비,C00000.제조업(10~34),C20000.화학 물질 및 화학제품 제조업,코스닥,감사의견 거절(감사범위 제한 및 계속기업 존속능력에 대한 불확실성),감사의견거절,2016,-0.9404152,-1.5834042,0.2281561,-94.04,1.8946802,-0.7414966,,,,-0.1613082,-0.6496321,-0.9194446,,,,,,3.66,0.7777352,,,10.95,5.05,,,,,"999,471.92",,,1884.7982821,-1919.4725942,-1118.0088656,14.1133512,,,82.94,68.82,,,,"1,999.63",-7.57,,,,,,,,
N065802,A036500,에스에스컴텍,(주)에스에스컴텍,154511-0000870,303-81-03171,1988-04-21,1999-12-14,2017-05-11,폐업,12.0,중소기업,,,N45301.반도체 및 반도체장비,C00000.제조업(10~34),C20000.화학 물질 및 화학제품 제조업,코스닥,감사의견 거절(감사범위 제한 및 계속기업 존속능력에 대한 불확실성),감사의견거절,2017,,,,,,,,,,,,,,,,,,,,,,,,,,,,,,,,,,,,,,,,,,,,,,,,,,,
N065802,A036500,에스에스컴텍,(주)에스에스컴텍,154511-0000870,303-81-03171,1988-04-21,1999-12-14,2017-05-11,폐업,12.0,중소기업,,,N45301.반도체 및 반도체장비,C00000.제조업(10~34),C20000.화학 물질 및 화학제품 제조업,코스닥,감사의견 거절(감사범위 제한 및 계속기업 존속능력에 대한 불확실성),감사의견거절,2018,,,,,,,,,,,,,,,,,,,,,,,,,,,,,,,,,,,,,,,,,,,,,,,,,,,
N065802,A036500,에스에스컴텍,(주)에스에스컴텍,154511-0000870,303-81-03171,1988-04-21,1999-12-14,2017-05-11,폐업,12.0,중소기업,,,N45301.반도체 및 반도체장비,C00000.제조업(10~34),C20000.화학 물질 및 화학제품 제조업,코스닥,감사의견 거절(감사범위 제한 및 계속기업 존속능력에 대한 불확실성),감사의견거절,2019,,,,,,,,,,,,,,,,,,,,,,,,,,,,,,,,,,,,,,,,,,,,,,,,,,,
N065802,A036500,에스에스컴텍,(주)에스에스컴텍,154511-0000870,303-81-03171,1988-04-21,1999-12-14,2017-05-11,폐업,12.0,중소기업,,,N45301.반도체 및 반도체장비,C00000.제조업(10~34),C20000.화학 물질 및 화학제품 제조업,코스닥,감사의견 거절(감사범위 제한 및 계속기업 존속능력에 대한 불확실성),감사의견거절,2020,,,,,,,,,,,,,,,,,,,,,,,,,,,,,,,,,,,,,,,,,,,,,,,,,,,
N065802,A036500,에스에스컴텍,(주)에스에스컴텍,154511-0000870,303-81-03171,1988-04-21,1999-12-14,2017-05-11,폐업,12.0,중소기업,,,N45301.반도체 및 반도체장비,C00000.제조업(10~34),C20000.화학 물질 및 화학제품 제조업,코스닥,감사의견 거절(감사범위 제한 및 계속기업 존속능력에 대한 불확실성),감사의견거절,2021,,,,,,,,,,,,,,,,,,,,,,,,,,,,,,,,,,,,,,,,,,,,,,,,,,,
N065802,A036500,에스에스컴텍,(주)에스에스컴텍,154511-0000870,303-81-03171,1988-04-21,1999-12-14,2017-05-11,폐업,12.0,중소기업,,,N45301.반도체 및 반도체장비,C00000.제조업(10~34),C20000.화학 물질 및 화학제품 제조업,코스닥,감사의견 거절(감사범위 제한 및 계속기업 존속능력에 대한 불확실성),감사의견거절,2022,,,,,,,,,,,,,,,,,,,,,,,,,,,,,,,,,,,,,,,,,,,,,,,,,,,
N065802,A036500,에스에스컴텍,(주)에스에스컴텍,154511-0000870,303-81-03171,1988-04-21,1999-12-14,2017-05-11,폐업,12.0,중소기업,,,N45301.반도체 및 반도체장비,C00000.제조업(10~34),C20000.화학 물질 및 화학제품 제조업,코스닥,감사의견 거절(감사범위 제한 및 계속기업 존속능력에 대한 불확실성),감사의견거절,2023,,,,,,,,,,,,,,,,,,,,,,,,,,,,,,,,,,,,,,,,,,,,,,,,,,,
N065802,A036500,에스에스컴텍,(주)에스에스컴텍,154511-0000870,303-81-03171,1988-04-21,1999-12-14,2017-05-11,폐업,12.0,중소기업,,,N45301.반도체 및 반도체장비,C00000.제조업(10~34),C20000.화학 물질 및 화학제품 제조업,코스닥,감사의견 거절(감사범위 제한 및 계속기업 존속능력에 대한 불확실성),감사의견거절,2024,,,,,,,,,,,,,,,,,,,,,,,,,,,,,,,,,,,,,,,,,,,,,,,,,,,
N119977,A038160,팍스넷,(주)팍스넷,110111-1698830,202-81-63804,1999-05-18,2016-08-01,2021-08-23,외감,12.0,중소기업,,팍스넷,,J00000.정보통신업(58~63),J63000.정보서비스업,코스닥,감사의견 거절(감사범위 제한 및 계속기업 존속능력에 대한 불확실성),감사의견거절,2014,,,,,,,100.0,18.46,12.12,,,,10.83,.,80.37,62.69,.7,,,0.886214809,0.886214809,,,1.19,,"14,702,230.","11,825,580.",,,,,,,,400.48,78.33,,,213.15,.,,,,57.4,,12.44,17.53,,,,"26,273,254,000."
N119977,A038160,팍스넷,(주)팍스넷,110111-1698830,202-81-63804,1999-05-18,2016-08-01,2021-08-23,외감,12.0,중소기업,,팍스넷,,J00000.정보통신업(58~63),J63000.정보서비스업,코스닥,감사의견 거절(감사범위 제한 및 계속기업 존속능력에 대한 불확실성),감사의견거절,2015,0.175664,0.3479218,0.6076553,17.57,0.1045566,0.1267606,100.0,22.53,17.64,0.1653368,0.1294479,0.20717,16.22,.,78.52,67.33,.73,0.92,3.6344391,0.820804001,0.820804001,,7.31,1.17,,"5,128,220.","3,682,010.","350,665.91",,,,441.4893779,,2941.639583,488.39,81.1,459.07,459.07,231.57,.,,23.3,,68.84,,13.01,18.85,,,,"29,833,292,000."
N119977,A038160,팍스넷,(주)팍스넷,110111-1698830,202-81-63804,1999-05-18,2016-08-01,2021-08-23,외감,12.0,중소기업,,팍스넷,,J00000.정보통신업(58~63),J63000.정보서비스업,코스닥,감사의견 거절(감사범위 제한 및 계속기업 존속능력에 대한 불확실성),감사의견거절,2016,0.7412998,-0.1650303,-0.0108896,74.13,0.0803933,0.175,100.0,17.41,16.15,0.1001966,0.0929292,0.1167749,10.83,.,81.49,77.09,.58,0.67,4.0535438,0.54527886,0.54527886,,8.0,.81,,"3,756,870.","2,962,690.","411,190.37",,,,379.5140489,,3803.45738,660.73,88.76,788.82,788.82,422.52,.,,12.67,,71.26,,8.01,17.1,,,,"47,470,498,000."
N119977,A038160,팍스넷,(주)팍스넷,110111-1698830,202-81-63804,1999-05-18,2016-08-01,2021-08-23,외감,12.0,중소기업,,팍스넷,,J00000.정보통신업(58~63),J63000.정보서비스업,코스닥,감사의견 거절(감사범위 제한 및 계속기업 존속능력에 대한 불확실성),감사의견거절,2017,0.0506694,-0.6716198,-0.4776222,5.07,-0.176732,-0.212766,100.0,6.94,10.25,0.0261958,0.038649,0.0294384,4.34,.,89.,78.05,.38,0.42,3.4244557,0.528024118,0.528024118,,6.39,.56,,"4,332,180.","3,562,600.","656,050.7",,,,169.3812181,,3996.1762203,699.28,89.2,664.74,664.74,384.03,.,,12.1,,29.56,,3.19,8.65,,,,"49,625,005,000."
N119977,A038160,팍스넷,(주)팍스넷,110111-1698830,202-81-63804,1999-05-18,2016-08-01,2021-08-23,외감,12.0,중소기업,,팍스넷,,J00000.정보통신업(58~63),J63000.정보서비스업,코스닥,감사의견 거절(감사범위 제한 및 계속기업 존속능력에 대한 불확실성),감사의견거절,2018,-0.035413,-0.7162635,-1.7321822,-3.54,-0.0463781,-0.0810811,100.0,-.2,-11.02,-0.0005652,-0.0313838,-0.0008349,-4.64,1.25,111.63,58.25,.28,0.42,0.8822026,0.0,0.0,,8.99,.84,,"59,431,860.","4,632,770.","824,162.42",,,1585.5925252,-177.8115338,-692.0385251,3800.1631551,660.01,67.7,205.92,205.92,35.27,.,,47.7,-.16,-6.2,-7.96,-1.96,-7.01,,,,"62,461,084,000."
N119977,A038160,팍스넷,(주)팍스넷,110111-1698830,202-81-63804,1999-05-18,2016-08-01,2021-08-23,외감,12.0,중소기업,,팍스넷,,J00000.정보통신업(58~63),J63000.정보서비스업,코스닥,감사의견 거절(감사범위 제한 및 계속기업 존속능력에 대한 불확실성),감사의견거절,2019,-0.9147719,-456.6969979,-19.0920688,-91.48,-0.4027661,0.1911765,100.0,-152.04,-370.58,-0.241444,-0.5884954,-0.7041969,-171.64,35.2,369.37,-1.89,.16,0.46,0.2416632,0.0,34.9988522,,5.33,1.64,,"91,953,520.","5,275,460.","687,597.46",,,958.3626488,-3537.1184762,-912.8289165,298.5094641,-23.6,5.05,86.06,86.06,4.67,,,"1,880.78",-4.32,-88.43,-108.46,-117.3,-730.39,,,,"62,762,010,000."
N119977,A038160,팍스넷,(주)팍스넷,110111-1698830,202-81-63804,1999-05-18,2016-08-01,2021-08-23,외감,12.0,중소기업,,팍스넷,,J00000.정보통신업(58~63),J63000.정보서비스업,코스닥,감사의견 거절(감사범위 제한 및 계속기업 존속능력에 대한 불확실성),감사의견거절,2020,-5.4808121,0.4771338,0.3449016,,-0.0390395,-0.2222222,78.2,-82.72,-252.63,-0.162148,-0.4951699,1.3469215,,60.69,207.01,-62.31,.2,,0.1749479,0.0,61.8203991,44.24,4.72,-.56,,"94,877,230.","5,817,480.","601,285.05",,,839.5468145,-2090.0014632,-270.6296869,-1275.8474349,-335.78,,38.49,37.48,1.04,,356.16,,-1.36,-17.9,-20.28,-30.17,-107.97,,,,"71,735,455,000."
N119977,A038160,팍스넷,(주)팍스넷,110111-1698830,202-81-63804,1999-05-18,2016-08-01,2021-08-23,외감,12.0,중소기업,,팍스넷,,J00000.정보통신업(58~63),J63000.정보서비스업,코스닥,감사의견 거절(감사범위 제한 및 계속기업 존속능력에 대한 불확실성),감사의견거절,2021,,,,,,,93.76,-120.02,-207.48,,,,,74.41,254.5,-119.61,.17,,,0.0,73.5069089,,,-.16,,"63,741,350.","3,318,390.",,,,,,,,-360.69,,,,0.28,,,,,-21.18,-23.82,-54.72,-179.63,,,,"32,979,682,000."
N119977,A038160,팍스넷,(주)팍스넷,110111-1698830,202-81-63804,1999-05-18,2016-08-01,2021-08-23,외감,12.0,중소기업,,팍스넷,,J00000.정보통신업(58~63),J63000.정보서비스업,코스닥,감사의견 거절(감사범위 제한 및 계속기업 존속능력에 대한 불확실성),감사의견거절,2022,,,,,,,99.83,-114.52,-116.17,,,,,64.78,168.77,-150.92,.09,,,0.0,41.8609547,,,-.06,,"13,588,010.",.,,,,,,,,-390.66,,,,.23,,,,,-6.71,-7.19,-21.62,-124.76,,,,"25,086,210,000."
N119977,A038160,팍스넷,(주)팍스넷,110111-1698830,202-81-63804,1999-05-18,2016-08-01,2021-08-23,외감,12.0,중소기업,,팍스넷,,J00000.정보통신업(58~63),J63000.정보서비스업,코스닥,감사의견 거절(감사범위 제한 및 계속기업 존속능력에 대한 불확실성),감사의견거절,2023,,,,,,,100.0,-338.04,-358.38,,,,,40.37,326.06,-223.15,.06,,,0.0,40.2797569,,,-.03,,"8,244,090.",.,,,,,,,,-445.09,,,,.08,,,,,-8.43,-8.98,-43.47,-296.25,,,,"21,533,644,000."
N119977,A038160,팍스넷,(주)팍스넷,110111-1698830,202-81-63804,1999-05-18,2016-08-01,2021-08-23,외감,12.0,중소기업,,팍스넷,,J00000.정보통신업(58~63),J63000.정보서비스업,코스닥,감사의견 거절(감사범위 제한 및 계속기업 존속능력에 대한 불확실성),감사의견거절,2024,,,,,,,100.,-324.65,-144.62,,,,,29.52,140.95,-291.11,.05,,,0.0,23.8028987,,,-.02,,,,,,,,,,,-478.44,,,,.57,,,,,-.46,-.49,-3.77,-23.74,,,,"16,592,791,000."
N004642,A038340,MIT,(주)무궁화인포메이션테크놀로지,204311-0000419,409-81-06684,1967-04-07,2001-11-22,2025-03-28,외감,12.0,중소기업,,무궁화인포메이션테크놀로지,"N45203.전자장비와 기기, 부품",C00000.제조업(10~34),"C26000.전자 부품, 컴퓨터, 영상, 음향 및 통신장비 제조업",코스닥,기업의 계속성 및 경영의 투명성 등을 종합적으로 고려하여 상장폐지기준에 해당한다고 결정,기업의계속성_경영의투명성종합판단,2014,1.7085306,0.1129718,-0.673734,170.85,-0.8091831,-0.1698113,5.88,-12.57,-47.67,-0.1090238,-0.4134203,-0.3219529,-122.09,4.01,145.02,-26.29,.87,2.56,1.3112602,0.0,1206.5487687,17.8,4.04,9.18,,"97,951,150.","4,454,000.","436,258.45",-45.92,-204.52,1031.7666654,-493.900062,-239.3458061,350.0448217,-30.17,62.88,180.6,155.42,21.09,31.24,90.62,59.02,-3.13,-231.97,-481.43,-65.87,-54.95,"-4,497.75",-39.88,-23.86,"34,568,756,000."
N004642,A038340,MIT,(주)무궁화인포메이션테크놀로지,204311-0000419,409-81-06684,1967-04-07,2001-11-22,2025-03-28,외감,12.0,중소기업,,무궁화인포메이션테크놀로지,"N45203.전자장비와 기기, 부품",C00000.제조업(10~34),"C26000.전자 부품, 컴퓨터, 영상, 음향 및 통신장비 제조업",코스닥,기업의 계속성 및 경영의 투명성 등을 종합적으로 고려하여 상장폐지기준에 해당한다고 결정,기업의계속성_경영의투명성종합판단,2015,0.2979605,0.4705038,0.4656577,29.8,-0.7597251,-0.0227273,11.7,-27.7,-106.02,-0.0703684,-0.2692806,-0.1015736,-38.87,1.29,148.1,-18.93,0.25,0.37,0.8267764,0.0,247.5423334,3.7,1.68,1.04,,"96,807,400.","3,710,140.","469,933.28",,,136.6687034,-144.852724,-116.9007931,398.2543175,-20.53,75.17,203.3,177.18,3.12,25.29,150.92,33.04,-21.46,-132.49,-372.13,-24.56,-107.32,,,,"22,408,813,000."
N004642,A038340,MIT,(주)무궁화인포메이션테크놀로지,204311-0000419,409-81-06684,1967-04-07,2001-11-22,2025-03-28,외감,12.0,중소기업,,무궁화인포메이션테크놀로지,"N45203.전자장비와 기기, 부품",C00000.제조업(10~34),"C26000.전자 부품, 컴퓨터, 영상, 음향 및 통신장비 제조업",코스닥,기업의 계속성 및 경영의 투명성 등을 종합적으로 고려하여 상장폐지기준에 해당한다고 결정,기업의계속성_경영의투명성종합판단,2016,-0.2156654,1.2151756,-0.9138609,-21.57,2.9047567,0.6976744,48.92,1.53,-51.96,0.0130479,-0.4441054,0.021686,-73.81,4.35,121.99,-42.61,0.85,1.42,2.1456664,0.0,57.3558433,20.12,5.05,5.51,,"61,317,620.","1,783,030.","349,722.59",,,493.9651038,-253.3423598,128.7048165,298.4433628,-47.05,47.97,130.29,120.59,3.35,32.02,585.25,108.48,.35,-79.31,-143.62,-39.44,-68.82,,,,"24,333,506,000."
N004642,A038340,MIT,(주)무궁화인포메이션테크놀로지,204311-0000419,409-81-06684,1967-04-07,2001-11-22,2025-03-28,외감,12.0,중소기업,,무궁화인포메이션테크놀로지,"N45203.전자장비와 기기, 부품",C00000.제조업(10~34),"C26000.전자 부품, 컴퓨터, 영상, 음향 및 통신장비 제조업",코스닥,기업의 계속성 및 경영의 투명성 등을 종합적으로 고려하여 상장폐지기준에 해당한다고 결정,기업의계속성_경영의투명성종합판단,2017,-0.735575,-1.3893737,-0.0787117,-73.56,-0.1638057,-0.1917808,41.31,-0.71,-67.03,-0.0057292,-0.5402316,-0.0151924,-143.26,3.18,165.95,-10.95,0.81,2.14,1.293849,0.0,504.5190074,24.38,5.55,-6.52,,"82,284,920.","2,022,910.","393,395.53",,,1034.6642661,-714.0209971,-94.1606465,330.3074555,-34.39,20.85,38.51,33.06,4.97,,323.42,379.56,-.22,-95.56,-154.4,-72.6,-79.1,,,,"29,908,981,000."
N004642,A038340,MIT,(주)무궁화인포메이션테크놀로지,204311-0000419,409-81-06684,1967-04-07,2001-11-22,2025-03-28,외감,12.0,중소기업,,무궁화인포메이션테크놀로지,"N45203.전자장비와 기기, 부품",C00000.제조업(10~34),"C26000.전자 부품, 컴퓨터, 영상, 음향 및 통신장비 제조업",코스닥,기업의 계속성 및 경영의 투명성 등을 종합적으로 고려하여 상장폐지기준에 해당한다고 결정,기업의계속성_경영의투명성종합판단,2018,1.5059636,3.0943537,0.9302096,150.6,0.0238383,0.0,45.03,1.45,-4.57,0.0159849,-0.0502273,0.0433971,-13.64,1.95,104.36,15.33,1.1,2.98,1.74023,0.0,461.2822694,25.58,8.02,-4.41,,"81,045,470.","1,772,420.","294,834.01",19.91,72.41,1486.037381,-70.7451696,-36.2955702,707.7035469,40.58,53.06,91.79,77.2,18.21,202.46,300.51,88.46,.74,-5.37,-12.35,-2.29,-2.42,"3,311.24",20.91,69.26,"18,191,682,000."
N004642,A038340,MIT,(주)무궁화인포메이션테크놀로지,204311-0000419,409-81-06684,1967-04-07,2001-11-22,2025-03-28,외감,12.0,중소기업,,무궁화인포메이션테크놀로지,"N45203.전자장비와 기기, 부품",C00000.제조업(10~34),"C26000.전자 부품, 컴퓨터, 영상, 음향 및 통신장비 제조업",코스닥,기업의 계속성 및 경영의 투명성 등을 종합적으로 고려하여 상장폐지기준에 해당한다고 결정,기업의계속성_경영의투명성종합판단,2019,2.9077865,-17.1023456,-8.4809505,290.78,-0.0564503,-0.0169492,33.09,-24.82,-45.91,-0.1282002,-0.2371812,-0.1992032,-36.85,2.91,143.68,36.95,.52,0.8,1.4493142,0.0,166.7805751,5.59,4.68,27.87,,"97,670,980.","1,531,510.","565,439.49",-14.0,-81.04,772.2528259,-369.0347359,-528.5675205,1110.2602529,121.41,68.06,111.18,74.3,6.42,329.91,485.96,46.92,-8.54,-67.69,-97.53,-15.87,-49.42,"-5,168.",-29.7,-59.51,"17,914,971,000."
N004642,A038340,MIT,(주)무궁화인포메이션테크놀로지,204311-0000419,409-81-06684,1967-04-07,2001-11-22,2025-03-28,외감,12.0,중소기업,,무궁화인포메이션테크놀로지,"N45203.전자장비와 기기, 부품",C00000.제조업(10~34),"C26000.전자 부품, 컴퓨터, 영상, 음향 및 통신장비 제조업",코스닥,기업의 계속성 및 경영의 투명성 등을 종합적으로 고려하여 상장폐지기준에 해당한다고 결정,기업의계속성_경영의투명성종합판단,2020,-0.2854371,-1.8482338,-0.8725533,-28.54,-0.4129278,-0.3275862,-23.75,-120.4,-146.45,-0.2372204,-0.2885375,-0.4155979,-50.55,29.09,173.4,13.25,.2,0.35,0.4590453,0.0,51.7675876,2.96,1.98,1.7,,"162,680,540.","2,131,510.","1,276,211.44",-14.69,-115.26,317.6896206,-460.2266044,-42.6353968,703.1642818,40.29,46.56,141.77,136.,2.21,13.8,102.25,114.76,-4.14,-52.25,-88.32,-24.16,-138.76,"-8,796.9",-81.71,-31.57,"54,578,385,000."
N004642,A038340,MIT,(주)무궁화인포메이션테크놀로지,204311-0000419,409-81-06684,1967-04-07,2001-11-22,2025-03-28,외감,12.0,중소기업,,무궁화인포메이션테크놀로지,"N45203.전자장비와 기기, 부품",C00000.제조업(10~34),"C26000.전자 부품, 컴퓨터, 영상, 음향 및 통신장비 제조업",코스닥,기업의 계속성 및 경영의 투명성 등을 종합적으로 고려하여 상장폐지기준에 해당한다고 결정,기업의계속성_경영의투명성종합판단,2021,-0.9878637,0.7439345,0.5466676,-98.79,-0.4449939,0.1025641,10.08,-55.55,-119.62,-0.0825217,-0.1776986,-0.2522891,-54.33,44.35,142.05,-24.49,.15,0.45,0.2207644,0.0,309.7971418,4.61,1.64,-2.56,,"91,678,880.","991,900.","795,590.43",,,255.6744304,-199.7789277,-99.3225688,5.3376076,-97.94,1.28,22.72,17.28,2.52,,191.92,"7,700.76",-1.25,-45.01,-65.91,-47.1,-233.35,,,,"57,007,802,000."
N004642,A038340,MIT,(주)무궁화인포메이션테크놀로지,204311-0000419,409-81-06684,1967-04-07,2001-11-22,2025-03-28,외감,12.0,중소기업,,무궁화인포메이션테크놀로지,"N45203.전자장비와 기기, 부품",C00000.제조업(10~34),"C26000.전자 부품, 컴퓨터, 영상, 음향 및 통신장비 제조업",코스닥,기업의 계속성 및 경영의 투명성 등을 종합적으로 고려하여 상장폐지기준에 해당한다고 결정,기업의계속성_경영의투명성종합판단,2022,14.6555902,-0.4279498,0.4044453,"1,465.56",-0.0176829,-0.3255814,12.65,-80.75,-72.52,-0.232705,-0.2089924,-1.8038607,-162.,7.06,133.59,-8.76,.29,2.23,0.3308608,0.0,95.8602196,5.27,3.5,-.83,,"156,203,170.",.,"577,125.64",-3.78,-13.96,251.1533755,-360.8908505,,217.1986158,-22.47,30.64,122.42,103.58,18.6,84.02,"1,165.77",226.41,-11.44,-34.7,-267.18,-24.07,-123.09,,-19.64,-404.66,"25,130,475,000."
N004642,A038340,MIT,(주)무궁화인포메이션테크놀로지,204311-0000419,409-81-06684,1967-04-07,2001-11-22,2025-03-28,외감,12.0,중소기업,,무궁화인포메이션테크놀로지,"N45203.전자장비와 기기, 부품",C00000.제조업(10~34),"C26000.전자 부품, 컴퓨터, 영상, 음향 및 통신장비 제조업",코스닥,기업의 계속성 및 경영의 투명성 등을 종합적으로 고려하여 상장폐지기준에 해당한다고 결정,기업의계속성_경영의투명성종합판단,2023,1.8625479,0.1684635,0.9003492,186.25,1.0666724,1.1034483,51.83,-61.74,-6.51,-0.2402635,-0.0253308,-0.4217595,-4.45,1.21,97.19,6.5,.39,0.68,0.9042621,1.107875912,1.336811834,6.09,4.39,2.44,,"110,003,050.","458,180.","280,300.65",35.22,89.75,280.7,-18.2721723,,545.2320858,8.67,81.41,310.56,257.38,116.64,25.26,430.32,22.84,-50.9,4.53,31.52,.84,2.25,"21,547.23",90.51,84.24,"16,462,573,000."
N004642,A038340,MIT,(주)무궁화인포메이션테크놀로지,204311-0000419,409-81-06684,1967-04-07,2001-11-22,2025-03-28,외감,12.0,중소기업,,무궁화인포메이션테크놀로지,"N45203.전자장비와 기기, 부품",C00000.제조업(10~34),"C26000.전자 부품, 컴퓨터, 영상, 음향 및 통신장비 제조업",코스닥,기업의 계속성 및 경영의 투명성 등을 종합적으로 고려하여 상장폐지기준에 해당한다고 결정,기업의계속성_경영의투명성종합판단,2024,0.1874894,-0.2897921,-8.5661697,18.75,-0.1985412,-0.0163934,13.74,-16.15,-13.41,-0.137454,-0.1141795,-0.3249878,-27.0,3.96,112.5,1.28,.85,2.01,1.4750905,0.0,0.0,11.8,5.19,14.06,,"110,703,210.","5,863,560.","375,199.88",,,1172.8730844,-157.3287452,-98.6767884,517.0381263,3.12,42.3,115.75,96.98,27.62,119.16,187.95,136.43,-4.07,-35.58,-50.34,-13.23,-67.69,,,,"27,289,880,000."
N001097,A039230,에이아이비트,제이앤케이인더스트리(주),110111-1284259,119-81-21292,1996-06-19,2000-06-22,2021-10-06,외감,12.0,중소기업,,,N45301.반도체 및 반도체장비,C00000.제조업(10~34),"C27000.의료, 정밀, 광학 기기 및 시계 제조업",코스닥,감사의견 거절(감사범위 제한),감사의견거절,2014,0.0143086,0.0802864,0.9017263,1.43,0.4626641,0.1428571,20.81,2.49,0.71,0.0188046,0.0053932,0.0495358,1.42,2.32,99.08,18.16,.76,1.99,1.2177244,0.0,186.8080095,26.85,3.3,-2.67,,"225,335,270.","4,622,970.","450,269.37",9.83,19.63,1939.2607107,13.84437,65.1795132,981.3995454,96.28,37.02,54.13,46.54,6.04,,151.01,170.14,1.07,-4.27,-7.22,-2.44,-3.97,956.97,15.64,84.31,"90,445,468,000."
N001097,A039230,에이아이비트,제이앤케이인더스트리(주),110111-1284259,119-81-21292,1996-06-19,2000-06-22,2021-10-06,외감,12.0,중소기업,,,N45301.반도체 및 반도체장비,C00000.제조업(10~34),"C27000.의료, 정밀, 광학 기기 및 시계 제조업",코스닥,감사의견 거절(감사범위 제한),감사의견거절,2015,0.023197,-1.8531006,-1.3155072,2.32,-0.2844667,0.0572917,16.01,-2.97,-0.31,-0.0148513,-0.0015753,-0.0414798,-0.44,2.36,102.05,17.57,0.5,1.4,0.7795259,0.0,231.15991,8.29,2.1,-2.0,,"210,430,390.","4,129,250.","452,406.2",,,1387.6055753,-12.6800555,-1.6850757,1008.5492962,101.71,34.69,60.7,48.14,6.76,,120.42,188.26,-1.26,-1.74,-3.25,-1.06,-2.0,,,,"96,573,443,000."
N001097,A039230,에이아이비트,제이앤케이인더스트리(주),110111-1284259,119-81-21292,1996-06-19,2000-06-22,2021-10-06,외감,12.0,중소기업,,,N45301.반도체 및 반도체장비,C00000.제조업(10~34),"C27000.의료, 정밀, 광학 기기 및 시계 제조업",코스닥,감사의견 거절(감사범위 제한),감사의견거절,2016,-0.6066709,-7.3063653,-147.3564969,-60.67,-0.3022166,-0.4876847,1.77,-35.33,-66.93,-0.1726918,-0.3271589,-0.4889598,-92.63,4.39,183.36,-9.84,0.49,1.38,0.7557433,0.0,169.2784001,5.42,1.64,-6.05,,"207,379,080.","6,742,390.","644,778.23",,,968.2481145,-613.646036,-293.4384936,394.9673602,-21.01,37.02,161.56,138.25,71.28,37.87,156.93,170.13,-8.04,-90.55,-551.89,-56.67,-62.71,,,,"105,441,925,000."
N001097,A039230,에이아이비트,제이앤케이인더스트리(주),110111-1284259,119-81-21292,1996-06-19,2000-06-22,2021-10-06,외감,12.0,중소기업,,,N45301.반도체 및 반도체장비,C00000.제조업(10~34),"C27000.의료, 정밀, 광학 기기 및 시계 제조업",코스닥,감사의견 거절(감사범위 제한),감사의견거절,2017,0.2159725,1.2147376,0.7740697,21.6,0.5275161,-0.0192308,21.12,4.97,-9.9,0.0578712,-0.1153494,0.1678473,-33.46,2.08,109.45,-6.31,1.17,3.38,1.7784444,0.0,73.8273452,18.78,3.0,4.17,,"5,038,510.","3,617,980.","452,674.75",,,1394.5547966,-138.0356339,-282.4305196,418.9656652,-16.21,32.64,134.85,132.9,13.91,5.59,282.46,206.41,2.39,-16.08,-29.11,-10.8,-26.03,,,,"38,865,597,000."
N001097,A039230,에이아이비트,제이앤케이인더스트리(주),110111-1284259,119-81-21292,1996-06-19,2000-06-22,2021-10-06,외감,12.0,중소기업,,,N45301.반도체 및 반도체장비,C00000.제조업(10~34),"C27000.의료, 정밀, 광학 기기 및 시계 제조업",코스닥,감사의견 거절(감사범위 제한),감사의견거절,2018,0.6381472,-0.0132896,-0.7448371,63.81,-0.298985,0.0196078,33.43,6.99,-24.64,0.0411824,-0.1451544,0.1144052,-40.32,14.56,119.29,0.11,.59,1.64,0.9204735,0.0,87.5119173,32.79,1.97,2.54,,"2,616,380.","919,810.","601,976.6",,,752.0156315,-184.716372,3.4955587,501.3925172,.28,38.41,137.54,134.05,16.28,9.3,251.03,160.34,.48,-19.4,-33.64,-11.43,-65.51,,,,"53,605,630,000."
N001097,A039230,에이아이비트,제이앤케이인더스트리(주),110111-1284259,119-81-21292,1996-06-19,2000-06-22,2021-10-06,외감,12.0,중소기업,,,N45301.반도체 및 반도체장비,C00000.제조업(10~34),"C27000.의료, 정밀, 광학 기기 및 시계 제조업",코스닥,감사의견 거절(감사범위 제한),감사의견거절,2019,0.7604136,0.209723,-0.2018624,76.04,-0.0097396,0.125,38.57,8.54,-29.9,0.0447769,-0.1567984,0.0807428,-28.27,6.6,118.3,-2.54,.52,0.95,1.1771474,0.0,79.1649375,14.7,1.82,1.46,,"3,330,170.","633,190.","556,568.55",,,463.5852147,-138.4970779,-36.9180939,483.4138288,-3.32,74.15,299.46,279.07,28.87,10.22,352.21,34.87,1.29,-143.63,-773.24,-23.44,-164.56,,,,"74,611,679,000."
N001097,A039230,에이아이비트,제이앤케이인더스트리(주),110111-1284259,119-81-21292,1996-06-19,2000-06-22,2021-10-06,외감,12.0,중소기업,,,N45301.반도체 및 반도체장비,C00000.제조업(10~34),"C27000.의료, 정밀, 광학 기기 및 시계 제조업",코스닥,감사의견 거절(감사범위 제한),감사의견거절,2020,-0.1030264,-2.1530132,0.2974041,-10.3,-0.2189516,-0.2136752,33.63,-12.61,-26.9,-0.0583809,-0.1245745,-0.0769549,-16.42,3.02,119.12,-17.08,.46,0.61,1.9187051,0.0,110.8009854,10.54,1.34,1.01,,"8,160,100.","1,004,990.","614,379.38",,,274.1490385,-73.7074961,10.4243179,410.0709667,-17.99,77.87,301.18,283.86,20.03,8.61,413.84,28.41,-4.17,-65.68,-256.06,-12.41,-122.09,,,,"68,044,383,000."
N001097,A039230,에이아이비트,제이앤케이인더스트리(주),110111-1284259,119-81-21292,1996-06-19,2000-06-22,2021-10-06,외감,12.0,중소기업,,,N45301.반도체 및 반도체장비,C00000.제조업(10~34),"C27000.의료, 정밀, 광학 기기 및 시계 제조업",코스닥,감사의견 거절(감사범위 제한),감사의견거절,2021,,,,,,,25.4,-8.6,-43.65,,,,-42.21,1.66,140.2,60.26,.69,,,0.0,75.9749011,,,1.56,,"5,697,200.","529,890.",,,,,,,,"2,194.65",63.6,,,20.48,11.12,489.31,,,-206.4,-654.23,-48.98,-382.98,,,,"58,111,687,000."
N001097,A039230,에이아이비트,제이앤케이인더스트리(주),110111-1284259,119-81-21292,1996-06-19,2000-06-22,2021-10-06,외감,12.0,중소기업,,,N45301.반도체 및 반도체장비,C00000.제조업(10~34),"C27000.의료, 정밀, 광학 기기 및 시계 제조업",코스닥,감사의견 거절(감사범위 제한),감사의견거절,2022,,,,,,,14.54,-756.17,"-2,640.78",,,,-41.27,116.07,193.21,73.31,.01,,,0.0150005487,0.0150005487,,,.02,,"37,187,190.","488,810.",,,,,,,,"1,286.7",75.93,,,6.09,.,"1,137.61",,,-157.48,-379.17,-37.91,"-2,603.6",,,,"50,245,047,000."
N001097,A039230,에이아이비트,제이앤케이인더스트리(주),110111-1284259,119-81-21292,1996-06-19,2000-06-22,2021-10-06,외감,12.0,중소기업,,,N45301.반도체 및 반도체장비,C00000.제조업(10~34),"C27000.의료, 정밀, 광학 기기 및 시계 제조업",코스닥,감사의견 거절(감사범위 제한),감사의견거절,2023,,,,,,,,,,,,,-62.02,,455.9,65.44,.,,,0.0,0.0,,,.,,"22,962,830.",.,,,,,,,,995.82,66.59,,,7.95,.,,,,-181.73,"-24,605.89",-60.71,,,,,"13,995,853,000."
N001097,A039230,에이아이비트,제이앤케이인더스트리(주),110111-1284259,119-81-21292,1996-06-19,2000-06-22,2021-10-06,외감,12.0,중소기업,,,N45301.반도체 및 반도체장비,C00000.제조업(10~34),"C27000.의료, 정밀, 광학 기기 및 시계 제조업",코스닥,감사의견 거절(감사범위 제한),감사의견거절,2024,,,,,,,,,,,,,-169.77,,"7,466.3",17.1,.,,,0.0,0.0,,,.,,,,,,,,,,,65.96,21.25,,,.77,.,,,,-305.45,,-240.55,,,,,"3,548,285,000."
N103728,A039530,씨앤케이인터,(주)씨앤케이인터내셔널,110111-0676811,211-86-06874,1990-02-19,2000-03-21,2015-05-19,폐업,12.0,중소기업,,씨앤케이인터내셔널,N15104.금속과 채광,C00000.제조업(10~34),C24000.1차 금속 제조업,코스닥,기업의 계속성 및 경영의 투명성 등을 종합적으로 고려하여 상장폐지기준에 해당한다고 결정,기업의계속성_경영의투명성종합판단,2014,0.0408701,-0.612271,1.6172805,4.09,0.2919149,1.2,,,,-0.1212825,0.0363834,-0.1294479,,,,,,0.24,3.5230331,,,2.54,4.84,,,,,"867,187.",,,,12.7570038,,335.0884421,,,868.09,628.66,,,,8.23,-694.85,,,,,,,,
N103728,A039530,씨앤케이인터,(주)씨앤케이인터내셔널,110111-0676811,211-86-06874,1990-02-19,2000-03-21,2015-05-19,폐업,12.0,중소기업,,씨앤케이인터내셔널,N15104.금속과 채광,C00000.제조업(10~34),C24000.1차 금속 제조업,코스닥,기업의 계속성 및 경영의 투명성 등을 종합적으로 고려하여 상장폐지기준에 해당한다고 결정,기업의계속성_경영의투명성종합판단,2015,,,,,,,,,,,,,,,,,,,,,,,,,,,,,,,,,,,,,,,,,,,,,,,,,,,
N103728,A039530,씨앤케이인터,(주)씨앤케이인터내셔널,110111-0676811,211-86-06874,1990-02-19,2000-03-21,2015-05-19,폐업,12.0,중소기업,,씨앤케이인터내셔널,N15104.금속과 채광,C00000.제조업(10~34),C24000.1차 금속 제조업,코스닥,기업의 계속성 및 경영의 투명성 등을 종합적으로 고려하여 상장폐지기준에 해당한다고 결정,기업의계속성_경영의투명성종합판단,2016,,,,,,,,,,,,,,,,,,,,,,,,,,,,,,,,,,,,,,,,,,,,,,,,,,,
N103728,A039530,씨앤케이인터,(주)씨앤케이인터내셔널,110111-0676811,211-86-06874,1990-02-19,2000-03-21,2015-05-19,폐업,12.0,중소기업,,씨앤케이인터내셔널,N15104.금속과 채광,C00000.제조업(10~34),C24000.1차 금속 제조업,코스닥,기업의 계속성 및 경영의 투명성 등을 종합적으로 고려하여 상장폐지기준에 해당한다고 결정,기업의계속성_경영의투명성종합판단,2017,,,,,,,,,,,,,,,,,,,,,,,,,,,,,,,,,,,,,,,,,,,,,,,,,,,
N103728,A039530,씨앤케이인터,(주)씨앤케이인터내셔널,110111-0676811,211-86-06874,1990-02-19,2000-03-21,2015-05-19,폐업,12.0,중소기업,,씨앤케이인터내셔널,N15104.금속과 채광,C00000.제조업(10~34),C24000.1차 금속 제조업,코스닥,기업의 계속성 및 경영의 투명성 등을 종합적으로 고려하여 상장폐지기준에 해당한다고 결정,기업의계속성_경영의투명성종합판단,2018,,,,,,,,,,,,,,,,,,,,,,,,,,,,,,,,,,,,,,,,,,,,,,,,,,,
N103728,A039530,씨앤케이인터,(주)씨앤케이인터내셔널,110111-0676811,211-86-06874,1990-02-19,2000-03-21,2015-05-19,폐업,12.0,중소기업,,씨앤케이인터내셔널,N15104.금속과 채광,C00000.제조업(10~34),C24000.1차 금속 제조업,코스닥,기업의 계속성 및 경영의 투명성 등을 종합적으로 고려하여 상장폐지기준에 해당한다고 결정,기업의계속성_경영의투명성종합판단,2019,,,,,,,,,,,,,,,,,,,,,,,,,,,,,,,,,,,,,,,,,,,,,,,,,,,
N103728,A039530,씨앤케이인터,(주)씨앤케이인터내셔널,110111-0676811,211-86-06874,1990-02-19,2000-03-21,2015-05-19,폐업,12.0,중소기업,,씨앤케이인터내셔널,N15104.금속과 채광,C00000.제조업(10~34),C24000.1차 금속 제조업,코스닥,기업의 계속성 및 경영의 투명성 등을 종합적으로 고려하여 상장폐지기준에 해당한다고 결정,기업의계속성_경영의투명성종합판단,2020,,,,,,,,,,,,,,,,,,,,,,,,,,,,,,,,,,,,,,,,,,,,,,,,,,,
N103728,A039530,씨앤케이인터,(주)씨앤케이인터내셔널,110111-0676811,211-86-06874,1990-02-19,2000-03-21,2015-05-19,폐업,12.0,중소기업,,씨앤케이인터내셔널,N15104.금속과 채광,C00000.제조업(10~34),C24000.1차 금속 제조업,코스닥,기업의 계속성 및 경영의 투명성 등을 종합적으로 고려하여 상장폐지기준에 해당한다고 결정,기업의계속성_경영의투명성종합판단,2021,,,,,,,,,,,,,,,,,,,,,,,,,,,,,,,,,,,,,,,,,,,,,,,,,,,
N103728,A039530,씨앤케이인터,(주)씨앤케이인터내셔널,110111-0676811,211-86-06874,1990-02-19,2000-03-21,2015-05-19,폐업,12.0,중소기업,,씨앤케이인터내셔널,N15104.금속과 채광,C00000.제조업(10~34),C24000.1차 금속 제조업,코스닥,기업의 계속성 및 경영의 투명성 등을 종합적으로 고려하여 상장폐지기준에 해당한다고 결정,기업의계속성_경영의투명성종합판단,2022,,,,,,,,,,,,,,,,,,,,,,,,,,,,,,,,,,,,,,,,,,,,,,,,,,,
N103728,A039530,씨앤케이인터,(주)씨앤케이인터내셔널,110111-0676811,211-86-06874,1990-02-19,2000-03-21,2015-05-19,폐업,12.0,중소기업,,씨앤케이인터내셔널,N15104.금속과 채광,C00000.제조업(10~34),C24000.1차 금속 제조업,코스닥,기업의 계속성 및 경영의 투명성 등을 종합적으로 고려하여 상장폐지기준에 해당한다고 결정,기업의계속성_경영의투명성종합판단,2023,,,,,,,,,,,,,,,,,,,,,,,,,,,,,,,,,,,,,,,,,,,,,,,,,,,
N103728,A039530,씨앤케이인터,(주)씨앤케이인터내셔널,110111-0676811,211-86-06874,1990-02-19,2000-03-21,2015-05-19,폐업,12.0,중소기업,,씨앤케이인터내셔널,N15104.금속과 채광,C00000.제조업(10~34),C24000.1차 금속 제조업,코스닥,기업의 계속성 및 경영의 투명성 등을 종합적으로 고려하여 상장폐지기준에 해당한다고 결정,기업의계속성_경영의투명성종합판단,2024,,,,,,,,,,,,,,,,,,,,,,,,,,,,,,,,,,,,,,,,,,,,,,,,,,,
N144523,A039670,스포츠서울,(주)스포츠서울,110111-1840928,104-81-48945,1999-12-30,2004-01-16,2022-04-20,외감,3.0,중소기업,,서울에스티비홀딩스,N25401.미디어,J00000.정보통신업(58~63),J58000.출판업,코스닥,기업의 계속성 및 경영의 투명성 등을 종합적으로 고려하여 상장폐지기준에 해당한다고 결정,기업의계속성_경영의투명성종합판단,2014,,,,,,,30.2,1.27,-0.24,0.0035891,-0.0006797,0.0170839,-.22,3.16,100.22,4.0,.3,0.91,0.3567519,0.0,410.2372322,17.69,0.8,-4.05,,"64,178,690.","1,090.","200,796.77",,,165.7316862,-0.4056436,8.3253851,635.3519805,13.85,32.91,82.99,79.1,15.12,,793.78,203.85,.4,,,,,,,,"19,652,168,000."
N144523,A039670,스포츠서울,(주)스포츠서울,110111-1840928,104-81-48945,1999-12-30,2004-01-16,2022-04-20,외감,3.0,중소기업,,서울에스티비홀딩스,N25401.미디어,J00000.정보통신업(58~63),J58000.출판업,코스닥,기업의 계속성 및 경영의 투명성 등을 종합적으로 고려하여 상장폐지기준에 해당한다고 결정,기업의계속성_경영의투명성종합판단,2015,-0.4809146,-80.7125188,-839.2531424,-48.09,2.0828269,-0.0104167,20.95,-32.93,-65.74,-0.3376952,-0.6740724,-1.2208969,-243.7,2.47,165.2,-46.6,1.03,3.71,1.4175065,0.0,77.0252981,86.77,2.41,-16.93,,"63,874,890.","1,090.","176,839.48",,,1231.8227156,-809.7458962,-504.3081043,156.0866838,-68.76,21.16,91.8,90.79,15.92,,"1,070.59",372.68,-13.34,-108.44,-313.93,-83.29,-74.24,,,,"17,337,510,000."
N144523,A039670,스포츠서울,(주)스포츠서울,110111-1840928,104-81-48945,1999-12-30,2004-01-16,2022-04-20,외감,3.0,중소기업,,서울에스티비홀딩스,N25401.미디어,J00000.정보통신업(58~63),J58000.출판업,코스닥,기업의 계속성 및 경영의 투명성 등을 종합적으로 고려하여 상장폐지기준에 해당한다고 결정,기업의계속성_경영의투명성종합판단,2016,2.8793517,0.0985617,0.5621474,287.94,-0.0362848,0.0526316,16.35,-30.8,-29.87,-0.2505601,-0.2429324,-0.6600795,-64.0,1.89,128.83,17.06,0.81,2.14,1.3110747,0.0,154.2206743,230.71,2.42,69.85,,"69,247,370.","29,250.","195,118.61",,,977.4741976,-291.9342403,-71.3710726,777.7070707,55.58,47.73,111.19,110.57,87.03,5.56,744.45,109.51,-16.32,-32.57,-78.63,-16.48,-26.28,,,,"14,000,318,000."
N144523,A039670,스포츠서울,(주)스포츠서울,110111-1840928,104-81-48945,1999-12-30,2004-01-16,2022-04-20,외감,3.0,중소기업,,서울에스티비홀딩스,N25401.미디어,J00000.정보통신업(58~63),J58000.출판업,코스닥,기업의 계속성 및 경영의 투명성 등을 종합적으로 고려하여 상장폐지기준에 해당한다고 결정,기업의계속성_경영의투명성종합판단,2017,0.5294148,1.0650164,0.8903084,52.94,0.0403063,-0.14,32.85,1.93,-3.15,0.0118021,-0.0193056,0.0213404,-3.49,2.37,102.92,30.36,0.61,1.11,1.3715843,0.0,124.4881949,338.52,3.0,5.3,,"94,776,720.","59,100.","311,257.3",,,979.3640328,-28.6849255,-141.2890365,990.428945,98.12,61.7,167.48,166.99,78.22,.73,533.79,62.06,.81,-3.41,-7.67,-1.28,-2.29,,,,"24,072,752,000."
N144523,A039670,스포츠서울,(주)스포츠서울,110111-1840928,104-81-48945,1999-12-30,2004-01-16,2022-04-20,외감,3.0,중소기업,,서울에스티비홀딩스,N25401.미디어,J00000.정보통신업(58~63),J58000.출판업,코스닥,기업의 계속성 및 경영의 투명성 등을 종합적으로 고려하여 상장폐지기준에 해당한다고 결정,기업의계속성_경영의투명성종합판단,2018,0.8065832,-25.6372926,-17.3638156,80.66,0.4691968,0.1162791,14.92,-32.28,-39.36,-0.1218285,-0.1485398,-0.3098218,-37.78,8.36,126.47,16.88,.38,0.96,0.6219242,0.0,33.2908936,10.98,5.21,-13.95,,"95,097,510.","1,846,080.","589,657.7",,,980.8737128,-381.8473637,-712.2049667,1031.7927461,106.38,32.75,86.22,79.22,6.29,,278.63,205.37,-3.86,-30.64,-34.12,-22.54,-133.27,,,,"28,479,809,000."
N144523,A039670,스포츠서울,(주)스포츠서울,110111-1840928,104-81-48945,1999-12-30,2004-01-16,2022-04-20,외감,3.0,중소기업,,서울에스티비홀딩스,N25401.미디어,J00000.정보통신업(58~63),J58000.출판업,코스닥,기업의 계속성 및 경영의 투명성 등을 종합적으로 고려하여 상장폐지기준에 해당한다고 결정,기업의계속성_경영의투명성종합판단,2019,-0.4650091,0.2306314,-3.3455386,-46.5,-0.5003005,-0.0104167,9.4,-49.71,-342.3,-0.0701002,-0.4827503,-0.2412462,-166.14,36.27,358.4,-18.33,.14,0.49,0.1987956,0.0,55.0539414,3.41,2.24,-2.08,,"107,873,930.","3,299,560.","786,248.73",,,323.0493456,-1111.8794986,-391.7036963,283.4520512,-43.3,24.0,93.9,88.42,1.76,,206.2,316.62,-1.37,-83.71,-137.52,-66.29,-357.29,,,,"96,948,891,000."
N144523,A039670,스포츠서울,(주)스포츠서울,110111-1840928,104-81-48945,1999-12-30,2004-01-16,2022-04-20,외감,3.0,중소기업,,서울에스티비홀딩스,N25401.미디어,J00000.정보통신업(58~63),J58000.출판업,코스닥,기업의 계속성 및 경영의 투명성 등을 종합적으로 고려하여 상장폐지기준에 해당한다고 결정,기업의계속성_경영의투명성종합판단,2020,-1.371693,0.0027457,0.4183321,,0.0456085,-0.1473684,6.48,-47.41,-190.42,-0.1358471,-0.5456609,-1.0986363,,16.93,206.59,-233.35,.29,,0.3269865,0.0,478.4991853,8.86,2.26,-1.39,,"118,711,170.","2,967,100.","497,232.4",,,205.6717824,-392.9502152,-7.802733,-105.3571322,-121.06,,14.94,14.19,1.93,,"2,614.06",,-2.8,-90.52,-308.61,-131.07,-164.75,,,,"70,761,830,000."
N144523,A039670,스포츠서울,(주)스포츠서울,110111-1840928,104-81-48945,1999-12-30,2004-01-16,2022-04-20,외감,3.0,중소기업,,서울에스티비홀딩스,N25401.미디어,J00000.정보통신업(58~63),J58000.출판업,코스닥,기업의 계속성 및 경영의 투명성 등을 종합적으로 고려하여 상장폐지기준에 해당한다고 결정,기업의계속성_경영의투명성종합판단,2021,-1.9820907,0.4099157,1.1695755,,-0.1941728,-0.1111111,5.86,-34.71,40.07,-0.2225127,0.2568481,61.1893441,,2.63,83.28,10.4,.64,,0.63865,0.0,122.2605692,111.71,2.13,-3.17,,"65,843,960.","2,328,980.","214,412.6",,,372.4208556,149.2350789,-233.4926334,673.3326636,35.11,39.88,620.04,617.05,540.21,.57,"1,534.42",150.78,-13.21,46.95,100.93,28.63,44.05,,,,"15,543,122,000."
N144523,A039670,스포츠서울,(주)스포츠서울,110111-1840928,104-81-48945,1999-12-30,2004-01-16,2022-04-20,외감,3.0,중소기업,,서울에스티비홀딩스,N25401.미디어,J00000.정보통신업(58~63),J58000.출판업,코스닥,기업의 계속성 및 경영의 투명성 등을 종합적으로 고려하여 상장폐지기준에 해당한다고 결정,기업의계속성_경영의투명성종합판단,2022,-0.217826,0.6086782,-1.3390057,-21.78,-0.0794126,-0.2083333,9.89,-14.76,-14.76,-0.1059065,-0.1059051,-0.2450123,-24.5,.99,114.58,2.66,.72,1.66,1.2640976,0.0,198.637929,195.49,2.17,1.46,,"13,127,770.","1,678,980.","222,338.97",,,974.6696963,-146.9483602,-525.2795024,526.4579498,5.78,48.43,493.15,488.79,224.58,1.11,"1,916.16",106.5,-14.91,-19.3,-23.65,-9.96,-10.87,,,,"15,548,644,000."
N144523,A039670,스포츠서울,(주)스포츠서울,110111-1840928,104-81-48945,1999-12-30,2004-01-16,2022-04-20,외감,3.0,중소기업,,서울에스티비홀딩스,N25401.미디어,J00000.정보통신업(58~63),J58000.출판업,코스닥,기업의 계속성 및 경영의 투명성 등을 종합적으로 고려하여 상장폐지기준에 해당한다고 결정,기업의계속성_경영의투명성종합판단,2023,,,,,,,10.42,-14.33,2.85,,,,4.96,.6,97.58,6.13,.94,,,2.801891768,2.868008821,,,2.9,,"7,502,940.","525,360.",,,,,,,,11.13,60.91,,,18.06,3.7,"2,547.88",,,17.29,24.33,6.76,6.53,,,,"10,014,351,000."
N144523,A039670,스포츠서울,(주)스포츠서울,110111-1840928,104-81-48945,1999-12-30,2004-01-16,2022-04-20,외감,3.0,중소기업,,서울에스티비홀딩스,N25401.미디어,J00000.정보통신업(58~63),J58000.출판업,코스닥,기업의 계속성 및 경영의 투명성 등을 종합적으로 고려하여 상장폐지기준에 해당한다고 결정,기업의계속성_경영의투명성종합판단,2024,,,,,,,1.4,-27.53,-67.91,,,,-180.01,.65,167.55,-81.08,1.28,,,2.940206056,2.962095735,,,9.95,,"5,711,860.","1,360.",,,,,,,,-76.51,23.89,,,4.82,,716.81,,,-160.2,-307.83,-121.93,-65.19,,,,"4,346,275,000."
N520365,A039790,위노바,(주)위노바,134111-0046313,134-81-32798,1995-05-18,2000-07-25,2018-03-09,외감,12.0,중소기업,,,N15101.화학,C00000.제조업(10~34),C20000.화학 물질 및 화학제품 제조업,코스닥,기업의 계속성 및 경영의 투명성 등을 종합적으로 고려하여 상장폐지기준에 해당한다고 결정,기업의계속성_경영의투명성종합판단,2014,-0.3962089,0.2799131,0.1345053,-39.62,-0.2215097,,13.8,-30.76,-68.2,-0.1257146,-0.2787471,-0.2421983,-53.7,4.5,139.86,-4.64,.41,0.79,0.8497796,0.733076741,0.790178183,3.77,1.4,3.47,,"112,360,260.","19,019,630.","558,777.94",,,313.3927963,-223.6393879,-64.1476643,316.7547646,-6.32,45.32,102.77,92.47,3.76,372.02,135.95,120.63,-6.84,-59.16,-105.49,-31.89,-91.66,,,,"36,798,030,000."
N520365,A039790,위노바,(주)위노바,134111-0046313,134-81-32798,1995-05-18,2000-07-25,2018-03-09,외감,12.0,중소기업,,,N15101.화학,C00000.제조업(10~34),C20000.화학 물질 및 화학제품 제조업,코스닥,기업의 계속성 및 경영의 투명성 등을 종합적으로 고려하여 상장폐지기준에 해당한다고 결정,기업의계속성_경영의투명성종합판단,2015,1.4332618,1.0552034,1.097143,143.33,0.0019664,-0.0909091,33.83,1.69,6.61,0.0065438,0.0255328,0.0103441,4.04,3.62,97.47,22.97,0.39,0.61,1.0510068,0.568478128,0.589549001,10.06,1.41,2.52,,"132,900,640.","16,419,940.","653,488.08",,,264.9174872,18.2688457,-12.6863958,560.795149,33.48,75.55,201.49,190.34,68.84,10.98,562.82,32.37,.47,15.72,20.08,3.76,14.61,,,,"54,690,301,000."
N520365,A039790,위노바,(주)위노바,134111-0046313,134-81-32798,1995-05-18,2000-07-25,2018-03-09,외감,12.0,중소기업,,,N15101.화학,C00000.제조업(10~34),C20000.화학 물질 및 화학제품 제조업,코스닥,기업의 계속성 및 경영의 투명성 등을 종합적으로 고려하여 상장폐지기준에 해당한다고 결정,기업의계속성_경영의투명성종합판단,2016,-0.3938936,-10.0548594,-23.1973758,-39.39,0.1284264,0.2142857,14.3,-13.6,-130.08,-0.0633463,-0.6059154,-0.0822842,-78.71,4.02,211.71,-42.22,0.47,0.61,2.0239519,0.0,0.0,10.1,1.4,1.78,,"119,058,710.","13,497,210.","501,522.08",,,263.7360147,-343.6578865,-60.6860703,326.1005423,-34.65,79.48,240.13,201.56,16.14,27.52,347.7,25.82,-3.38,-448.84,"-2,165.35",-83.37,-166.15,,,,"30,568,453,000."
N520365,A039790,위노바,(주)위노바,134111-0046313,134-81-32798,1995-05-18,2000-07-25,2018-03-09,외감,12.0,중소기업,,,N15101.화학,C00000.제조업(10~34),C20000.화학 물질 및 화학제품 제조업,코스닥,기업의 계속성 및 경영의 투명성 등을 종합적으로 고려하여 상장폐지기준에 해당한다고 결정,기업의계속성_경영의투명성종합판단,2017,-0.3700192,-1.174261,0.658749,-37.,-0.5160953,0.0,7.53,-61.1,-91.73,-0.2352035,-0.3530994,-0.2908512,-43.66,.88,180.58,-119.0,0.38,0.48,2.0119175,0.0,389.7788909,4.81,0.72,1.49,,"123,699,220.","14,770,800.","287,927.59",,,122.4729889,-116.0327385,15.3402043,205.4370737,-58.78,83.18,244.88,188.21,58.51,39.11,317.42,20.23,-69.67,-298.86,"-1,912.97",-43.71,-81.54,,,,"31,958,640,000."
N520365,A039790,위노바,(주)위노바,134111-0046313,134-81-32798,1995-05-18,2000-07-25,2018-03-09,외감,12.0,중소기업,,,N15101.화학,C00000.제조업(10~34),C20000.화학 물질 및 화학제품 제조업,코스닥,기업의 계속성 및 경영의 투명성 등을 종합적으로 고려하여 상장폐지기준에 해당한다고 결정,기업의계속성_경영의투명성종합판단,2018,,,,,,,2.6,-38.01,-58.4,,,,-33.01,1.34,136.73,-186.02,.46,,,0.0,244.698861,,,2.41,,"133,537,170.","13,196,190.",,1.06,1.82,,,,,-69.72,80.42,,,7.12,34.64,372.13,,,-156.95,"-1,272.77",-22.93,-40.43,18.45,2.17,,"19,238,132,000."
N520365,A039790,위노바,(주)위노바,134111-0046313,134-81-32798,1995-05-18,2000-07-25,2018-03-09,외감,12.0,중소기업,,,N15101.화학,C00000.제조업(10~34),C20000.화학 물질 및 화학제품 제조업,코스닥,기업의 계속성 및 경영의 투명성 등을 종합적으로 고려하여 상장폐지기준에 해당한다고 결정,기업의계속성_경영의투명성종합판단,2019,,,,,,,-7.06,-42.75,-30.16,,,,-19.8,2.29,125.98,59.12,.52,,,2.218461729,3.143281664,,,3.35,,"129,545,220.","9,455,100.",,14.09,20.83,,,,,400.62,73.47,,,.85,54.74,154.87,,,-21.02,-41.97,-5.58,-10.46,285.4,26.99,,"14,731,270,000."
N520365,A039790,위노바,(주)위노바,134111-0046313,134-81-32798,1995-05-18,2000-07-25,2018-03-09,외감,12.0,중소기업,,,N15101.화학,C00000.제조업(10~34),C20000.화학 물질 및 화학제품 제조업,코스닥,기업의 계속성 및 경영의 투명성 등을 종합적으로 고려하여 상장폐지기준에 해당한다고 결정,기업의계속성_경영의투명성종합판단,2020,,,,,,,3.9,-20.86,-5.41,,,,-4.19,2.22,104.55,49.87,.53,,,1.47753796,2.814805702,,,3.3,,"86,396,210.","5,399,940.",,27.9,42.45,,,,,329.08,64.67,,,33.86,84.41,204.86,,,16.54,31.54,5.84,11.73,679.12,52.31,,"15,340,816,000."
N520365,A039790,위노바,(주)위노바,134111-0046313,134-81-32798,1995-05-18,2000-07-25,2018-03-09,외감,12.0,중소기업,,,N15101.화학,C00000.제조업(10~34),C20000.화학 물질 및 화학제품 제조업,코스닥,기업의 계속성 및 경영의 투명성 등을 종합적으로 고려하여 상장폐지기준에 해당한다고 결정,기업의계속성_경영의투명성종합판단,2021,,,,,,,-17.15,-42.03,-108.38,,,,-109.73,6.42,184.67,43.64,.6,,,2.006859007,2.919159503,,,3.76,,"123,619,030.","7,491,620.",,-31.11,-51.04,,,,,396.87,53.91,,,6.28,78.88,129.95,,,-133.25,-217.86,-61.41,-95.06,-842.25,-51.51,,"13,462,462,000."
N520365,A039790,위노바,(주)위노바,134111-0046313,134-81-32798,1995-05-18,2000-07-25,2018-03-09,외감,12.0,중소기업,,,N15101.화학,C00000.제조업(10~34),C20000.화학 물질 및 화학제품 제조업,코스닥,기업의 계속성 및 경영의 투명성 등을 종합적으로 고려하여 상장폐지기준에 해당한다고 결정,기업의계속성_경영의투명성종합판단,2022,,,,,,,-7.71,-41.46,-38.95,,,,-43.14,7.18,133.85,29.,.53,,,2.611756314,3.980838238,,,204.93,,"123,224,480.","6,461,130.",,12.48,19.99,,,,,219.53,41.37,,,.45,,71.12,,,-24.88,-45.24,-14.59,-25.6,381.23,23.45,,"11,795,285,000."
N520365,A039790,위노바,(주)위노바,134111-0046313,134-81-32798,1995-05-18,2000-07-25,2018-03-09,외감,12.0,중소기업,,,N15101.화학,C00000.제조업(10~34),C20000.화학 물질 및 화학제품 제조업,코스닥,기업의 계속성 및 경영의 투명성 등을 종합적으로 고려하여 상장폐지기준에 해당한다고 결정,기업의계속성_경영의투명성종합판단,2023,,,,,,,-3.2,-31.07,-34.84,,,,-60.53,7.76,133.34,10.43,.57,,,2.664035847,4.06622774,,,-2.62,,"124,214,020.","5,021,430.",,,,,,,,73.01,23.81,,,2.85,,50.14,,,-17.73,-37.42,-13.51,-22.7,,,,"10,911,165,000."
N520365,A039790,위노바,(주)위노바,134111-0046313,134-81-32798,1995-05-18,2000-07-25,2018-03-09,외감,12.0,중소기업,,,N15101.화학,C00000.제조업(10~34),C20000.화학 물질 및 화학제품 제조업,코스닥,기업의 계속성 및 경영의 투명성 등을 종합적으로 고려하여 상장폐지기준에 해당한다고 결정,기업의계속성_경영의투명성종합판단,2024,,,,,,,3.8,-24.9,-34.38,,,,-171.87,11.22,133.,-13.13,.66,,,3.14355594,5.042010172,,,-1.39,,"121,842,590.","3,843,600.",,,,,,,,-83.32,1.64,,,.03,,51.74,,,-16.36,-37.76,-16.1,-23.08,,,,"9,889,618,000."
N273910,A039850,태창파로스,(주)태창파로스,110111-0830649,229-81-11539,1992-01-20,2000-07-11,2015-05-19,폐업,12.0,중소기업,,,N25501.판매업체,G00000.도매 및 소매업(45~47),G46000.도매 및 상품 중개업,코스닥,기업의 계속성 및 경영의 투명성 등을 종합적으로 고려하여 상장폐지기준에 해당한다고 결정,기업의계속성_경영의투명성종합판단,2014,-0.4936437,0.6371546,0.3012392,-49.36,-0.2138511,,,,,-0.1609997,-0.521482,-0.2558923,,,,,,1.39,2.3613725,,,14.71,2.86,,,,,"225,713.8",,,,-203.721121,,163.6590494,,,58.72,47.36,,,,93.29,-13.82,,,,,,,,
N273910,A039850,태창파로스,(주)태창파로스,110111-0830649,229-81-11539,1992-01-20,2000-07-11,2015-05-19,폐업,12.0,중소기업,,,N25501.판매업체,G00000.도매 및 소매업(45~47),G46000.도매 및 상품 중개업,코스닥,기업의 계속성 및 경영의 투명성 등을 종합적으로 고려하여 상장폐지기준에 해당한다고 결정,기업의계속성_경영의투명성종합판단,2015,,,,,,,,,,,,,,,,,,,,,,,,,,,,,,,,,,,,,,,,,,,,,,,,,,,
N273910,A039850,태창파로스,(주)태창파로스,110111-0830649,229-81-11539,1992-01-20,2000-07-11,2015-05-19,폐업,12.0,중소기업,,,N25501.판매업체,G00000.도매 및 소매업(45~47),G46000.도매 및 상품 중개업,코스닥,기업의 계속성 및 경영의 투명성 등을 종합적으로 고려하여 상장폐지기준에 해당한다고 결정,기업의계속성_경영의투명성종합판단,2016,,,,,,,,,,,,,,,,,,,,,,,,,,,,,,,,,,,,,,,,,,,,,,,,,,,
N273910,A039850,태창파로스,(주)태창파로스,110111-0830649,229-81-11539,1992-01-20,2000-07-11,2015-05-19,폐업,12.0,중소기업,,,N25501.판매업체,G00000.도매 및 소매업(45~47),G46000.도매 및 상품 중개업,코스닥,기업의 계속성 및 경영의 투명성 등을 종합적으로 고려하여 상장폐지기준에 해당한다고 결정,기업의계속성_경영의투명성종합판단,2017,,,,,,,,,,,,,,,,,,,,,,,,,,,,,,,,,,,,,,,,,,,,,,,,,,,
N273910,A039850,태창파로스,(주)태창파로스,110111-0830649,229-81-11539,1992-01-20,2000-07-11,2015-05-19,폐업,12.0,중소기업,,,N25501.판매업체,G00000.도매 및 소매업(45~47),G46000.도매 및 상품 중개업,코스닥,기업의 계속성 및 경영의 투명성 등을 종합적으로 고려하여 상장폐지기준에 해당한다고 결정,기업의계속성_경영의투명성종합판단,2018,,,,,,,,,,,,,,,,,,,,,,,,,,,,,,,,,,,,,,,,,,,,,,,,,,,
N273910,A039850,태창파로스,(주)태창파로스,110111-0830649,229-81-11539,1992-01-20,2000-07-11,2015-05-19,폐업,12.0,중소기업,,,N25501.판매업체,G00000.도매 및 소매업(45~47),G46000.도매 및 상품 중개업,코스닥,기업의 계속성 및 경영의 투명성 등을 종합적으로 고려하여 상장폐지기준에 해당한다고 결정,기업의계속성_경영의투명성종합판단,2019,,,,,,,,,,,,,,,,,,,,,,,,,,,,,,,,,,,,,,,,,,,,,,,,,,,
N273910,A039850,태창파로스,(주)태창파로스,110111-0830649,229-81-11539,1992-01-20,2000-07-11,2015-05-19,폐업,12.0,중소기업,,,N25501.판매업체,G00000.도매 및 소매업(45~47),G46000.도매 및 상품 중개업,코스닥,기업의 계속성 및 경영의 투명성 등을 종합적으로 고려하여 상장폐지기준에 해당한다고 결정,기업의계속성_경영의투명성종합판단,2020,,,,,,,,,,,,,,,,,,,,,,,,,,,,,,,,,,,,,,,,,,,,,,,,,,,
N273910,A039850,태창파로스,(주)태창파로스,110111-0830649,229-81-11539,1992-01-20,2000-07-11,2015-05-19,폐업,12.0,중소기업,,,N25501.판매업체,G00000.도매 및 소매업(45~47),G46000.도매 및 상품 중개업,코스닥,기업의 계속성 및 경영의 투명성 등을 종합적으로 고려하여 상장폐지기준에 해당한다고 결정,기업의계속성_경영의투명성종합판단,2021,,,,,,,,,,,,,,,,,,,,,,,,,,,,,,,,,,,,,,,,,,,,,,,,,,,
N273910,A039850,태창파로스,(주)태창파로스,110111-0830649,229-81-11539,1992-01-20,2000-07-11,2015-05-19,폐업,12.0,중소기업,,,N25501.판매업체,G00000.도매 및 소매업(45~47),G46000.도매 및 상품 중개업,코스닥,기업의 계속성 및 경영의 투명성 등을 종합적으로 고려하여 상장폐지기준에 해당한다고 결정,기업의계속성_경영의투명성종합판단,2022,,,,,,,,,,,,,,,,,,,,,,,,,,,,,,,,,,,,,,,,,,,,,,,,,,,
N273910,A039850,태창파로스,(주)태창파로스,110111-0830649,229-81-11539,1992-01-20,2000-07-11,2015-05-19,폐업,12.0,중소기업,,,N25501.판매업체,G00000.도매 및 소매업(45~47),G46000.도매 및 상품 중개업,코스닥,기업의 계속성 및 경영의 투명성 등을 종합적으로 고려하여 상장폐지기준에 해당한다고 결정,기업의계속성_경영의투명성종합판단,2023,,,,,,,,,,,,,,,,,,,,,,,,,,,,,,,,,,,,,,,,,,,,,,,,,,,
N273910,A039850,태창파로스,(주)태창파로스,110111-0830649,229-81-11539,1992-01-20,2000-07-11,2015-05-19,폐업,12.0,중소기업,,,N25501.판매업체,G00000.도매 및 소매업(45~47),G46000.도매 및 상품 중개업,코스닥,기업의 계속성 및 경영의 투명성 등을 종합적으로 고려하여 상장폐지기준에 해당한다고 결정,기업의계속성_경영의투명성종합판단,2024,,,,,,,,,,,,,,,,,,,,,,,,,,,,,,,,,,,,,,,,,,,,,,,,,,,
N704814,A040670,와이즈파워,(주)와이즈파워,110111-0723670,211-81-94844,1990-09-26,2000-08-18,2015-07-16,폐업,12.0,중소기업,,,N45201.통신장비,C00000.제조업(10~34),C28000.전기장비 제조업,코스닥,자본전액잠식 등,자본잠식,2014,-5.5567089,0.9282073,-0.9424753,,0.0530967,-0.5666667,28.32,-2.03,-239.42,-0.0135342,-1.5932378,0.0550207,,17.32,241.24,-224.77,.67,,0.5340801,,,8.39,3.09,-.86,,,,"884,239.96",,,80.3617229,-187.4254899,,-63.0207702,-163.02,,41.59,40.07,.47,,498.18,,-.12,,,,,,,,
N704814,A040670,와이즈파워,(주)와이즈파워,110111-0723670,211-81-94844,1990-09-26,2000-08-18,2015-07-16,폐업,12.0,중소기업,,,N45201.통신장비,C00000.제조업(10~34),C28000.전기장비 제조업,코스닥,자본전액잠식 등,자본잠식,2015,,,,,,,,,,,,,,,,,,,,,,,,,,,,,,,,,,,,,,,,,,,,,,,,,,,
N704814,A040670,와이즈파워,(주)와이즈파워,110111-0723670,211-81-94844,1990-09-26,2000-08-18,2015-07-16,폐업,12.0,중소기업,,,N45201.통신장비,C00000.제조업(10~34),C28000.전기장비 제조업,코스닥,자본전액잠식 등,자본잠식,2016,,,,,,,,,,,,,,,,,,,,,,,,,,,,,,,,,,,,,,,,,,,,,,,,,,,
N704814,A040670,와이즈파워,(주)와이즈파워,110111-0723670,211-81-94844,1990-09-26,2000-08-18,2015-07-16,폐업,12.0,중소기업,,,N45201.통신장비,C00000.제조업(10~34),C28000.전기장비 제조업,코스닥,자본전액잠식 등,자본잠식,2017,,,,,,,,,,,,,,,,,,,,,,,,,,,,,,,,,,,,,,,,,,,,,,,,,,,
N704814,A040670,와이즈파워,(주)와이즈파워,110111-0723670,211-81-94844,1990-09-26,2000-08-18,2015-07-16,폐업,12.0,중소기업,,,N45201.통신장비,C00000.제조업(10~34),C28000.전기장비 제조업,코스닥,자본전액잠식 등,자본잠식,2018,,,,,,,,,,,,,,,,,,,,,,,,,,,,,,,,,,,,,,,,,,,,,,,,,,,
N704814,A040670,와이즈파워,(주)와이즈파워,110111-0723670,211-81-94844,1990-09-26,2000-08-18,2015-07-16,폐업,12.0,중소기업,,,N45201.통신장비,C00000.제조업(10~34),C28000.전기장비 제조업,코스닥,자본전액잠식 등,자본잠식,2019,,,,,,,,,,,,,,,,,,,,,,,,,,,,,,,,,,,,,,,,,,,,,,,,,,,
N704814,A040670,와이즈파워,(주)와이즈파워,110111-0723670,211-81-94844,1990-09-26,2000-08-18,2015-07-16,폐업,12.0,중소기업,,,N45201.통신장비,C00000.제조업(10~34),C28000.전기장비 제조업,코스닥,자본전액잠식 등,자본잠식,2020,,,,,,,,,,,,,,,,,,,,,,,,,,,,,,,,,,,,,,,,,,,,,,,,,,,
N704814,A040670,와이즈파워,(주)와이즈파워,110111-0723670,211-81-94844,1990-09-26,2000-08-18,2015-07-16,폐업,12.0,중소기업,,,N45201.통신장비,C00000.제조업(10~34),C28000.전기장비 제조업,코스닥,자본전액잠식 등,자본잠식,2021,,,,,,,,,,,,,,,,,,,,,,,,,,,,,,,,,,,,,,,,,,,,,,,,,,,
N704814,A040670,와이즈파워,(주)와이즈파워,110111-0723670,211-81-94844,1990-09-26,2000-08-18,2015-07-16,폐업,12.0,중소기업,,,N45201.통신장비,C00000.제조업(10~34),C28000.전기장비 제조업,코스닥,자본전액잠식 등,자본잠식,2022,,,,,,,,,,,,,,,,,,,,,,,,,,,,,,,,,,,,,,,,,,,,,,,,,,,
N704814,A040670,와이즈파워,(주)와이즈파워,110111-0723670,211-81-94844,1990-09-26,2000-08-18,2015-07-16,폐업,12.0,중소기업,,,N45201.통신장비,C00000.제조업(10~34),C28000.전기장비 제조업,코스닥,자본전액잠식 등,자본잠식,2023,,,,,,,,,,,,,,,,,,,,,,,,,,,,,,,,,,,,,,,,,,,,,,,,,,,
N704814,A040670,와이즈파워,(주)와이즈파워,110111-0723670,211-81-94844,1990-09-26,2000-08-18,2015-07-16,폐업,12.0,중소기업,,,N45201.통신장비,C00000.제조업(10~34),C28000.전기장비 제조업,코스닥,자본전액잠식 등,자본잠식,2024,,,,,,,,,,,,,,,,,,,,,,,,,,,,,,,,,,,,,,,,,,,,,,,,,,,
N556092,A041060,아라온테크,(주)아라온테크,110111-1257339,211-86-41060,1996-04-03,2000-06-07,2014-05-08,폐업,12.0,중소기업,,,N45103.소프트웨어,C00000.제조업(10~34),C29000.기타 기계 및 장비 제조업,코스닥,감사의견 거절(감사범위 제한 및 계속기업 존속능력에 대한 불확실성),감사의견거절,2014,,,,,,,,,,,,,,,,,,,,,,,,,,,,,,,,,,,,,,,,,,,,,,,,,,,
N556092,A041060,아라온테크,(주)아라온테크,110111-1257339,211-86-41060,1996-04-03,2000-06-07,2014-05-08,폐업,12.0,중소기업,,,N45103.소프트웨어,C00000.제조업(10~34),C29000.기타 기계 및 장비 제조업,코스닥,감사의견 거절(감사범위 제한 및 계속기업 존속능력에 대한 불확실성),감사의견거절,2015,,,,,,,,,,,,,,,,,,,,,,,,,,,,,,,,,,,,,,,,,,,,,,,,,,,
N556092,A041060,아라온테크,(주)아라온테크,110111-1257339,211-86-41060,1996-04-03,2000-06-07,2014-05-08,폐업,12.0,중소기업,,,N45103.소프트웨어,C00000.제조업(10~34),C29000.기타 기계 및 장비 제조업,코스닥,감사의견 거절(감사범위 제한 및 계속기업 존속능력에 대한 불확실성),감사의견거절,2016,,,,,,,,,,,,,,,,,,,,,,,,,,,,,,,,,,,,,,,,,,,,,,,,,,,
N556092,A041060,아라온테크,(주)아라온테크,110111-1257339,211-86-41060,1996-04-03,2000-06-07,2014-05-08,폐업,12.0,중소기업,,,N45103.소프트웨어,C00000.제조업(10~34),C29000.기타 기계 및 장비 제조업,코스닥,감사의견 거절(감사범위 제한 및 계속기업 존속능력에 대한 불확실성),감사의견거절,2017,,,,,,,,,,,,,,,,,,,,,,,,,,,,,,,,,,,,,,,,,,,,,,,,,,,
N556092,A041060,아라온테크,(주)아라온테크,110111-1257339,211-86-41060,1996-04-03,2000-06-07,2014-05-08,폐업,12.0,중소기업,,,N45103.소프트웨어,C00000.제조업(10~34),C29000.기타 기계 및 장비 제조업,코스닥,감사의견 거절(감사범위 제한 및 계속기업 존속능력에 대한 불확실성),감사의견거절,2018,,,,,,,,,,,,,,,,,,,,,,,,,,,,,,,,,,,,,,,,,,,,,,,,,,,
N556092,A041060,아라온테크,(주)아라온테크,110111-1257339,211-86-41060,1996-04-03,2000-06-07,2014-05-08,폐업,12.0,중소기업,,,N45103.소프트웨어,C00000.제조업(10~34),C29000.기타 기계 및 장비 제조업,코스닥,감사의견 거절(감사범위 제한 및 계속기업 존속능력에 대한 불확실성),감사의견거절,2019,,,,,,,,,,,,,,,,,,,,,,,,,,,,,,,,,,,,,,,,,,,,,,,,,,,
N556092,A041060,아라온테크,(주)아라온테크,110111-1257339,211-86-41060,1996-04-03,2000-06-07,2014-05-08,폐업,12.0,중소기업,,,N45103.소프트웨어,C00000.제조업(10~34),C29000.기타 기계 및 장비 제조업,코스닥,감사의견 거절(감사범위 제한 및 계속기업 존속능력에 대한 불확실성),감사의견거절,2020,,,,,,,,,,,,,,,,,,,,,,,,,,,,,,,,,,,,,,,,,,,,,,,,,,,
N556092,A041060,아라온테크,(주)아라온테크,110111-1257339,211-86-41060,1996-04-03,2000-06-07,2014-05-08,폐업,12.0,중소기업,,,N45103.소프트웨어,C00000.제조업(10~34),C29000.기타 기계 및 장비 제조업,코스닥,감사의견 거절(감사범위 제한 및 계속기업 존속능력에 대한 불확실성),감사의견거절,2021,,,,,,,,,,,,,,,,,,,,,,,,,,,,,,,,,,,,,,,,,,,,,,,,,,,
N556092,A041060,아라온테크,(주)아라온테크,110111-1257339,211-86-41060,1996-04-03,2000-06-07,2014-05-08,폐업,12.0,중소기업,,,N45103.소프트웨어,C00000.제조업(10~34),C29000.기타 기계 및 장비 제조업,코스닥,감사의견 거절(감사범위 제한 및 계속기업 존속능력에 대한 불확실성),감사의견거절,2022,,,,,,,,,,,,,,,,,,,,,,,,,,,,,,,,,,,,,,,,,,,,,,,,,,,
N556092,A041060,아라온테크,(주)아라온테크,110111-1257339,211-86-41060,1996-04-03,2000-06-07,2014-05-08,폐업,12.0,중소기업,,,N45103.소프트웨어,C00000.제조업(10~34),C29000.기타 기계 및 장비 제조업,코스닥,감사의견 거절(감사범위 제한 및 계속기업 존속능력에 대한 불확실성),감사의견거절,2023,,,,,,,,,,,,,,,,,,,,,,,,,,,,,,,,,,,,,,,,,,,,,,,,,,,
N556092,A041060,아라온테크,(주)아라온테크,110111-1257339,211-86-41060,1996-04-03,2000-06-07,2014-05-08,폐업,12.0,중소기업,,,N45103.소프트웨어,C00000.제조업(10~34),C29000.기타 기계 및 장비 제조업,코스닥,감사의견 거절(감사범위 제한 및 계속기업 존속능력에 대한 불확실성),감사의견거절,2024,,,,,,,,,,,,,,,,,,,,,,,,,,,,,,,,,,,,,,,,,,,,,,,,,,,
N152018,A042670,HD현대인프라코어,에이치디현대인프라코어(주),120111-0234469,121-81-40254,2000-10-25,2001-02-02,2026-01-26,폐업,12.0,대기업,,HD현대,N20106.기계,C00000.제조업(10~34),C29000.기타 기계 및 장비 제조업,코스피,해산 사유 발생,해산사유발생,2014,-0.0734659,0.2259647,1.2374663,-7.35,-0.0062393,0.0251994,22.27,5.89,0.31,0.0386532,0.0020455,0.1325067,.7,3.89,100.95,14.73,.66,2.25,0.9262423,0.0,334.2875957,4.81,5.74,9.17,,"276,290,610.","47,540,050.","1,248,021.8",,,36748.7139911,202.2868549,1105.5156677,13492.7301935,169.85,27.5,122.01,70.25,11.02,235.19,150.78,263.64,1.51,2.23,2.89,1.43,2.46,,,,"11,481,493,540,000."
N152018,A042670,HD현대인프라코어,에이치디현대인프라코어(주),120111-0234469,121-81-40254,2000-10-25,2001-02-02,2026-01-26,폐업,12.0,대기업,,HD현대,N20106.기계,C00000.제조업(10~34),C29000.기타 기계 및 장비 제조업,코스피,해산 사유 발생,해산사유발생,2015,-0.0563612,-1.209908,-36.8542314,-5.64,-0.2241856,-0.2875332,20.41,-1.59,-14.41,-0.0081478,-0.0736489,-0.0297554,-26.9,4.89,112.51,8.65,0.51,1.87,0.7038491,0.0,331.3624511,3.66,4.08,18.64,,"405,577,050.","64,391,660.","1,636,770.08",,,28510.1829042,-3948.3353847,1131.2737005,9743.6074209,94.87,27.26,97.85,58.58,14.14,,203.17,266.85,-.33,-15.83,-20.15,-10.84,-27.14,,,,"11,957,427,427,000."
N152018,A042670,HD현대인프라코어,에이치디현대인프라코어(주),120111-0234469,121-81-40254,2000-10-25,2001-02-02,2026-01-26,폐업,12.0,대기업,,HD현대,N20106.기계,C00000.제조업(10~34),C29000.기타 기계 및 장비 제조업,코스피,해산 사유 발생,해산사유발생,2016,0.1113198,6.1617716,1.1349437,11.13,-0.0394549,-0.377513,23.13,8.57,2.02,0.0458495,0.0108347,0.1498377,3.54,4.18,98.62,10.2,0.54,1.75,0.7712075,0.0,318.5419781,4.19,3.9,-16.64,,"585,245,010.","94,123,210.","2,158,311.74",,,27603.3797688,304.5516877,2471.4552263,9932.0842594,98.64,34.39,83.48,51.26,14.74,,153.76,190.77,2.05,.43,.55,.27,.59,,,,"11,383,172,816,000."
N152018,A042670,HD현대인프라코어,에이치디현대인프라코어(주),120111-0234469,121-81-40254,2000-10-25,2001-02-02,2026-01-26,폐업,12.0,대기업,,HD현대,N20106.기계,C00000.제조업(10~34),C29000.기타 기계 및 장비 제조업,코스피,해산 사유 발생,해산사유발생,2017,-0.07981,0.3462608,1.5575991,-7.98,0.1463199,0.0215311,23.49,10.06,4.52,0.0650911,0.0292217,0.1995818,8.96,3.24,92.93,5.39,0.65,1.98,0.9601234,0.0,228.0444838,5.4,4.65,-24.7,,"493,017,640.","83,604,610.","1,932,104.26",,,31527.8578776,715.9727627,3195.5163355,7662.2279405,53.24,30.88,101.94,67.98,25.53,"1,748.14",127.3,223.84,3.11,3.56,4.48,2.61,4.98,,,,"10,026,808,641,000."
N152018,A042670,HD현대인프라코어,에이치디현대인프라코어(주),120111-0234469,121-81-40254,2000-10-25,2001-02-02,2026-01-26,폐업,12.0,대기업,,HD현대,N20106.기계,C00000.제조업(10~34),C29000.기타 기계 및 장비 제조업,코스피,해산 사유 발생,해산사유발생,2018,0.2041035,0.2835455,0.3287691,20.41,0.1769532,0.0562061,23.21,10.97,5.1,0.0796167,0.0370021,0.2425308,11.27,2.69,92.17,7.94,.73,2.21,1.0802818,0.0,226.2874163,5.56,4.99,21.47,,"458,651,290.","70,162,230.","1,843,505.44",,,36999.9238025,1183.8438718,4009.9973825,9208.7823642,84.18,34.64,117.16,76.81,27.87,235.15,120.46,188.66,4.07,4.04,5.31,2.89,4.65,,,,"10,276,090,132,000."
N152018,A042670,HD현대인프라코어,에이치디현대인프라코어(주),120111-0234469,121-81-40254,2000-10-25,2001-02-02,2026-01-26,폐업,12.0,대기업,,HD현대,N20106.기계,C00000.제조업(10~34),C29000.기타 기계 및 장비 제조업,코스피,해산 사유 발생,해산사유발생,2019,0.116922,-0.0091147,0.0038776,11.69,0.0589555,0.0517369,23.36,10.27,4.83,0.0751436,0.0353811,0.2078039,9.78,2.52,92.78,10.42,.73,2.02,1.1465249,0.0,306.9180845,4.95,5.15,34.93,,"426,035,950.","60,366,300.","1,737,334.53",,,39178.0425042,1152.5371001,2715.7063275,10677.1469681,113.54,37.64,96.,56.16,16.86,,133.05,165.69,4.07,3.64,4.6,2.56,4.1,,,,"11,029,166,692,000."
N152018,A042670,HD현대인프라코어,에이치디현대인프라코어(주),120111-0234469,121-81-40254,2000-10-25,2001-02-02,2026-01-26,폐업,12.0,대기업,,HD현대,N20106.기계,C00000.제조업(10~34),C29000.기타 기계 및 장비 제조업,코스피,해산 사유 발생,해산사유발생,2020,0.0518908,-0.6853337,-0.2795679,5.19,-0.5128046,-0.0235418,21.11,6.63,7.15,0.0226355,0.0244013,0.0603993,6.51,2.73,97.26,10.79,.34,0.91,0.5459817,0.0,236.6050102,2.36,3.33,8.08,,"429,307,620.","54,130,440.","1,825,578.81",,,18879.0548676,707.162872,4974.5427509,11011.5848656,120.23,37.32,130.06,89.11,42.84,136.24,59.47,167.92,2.43,1.13,1.43,.8,1.53,,,,"11,338,592,981,000."
N152018,A042670,HD현대인프라코어,에이치디현대인프라코어(주),120111-0234469,121-81-40254,2000-10-25,2001-02-02,2026-01-26,폐업,12.0,대기업,,HD현대,N20106.기계,C00000.제조업(10~34),C29000.기타 기계 및 장비 제조업,코스피,해산 사유 발생,해산사유발생,2021,-0.6948487,0.0002389,0.9918914,-69.48,0.1518419,0.0190716,21.58,5.76,12.36,0.0314718,0.0675626,0.0902939,19.38,2.22,96.32,24.56,.55,1.57,0.8389985,0.0,184.4414929,3.44,6.22,5.61,,"395,190,950.","45,234,110.","1,533,206.53",12.43,48.23,6705.8073623,673.7467641,294.5991302,6944.5586013,594.78,28.64,117.01,78.09,19.7,228.75,86.07,249.12,2.6,15.63,28.24,10.76,10.42,421.4,14.92,42.72,"12,026,886,194,000."
N152018,A042670,HD현대인프라코어,에이치디현대인프라코어(주),120111-0234469,121-81-40254,2000-10-25,2001-02-02,2026-01-26,폐업,12.0,대기업,,HD현대,N20106.기계,C00000.제조업(10~34),C29000.기타 기계 및 장비 제조업,코스피,해산 사유 발생,해산사유발생,2022,0.193614,0.257229,-0.5957432,19.36,0.0353636,-0.006709,21.19,6.99,4.83,0.0698704,0.0482304,0.221339,15.28,1.95,94.33,30.38,1.,3.17,1.4602536,0.0,252.9999104,3.98,6.75,6.23,,"376,155,020.","40,343,230.","1,285,969.75",18.31,62.59,24066.6307756,1162.6770669,89.732022,8273.5109454,727.62,34.52,150.97,87.55,14.39,124.43,102.37,189.7,3.58,12.15,23.75,7.74,6.87,583.62,15.75,35.79,"4,782,289,798,000."
N152018,A042670,HD현대인프라코어,에이치디현대인프라코어(주),120111-0234469,121-81-40254,2000-10-25,2001-02-02,2026-01-26,폐업,12.0,대기업,,HD현대,N20106.기계,C00000.제조업(10~34),C29000.기타 기계 및 장비 제조업,코스피,해산 사유 발생,해산사유발생,2023,0.109034,0.2577606,0.0050575,10.9,-0.0202916,-0.0241735,24.11,8.98,4.95,0.091373,0.0504009,0.2425876,13.38,2.02,92.85,36.59,1.02,2.7,1.633019,0.0,337.8057128,3.4,6.39,4.47,,"387,503,210.","39,375,960.","1,381,956.27",25.39,90.55,23395.7155746,1158.4369509,2247.0534752,9096.7320722,809.93,41.04,157.11,78.07,13.28,138.39,144.36,143.67,4.45,25.3,52.58,13.8,12.55,891.11,22.71,26.53,"4,736,667,586,000."
N152018,A042670,HD현대인프라코어,에이치디현대인프라코어(주),120111-0234469,121-81-40254,2000-10-25,2001-02-02,2026-01-26,폐업,12.0,대기업,,HD현대,N20106.기계,C00000.제조업(10~34),C29000.기타 기계 및 장비 제조업,코스피,해산 사유 발생,해산사유발생,2024,0.0186999,-0.5596996,-0.5300828,1.87,-0.1170517,-0.0910747,22.57,4.48,2.64,0.0423087,0.0249071,0.1006201,5.92,1.87,96.23,38.5,.95,2.25,1.6309703,0.0,378.2203665,2.95,5.87,4.22,,"434,352,280.","49,345,090.","1,535,330.58",,,20791.612424,548.2284709,2240.1711232,9602.0817729,827.02,43.09,155.02,73.56,15.45,148.05,134.27,132.09,2.4,14.72,30.08,7.73,8.64,,,,"4,418,425,813,000."
N101524,A043580,에임하이,(주)에임하이글로벌,120111-0007618,137-81-01654,1979-03-21,2001-08-02,2018-08-10,일반,12.0,중소기업,,,"N45203.전자장비와 기기, 부품",C00000.제조업(10~34),"C26000.전자 부품, 컴퓨터, 영상, 음향 및 통신장비 제조업",코스닥,감사의견거절(감사범위 제한),감사의견거절,2014,-0.0506535,-3.398989,-14.1543956,-5.07,-0.4672375,0.1785714,3.46,-4.89,-5.2,-0.0407733,-0.0433584,-0.0493438,-5.25,.63,104.59,51.09,.83,1.01,4.8015429,0.0,364.3445984,15.09,6.38,2.28,,"37,558,210.","34,213,730.","669,218.71",,,1257.8073656,-66.2955297,118.92529,1230.6119905,146.12,86.06,380.23,329.56,41.96,18.08,126.78,16.2,-7.7,-6.1,,-0.75,-.99,,,,"23,609,743,000."
N101524,A043580,에임하이,(주)에임하이글로벌,120111-0007618,137-81-01654,1979-03-21,2001-08-02,2018-08-10,일반,12.0,중소기업,,,"N45203.전자장비와 기기, 부품",C00000.제조업(10~34),"C26000.전자 부품, 컴퓨터, 영상, 음향 및 통신장비 제조업",코스닥,감사의견거절(감사범위 제한),감사의견거절,2015,0.074314,0.4238826,-0.3333864,7.43,-0.2666121,0.1212121,7.96,-3.84,-9.45,-0.0250488,-0.0616493,-0.0281406,-6.93,.13,108.12,50.25,0.65,0.73,5.9361273,0.0,156.4254535,9.54,5.55,1.38,,"34,123,540.","30,260,590.","561,342.32",,,915.748275,-87.7455116,-78.7863543,1102.4435015,120.49,91.95,786.44,704.28,305.32,11.97,579.89,8.76,-28.85,-89.25,-212.3,-6.18,-10.89,,,,"20,736,459,000."
N101524,A043580,에임하이,(주)에임하이글로벌,120111-0007618,137-81-01654,1979-03-21,2001-08-02,2018-08-10,일반,12.0,중소기업,,,"N45203.전자장비와 기기, 부품",C00000.제조업(10~34),"C26000.전자 부품, 컴퓨터, 영상, 음향 및 통신장비 제조업",코스닥,감사의견거절(감사범위 제한),감사의견거절,2016,0.3025364,-10.2958773,-8.356644,30.25,-0.672635,0.0,-25.73,-132.52,-270.17,-0.2137122,-0.4356835,-0.2665568,-54.34,9.23,246.11,36.61,0.16,0.2,0.8134469,0.0,101.6151815,5.09,2.58,0.55,,"29,868,200.","15,273,180.","735,735.35",,,184.3280283,-502.1404566,-140.9692883,1018.5117949,103.7,73.0,151.05,147.02,76.03,7.9,365.83,36.99,-14.36,-126.6,-288.66,-34.38,-315.17,,,,"20,850,517,000."
N101524,A043580,에임하이,(주)에임하이글로벌,120111-0007618,137-81-01654,1979-03-21,2001-08-02,2018-08-10,일반,12.0,중소기업,,,"N45203.전자장비와 기기, 부품",C00000.제조업(10~34),"C26000.전자 부품, 컴퓨터, 영상, 음향 및 통신장비 제조업",코스닥,감사의견거절(감사범위 제한),감사의견거절,2017,4.711384,0.2222158,-0.7573299,471.14,4.2382085,-0.2432432,42.2,-19.68,-90.64,-0.0493099,-0.2271278,-0.0546076,-25.15,.31,177.12,66.71,0.25,0.28,2.5830547,0.0,13.7021366,34.34,2.64,1.58,,"41,116,800.","9,075,640.","2,934,162.14",,,558.3919356,-570.981869,-278.7661806,2047.5128007,309.5,94.21,390.21,378.66,51.2,3.98,"1,910.89",6.15,-63.59,-802.66,"-1,852.53",-23.42,-739.03,,,,"34,209,217,000."
N101524,A043580,에임하이,(주)에임하이글로벌,120111-0007618,137-81-01654,1979-03-21,2001-08-02,2018-08-10,일반,12.0,중소기업,,,"N45203.전자장비와 기기, 부품",C00000.제조업(10~34),"C26000.전자 부품, 컴퓨터, 영상, 음향 및 통신장비 제조업",코스닥,감사의견거절(감사범위 제한),감사의견거절,2018,,,,,,,2.75,-183.74,-173.13,,,,-16.45,2.02,202.07,-313.01,.07,,,0.0,1781.0405383,,,.51,,"35,842,200.","6,054,500.",,,,,,,,-104.47,35.69,,,3.63,,446.9,,,-678.33,"-4,112.06",-436.2,-186.27,,,,"151,395,168,000."
N101524,A043580,에임하이,(주)에임하이글로벌,120111-0007618,137-81-01654,1979-03-21,2001-08-02,2018-08-10,일반,12.0,중소기업,,,"N45203.전자장비와 기기, 부품",C00000.제조업(10~34),"C26000.전자 부품, 컴퓨터, 영상, 음향 및 통신장비 제조업",코스닥,감사의견거절(감사범위 제한),감사의견거절,2019,,,,,,,96.93,-6.93,-4.88,,,,-88.88,.47,104.5,-351.34,3.08,,,0.0,161.5975011,,,-4.94,,"42,551,150.","839,350.",,,,,,,,-109.66,7.37,,,2.,,"1,006.88",,,-4.23,-35.61,-3.92,-1.13,,,,"5,025,549,000."
N101524,A043580,에임하이,(주)에임하이글로벌,120111-0007618,137-81-01654,1979-03-21,2001-08-02,2018-08-10,일반,12.0,중소기업,,,"N45203.전자장비와 기기, 부품",C00000.제조업(10~34),"C26000.전자 부품, 컴퓨터, 영상, 음향 및 통신장비 제조업",코스닥,감사의견거절(감사범위 제한),감사의견거절,2020,,,,,,,99.97,-29.49,-29.23,,,,,1.31,127.88,-151.64,2.06,,,0.0,541.9762408,,,-2.31,,"26,154,030.","421,790.",,,,,,,,-361.29,,,,2.57,,"9,083.19",,,-24.84,-649.78,-32.99,-12.67,,,,"4,699,873,000."
N101524,A043580,에임하이,(주)에임하이글로벌,120111-0007618,137-81-01654,1979-03-21,2001-08-02,2018-08-10,일반,12.0,중소기업,,,"N45203.전자장비와 기기, 부품",C00000.제조업(10~34),"C26000.전자 부품, 컴퓨터, 영상, 음향 및 통신장비 제조업",코스닥,감사의견거절(감사범위 제한),감사의견거절,2021,,,,,,,93.83,-37.05,-35.77,,,,,3.45,131.3,-187.31,.84,,,0.0,316.7852638,,,-.58,,"25,882,960.","285,790.",,,,,,,,-413.67,,,,0.37,,"2,417.57",,,-4.33,-99.94,-6.57,-6.24,,,,"3,587,805,000."
N101524,A043580,에임하이,(주)에임하이글로벌,120111-0007618,137-81-01654,1979-03-21,2001-08-02,2018-08-10,일반,12.0,중소기업,,,"N45203.전자장비와 기기, 부품",C00000.제조업(10~34),"C26000.전자 부품, 컴퓨터, 영상, 음향 및 통신장비 제조업",코스닥,감사의견거절(감사범위 제한),감사의견거절,2022,,,,,,,71.77,-111.75,-200.32,,,,,.02,291.54,-419.72,.34,,,0.0,190.8646047,,,-.15,,"47,097,000.","129,920.",,,,,,,,-536.09,,,,.01,,165.5,,,-28.99,"-1,093.22",-86.74,-139.94,,,,"3,325,592,000."
N101524,A043580,에임하이,(주)에임하이글로벌,120111-0007618,137-81-01654,1979-03-21,2001-08-02,2018-08-10,일반,12.0,중소기업,,,"N45203.전자장비와 기기, 부품",C00000.제조업(10~34),"C26000.전자 부품, 컴퓨터, 영상, 음향 및 통신장비 제조업",코스닥,감사의견거절(감사범위 제한),감사의견거절,2023,,,,,,,,,,,,,,,,,,,,,,,,,,,,,,,,,,,,,,,,,,,,,,,,,,,"1,923,319,000."
N101524,A043580,에임하이,(주)에임하이글로벌,120111-0007618,137-81-01654,1979-03-21,2001-08-02,2018-08-10,일반,12.0,중소기업,,,"N45203.전자장비와 기기, 부품",C00000.제조업(10~34),"C26000.전자 부품, 컴퓨터, 영상, 음향 및 통신장비 제조업",코스닥,감사의견거절(감사범위 제한),감사의견거절,2024,,,,,,,,,,,,,,,,,,,,,,,,,,,,,,,,,,,,,,,,,,,,,,,,,,,
N004457,A044060,조광ILI,조광아이엘아이(주),180111-0157643,603-81-21370,1994-05-31,2001-01-18,,외감,12.0,중소기업,,조광아이엘아이,N15104.금속과 채광,C00000.제조업(10~34),C29000.기타 기계 및 장비 제조업,코스닥,기업의 계속성 및 경영의 투명성 등을 종합적으로 고려하여 상장폐지기준에 해당한다고 결정,기업의계속성_경영의투명성종합판단,2014,0.1177993,1.6177801,1.1302501,11.78,0.2799868,0.1363636,42.93,22.28,17.65,0.1219216,0.0965598,0.1750368,13.86,.67,78.75,58.89,.55,0.79,1.8033473,0.0,124.3343051,4.1,3.52,1.83,,"228,562,870.","8,752,050.","484,119.66",,,3228.4714646,569.6721096,337.5445461,4321.6913057,764.34,66.6,457.56,335.29,64.97,34.2,528.56,50.15,33.19,31.45,60.82,10.16,20.56,,,,"43,653,603,000."
N004457,A044060,조광ILI,조광아이엘아이(주),180111-0157643,603-81-21370,1994-05-31,2001-01-18,,외감,12.0,중소기업,,조광아이엘아이,N15104.금속과 채광,C00000.제조업(10~34),C29000.기타 기계 및 장비 제조업,코스닥,기업의 계속성 및 경영의 투명성 등을 종합적으로 고려하여 상장폐지기준에 해당한다고 결정,기업의계속성_경영의투명성종합판단,2015,0.1751844,0.4170239,0.6170028,17.52,0.1721925,0.25,46.52,26.93,24.34,0.1415146,0.1278941,0.2160386,19.52,.78,77.21,58.24,0.53,0.8,1.5231611,0.0,94.8283108,4.91,2.82,1.64,,"178,503,800.","7,183,300.","475,539.24",,,3770.1685393,917.6997638,439.1482674,5078.7840209,915.76,64.6,239.24,193.58,26.28,32.79,426.33,54.8,34.72,31.93,47.71,11.32,23.57,,,,"53,794,072,000."
N004457,A044060,조광ILI,조광아이엘아이(주),180111-0157643,603-81-21370,1994-05-31,2001-01-18,,외감,12.0,중소기업,,조광아이엘아이,N15104.금속과 채광,C00000.제조업(10~34),C29000.기타 기계 및 장비 제조업,코스닥,기업의 계속성 및 경영의 투명성 등을 종합적으로 고려하여 상장폐지기준에 해당한다고 결정,기업의계속성_경영의투명성종합판단,2016,0.1537631,-0.5912502,-0.5378268,15.38,-0.2161072,-0.08,41.91,14.04,14.35,0.0541839,0.0553691,0.0758894,7.75,.84,83.38,70.57,0.39,0.54,1.3489362,0.0,145.2779431,3.88,2.57,1.25,,"206,170,400.","18,320,190.","551,872.08",,,2779.9746408,398.9594469,992.0430191,4913.8180612,882.76,78.56,321.13,251.09,128.42,31.67,452.03,27.28,16.68,31.96,56.16,6.83,17.26,,,,"65,173,385,000."
N004457,A044060,조광ILI,조광아이엘아이(주),180111-0157643,603-81-21370,1994-05-31,2001-01-18,,외감,12.0,중소기업,,조광아이엘아이,N15104.금속과 채광,C00000.제조업(10~34),C29000.기타 기계 및 장비 제조업,코스닥,기업의 계속성 및 경영의 투명성 등을 종합적으로 고려하여 상장폐지기준에 해당한다고 결정,기업의계속성_경영의투명성종합판단,2017,0.0553128,0.1273813,-0.0533723,5.53,-0.1685895,-0.0173913,48.89,19.04,16.34,0.0641332,0.0550285,0.0777061,6.67,.18,81.38,78.32,0.34,0.41,1.9280465,0.0,146.2310461,3.36,2.93,1.06,,"266,404,130.","26,910,070.","536,243.64",18.4,37.04,2060.5144464,336.6877221,448.4452018,5185.6150973,937.12,86.68,687.52,503.72,199.27,31.28,469.94,15.36,106.39,53.27,209.53,7.07,20.62,366.65,54.86,58.13,"61,830,318,000."
N004457,A044060,조광ILI,조광아이엘아이(주),180111-0157643,603-81-21370,1994-05-31,2001-01-18,,외감,12.0,중소기업,,조광아이엘아이,N15104.금속과 채광,C00000.제조업(10~34),C29000.기타 기계 및 장비 제조업,코스닥,기업의 계속성 및 경영의 투명성 등을 종합적으로 고려하여 상장폐지기준에 해당한다고 결정,기업의계속성_경영의투명성종합판단,2018,0.0586068,0.4645906,0.4343775,5.86,0.2077906,0.0,46.36,23.09,19.41,0.0924288,0.0776711,0.10767,9.05,.,77.35,77.32,.4,0.47,2.8275568,0.0,97.5053944,3.6,3.03,1.12,,"257,510,780.","23,039,450.","545,611.7",20.97,44.43,2488.6699476,482.9372982,327.3722047,5489.5272504,997.91,85.07,739.58,543.47,116.14,30.66,612.22,17.55,"18,505.7",57.93,275.64,8.61,22.41,496.64,52.56,52.9,"59,138,919,000."
N004457,A044060,조광ILI,조광아이엘아이(주),180111-0157643,603-81-21370,1994-05-31,2001-01-18,,외감,12.0,중소기업,,조광아이엘아이,N15104.금속과 채광,C00000.제조업(10~34),C29000.기타 기계 및 장비 제조업,코스닥,기업의 계속성 및 경영의 투명성 등을 종합적으로 고려하여 상장폐지기준에 해당한다고 결정,기업의계속성_경영의투명성종합판단,2019,0.0454332,-0.261309,-0.2557432,4.54,-0.0027572,0.3539823,42.03,17.11,14.48,0.0533997,0.0452117,0.0756155,6.4,.85,83.33,55.46,.31,0.44,1.062562,0.0,107.5671233,3.07,3.31,2.3,,"185,423,310.","14,140,200.","514,839.23",17.08,47.41,2481.8082887,359.4293591,795.6075955,5738.9337642,"1,047.79",60.75,90.61,66.15,19.93,,481.7,64.61,20.12,15.09,25.3,5.73,21.83,621.75,54.83,53.87,"63,793,557,000."
N004457,A044060,조광ILI,조광아이엘아이(주),180111-0157643,603-81-21370,1994-05-31,2001-01-18,,외감,12.0,중소기업,,조광아이엘아이,N15104.금속과 채광,C00000.제조업(10~34),C29000.기타 기계 및 장비 제조업,코스닥,기업의 계속성 및 경영의 투명성 등을 종합적으로 고려하여 상장폐지기준에 해당한다고 결정,기업의계속성_경영의투명성종합판단,2020,0.3180593,0.6543704,-2.0436222,31.81,0.4041688,-0.0718954,42.29,20.15,-10.76,0.0672483,-0.0359173,0.1055865,-5.64,6.41,105.45,61.61,.33,0.52,0.9189914,0.0,70.8414,3.8,4.89,14.62,,"181,133,670.","13,323,770.","730,939.15",,,3391.5588025,-365.063697,202.193906,5992.8516262,"1,094.73",66.12,121.9,95.28,2.23,121.55,533.51,51.25,3.14,-5.59,-7.86,-1.82,-6.02,,,,"93,386,670,000."
N004457,A044060,조광ILI,조광아이엘아이(주),180111-0157643,603-81-21370,1994-05-31,2001-01-18,,외감,12.0,중소기업,,조광아이엘아이,N15104.금속과 채광,C00000.제조업(10~34),C29000.기타 기계 및 장비 제조업,코스닥,기업의 계속성 및 경영의 투명성 등을 종합적으로 고려하여 상장폐지기준에 해당한다고 결정,기업의계속성_경영의투명성종합판단,2021,0.1364467,-0.2681865,1.5279545,13.64,-0.0867192,-0.0140845,40.51,16.15,6.22,0.0420134,0.0161885,0.0636072,2.45,7.87,92.55,63.15,.26,0.39,0.7663412,0.0,115.5372842,3.16,3.29,10.98,,"169,303,330.","15,420,500.","872,182.95",,,2325.150245,144.6813115,133.9060195,6358.9049554,"1,174.24",65.99,94.73,70.5,4.69,,916.21,51.53,2.05,6.11,7.73,1.99,8.24,,,,"113,098,229,000."
N004457,A044060,조광ILI,조광아이엘아이(주),180111-0157643,603-81-21370,1994-05-31,2001-01-18,,외감,12.0,중소기업,,조광아이엘아이,N15104.금속과 채광,C00000.제조업(10~34),C29000.기타 기계 및 장비 제조업,코스닥,기업의 계속성 및 경영의 투명성 등을 종합적으로 고려하여 상장폐지기준에 해당한다고 결정,기업의계속성_경영의투명성종합판단,2022,0.0777973,-0.4472815,-8.7409576,7.78,-0.0235764,0.1857143,35.39,9.14,-49.33,0.0229196,-0.1236848,0.031809,-17.17,3.46,155.35,39.83,.25,0.35,0.8971724,0.0,200.7583985,2.69,3.45,33.61,,"144,145,960.","15,692,770.","742,283.72",,,585.1541695,-288.6610154,109.0061797,960.6349064,96.77,78.77,116.74,64.66,23.24,311.08,410.74,26.96,2.64,-55.51,-73.94,-11.79,-44.61,,,,"128,771,898,000."
N004457,A044060,조광ILI,조광아이엘아이(주),180111-0157643,603-81-21370,1994-05-31,2001-01-18,,외감,12.0,중소기업,,조광아이엘아이,N15104.금속과 채광,C00000.제조업(10~34),C29000.기타 기계 및 장비 제조업,코스닥,기업의 계속성 및 경영의 투명성 등을 종합적으로 고려하여 상장폐지기준에 해당한다고 결정,기업의계속성_경영의투명성종합판단,2023,-0.3712446,-1.9033826,-1.268211,-37.12,-0.0329643,-0.186747,21.28,-8.54,-115.71,-0.0250823,-0.3398508,-0.034012,-46.08,3.18,201.23,11.3,.29,0.4,1.1187273,0.895898228,1.512352047,2.27,3.95,4.49,,"206,180,020.","23,404,050.","749,229.57",,,310.33,-359.069861,-47.8146931,601.5636079,20.31,66.96,138.33,81.94,12.99,147.11,720.17,49.35,-2.69,-114.87,-132.95,-37.96,-109.88,,,,"116,285,033,000."
N004457,A044060,조광ILI,조광아이엘아이(주),180111-0157643,603-81-21370,1994-05-31,2001-01-18,,외감,12.0,중소기업,,조광아이엘아이,N15104.금속과 채광,C00000.제조업(10~34),C29000.기타 기계 및 장비 제조업,코스닥,기업의 계속성 및 경영의 투명성 등을 종합적으로 고려하여 상장폐지기준에 해당한다고 결정,기업의계속성_경영의투명성종합판단,2024,-0.2355681,1.5019854,0.6177375,-23.56,0.1096463,0.0592593,23.15,3.86,-39.86,0.016304,-0.1682234,0.0250664,-25.86,3.51,128.43,-5.47,.42,0.65,1.2073105,1.194557995,1.902932015,2.77,4.27,4.5,,"205,092,180.","12,588,830.","546,230.98",,,344.35,-137.2589494,72.9560395,459.8543996,-8.03,62.7,124.6,78.21,30.53,188.57,744.02,59.5,1.1,-43.46,-50.91,-16.21,-34.53,,,,"70,215,110,000."
N137656,A045890,GV,(주)금빛,121111-0068750,130-81-61229,1999-07-15,2005-11-28,2021-12-20,폐업,12.0,중소기업,,,N20104.전기장비,C00000.제조업(10~34),C28000.전기장비 제조업,코스닥,해산사유 발생(파산선고),해산사유발생,2014,0.0412322,0.063193,-0.4362786,4.12,-0.0650684,0.0664207,30.81,6.93,1.97,0.0537349,0.0153011,0.1292042,3.68,3.07,97.43,39.09,.78,1.86,1.3278713,,,4.57,4.3,-5.24,,,,"370,127.53",,,3186.4066702,63.9945289,91.0355539,1813.6670162,335.,41.42,74.14,41.42,1.79,,135.36,141.45,2.26,,,,,,,84.04,
N137656,A045890,GV,(주)금빛,121111-0068750,130-81-61229,1999-07-15,2005-11-28,2021-12-20,폐업,12.0,중소기업,,,N20104.전기장비,C00000.제조업(10~34),C28000.전기장비 제조업,코스닥,해산사유 발생(파산선고),해산사유발생,2015,0.0746922,-0.2548898,0.8800739,7.47,0.0257609,-0.1038062,29.44,5.03,3.62,0.0387808,0.0278635,0.0909679,6.54,2.77,96.45,41.54,0.77,1.81,1.3432608,,,4.17,4.32,-7.38,,,,"425,410.49",,,3301.580854,120.3144439,7.8860085,1949.1338091,361.51,43.83,87.38,50.47,1.67,,200.39,128.17,1.82,,,,,,,65.96,
N137656,A045890,GV,(주)금빛,121111-0068750,130-81-61229,1999-07-15,2005-11-28,2021-12-20,폐업,12.0,중소기업,,,N20104.전기장비,C00000.제조업(10~34),C28000.전기장비 제조업,코스닥,해산사유 발생(파산선고),해산사유발생,2016,0.0889539,-0.0236365,-0.1372622,8.9,-0.1077207,-0.2046332,,,,0.0376027,0.0238729,0.0820806,,,,,,1.49,1.2601517,,,3.99,4.14,,,,,"540,876.45",,,2923.8615896,103.0161026,254.9766295,2081.9718297,,,100.63,61.32,,,,109.21,1.83,,,,,,,66.18,
N137656,A045890,GV,(주)금빛,121111-0068750,130-81-61229,1999-07-15,2005-11-28,2021-12-20,폐업,12.0,중소기업,,,N20104.전기장비,C00000.제조업(10~34),C28000.전기장비 제조업,코스닥,해산사유 발생(파산선고),해산사유발생,2017,-0.1523435,-0.9858086,-3.0399959,-15.23,-0.036396,0.0048544,,,,0.0005366,-0.0489756,0.0012094,,,,,,1.49,1.1895698,,,3.83,3.9,,,,,"545,350.28",,,2769.1286046,-206.5209568,-108.3638186,1738.3114006,,,135.38,83.6,,,,144.41,.03,,,,,,,78.08,
N137656,A045890,GV,(주)금빛,121111-0068750,130-81-61229,1999-07-15,2005-11-28,2021-12-20,폐업,12.0,중소기업,,,N20104.전기장비,C00000.제조업(10~34),C28000.전기장비 제조업,코스닥,해산사유 발생(파산선고),해산사유발생,2018,0.1107864,-286.3162791,-0.2314293,11.08,-0.2707938,-0.0048309,,,,-0.1589573,-0.0626116,-0.3563253,,,,,,1.12,0.9043918,,,2.92,3.19,,,,,"544,533.94",,,1991.7000291,-250.8179985,-63.5903987,1913.7457608,,,112.13,72.19,,,,105.94,-8.83,,,,,,,,
N137656,A045890,GV,(주)금빛,121111-0068750,130-81-61229,1999-07-15,2005-11-28,2021-12-20,폐업,12.0,중소기업,,,N20104.전기장비,C00000.제조업(10~34),C28000.전기장비 제조업,코스닥,해산사유 발생(파산선고),해산사유발생,2019,-0.3772636,0.0450886,-4.5418814,-37.73,0.103252,-0.1504854,,,,-0.1568048,-0.3584496,-0.3984515,,,,,,1.45,0.9413949,,,4.18,5.2,,,,,"603,808.79",,,1799.2356284,-1143.7405247,-432.2656562,823.1191127,,,55.42,37.32,,,,231.46,-4.07,,,,,,,,
N137656,A045890,GV,(주)금빛,121111-0068750,130-81-61229,1999-07-15,2005-11-28,2021-12-20,폐업,12.0,중소기업,,,N20104.전기장비,C00000.제조업(10~34),C28000.전기장비 제조업,코스닥,해산사유 발생(파산선고),해산사유발생,2020,0.6229887,-0.1704228,0.5168331,62.3,-0.3021551,-0.5828571,,,,-0.1670684,-0.1576585,-0.4633034,,,,,,1.01,0.5672275,,,4.51,5.37,,,,,"1,501,793.16",,,765.8634423,-332.9205082,-131.7266629,675.8151344,,,68.34,59.24,,,,143.95,-4.86,,,,,,,,
N137656,A045890,GV,(주)금빛,121111-0068750,130-81-61229,1999-07-15,2005-11-28,2021-12-20,폐업,12.0,중소기업,,,N20104.전기장비,C00000.제조업(10~34),C28000.전기장비 제조업,코스닥,해산사유 발생(파산선고),해산사유발생,2021,,,,,,,,,,,,,,,,,,,,,,,,,,,,,,,,,,,,,,,,,,,,,,,,,,,
N137656,A045890,GV,(주)금빛,121111-0068750,130-81-61229,1999-07-15,2005-11-28,2021-12-20,폐업,12.0,중소기업,,,N20104.전기장비,C00000.제조업(10~34),C28000.전기장비 제조업,코스닥,해산사유 발생(파산선고),해산사유발생,2022,,,,,,,,,,,,,,,,,,,,,,,,,,,,,,,,,,,,,,,,,,,,,,,,,,,
N137656,A045890,GV,(주)금빛,121111-0068750,130-81-61229,1999-07-15,2005-11-28,2021-12-20,폐업,12.0,중소기업,,,N20104.전기장비,C00000.제조업(10~34),C28000.전기장비 제조업,코스닥,해산사유 발생(파산선고),해산사유발생,2023,,,,,,,,,,,,,,,,,,,,,,,,,,,,,,,,,,,,,,,,,,,,,,,,,,,
N137656,A045890,GV,(주)금빛,121111-0068750,130-81-61229,1999-07-15,2005-11-28,2021-12-20,폐업,12.0,중소기업,,,N20104.전기장비,C00000.제조업(10~34),C28000.전기장비 제조업,코스닥,해산사유 발생(파산선고),해산사유발생,2024,,,,,,,,,,,,,,,,,,,,,,,,,,,,,,,,,,,,,,,,,,,,,,,,,,,
N948829,A046400,주식회사 휴스토리,(주)휴스토리,134411-0012061,126-81-33030,1998-05-30,2016-06-02,2022-04-20,외감,12.0,중소기업,,휴스토리,N25201.가정용 내구재,C00000.제조업(10~34),"C26000.전자 부품, 컴퓨터, 영상, 음향 및 통신장비 제조업",코스닥,감사의견거절(감사범위제한),감사의견거절,2014,,,,,,,0.97,-68.68,-86.82,,,,-44.41,3.86,179.76,-60.28,.27,,,1.962081126,3.807566577,,,3.2,,"48,848,700.","120,740.",,-6.89,-63.16,,,,,-61.26,38.12,,,.07,,92.81,,,-46.43,-70.76,-28.73,-81.93,"-25,551.66",-25.23,,"9,417,363,000."
N948829,A046400,주식회사 휴스토리,(주)휴스토리,134411-0012061,126-81-33030,1998-05-30,2016-06-02,2022-04-20,외감,12.0,중소기업,,휴스토리,N25201.가정용 내구재,C00000.제조업(10~34),"C26000.전자 부품, 컴퓨터, 영상, 음향 및 통신장비 제조업",코스닥,감사의견거절(감사범위제한),감사의견거절,2015,,,,,,,24.39,-6.49,-9.79,,,,-11.01,.61,109.62,15.42,.5,,,2.420052812,4.581038139,,,-1.7,,"6,576,250.","23,290.",,12.23,545.04,,,,,38.76,55.11,,,.08,,54.34,,,-13.7,-55.93,-6.15,-9.37,"153,909.33",24.38,,"5,822,977,000."
N948829,A046400,주식회사 휴스토리,(주)휴스토리,134411-0012061,126-81-33030,1998-05-30,2016-06-02,2022-04-20,외감,12.0,중소기업,,휴스토리,N25201.가정용 내구재,C00000.제조업(10~34),"C26000.전자 부품, 컴퓨터, 영상, 음향 및 통신장비 제조업",코스닥,감사의견거절(감사범위제한),감사의견거절,2016,-0.9905143,0.6125231,-7.4886232,-99.05,-0.5039316,-0.5,26.06,-5.07,-167.6,-0.0274216,-0.9059879,-0.0593763,-196.18,.73,258.45,-191.34,.54,1.17,1.0044388,9.928951131,9.928951131,5.09,0.85,-2.38,,"10,704,000.","17,080.","269,779.38",-70.87,"-1,786.29",,-685.7339742,,6.7713261,-98.39,2.56,17.34,17.34,.69,,417.95,"3,813.68",-6.97,-276.61,"-3,051.59",-269.54,-169.37,"-1,119,668.47",-131.11,-23.93,"1,191,287,000."
N948829,A046400,주식회사 휴스토리,(주)휴스토리,134411-0012061,126-81-33030,1998-05-30,2016-06-02,2022-04-20,외감,12.0,중소기업,,휴스토리,N25201.가정용 내구재,C00000.제조업(10~34),"C26000.전자 부품, 컴퓨터, 영상, 음향 및 통신장비 제조업",코스닥,감사의견거절(감사범위제한),감사의견거절,2017,40.2920267,1.6385917,1.3695172,"4,029.2",-0.6342836,-0.5384615,85.22,8.86,169.34,0.0310423,0.5934649,0.0954132,182.41,.86,45.37,43.37,.35,1.08,0.519454,0.910431965,0.910431965,,0.52,-.9,,"17,821,000.",.,"329,733.33",79.39,"1,468.9",,290.7932329,,10929.4608696,"2,085.89",45.45,54.95,54.95,1.36,,"3,389.38",120.03,10.28,77.37,"1,104.28",42.21,168.36,,226.53,24.73,"2,765,513,000."
N948829,A046400,주식회사 휴스토리,(주)휴스토리,134411-0012061,126-81-33030,1998-05-30,2016-06-02,2022-04-20,외감,12.0,중소기업,,휴스토리,N25201.가정용 내구재,C00000.제조업(10~34),"C26000.전자 부품, 컴퓨터, 영상, 음향 및 통신장비 제조업",코스닥,감사의견거절(감사범위제한),감사의견거절,2018,-0.8202656,-26.0292767,-2.5798574,-82.03,3.4462986,3.1666667,8.7,-49.86,-60.17,-0.5724853,-0.6908372,-2.073313,-250.19,.2,159.56,-25.4,1.15,4.16,1.5860755,1.417742278,1.727117487,15.83,5.89,-7.47,,"4,917,920.",.,"107,401.74",-12.24,-267.4,,-1266.0914266,,127.2711293,-74.55,8.67,91.54,75.14,15.62,,37.86,"1,052.95",-248.97,-77.76,"-1,770.82",-71.02,-60.,,-10.66,-455.98,"2,604,574,000."
N948829,A046400,주식회사 휴스토리,(주)휴스토리,134411-0012061,126-81-33030,1998-05-30,2016-06-02,2022-04-20,외감,12.0,중소기업,,휴스토리,N25201.가정용 내구재,C00000.제조업(10~34),"C26000.전자 부품, 컴퓨터, 영상, 음향 및 통신장비 제조업",코스닥,감사의견거절(감사범위제한),감사의견거절,2019,40.9986986,0.3388002,3.8363554,"4,099.87",0.6053381,0.08,2.12,-21.28,101.69,-0.0503172,0.2404197,-0.1137523,54.35,5.36,55.49,35.22,.24,0.53,0.4239698,0.0,0.0,12.13,2.72,4.16,,"5,279,590.",.,"353,345.2",76.05,"5,090.02",2641.3366728,2685.8966946,,2452.6900412,390.54,44.23,110.19,106.69,1.81,34.32,137.65,126.07,-3.97,75.89,379.81,32.19,107.16,,146.61,23.02,"16,476,067,000."
N948829,A046400,주식회사 휴스토리,(주)휴스토리,134411-0012061,126-81-33030,1998-05-30,2016-06-02,2022-04-20,외감,12.0,중소기업,,휴스토리,N25201.가정용 내구재,C00000.제조업(10~34),"C26000.전자 부품, 컴퓨터, 영상, 음향 및 통신장비 제조업",코스닥,감사의견거절(감사범위제한),감사의견거절,2020,-0.7212766,-0.0219394,-1.8716919,-72.13,0.1380336,-0.0740741,-0.81,-19.11,-77.89,-0.0593829,-0.2420208,-0.1818187,-74.1,.6,174.73,4.52,.31,0.95,0.4614337,0.0,35.6875357,15.61,4.44,3.8,,"15,460,300.",.,"546,835.9",,,1491.9207947,-1162.0349669,,683.622084,36.72,16.85,114.29,111.76,3.76,17.69,73.76,493.6,-31.77,-52.1,-389.97,-39.55,-76.3,,,,"20,931,637,000."
N948829,A046400,주식회사 휴스토리,(주)휴스토리,134411-0012061,126-81-33030,1998-05-30,2016-06-02,2022-04-20,외감,12.0,중소기업,,휴스토리,N25201.가정용 내구재,C00000.제조업(10~34),"C26000.전자 부품, 컴퓨터, 영상, 음향 및 통신장비 제조업",코스닥,감사의견거절(감사범위제한),감사의견거절,2021,-1.6667151,0.1956848,0.371008,,-0.5121704,-0.08,-14.0,-31.51,-100.43,-0.0648147,-0.2065779,-2.0130404,,1.68,197.55,-31.67,.21,,0.212543,0.0,54.8818476,8.75,2.75,-8.88,,"23,296,520.",.,"387,133.59",,,727.8031788,-730.9107285,,-455.7811686,-191.16,,81.56,79.14,1.39,,116.62,,-18.7,-29.68,-273.98,-36.87,-93.16,,,,"15,318,815,000."
N948829,A046400,주식회사 휴스토리,(주)휴스토리,134411-0012061,126-81-33030,1998-05-30,2016-06-02,2022-04-20,외감,12.0,중소기업,,휴스토리,N25201.가정용 내구재,C00000.제조업(10~34),"C26000.전자 부품, 컴퓨터, 영상, 음향 및 통신장비 제조업",코스닥,감사의견거절(감사범위제한),감사의견거절,2022,,,,,,,-27.44,-53.76,-67.79,,,,,24.94,127.86,-18.1,.13,,,0.0,25.0262336,,,-.28,,"16,683,370.",.,,,,,,,,-211.46,,,,1.22,,66.93,,,-6.5,-26.03,-7.23,-58.82,,,,"11,394,478,000."
N948829,A046400,주식회사 휴스토리,(주)휴스토리,134411-0012061,126-81-33030,1998-05-30,2016-06-02,2022-04-20,외감,12.0,중소기업,,휴스토리,N25201.가정용 내구재,C00000.제조업(10~34),"C26000.전자 부품, 컴퓨터, 영상, 음향 및 통신장비 제조업",코스닥,감사의견거절(감사범위제한),감사의견거절,2023,,,,,,,6.26,-46.79,286.44,,,,,3.03,58.67,30.5,.14,,,0.0,17.5525847,,,-.47,,"17,485,700.",.,,,,,,,,319.15,40.06,,,2.82,21.13,38.97,,,173.32,"1,939.52",64.,449.5,,,,"22,047,320,000."
N948829,A046400,주식회사 휴스토리,(주)휴스토리,134411-0012061,126-81-33030,1998-05-30,2016-06-02,2022-04-20,외감,12.0,중소기업,,휴스토리,N25201.가정용 내구재,C00000.제조업(10~34),"C26000.전자 부품, 컴퓨터, 영상, 음향 및 통신장비 제조업",코스닥,감사의견거절(감사범위제한),감사의견거절,2024,,,,,,,-20.07,-108.52,-668.12,,,,-128.06,5.2,534.04,-2.29,.07,,,0.0,41.7715151,,,1.13,,"15,916,730.",.,,,,,,,,-9.9,20.87,,,4.71,54.67,32.78,,,-321.95,-659.58,-75.88,-673.49,,,,"19,748,747,000."
N005451,A047440,레이젠,디케이씨(주),135111-0039820,123-81-34118,1994-04-26,2001-11-20,2018-10-11,폐업,12.0,중소기업,,,"N45203.전자장비와 기기, 부품",C00000.제조업(10~34),"C26000.전자 부품, 컴퓨터, 영상, 음향 및 통신장비 제조업",코스닥,감사의견거절(감사범위 제한 및 계속기업 존속능력에 대한 불확실성),감사의견거절,2014,0.0302977,2.6029484,1.5126505,3.03,0.3143869,0.0885417,12.25,2.65,1.17,0.0284567,0.0125608,0.059989,2.65,1.33,98.86,38.07,1.07,2.26,2.0423067,,,8.68,6.86,-34.69,,,,"482,411.47",,,8149.2352474,90.9970069,-12.4129585,3862.2858984,637.97,45.03,93.87,66.32,22.05,,159.17,122.09,1.99,,,,,,,,
N005451,A047440,레이젠,디케이씨(주),135111-0039820,123-81-34118,1994-04-26,2001-11-20,2018-10-11,폐업,12.0,중소기업,,,"N45203.전자장비와 기기, 부품",C00000.제조업(10~34),"C26000.전자 부품, 컴퓨터, 영상, 음향 및 통신장비 제조업",코스닥,감사의견거절(감사범위 제한 및 계속기업 존속능력에 대한 불확실성),감사의견거절,2015,0.0277879,-1.5746603,-2.41239,2.78,-0.0434491,-0.0047847,9.16,-1.59,-1.73,-0.0159628,-0.0173176,-0.0335009,-3.63,1.3,102.46,39.36,1.0,2.1,1.914701,,,7.65,5.76,-36.44,,,,"495,090.77",,,8046.9424085,-87.3394351,301.8115337,3524.0428015,604.29,50.51,94.54,66.53,27.05,,231.46,97.98,-1.22,,,,,,,,
N005451,A047440,레이젠,디케이씨(주),135111-0039820,123-81-34118,1994-04-26,2001-11-20,2018-10-11,폐업,12.0,중소기업,,,"N45203.전자장비와 기기, 부품",C00000.제조업(10~34),"C26000.전자 부품, 컴퓨터, 영상, 음향 및 통신장비 제조업",코스닥,감사의견거절(감사범위 제한 및 계속기업 존속능력에 대한 불확실성),감사의견거절,2016,-0.3719897,-4.4374859,-6.6633641,-37.2,-0.2535109,0.0048077,,,,-0.1089031,-0.1665093,-0.2207582,,,,,,1.9,1.8528648,,,7.66,5.27,,,,,"425,460.63",,,5819.0006992,-1064.1122716,-260.3515207,2441.6023322,,,92.51,69.87,,,,110.25,-9.02,,,,,,,,
N005451,A047440,레이젠,디케이씨(주),135111-0039820,123-81-34118,1994-04-26,2001-11-20,2018-10-11,폐업,12.0,중소기업,,,"N45203.전자장비와 기기, 부품",C00000.제조업(10~34),"C26000.전자 부품, 컴퓨터, 영상, 음향 및 통신장비 제조업",코스닥,감사의견거절(감사범위 제한 및 계속기업 존속능력에 대한 불확실성),감사의견거절,2017,-0.4461289,-0.3223878,-0.5639294,-44.61,-0.1958122,-0.1818182,,,,-0.2016188,-0.3645755,-0.4870248,,,,,,2.55,1.8036819,,,10.24,4.9,,,,,"456,570.51",,,2949.5859291,-1037.8327494,-254.6605224,804.1141161,,,63.79,50.9,,,,198.09,-9.2,,,,,,,,
N005451,A047440,레이젠,디케이씨(주),135111-0039820,123-81-34118,1994-04-26,2001-11-20,2018-10-11,폐업,12.0,중소기업,,,"N45203.전자장비와 기기, 부품",C00000.제조업(10~34),"C26000.전자 부품, 컴퓨터, 영상, 음향 및 통신장비 제조업",코스닥,감사의견거절(감사범위 제한 및 계속기업 존속능력에 대한 불확실성),감사의견거절,2018,,,,,,,,,,,,,,,,,,,,,,,,,,,,,,,,,,,,,,,,,,,,,,,,,,,
N005451,A047440,레이젠,디케이씨(주),135111-0039820,123-81-34118,1994-04-26,2001-11-20,2018-10-11,폐업,12.0,중소기업,,,"N45203.전자장비와 기기, 부품",C00000.제조업(10~34),"C26000.전자 부품, 컴퓨터, 영상, 음향 및 통신장비 제조업",코스닥,감사의견거절(감사범위 제한 및 계속기업 존속능력에 대한 불확실성),감사의견거절,2019,,,,,,,,,,,,,,,,,,,,,,,,,,,,,,,,,,,,,,,,,,,,,,,,,,,
N005451,A047440,레이젠,디케이씨(주),135111-0039820,123-81-34118,1994-04-26,2001-11-20,2018-10-11,폐업,12.0,중소기업,,,"N45203.전자장비와 기기, 부품",C00000.제조업(10~34),"C26000.전자 부품, 컴퓨터, 영상, 음향 및 통신장비 제조업",코스닥,감사의견거절(감사범위 제한 및 계속기업 존속능력에 대한 불확실성),감사의견거절,2020,,,,,,,,,,,,,,,,,,,,,,,,,,,,,,,,,,,,,,,,,,,,,,,,,,,
N005451,A047440,레이젠,디케이씨(주),135111-0039820,123-81-34118,1994-04-26,2001-11-20,2018-10-11,폐업,12.0,중소기업,,,"N45203.전자장비와 기기, 부품",C00000.제조업(10~34),"C26000.전자 부품, 컴퓨터, 영상, 음향 및 통신장비 제조업",코스닥,감사의견거절(감사범위 제한 및 계속기업 존속능력에 대한 불확실성),감사의견거절,2021,,,,,,,,,,,,,,,,,,,,,,,,,,,,,,,,,,,,,,,,,,,,,,,,,,,
N005451,A047440,레이젠,디케이씨(주),135111-0039820,123-81-34118,1994-04-26,2001-11-20,2018-10-11,폐업,12.0,중소기업,,,"N45203.전자장비와 기기, 부품",C00000.제조업(10~34),"C26000.전자 부품, 컴퓨터, 영상, 음향 및 통신장비 제조업",코스닥,감사의견거절(감사범위 제한 및 계속기업 존속능력에 대한 불확실성),감사의견거절,2022,,,,,,,,,,,,,,,,,,,,,,,,,,,,,,,,,,,,,,,,,,,,,,,,,,,
N005451,A047440,레이젠,디케이씨(주),135111-0039820,123-81-34118,1994-04-26,2001-11-20,2018-10-11,폐업,12.0,중소기업,,,"N45203.전자장비와 기기, 부품",C00000.제조업(10~34),"C26000.전자 부품, 컴퓨터, 영상, 음향 및 통신장비 제조업",코스닥,감사의견거절(감사범위 제한 및 계속기업 존속능력에 대한 불확실성),감사의견거절,2023,,,,,,,,,,,,,,,,,,,,,,,,,,,,,,,,,,,,,,,,,,,,,,,,,,,
N005451,A047440,레이젠,디케이씨(주),135111-0039820,123-81-34118,1994-04-26,2001-11-20,2018-10-11,폐업,12.0,중소기업,,,"N45203.전자장비와 기기, 부품",C00000.제조업(10~34),"C26000.전자 부품, 컴퓨터, 영상, 음향 및 통신장비 제조업",코스닥,감사의견거절(감사범위 제한 및 계속기업 존속능력에 대한 불확실성),감사의견거절,2024,,,,,,,,,,,,,,,,,,,,,,,,,,,,,,,,,,,,,,,,,,,,,,,,,,,
N138681,A050320,에스에이치엔엘,에스에이치엔엘(주),110111-1185423,211-86-10077,1995-08-09,2002-01-15,2022-05-31,외감,12.0,중소기업,,,N15104.금속과 채광,C00000.제조업(10~34),C25000.금속 가공제품 제조업,코스닥,감사의견 거절,감사의견거절,2014,-0.0444179,0.684501,0.6834507,-4.44,-0.0261483,,17.38,-4.93,-5.42,-0.0481364,-0.053012,-0.1345394,-14.82,1.71,106.37,11.29,.98,2.73,1.5216074,1.76870845,2.069479963,13.91,3.84,-32.65,,,,,8.01,53.21,,-112.9843193,,745.2292887,49.05,34.3,92.16,78.77,10.08,,82.15,191.52,-2.89,-6.18,-13.57,-4.06,-4.24,444.14,8.19,137.59,"17,993,828,000."
N138681,A050320,에스에이치엔엘,에스에이치엔엘(주),110111-1185423,211-86-10077,1995-08-09,2002-01-15,2022-05-31,외감,12.0,중소기업,,,N15104.금속과 채광,C00000.제조업(10~34),C25000.금속 가공제품 제조업,코스닥,감사의견 거절,감사의견거절,2015,-0.2203822,-3.4622193,-0.7390784,-22.04,0.0114915,,11.77,-21.73,-9.33,-0.2429514,-0.104277,-0.6903695,-29.63,1.28,108.,5.07,1.12,3.18,1.7250725,2.14997969,2.178722053,22.89,4.88,-149.6,,"55,007,580.","2,964,810.","237,277.45",16.09,69.39,,-196.4885928,,580.9940104,16.2,36.4,107.93,106.51,53.99,17.95,71.95,174.72,-16.97,-18.53,-46.58,-11.78,-8.93,"1,287.47",14.39,151.36,"11,858,455,000."
N138681,A050320,에스에이치엔엘,에스에이치엔엘(주),110111-1185423,211-86-10077,1995-08-09,2002-01-15,2022-05-31,외감,12.0,중소기업,,,N15104.금속과 채광,C00000.제조업(10~34),C25000.금속 가공제품 제조업,코스닥,감사의견 거절,감사의견거절,2016,-0.2556982,-0.0709363,-12.752673,-25.57,-0.2068483,-0.1694915,16.11,-66.98,-160.89,-1.1889664,-2.8560009,-2.5074323,-602.31,.02,258.88,-24.77,1.78,3.74,3.3758196,0.0,0.0,258.52,9.12,27.64,,"49,696,590.","4,470,100.","187,212.39",,,265.1428646,-428.4286911,-206.4457426,65.6836227,-34.32,47.42,112.88,112.88,3.64,.,57.8,110.89,"-3,999.45",-613.81,"-38,665.1",-309.88,-161.96,,,,"6,488,359,000."
N138681,A050320,에스에이치엔엘,에스에이치엔엘(주),110111-1185423,211-86-10077,1995-08-09,2002-01-15,2022-05-31,외감,12.0,중소기업,,,N15104.금속과 채광,C00000.제조업(10~34),C25000.금속 가공제품 제조업,코스닥,감사의견 거절,감사의견거절,2017,-0.3690094,0.8112938,0.7288864,-36.9,-0.0348541,0.9795918,14.73,-13.1,-45.2,-0.2265817,-0.7819495,-0.5802217,-200.24,.,141.1,12.12,1.73,4.43,2.8386616,0.0,269.5163448,,7.31,30.56,,"3,722,880.","1,796,870.","63,777.5",,,492.9094589,-224.6224243,-72.5462651,186.8775806,65.81,30.52,107.84,107.84,45.31,.,58.85,227.68,"-14,802.5",-142.28,"-6,355.8",-86.41,-33.79,,,,"6,993,348,000."
N138681,A050320,에스에이치엔엘,에스에이치엔엘(주),110111-1185423,211-86-10077,1995-08-09,2002-01-15,2022-05-31,외감,12.0,중소기업,,,N15104.금속과 채광,C00000.제조업(10~34),C25000.금속 가공제품 제조업,코스닥,감사의견 거절,감사의견거절,2018,1.9162299,-1.0797105,0.5472348,191.62,-0.4508402,-0.7319588,10.95,-49.6,-37.26,-0.3968571,-0.298166,-0.7964476,-59.84,.,102.01,42.2,.8,1.61,1.5948807,0.0,418.8453523,,4.73,-710.34,,"4,221,500.","81,500.","297,560.81",,,343.3759891,-127.9504997,-249.1688501,269.7303913,174.88,63.64,89.,89.,6.61,,36.29,57.14,"-16,154.46",-74.45,"-1,297.99",-27.07,-279.1,,,,"6,856,534,000."
N138681,A050320,에스에이치엔엘,에스에이치엔엘(주),110111-1185423,211-86-10077,1995-08-09,2002-01-15,2022-05-31,외감,12.0,중소기업,,,N15104.금속과 채광,C00000.제조업(10~34),C25000.금속 가공제품 제조업,코스닥,감사의견 거절,감사의견거절,2019,-0.3039712,-3.3059281,-0.0424077,-30.4,-0.8694683,0.1538462,14.16,-952.27,"-2,292.39",-0.159719,-0.3844913,-0.2234289,-53.79,19.64,594.76,44.83,.02,0.02,0.0588208,0.0614602854,0.0614602854,,0.23,.23,,"10,580,420.","48,830.","241,287.55",,,,-122.8143303,,191.7769003,94.71,86.88,357.27,357.27,157.59,.,101.22,15.1,-48.49,-391.94,-867.8,-51.43,"-2,070.66",,,,"9,588,686,000."
N138681,A050320,에스에이치엔엘,에스에이치엔엘(주),110111-1185423,211-86-10077,1995-08-09,2002-01-15,2022-05-31,외감,12.0,중소기업,,,N15104.금속과 채광,C00000.제조업(10~34),C25000.금속 가공제품 제조업,코스닥,감사의견 거절,감사의견거절,2020,0.3903879,1.1936442,1.0894456,39.04,55.6478873,-0.5333333,37.62,3.26,3.62,0.0238196,0.0264862,0.0441044,4.9,10.68,94.97,11.14,.73,1.35,1.5909948,0.703257865,0.953387082,5.36,3.9,4.12,,"69,135,710.","686,930.","671,357.71",,,,6.2633,,130.8010547,33.58,42.45,124.38,91.75,31.92,133.85,631.19,135.55,.3,7.24,15.36,4.17,8.43,,,,"13,909,449,000."
N138681,A050320,에스에이치엔엘,에스에이치엔엘(주),110111-1185423,211-86-10077,1995-08-09,2002-01-15,2022-05-31,외감,12.0,중소기업,,,N15104.금속과 채광,C00000.제조업(10~34),C25000.금속 가공제품 제조업,코스닥,감사의견 거절,감사의견거절,2021,0.1895721,1.5529857,3.4313982,18.96,0.2648121,0.0,30.24,6.57,12.68,0.0457048,0.0882141,0.0884103,17.06,5.04,88.85,24.04,.7,1.35,1.4400525,0.913649395,1.407060977,2.95,2.62,2.34,,"98,024,680.","1,921,680.","893,256.61",,,,23.9102518,,153.9732218,57.85,63.28,238.46,154.84,58.55,60.39,713.88,58.04,1.3,29.51,41.85,10.84,13.83,,,,"11,101,736,000."
N138681,A050320,에스에이치엔엘,에스에이치엔엘(주),110111-1185423,211-86-10077,1995-08-09,2002-01-15,2022-05-31,외감,12.0,중소기업,,,N15104.금속과 채광,C00000.제조업(10~34),C25000.금속 가공제품 제조업,코스닥,감사의견 거절,감사의견거절,2022,,,,,,,29.31,-53.8,-634.22,,,,-142.4,.05,578.63,93.07,.16,,,3.374979556,3.374979556,,,.36,,"636,095,500.","17,855,500.",,,,,,,,"2,035.7",97.46,,,144.96,.,.,,,"-10,978.51",,-279.35,-639.97,,,,"2,411,053,000."
N138681,A050320,에스에이치엔엘,에스에이치엔엘(주),110111-1185423,211-86-10077,1995-08-09,2002-01-15,2022-05-31,외감,12.0,중소기업,,,N15104.금속과 채광,C00000.제조업(10~34),C25000.금속 가공제품 제조업,코스닥,감사의견 거절,감사의견거절,2023,,,,,,,,,,,,,-10.08,,233.24,97.75,.,,,0.0,0.0,,,.,,"1,640,500.",.,,,,,,,,"38,450.17",97.99,,,50.89,.,,,,-514.91,,-10.35,,,,,"2,167,780,000."
N138681,A050320,에스에이치엔엘,에스에이치엔엘(주),110111-1185423,211-86-10077,1995-08-09,2002-01-15,2022-05-31,외감,12.0,중소기업,,,N15104.금속과 채광,C00000.제조업(10~34),C25000.금속 가공제품 제조업,코스닥,감사의견 거절,감사의견거절,2024,,,,,,,,,,,,,,,,,,,,,,,,,,,,,,,,,,,,,,,,,,,,,,,,,,,
N293873,A050540,엠피씨플러스,(주)엠피씨플러스,110111-0793657,120-81-33916,1991-07-24,2005-12-12,2023-05-08,외감,12.0,중소기업,,엠피씨플러스,N20201.상업서비스와 공급품,"N00000.사업시설 관리, 사업 지원 및 임대 서비스업(74~76)",N75000.사업 지원 서비스업,코스닥,감사의견 거절(감사범위 제한),감사의견거절,2014,0.0046411,-0.6458351,1.0248335,0.46,0.0563118,0.0791367,9.76,0.52,0.23,0.0086043,0.0038412,0.0181048,.81,.83,99.38,41.67,1.65,3.47,3.1461754,0.0,696.08937,,9.76,-5.99,,"3,649,420.","171,950.","19,991.85",,,6289.0898256,15.9197356,160.1136461,2067.1583058,339.88,48.41,46.32,46.32,2.49,,693.07,106.58,.63,3.56,6.19,1.82,1.11,,,,"85,416,540,000."
N293873,A050540,엠피씨플러스,(주)엠피씨플러스,110111-0793657,120-81-33916,1991-07-24,2005-12-12,2023-05-08,외감,12.0,중소기업,,엠피씨플러스,N20201.상업서비스와 공급품,"N00000.사업시설 관리, 사업 지원 및 임대 서비스업(74~76)",N75000.사업 지원 서비스업,코스닥,감사의견 거절(감사범위 제한),감사의견거절,2015,-0.1862976,-5.0283725,-34.758201,-18.63,-0.0303955,0.0035714,8.06,-2.17,-8.1,-0.0340934,-0.1275467,-0.0802387,-30.02,1.08,108.18,27.25,1.57,3.71,2.7378819,0.0,619.1109916,,8.32,-5.07,,"1,611,140.","115,920.","20,914.62",,,6097.9299185,-537.4216318,-8.8596481,1632.0008482,236.98,36.94,41.81,41.81,3.98,,587.04,170.7,-2.,-5.87,-9.2,-3.41,-2.51,,,,"82,735,242,000."
N293873,A050540,엠피씨플러스,(주)엠피씨플러스,110111-0793657,120-81-33916,1991-07-24,2005-12-12,2023-05-08,외감,12.0,중소기업,,엠피씨플러스,N20201.상업서비스와 공급품,"N00000.사업시설 관리, 사업 지원 및 임대 서비스업(74~76)",N75000.사업 지원 서비스업,코스닥,감사의견 거절(감사범위 제한),감사의견거절,2016,-0.5888287,1.4156366,-0.856151,-58.88,0.1181699,0.0521945,10.25,0.8,-13.45,0.0174351,-0.2912887,0.0526767,-88.01,1.23,113.55,9.33,2.17,6.54,3.2379529,0.0,552.5793951,,9.1,-7.1,,"1,489,950.","86,890.","15,998.56",139.43,"1,497.11",6787.5866325,-992.6137663,83.6755392,663.1938376,46.1,26.42,68.57,68.57,1.11,,735.17,278.56,.66,-74.53,-177.08,-53.96,-18.17,"25,672.6",69.37,120.89,"88,217,183,000."
N293873,A050540,엠피씨플러스,(주)엠피씨플러스,110111-0793657,120-81-33916,1991-07-24,2005-12-12,2023-05-08,외감,12.0,중소기업,,엠피씨플러스,N20201.상업서비스와 공급품,"N00000.사업시설 관리, 사업 지원 및 임대 서비스업(74~76)",N75000.사업 지원 서비스업,코스닥,감사의견 거절(감사범위 제한),감사의견거절,2017,1.8793207,-3.5750245,1.0162889,187.93,-0.1458733,-0.1400226,8.1,-2.43,0.26,-0.0476251,0.0050332,-0.1200055,1.27,.64,99.49,32.45,1.96,4.95,3.2541697,0.0,479.8753751,251.09,9.17,-14.8,,"1,980,900.","203,710.","16,700.26",190.99,"1,610.2",4589.5126149,16.2476316,-68.7673337,1385.1180865,185.22,48.07,83.91,81.26,9.26,,"1,284.52",108.02,-3.77,8.18,20.46,4.08,2.52,"15,658.05",94.64,93.98,"50,725,050,000."
N293873,A050540,엠피씨플러스,(주)엠피씨플러스,110111-0793657,120-81-33916,1991-07-24,2005-12-12,2023-05-08,외감,12.0,중소기업,,엠피씨플러스,N20201.상업서비스와 공급품,"N00000.사업시설 관리, 사업 지원 및 임대 서비스업(74~76)",N75000.사업 지원 서비스업,코스닥,감사의견 거절(감사범위 제한),감사의견거절,2018,0.0968559,-1.9829132,-59.4751201,9.69,-0.0009877,-0.2170949,6.1,-7.25,-15.01,-0.1142986,-0.2367988,-0.2300058,-47.65,.97,114.47,28.28,1.58,3.17,3.1359755,0.0,280.2909669,82.9,11.59,55.9,,"2,688,720.","342,200.","26,889.64",125.86,"1,258.72",4539.0349768,-664.9776209,-128.1811653,1101.7918432,120.36,51.27,129.09,123.51,26.34,19.2,"2,404.6",95.05,-7.49,-46.69,-141.31,-22.14,-14.12,"9,889.94",79.34,112.14,"80,254,716,000."
N293873,A050540,엠피씨플러스,(주)엠피씨플러스,110111-0793657,120-81-33916,1991-07-24,2005-12-12,2023-05-08,외감,12.0,중소기업,,엠피씨플러스,N20201.상업서비스와 공급품,"N00000.사업시설 관리, 사업 지원 및 임대 서비스업(74~76)",N75000.사업 지원 서비스업,코스닥,감사의견 거절(감사범위 제한),감사의견거절,2019,-0.7157523,-0.3218514,-0.9207793,-71.58,-0.0565792,0.0241125,5.41,-10.15,-30.56,-0.1426363,-0.4294017,-0.4525761,-136.25,3.06,132.37,-8.72,1.41,4.46,2.0517329,0.0,539.204282,116.82,10.05,-12.51,,"4,220,910.","262,130.","27,558.1",,,3120.2004912,-906.8783607,-351.8552187,297.8213844,-40.44,13.38,44.12,44.12,7.22,,"12,756.32",647.36,-3.32,-39.66,-62.85,-33.9,-25.61,,,,"82,540,026,000."
N293873,A050540,엠피씨플러스,(주)엠피씨플러스,110111-0793657,120-81-33916,1991-07-24,2005-12-12,2023-05-08,외감,12.0,중소기업,,엠피씨플러스,N20201.상업서비스와 공급품,"N00000.사업시설 관리, 사업 지원 및 임대 서비스업(74~76)",N75000.사업 지원 서비스업,코스닥,감사의견 거절(감사범위 제한),감사의견거절,2020,-0.4471614,0.9379726,0.8218566,-44.72,-0.0863046,0.0075213,9.73,-.69,-5.96,-0.0105684,-0.0913755,-0.0816772,-70.62,2.34,104.95,-31.7,1.53,11.85,1.7614956,0.0,657.6017749,,7.6,-4.59,,"5,328,500.","198,540.","22,041.24",,,2540.3837111,-131.6990961,13.1315,160.0448576,-67.99,12.21,50.5,50.5,15.45,,"7,436.41",718.93,-0.29,2.27,5.32,1.76,.77,,,,"89,898,234,000."
N293873,A050540,엠피씨플러스,(주)엠피씨플러스,110111-0793657,120-81-33916,1991-07-24,2005-12-12,2023-05-08,외감,12.0,중소기업,,엠피씨플러스,N20201.상업서비스와 공급품,"N00000.사업시설 관리, 사업 지원 및 임대 서비스업(74~76)",N75000.사업 지원 서비스업,코스닥,감사의견 거절(감사범위 제한),감사의견거절,2021,0.3442384,2.3223048,1.2769073,34.42,-0.3138436,-0.5186628,10.77,1.33,2.4,0.0226578,0.0410243,0.1294073,23.43,1.5,100.72,21.39,1.71,9.74,2.0682225,0.0,1013.9382183,,6.25,-7.01,,"8,673,220.","255,770.","27,920.07",,,1886.6021117,48.427449,40.7620047,1943.7267403,288.94,25.85,75.17,75.17,33.85,,"11,502.87",286.8,.88,10.71,21.24,7.46,3.4,,,,"54,458,687,000."
N293873,A050540,엠피씨플러스,(주)엠피씨플러스,110111-0793657,120-81-33916,1991-07-24,2005-12-12,2023-05-08,외감,12.0,중소기업,,엠피씨플러스,N20201.상업서비스와 공급품,"N00000.사업시설 관리, 사업 지원 및 임대 서비스업(74~76)",N75000.사업 지원 서비스업,코스닥,감사의견 거절(감사범위 제한),감사의견거절,2022,-0.0330519,-2.1282431,-1.1813746,-3.31,-0.2564047,-0.1031693,9.37,-2.02,-.59,-0.0358574,-0.010437,-0.1294476,-3.77,1.27,100.57,24.67,1.78,6.42,2.4612861,0.0,696.3594504,,6.69,-24.31,,"7,873,080.","141,760.","23,843.67",,,11033.7616505,-59.0082092,347.5265207,1891.7105381,278.54,29.91,91.29,91.29,48.47,.,"19,900.9",234.33,-1.59,14.01,26.4,9.05,4.66,,,,"34,576,270,000."
N293873,A050540,엠피씨플러스,(주)엠피씨플러스,110111-0793657,120-81-33916,1991-07-24,2005-12-12,2023-05-08,외감,12.0,중소기업,,엠피씨플러스,N20201.상업서비스와 공급품,"N00000.사업시설 관리, 사업 지원 및 임대 서비스업(74~76)",N75000.사업 지원 서비스업,코스닥,감사의견 거절(감사범위 제한),감사의견거절,2023,,,,,,,4.86,-8.41,-7.07,,,,-37.46,1.43,106.85,27.28,1.71,,,0.0,563.7750444,,,-18.13,,"13,501,590.","195,150.",,,,,,,,241.01,34.64,,,27.03,,"17,762.33",,,-3.77,-6.59,-2.25,-1.31,,,,"28,898,760,000."
N293873,A050540,엠피씨플러스,(주)엠피씨플러스,110111-0793657,120-81-33916,1991-07-24,2005-12-12,2023-05-08,외감,12.0,중소기업,,엠피씨플러스,N20201.상업서비스와 공급품,"N00000.사업시설 관리, 사업 지원 및 임대 서비스업(74~76)",N75000.사업 지원 서비스업,코스닥,감사의견 거절(감사범위 제한),감사의견거절,2024,,,,,,,8.58,.09,-1.55,,,,-7.42,1.64,101.54,25.01,1.6,,,0.0,512.7612301,,,-22.89,,"16,886,140.","224,300.",,,,,,,,221.27,32.15,,,41.94,.,"38,853.08",,,8.16,13.73,5.05,3.17,,,,"28,567,446,000."
N004421,A051170,썬코어,(주)썬코어,110111-0242167,113-81-14492,1978-11-22,2001-10-23,2018-03-15,폐업,12.0,중소기업,,,N20106.기계,C00000.제조업(10~34),C29000.기타 기계 및 장비 제조업,코스닥,'16사업연도 감사의견거절(계속기업 존속능력에 대한 불확실성) 및 '17사업연도 반기 감사의견거절(계속기업 존속능력에 대한 불확실성),감사의견거절,2014,-0.1370201,-0.7295377,-4.2292053,-13.7,-0.0499346,-0.0818714,18.07,-6.22,-8.24,-0.0355657,-0.0470982,-0.0811832,-10.75,4.41,111.15,27.08,.57,1.3,1.0173534,,,2.66,3.25,3.93,,,,"435,591.28",,,1828.4640922,-155.6709425,-55.4793476,1329.2482585,165.85,43.48,147.32,81.1,3.49,139.95,481.79,130.01,-1.41,,,,,,,136.7,
N004421,A051170,썬코어,(주)썬코어,110111-0242167,113-81-14492,1978-11-22,2001-10-23,2018-03-15,폐업,12.0,중소기업,,,N20106.기계,C00000.제조업(10~34),C29000.기타 기계 및 장비 제조업,코스닥,'16사업연도 감사의견거절(계속기업 존속능력에 대한 불확실성) 및 '17사업연도 반기 감사의견거절(계속기업 존속능력에 대한 불확실성),감사의견거절,2015,0.4720013,-3.9033429,-3.6856415,47.2,0.1806621,-0.1082803,3.65,-25.84,-32.7,-0.1327413,-0.1679791,-0.34763,-43.99,3.85,130.12,18.49,0.51,1.35,0.8310901,,,3.04,3.01,618.37,,,,"496,339.9",,,1665.2520599,-429.8130847,36.6397744,1169.3662665,133.87,35.27,82.91,57.97,2.69,,303.54,183.54,-6.71,,,,,,,414.78,
N004421,A051170,썬코어,(주)썬코어,110111-0242167,113-81-14492,1978-11-22,2001-10-23,2018-03-15,폐업,12.0,중소기업,,,N20106.기계,C00000.제조업(10~34),C29000.기타 기계 및 장비 제조업,코스닥,'16사업연도 감사의견거절(계속기업 존속능력에 대한 불확실성) 및 '17사업연도 반기 감사의견거절(계속기업 존속능력에 대한 불확실성),감사의견거절,2016,-0.6503167,-0.814299,-1.4243207,-65.03,-0.0700644,-0.1285714,,,,-0.2250222,-0.3805009,-0.7847562,,,,,,1.56,0.6258363,,,3.12,2.63,,,,,"498,862.4",,,1256.9360889,-941.4108999,-112.5390956,452.2619125,,,50.54,28.41,,,,435.22,-10.52,,,,,,,,
N004421,A051170,썬코어,(주)썬코어,110111-0242167,113-81-14492,1978-11-22,2001-10-23,2018-03-15,폐업,12.0,중소기업,,,N20106.기계,C00000.제조업(10~34),C29000.기타 기계 및 장비 제조업,코스닥,'16사업연도 감사의견거절(계속기업 존속능력에 대한 불확실성) 및 '17사업연도 반기 감사의견거절(계속기업 존속능력에 대한 불확실성),감사의견거절,2017,-0.2325577,0.5259064,0.6318254,-23.26,-0.7619471,-0.9016393,,,,-0.1874927,-0.2462092,-0.8124762,,,,,,0.81,0.2427828,,,1.16,1.21,,,,,"3,211,990.5",,,269.067543,-346.6611846,-73.126494,290.9583454,,,36.89,11.21,,,,200.58,-12.1,,,,,,,,
N004421,A051170,썬코어,(주)썬코어,110111-0242167,113-81-14492,1978-11-22,2001-10-23,2018-03-15,폐업,12.0,중소기업,,,N20106.기계,C00000.제조업(10~34),C29000.기타 기계 및 장비 제조업,코스닥,'16사업연도 감사의견거절(계속기업 존속능력에 대한 불확실성) 및 '17사업연도 반기 감사의견거절(계속기업 존속능력에 대한 불확실성),감사의견거절,2018,,,,,,,,,,,,,,,,,,,,,,,,,,,,,,,,,,,,,,,,,,,,,,,,,,,
N004421,A051170,썬코어,(주)썬코어,110111-0242167,113-81-14492,1978-11-22,2001-10-23,2018-03-15,폐업,12.0,중소기업,,,N20106.기계,C00000.제조업(10~34),C29000.기타 기계 및 장비 제조업,코스닥,'16사업연도 감사의견거절(계속기업 존속능력에 대한 불확실성) 및 '17사업연도 반기 감사의견거절(계속기업 존속능력에 대한 불확실성),감사의견거절,2019,,,,,,,,,,,,,,,,,,,,,,,,,,,,,,,,,,,,,,,,,,,,,,,,,,,
N004421,A051170,썬코어,(주)썬코어,110111-0242167,113-81-14492,1978-11-22,2001-10-23,2018-03-15,폐업,12.0,중소기업,,,N20106.기계,C00000.제조업(10~34),C29000.기타 기계 및 장비 제조업,코스닥,'16사업연도 감사의견거절(계속기업 존속능력에 대한 불확실성) 및 '17사업연도 반기 감사의견거절(계속기업 존속능력에 대한 불확실성),감사의견거절,2020,,,,,,,,,,,,,,,,,,,,,,,,,,,,,,,,,,,,,,,,,,,,,,,,,,,
N004421,A051170,썬코어,(주)썬코어,110111-0242167,113-81-14492,1978-11-22,2001-10-23,2018-03-15,폐업,12.0,중소기업,,,N20106.기계,C00000.제조업(10~34),C29000.기타 기계 및 장비 제조업,코스닥,'16사업연도 감사의견거절(계속기업 존속능력에 대한 불확실성) 및 '17사업연도 반기 감사의견거절(계속기업 존속능력에 대한 불확실성),감사의견거절,2021,,,,,,,,,,,,,,,,,,,,,,,,,,,,,,,,,,,,,,,,,,,,,,,,,,,
N004421,A051170,썬코어,(주)썬코어,110111-0242167,113-81-14492,1978-11-22,2001-10-23,2018-03-15,폐업,12.0,중소기업,,,N20106.기계,C00000.제조업(10~34),C29000.기타 기계 및 장비 제조업,코스닥,'16사업연도 감사의견거절(계속기업 존속능력에 대한 불확실성) 및 '17사업연도 반기 감사의견거절(계속기업 존속능력에 대한 불확실성),감사의견거절,2022,,,,,,,,,,,,,,,,,,,,,,,,,,,,,,,,,,,,,,,,,,,,,,,,,,,
N004421,A051170,썬코어,(주)썬코어,110111-0242167,113-81-14492,1978-11-22,2001-10-23,2018-03-15,폐업,12.0,중소기업,,,N20106.기계,C00000.제조업(10~34),C29000.기타 기계 및 장비 제조업,코스닥,'16사업연도 감사의견거절(계속기업 존속능력에 대한 불확실성) 및 '17사업연도 반기 감사의견거절(계속기업 존속능력에 대한 불확실성),감사의견거절,2023,,,,,,,,,,,,,,,,,,,,,,,,,,,,,,,,,,,,,,,,,,,,,,,,,,,
N004421,A051170,썬코어,(주)썬코어,110111-0242167,113-81-14492,1978-11-22,2001-10-23,2018-03-15,폐업,12.0,중소기업,,,N20106.기계,C00000.제조업(10~34),C29000.기타 기계 및 장비 제조업,코스닥,'16사업연도 감사의견거절(계속기업 존속능력에 대한 불확실성) 및 '17사업연도 반기 감사의견거절(계속기업 존속능력에 대한 불확실성),감사의견거절,2024,,,,,,,,,,,,,,,,,,,,,,,,,,,,,,,,,,,,,,,,,,,,,,,,,,,
N987166,A051310,포스코플랜텍,(주)플랜텍,181211-0010898,610-81-08943,1989-06-15,2007-11-29,2016-04-15,외감,12.0,중견기업,,연합자산관리,N20103.건설 및 엔지니어링,F00000.건설업(41~42),F41000.종합 건설업,코스피,자본전액잠식,자본잠식,2014,0.5938614,-1.9996112,-1.8115529,59.39,0.033192,-0.0979424,-13.88,-30.33,-44.86,-0.2294969,-0.3394835,-1.0760055,-159.17,3.75,139.3,16.99,.76,3.55,0.9619117,0.0,140.6588911,25.66,3.76,11.12,,"217,355,110.","25,353,200.","750,991.13",,,7838.9183948,-3525.3120586,,1193.0222049,138.28,28.93,120.42,114.91,1.27,26.99,117.37,245.64,-8.1,-51.79,-80.18,-36.8,-44.37,,,,"901,309,061,000."
N987166,A051310,포스코플랜텍,(주)플랜텍,181211-0010898,610-81-08943,1989-06-15,2007-11-29,2016-04-15,외감,12.0,중견기업,,연합자산관리,N20103.건설 및 엔지니어링,F00000.건설업(41~42),F41000.종합 건설업,코스피,자본전액잠식,자본잠식,2015,-1.610813,0.3267504,-0.2419725,,-0.2658638,-0.4863139,-9.38,-27.81,-75.89,-0.1883807,-0.5140606,-3.0292031,,7.12,172.11,-36.42,0.68,,0.7222652,0.0,149.1574552,31.02,2.38,4.11,,"306,475,450.","32,196,520.","1,205,057.97",-32.71,-128.6,2527.7827257,-1915.2948789,,-726.7407706,-240.27,,152.29,149.1,49.96,6.1,243.26,,-3.91,-45.76,-66.56,-55.8,-74.59,"-1,224.15",-48.54,-33.52,"746,381,582,000."
N987166,A051310,포스코플랜텍,(주)플랜텍,181211-0010898,610-81-08943,1989-06-15,2007-11-29,2016-04-15,외감,12.0,중견기업,,연합자산관리,N20103.건설 및 엔지니어링,F00000.건설업(41~42),F41000.종합 건설업,코스피,자본전액잠식,자본잠식,2016,,,,,,,6.23,2.77,-12.41,,,,,3.17,111.64,-53.12,0.65,,,0.0,138.3549295,,,3.19,,"214,217,760.","18,252,040.",,3.03,16.22,,,,,-287.41,,,,40.32,2.41,155.27,,,-5.97,-8.86,-8.07,-11.2,190.35,4.66,,"605,043,736,000."
N987166,A051310,포스코플랜텍,(주)플랜텍,181211-0010898,610-81-08943,1989-06-15,2007-11-29,2016-04-15,외감,12.0,중견기업,,연합자산관리,N20103.건설 및 엔지니어링,F00000.건설업(41~42),F41000.종합 건설업,코스피,자본전액잠식,자본잠식,2017,,,,,,,15.21,10.87,6.52,,,,,3.68,93.79,-62.43,0.86,,,0.0,129.7817354,,,3.57,,"157,005,970.","11,032,920.",,19.15,118.34,,,,,-260.17,,,,42.16,.57,168.28,,,5.01,6.46,6.97,7.16,"1,684.",22.58,,"496,199,914,000."
N987166,A051310,포스코플랜텍,(주)플랜텍,181211-0010898,610-81-08943,1989-06-15,2007-11-29,2016-04-15,외감,12.0,중견기업,,연합자산관리,N20103.건설 및 엔지니어링,F00000.건설업(41~42),F41000.종합 건설업,코스피,자본전액잠식,자본잠식,2018,,,,,,,13.67,8.76,6.25,,,,,4.66,94.91,-61.43,.8,,,0.0,126.6111475,,,2.07,,"103,093,750.","6,515,050.",,19.98,159.69,,,,,-238.22,,,,26.09,.26,157.63,,,3.96,4.9,5.43,6.55,"2,526.85",25.2,,"382,192,865,000."
N987166,A051310,포스코플랜텍,(주)플랜텍,181211-0010898,610-81-08943,1989-06-15,2007-11-29,2016-04-15,외감,12.0,중견기업,,연합자산관리,N20103.건설 및 엔지니어링,F00000.건설업(41~42),F41000.종합 건설업,코스피,자본전액잠식,자본잠식,2019,,,,,,,11.45,7.73,6.19,,,,,3.45,94.78,-64.2,1.11,,,0.0,119.4040055,,,-58.29,,"106,323,710.","6,035,440.",,22.81,165.47,,,,,-216.63,,,,22.58,,157.3,,,5.85,8.17,7.97,6.66,"2,914.95",20.48,,"355,625,639,000."
N987166,A051310,포스코플랜텍,(주)플랜텍,181211-0010898,610-81-08943,1989-06-15,2007-11-29,2016-04-15,외감,12.0,중견기업,,연합자산관리,N20103.건설 및 엔지니어링,F00000.건설업(41~42),F41000.종합 건설업,코스피,자본전액잠식,자본잠식,2020,,,,,,,10.65,6.59,5.98,,,,,1.42,93.58,16.66,1.34,,,0.0,316.8191896,,,-6.23,,"108,665,500.","5,446,650.",,32.93,177.75,,,,,35.57,62.73,,,43.95,1.14,387.49,,,33.56,"3,368.87",12.53,6.87,"3,546.19",24.46,,"309,456,569,000."
N987166,A051310,포스코플랜텍,(주)플랜텍,181211-0010898,610-81-08943,1989-06-15,2007-11-29,2016-04-15,외감,12.0,중견기업,,연합자산관리,N20103.건설 및 엔지니어링,F00000.건설업(41~42),F41000.종합 건설업,코스피,자본전액잠식,자본잠식,2021,,,,,,,8.71,5.15,7.06,,,,19.34,.01,93.65,24.35,1.74,,,0.0,235.1048825,,,5.11,,"89,228,150.","3,863,370.",,38.29,167.47,,,,,60.16,64.17,,,37.51,1.27,252.16,,,35.36,"4,245.04",12.68,7.81,"3,867.92",21.97,,"180,837,424,000."
N987166,A051310,포스코플랜텍,(주)플랜텍,181211-0010898,610-81-08943,1989-06-15,2007-11-29,2016-04-15,외감,12.0,중견기업,,연합자산관리,N20103.건설 및 엔지니어링,F00000.건설업(41~42),F41000.종합 건설업,코스피,자본전액잠식,자본잠식,2022,,,,,,,8.42,5.52,7.93,,,,28.24,.,94.11,36.43,2.33,,,0.0,179.3218211,,,6.53,,"64,710,490.","2,382,430.",,,,,,,,120.44,66.2,,,64.96,.96,55.54,,,50.22,"4,147.4",16.99,8.36,,,,"209,276,224,000."
N987166,A051310,포스코플랜텍,(주)플랜텍,181211-0010898,610-81-08943,1989-06-15,2007-11-29,2016-04-15,외감,12.0,중견기업,,연합자산관리,N20103.건설 및 엔지니어링,F00000.건설업(41~42),F41000.종합 건설업,코스피,자본전액잠식,자본잠식,2023,,,,,,,7.05,4.65,5.17,,,,17.5,.01,94.36,45.3,2.37,,,0.0,282.8387365,,,5.86,,"58,341,100.","1,800,750.",,,,,,,,156.63,73.75,,,69.09,1.49,93.73,,,49.07,"2,880.78",12.88,5.55,,,,"280,052,435,000."
N987166,A051310,포스코플랜텍,(주)플랜텍,181211-0010898,610-81-08943,1989-06-15,2007-11-29,2016-04-15,외감,12.0,중견기업,,연합자산관리,N20103.건설 및 엔지니어링,F00000.건설업(41~42),F41000.종합 건설업,코스피,자본전액잠식,자본잠식,2024,,,,,,,8.9,5.64,9.26,,,,19.92,.01,90.53,55.31,1.66,,,0.0,273.6443904,,,3.24,,"74,435,330.","1,971,810.",,,,,,,,216.82,80.34,,,100.56,1.02,129.89,,,78.13,"4,634.56",15.34,9.8,,,,"292,879,237,000."
N052487,A052190,세영디앤씨,(주)세영디앤씨,110111-1093882,114-81-61794,1994-10-28,2001-06-21,2022-05-27,외감,12.0,중소기업,,세영디앤씨,N20200.상업 및 전문서비스,"R00000.예술, 스포츠 및 여가관련 서비스업(90~91)","R90000.창작, 예술 및 여가관련 서비스업",코스닥,감사의견 거절(감사범위 제한 및 계속기업 존속능력에 대한 불확실성),감사의견거절,2014,-0.1851605,-2.8208954,-2.5449082,-18.52,-0.7516881,-0.2402597,34.15,-163.9,-167.28,-0.1874772,-0.1913459,-0.199926,-20.41,.,248.86,80.85,.11,0.12,1.8370243,0.261010417,0.261010417,,2.16,.22,,"968,930.",.,"235,075.31",,,,-847.4624799,,3729.4449275,645.89,93.37,732.64,732.64,352.69,.,,7.1,,-270.27,,-17.93,-141.34,,,,"24,805,044,000."
N052487,A052190,세영디앤씨,(주)세영디앤씨,110111-1093882,114-81-61794,1994-10-28,2001-06-21,2022-05-27,외감,12.0,중소기업,,세영디앤씨,N20200.상업 및 전문서비스,"R00000.예술, 스포츠 및 여가관련 서비스업(90~91)","R90000.창작, 예술 및 여가관련 서비스업",코스닥,감사의견 거절(감사범위 제한 및 계속기업 존속능력에 대한 불확실성),감사의견거절,2015,-0.7284663,-0.9857663,-2.3651756,-72.85,0.0112801,-0.025641,11.77,-321.83,-556.65,-0.4559654,-0.7886463,-0.6954017,-120.28,13.17,596.11,15.83,.14,0.22,0.4114785,0.307220308,0.30754059,590.,2.06,.92,,"1,385,140.",.,"196,984.8",,,,-2851.8600644,,1012.6698873,102.53,31.28,74.94,74.86,17.18,,,219.74,-24.43,-127.51,-221.83,-87.63,-553.85,,,,"20,107,490,000."
N052487,A052190,세영디앤씨,(주)세영디앤씨,110111-1093882,114-81-61794,1994-10-28,2001-06-21,2022-05-27,외감,12.0,중소기업,,세영디앤씨,N20200.상업 및 전문서비스,"R00000.예술, 스포츠 및 여가관련 서비스업(90~91)","R90000.창작, 예술 및 여가관련 서비스업",코스닥,감사의견 거절(감사범위 제한 및 계속기업 존속능력에 대한 불확실성),감사의견거절,2016,1.4556371,0.9971086,0.5566342,145.56,-0.5893627,-0.5614035,7.73,-2.27,-601.01,-0.0008103,-0.2149106,-0.0018233,-48.36,60.82,169.72,30.93,0.04,0.08,0.0643627,0.0,0.0,242.27,0.83,-0.13,,"5,610,170.",.,"478,117.25",,,196.2768877,-1208.1743876,-750.4924579,1864.8816866,272.98,44.44,42.56,42.56,16.66,,"1,028.06",125.01,-.04,-87.42,-99.2,-38.69,-820.47,,,,"27,704,235,000."
N052487,A052190,세영디앤씨,(주)세영디앤씨,110111-1093882,114-81-61794,1994-10-28,2001-06-21,2022-05-27,외감,12.0,중소기업,,세영디앤씨,N20200.상업 및 전문서비스,"R00000.예술, 스포츠 및 여가관련 서비스업(90~91)","R90000.창작, 예술 및 여가관련 서비스업",코스닥,감사의견 거절(감사범위 제한 및 계속기업 존속능력에 대한 불확실성),감사의견거절,2017,-0.1831909,-9.3286834,-1.9623264,-18.32,7.9166093,-0.68,32.53,-2.62,-199.67,-0.0090406,-0.6876786,-0.0207309,-157.69,11.97,261.86,20.95,0.34,0.79,0.6107432,0.0,7.989061,,3.69,-2.39,,"11,303,560.",.,"1,541,234.34",,,1227.310126,-2447.7940869,-308.2442203,1114.6632642,96.62,42.63,99.73,99.73,23.1,.,"3,134.29",134.58,-.22,-295.02,-357.57,-113.62,-328.62,,,,"36,536,269,000."
N052487,A052190,세영디앤씨,(주)세영디앤씨,110111-1093882,114-81-61794,1994-10-28,2001-06-21,2022-05-27,외감,12.0,중소기업,,세영디앤씨,N20200.상업 및 전문서비스,"R00000.예술, 스포츠 및 여가관련 서비스업(90~91)","R90000.창작, 예술 및 여가관련 서비스업",코스닥,감사의견 거절(감사범위 제한 및 계속기업 존속능력에 대한 불확실성),감사의견거절,2018,1.6899445,-26.5975192,0.3205148,168.99,-0.4835568,2.5625,-1.1,-140.27,-262.71,-0.1530601,-0.2866568,-0.3448714,-64.59,31.6,332.93,27.72,.11,0.25,0.1961869,0.0,40.6746567,118.84,1.07,-1.01,,"50,262,140.","17,249,020.","692,234.08",,,296.1541558,-786.807015,-421.1507706,1292.0085289,158.4,45.07,70.74,70.49,20.98,,"2,818.",121.88,-4.44,-65.7,-95.,-24.21,-314.97,,,,"31,112,426,000."
N052487,A052190,세영디앤씨,(주)세영디앤씨,110111-1093882,114-81-61794,1994-10-28,2001-06-21,2022-05-27,외감,12.0,중소기업,,세영디앤씨,N20200.상업 및 전문서비스,"R00000.예술, 스포츠 및 여가관련 서비스업(90~91)","R90000.창작, 예술 및 여가관련 서비스업",코스닥,감사의견 거절(감사범위 제한 및 계속기업 존속능력에 대한 불확실성),감사의견거절,2019,-0.0249194,-0.0841161,-0.6033473,-2.49,-0.5574704,0.4035088,-82.97,-343.64,-951.83,-0.1569806,-0.4348084,-0.2596717,-71.92,148.15,470.79,32.62,.05,0.08,0.1155125,0.0,35.667492,48.3,0.63,2.06,,"71,011,110.","15,393,190.","596,443.6",,,84.2308229,-775.6030222,-144.3670008,766.3856883,53.28,93.01,700.54,700.17,22.52,.06,128.14,7.51,-2.32,-968.86,"-2,822.22",-60.73,-845.87,,,,"79,158,930,000."
N052487,A052190,세영디앤씨,(주)세영디앤씨,110111-1093882,114-81-61794,1994-10-28,2001-06-21,2022-05-27,외감,12.0,중소기업,,세영디앤씨,N20200.상업 및 전문서비스,"R00000.예술, 스포츠 및 여가관련 서비스업(90~91)","R90000.창작, 예술 및 여가관련 서비스업",코스닥,감사의견 거절(감사범위 제한 및 계속기업 존속능력에 대한 불확실성),감사의견거절,2020,-0.2313771,0.4855662,0.6537003,-23.14,-0.6664284,,-105.59,-529.97,-988.15,-0.1385247,-0.2582867,-0.1529901,-28.53,16.74,462.03,14.12,.03,0.03,0.2764479,0.0,14.2946111,110.58,0.13,.06,,,,,,,19.3897105,-188.0975581,-105.4103261,594.1472583,18.83,87.53,503.09,502.9,6.34,.05,"38,987.4",14.25,-31.65,,,,,,,,"37,402,436,000."
N052487,A052190,세영디앤씨,(주)세영디앤씨,110111-1093882,114-81-61794,1994-10-28,2001-06-21,2022-05-27,외감,12.0,중소기업,,세영디앤씨,N20200.상업 및 전문서비스,"R00000.예술, 스포츠 및 여가관련 서비스업(90~91)","R90000.창작, 예술 및 여가관련 서비스업",코스닥,감사의견 거절(감사범위 제한 및 계속기업 존속능력에 대한 불확실성),감사의견거절,2021,-0.9067647,0.8175236,-2.0368796,-90.68,-0.564536,,20.03,-222.08,"-6,891.26",-0.0481124,-1.4929745,-0.0587595,-182.34,10.47,"6,377.31",7.96,.02,0.03,0.1195636,0.0,34.2680592,109.62,0.03,.05,,.,.,"733,231.",,,42.8393115,-2948.0614761,-175.2884054,564.2554296,15.38,48.4,100.49,100.49,59.69,.,"8,107.69",106.63,-21.21,,,,,,,,"30,549,638,000."
N052487,A052190,세영디앤씨,(주)세영디앤씨,110111-1093882,114-81-61794,1994-10-28,2001-06-21,2022-05-27,외감,12.0,중소기업,,세영디앤씨,N20200.상업 및 전문서비스,"R00000.예술, 스포츠 및 여가관련 서비스업(90~91)","R90000.창작, 예술 및 여가관련 서비스업",코스닥,감사의견 거절(감사범위 제한 및 계속기업 존속능력에 대한 불확실성),감사의견거절,2022,,,,,,,20.0,-629.09,-472.09,,,,-24.39,.75,172.22,-17.41,.03,,,0.0,29.13706,,,-.67,,.,.,,,,,,,,-24.15,52.73,,,8.41,,.,,,-29.5,-496.29,-15.53,-432.37,,,,"5,151,321,000."
N052487,A052190,세영디앤씨,(주)세영디앤씨,110111-1093882,114-81-61794,1994-10-28,2001-06-21,2022-05-27,외감,12.0,중소기업,,세영디앤씨,N20200.상업 및 전문서비스,"R00000.예술, 스포츠 및 여가관련 서비스업(90~91)","R90000.창작, 예술 및 여가관련 서비스업",코스닥,감사의견 거절(감사범위 제한 및 계속기업 존속능력에 대한 불확실성),감사의견거절,2023,,,,,,,16.67,-81.54,-90.25,,,,-15.87,2.54,127.87,-25.06,.09,,,0.0,13.6612217,,,-.68,,.,.,,,,,,,,-30.83,54.02,,,24.92,,.,,,20.46,,8.76,90.19,,,,"3,698,099,000."
N052487,A052190,세영디앤씨,(주)세영디앤씨,110111-1093882,114-81-61794,1994-10-28,2001-06-21,2022-05-27,외감,12.0,중소기업,,세영디앤씨,N20200.상업 및 전문서비스,"R00000.예술, 스포츠 및 여가관련 서비스업(90~91)","R90000.창작, 예술 및 여가관련 서비스업",코스닥,감사의견 거절(감사범위 제한 및 계속기업 존속능력에 대한 불확실성),감사의견거절,2024,,,,,,,,,,,,,-11.98,,846.3,-33.16,.,,,0.0,50.6335518,,,.,,,,,,,,,,,-38.35,50.98,,,2.02,,.,,,-13.37,,-6.08,,,,,"3,280,355,000."
N719901,A052270,우전,(주)우전,110111-1459969,220-81-47665,1997-09-05,2001-06-05,2017-04-13,외감,12.0,중견기업,,크레신,N25201.가정용 내구재,C00000.제조업(10~34),"C26000.전자 부품, 컴퓨터, 영상, 음향 및 통신장비 제조업",코스닥,자본전액잠식 등,자본잠식,2014,-0.5804473,-2.769715,-16.4362653,-58.04,-0.4202587,-0.0804829,5.19,-12.6,-34.96,-0.0974481,-0.2703883,-0.2852636,-79.15,2.06,124.13,33.27,.77,2.26,1.1748481,0.0,541.3743934,6.16,6.65,-5.99,,"63,668,570.","23,436,510.","603,210.52",,,9958.6066033,-3279.8531078,,3173.1193888,763.83,22.78,56.7,39.35,14.82,,157.16,338.97,-6.1,-53.48,-64.74,-36.99,-73.13,,,,"422,659,866,000."
N719901,A052270,우전,(주)우전,110111-1459969,220-81-47665,1997-09-05,2001-06-05,2017-04-13,외감,12.0,중견기업,,크레신,N25201.가정용 내구재,C00000.제조업(10~34),"C26000.전자 부품, 컴퓨터, 영상, 음향 및 통신장비 제조업",코스닥,자본전액잠식 등,자본잠식,2015,-0.7443663,-0.3162402,0.3833818,-74.44,-0.3447572,-0.6345733,-4.0,-25.31,-32.9,-0.1653813,-0.2149722,-1.0117741,-131.52,9.18,127.14,22.01,0.65,4.0,0.7811937,0.0,576.2864667,6.51,5.23,-3.4,,"139,937,260.","48,289,340.","1,218,731.27",,,6525.304967,-2180.8515386,,734.4514622,379.,7.77,86.89,64.37,19.29,2.51,134.36,"1,187.79",-2.76,-38.53,-43.85,-33.83,-64.87,,,,"336,427,055,000."
N719901,A052270,우전,(주)우전,110111-1459969,220-81-47665,1997-09-05,2001-06-05,2017-04-13,외감,12.0,중견기업,,크레신,N25201.가정용 내구재,C00000.제조업(10~34),"C26000.전자 부품, 컴퓨터, 영상, 음향 및 통신장비 제조업",코스닥,자본전액잠식 등,자본잠식,2016,-5.9248325,0.2233074,-1.2778361,,-0.3991805,-0.4491018,-9.25,-32.71,-124.71,-0.2039268,-0.777398,0.9834595,,5.09,216.95,-87.64,0.62,,0.5162908,0.0,554.1477417,9.2,4.89,-1.3,,"164,404,040.","42,291,910.","1,489,072.61",,,3920.5307597,-5016.3737602,,-3566.4866852,-709.03,,20.08,16.59,7.96,,55.84,,-6.43,-67.53,-107.84,-109.95,-170.53,,,,"252,299,360,000."
N719901,A052270,우전,(주)우전,110111-1459969,220-81-47665,1997-09-05,2001-06-05,2017-04-13,외감,12.0,중견기업,,크레신,N25201.가정용 내구재,C00000.제조업(10~34),"C26000.전자 부품, 컴퓨터, 영상, 음향 및 통신장비 제조업",코스닥,자본전액잠식 등,자본잠식,2017,,,,,,,13.87,1.23,11.73,,,,,3.88,90.78,-78.34,0.77,,,0.0,245.5847803,,,-0.59,,"136,321,060.","16,952,290.",,,,,,,,-615.54,,,,6.99,,72.29,,,-8.59,-13.41,-14.61,-36.66,,,,"118,530,596,000."
N719901,A052270,우전,(주)우전,110111-1459969,220-81-47665,1997-09-05,2001-06-05,2017-04-13,외감,12.0,중견기업,,크레신,N25201.가정용 내구재,C00000.제조업(10~34),"C26000.전자 부품, 컴퓨터, 영상, 음향 및 통신장비 제조업",코스닥,자본전액잠식 등,자본잠식,2018,,,,,,,11.53,-.44,16.57,,,,,4.29,87.72,-99.13,.85,,,0.0,290.9599418,,,-.65,,"138,696,050.","10,800,710.",,,,,,,,-600.79,,,,6.35,,105.04,,,-28.47,-49.53,-86.78,-129.07,,,,"115,118,836,000."
N719901,A052270,우전,(주)우전,110111-1459969,220-81-47665,1997-09-05,2001-06-05,2017-04-13,외감,12.0,중견기업,,크레신,N25201.가정용 내구재,C00000.제조업(10~34),"C26000.전자 부품, 컴퓨터, 영상, 음향 및 통신장비 제조업",코스닥,자본전액잠식 등,자본잠식,2019,,,,,,,17.17,4.5,.45,,,,,3.51,99.6,-104.44,.87,,,0.0,352.3795492,,,-.59,,"154,181,460.","5,226,620.",,12.18,45.52,,,,,-587.38,,,,5.05,,97.58,,,-0.35,-.57,-1.09,-1.08,"1,342.92",12.47,,"88,798,751,000."
N719901,A052270,우전,(주)우전,110111-1459969,220-81-47665,1997-09-05,2001-06-05,2017-04-13,외감,12.0,중견기업,,크레신,N25201.가정용 내구재,C00000.제조업(10~34),"C26000.전자 부품, 컴퓨터, 영상, 음향 및 통신장비 제조업",코스닥,자본전액잠식 등,자본잠식,2020,,,,,,,16.18,8.54,8.96,,,,,1.57,91.72,-66.49,1.33,,,0.0,212.3601584,,,-1.,,"254,828,990.","3,513,720.",,30.55,105.22,,,,,"-41,195.48",,,,6.53,,116.11,,,2.88,4.95,7.58,5.,"7,630.97",19.01,,"82,399,797,000."
N719901,A052270,우전,(주)우전,110111-1459969,220-81-47665,1997-09-05,2001-06-05,2017-04-13,외감,12.0,중견기업,,크레신,N25201.가정용 내구재,C00000.제조업(10~34),"C26000.전자 부품, 컴퓨터, 영상, 음향 및 통신장비 제조업",코스닥,자본전액잠식 등,자본잠식,2021,,,,,,,17.36,9.89,76.98,,,,,1.09,57.31,44.73,1.34,,,0.0,228.109636,,,-3.46,,"334,282,850.","1,311,850.",,155.94,567.82,,,,,442.6,51.28,,,23.12,57.67,147.51,,,228.73,555.44,126.21,89.56,"144,691.18",91.82,,"89,002,259,000."
N719901,A052270,우전,(주)우전,110111-1459969,220-81-47665,1997-09-05,2001-06-05,2017-04-13,외감,12.0,중견기업,,크레신,N25201.가정용 내구재,C00000.제조업(10~34),"C26000.전자 부품, 컴퓨터, 영상, 음향 및 통신장비 제조업",코스닥,자본전액잠식 등,자본잠식,2022,,,,,,,10.19,-4.93,-1.98,,,,-2.71,1.26,101.85,50.25,.75,,,0.0,475.1226204,,,6.48,,"346,424,780.","23,013,980.",,,,,,,,415.15,59.46,,,28.36,307.17,147.12,,,8.41,16.34,3.79,4.42,,,,"122,260,892,000."
N719901,A052270,우전,(주)우전,110111-1459969,220-81-47665,1997-09-05,2001-06-05,2017-04-13,외감,12.0,중견기업,,크레신,N25201.가정용 내구재,C00000.제조업(10~34),"C26000.전자 부품, 컴퓨터, 영상, 음향 및 통신장비 제조업",코스닥,자본전액잠식 등,자본잠식,2023,,,,,,,1.05,-28.03,-40.61,,,,-32.79,2.51,129.12,46.75,.45,,,0.0,379.0726423,,,-31.63,,"359,490,110.","45,994,280.",,,,,,,,287.58,50.31,,,23.98,,180.03,,,-6.51,-13.29,-3.21,-11.,,,,"102,067,971,000."
N719901,A052270,우전,(주)우전,110111-1459969,220-81-47665,1997-09-05,2001-06-05,2017-04-13,외감,12.0,중견기업,,크레신,N25201.가정용 내구재,C00000.제조업(10~34),"C26000.전자 부품, 컴퓨터, 영상, 음향 및 통신장비 제조업",코스닥,자본전액잠식 등,자본잠식,2024,,,,,,,17.69,3.73,2.81,,,,5.08,2.01,95.83,41.45,.85,,,0.0,129.4523608,,,-11.43,,"342,467,400.","47,963,310.",,,,,,,,313.48,44.34,,,11.91,,205.75,,,-1.2,-2.65,-.64,-1.34,,,,"75,997,247,000."
N048563,A052290,트레이스,(주)트레이스,110111-1120982,220-81-18442,1995-01-19,2001-05-31,2018-10-11,일반,12.0,중소기업,,,N45301.반도체 및 반도체장비,C00000.제조업(10~34),"C26000.전자 부품, 컴퓨터, 영상, 음향 및 통신장비 제조업",코스닥,감사의견거절(감사범위 제한),감사의견거절,2014,0.0054093,-2.2558332,-0.5189413,0.54,-0.4251133,-0.3490566,-25.41,-49.65,-60.83,-0.2058314,-0.2521726,-0.606904,-74.35,12.26,149.5,15.13,.41,1.22,0.6273539,,,1.96,4.86,-5.03,,,,"1,087,094.21",,,1341.8273436,-821.6593788,-120.6499728,910.4749463,81.81,33.58,79.67,48.15,5.4,,74.62,197.79,-4.05,,,,,,,,
N048563,A052290,트레이스,(주)트레이스,110111-1120982,220-81-18442,1995-01-19,2001-05-31,2018-10-11,일반,12.0,중소기업,,,N45301.반도체 및 반도체장비,C00000.제조업(10~34),"C26000.전자 부품, 컴퓨터, 영상, 음향 및 통신장비 제조업",코스닥,감사의견거절(감사범위 제한),감사의견거절,2015,0.2084648,0.4441658,0.2877975,20.85,0.1181675,-0.2028986,-8.5,-24.68,-38.74,-0.1208316,-0.1896815,-0.3046737,-47.83,5.06,136.4,18.44,0.49,1.23,0.8114021,,,3.07,5.38,-5.38,,,,"1,255,266.75",,,1026.1384224,-399.369535,-218.2301693,825.2313876,65.23,46.65,83.08,48.07,5.48,,38.16,114.38,-4.88,,,,,,,,
N048563,A052290,트레이스,(주)트레이스,110111-1120982,220-81-18442,1995-01-19,2001-05-31,2018-10-11,일반,12.0,중소기업,,,N45301.반도체 및 반도체장비,C00000.제조업(10~34),"C26000.전자 부품, 컴퓨터, 영상, 음향 및 통신장비 제조업",코스닥,감사의견거절(감사범위 제한),감사의견거절,2016,0.212532,0.8897709,0.5189989,21.25,-0.5837441,-0.5818182,,,,-0.014504,-0.099353,-0.0277395,,,,,,0.42,0.4651293,,,1.92,1.72,,,,,"2,807,432.96",,,356.4907853,-160.2039472,-270.7214456,851.9886753,,,109.38,92.13,,,,72.18,-.72,,,,,,,,
N048563,A052290,트레이스,(주)트레이스,110111-1120982,220-81-18442,1995-01-19,2001-05-31,2018-10-11,일반,12.0,중소기업,,,N45301.반도체 및 반도체장비,C00000.제조업(10~34),"C26000.전자 부품, 컴퓨터, 영상, 음향 및 통신장비 제조업",코스닥,감사의견거절(감사범위 제한),감사의견거절,2017,-0.5564474,-13.8626282,-4.540642,-55.64,-0.7627743,-0.4347826,,,,-0.2810931,-0.7178092,-0.5211438,,,,,,0.13,0.1490393,,,1.13,0.31,,,,,"4,069,137.85",,,72.7773031,-763.4618044,-88.6446835,313.8985423,,,55.82,47.94,,,,115.2,-9.14,,,,,,,,
N048563,A052290,트레이스,(주)트레이스,110111-1120982,220-81-18442,1995-01-19,2001-05-31,2018-10-11,일반,12.0,중소기업,,,N45301.반도체 및 반도체장비,C00000.제조업(10~34),"C26000.전자 부품, 컴퓨터, 영상, 음향 및 통신장비 제조업",코스닥,감사의견거절(감사범위 제한),감사의견거절,2018,,,,,,,,,,,,,,,,,,,,,,,,,,,,,,,,,,,,,,,,,,,,,,,,,,,
N048563,A052290,트레이스,(주)트레이스,110111-1120982,220-81-18442,1995-01-19,2001-05-31,2018-10-11,일반,12.0,중소기업,,,N45301.반도체 및 반도체장비,C00000.제조업(10~34),"C26000.전자 부품, 컴퓨터, 영상, 음향 및 통신장비 제조업",코스닥,감사의견거절(감사범위 제한),감사의견거절,2019,,,,,,,,,,,,,,,,,,,,,,,,,,,,,,,,,,,,,,,,,,,,,,,,,,,
N048563,A052290,트레이스,(주)트레이스,110111-1120982,220-81-18442,1995-01-19,2001-05-31,2018-10-11,일반,12.0,중소기업,,,N45301.반도체 및 반도체장비,C00000.제조업(10~34),"C26000.전자 부품, 컴퓨터, 영상, 음향 및 통신장비 제조업",코스닥,감사의견거절(감사범위 제한),감사의견거절,2020,,,,,,,,,,,,,,,,,,,,,,,,,,,,,,,,,,,,,,,,,,,,,,,,,,,
N048563,A052290,트레이스,(주)트레이스,110111-1120982,220-81-18442,1995-01-19,2001-05-31,2018-10-11,일반,12.0,중소기업,,,N45301.반도체 및 반도체장비,C00000.제조업(10~34),"C26000.전자 부품, 컴퓨터, 영상, 음향 및 통신장비 제조업",코스닥,감사의견거절(감사범위 제한),감사의견거절,2021,,,,,,,,,,,,,,,,,,,,,,,,,,,,,,,,,,,,,,,,,,,,,,,,,,,
N048563,A052290,트레이스,(주)트레이스,110111-1120982,220-81-18442,1995-01-19,2001-05-31,2018-10-11,일반,12.0,중소기업,,,N45301.반도체 및 반도체장비,C00000.제조업(10~34),"C26000.전자 부품, 컴퓨터, 영상, 음향 및 통신장비 제조업",코스닥,감사의견거절(감사범위 제한),감사의견거절,2022,,,,,,,,,,,,,,,,,,,,,,,,,,,,,,,,,,,,,,,,,,,,,,,,,,,
N048563,A052290,트레이스,(주)트레이스,110111-1120982,220-81-18442,1995-01-19,2001-05-31,2018-10-11,일반,12.0,중소기업,,,N45301.반도체 및 반도체장비,C00000.제조업(10~34),"C26000.전자 부품, 컴퓨터, 영상, 음향 및 통신장비 제조업",코스닥,감사의견거절(감사범위 제한),감사의견거절,2023,,,,,,,,,,,,,,,,,,,,,,,,,,,,,,,,,,,,,,,,,,,,,,,,,,,
N048563,A052290,트레이스,(주)트레이스,110111-1120982,220-81-18442,1995-01-19,2001-05-31,2018-10-11,일반,12.0,중소기업,,,N45301.반도체 및 반도체장비,C00000.제조업(10~34),"C26000.전자 부품, 컴퓨터, 영상, 음향 및 통신장비 제조업",코스닥,감사의견거절(감사범위 제한),감사의견거절,2024,,,,,,,,,,,,,,,,,,,,,,,,,,,,,,,,,,,,,,,,,,,,,,,,,,,
N670006,A052670,제일바이오,(주)제일바이오,135011-0030490,134-81-01956,1989-02-21,2002-01-24,2026-02-23,외감,12.0,중소기업,,,N35202.제약,C00000.제조업(10~34),C21000.의료용 물질 및 의약품 제조업,코스닥,기업의 계속성 및 경영의 투명성 등을 종합적으로 고려하여 상장폐지기준에 해당한다고 결정,기업의계속성_경영의투명성종합판단,2014,0.0526621,3.0397568,1.6632367,5.27,0.0304618,0.34,11.52,2.57,2.42,0.0430832,0.040559,0.0604955,5.7,.16,97.13,52.24,1.68,2.36,5.8283868,2.650676229,4.704656885,6.6,5.8,4.07,,"82,977,460.","7,241,030.","351,733.04",,,,99.5642708,,1793.0952083,258.62,72.44,262.72,148.02,19.97,70.49,183.07,38.04,16.29,17.19,58.9,4.74,2.85,,,,"23,761,675,000."
N670006,A052670,제일바이오,(주)제일바이오,135011-0030490,134-81-01956,1989-02-21,2002-01-24,2026-02-23,외감,12.0,중소기업,,,N35202.제약,C00000.제조업(10~34),C21000.의료용 물질 및 의약품 제조업,코스닥,기업의 계속성 및 경영의 투명성 등을 종합적으로 고려하여 상장폐지기준에 해당한다고 결정,기업의계속성_경영의투명성종합판단,2015,0.9371655,0.0236964,-0.1088838,93.72,-0.1151989,0.2238806,17.46,2.97,2.43,0.0329454,0.0269983,0.0411144,3.37,.15,96.93,65.71,1.11,1.38,5.5804014,1.116163832,1.447479811,5.11,5.2,1.99,,"72,850,100.","5,111,240.","384,732.37",,,,75.4652297,,2223.0542,344.61,84.78,581.96,448.76,29.03,27.64,275.11,17.96,19.27,20.34,44.24,3.1,3.48,,,,"39,334,434,000."
N670006,A052670,제일바이오,(주)제일바이오,135011-0030490,134-81-01956,1989-02-21,2002-01-24,2026-02-23,외감,12.0,중소기업,,,N35202.제약,C00000.제조업(10~34),C21000.의료용 물질 및 의약품 제조업,코스닥,기업의 계속성 및 경영의 투명성 등을 종합적으로 고려하여 상장폐지기준에 해당한다고 결정,기업의계속성_경영의투명성종합판단,2016,0.0265022,-0.2063735,0.190515,2.65,0.0241334,-0.2560976,18.5,2.3,2.83,0.0212773,0.0261563,0.0244132,3.0,.08,96.54,69.97,.92,1.06,7.1938417,1.143837637,1.43247231,5.31,5.65,1.34,,"105,093,140.","6,066,700.","635,532.18",,,,67.6009333,,2281.9700667,356.39,89.61,828.34,661.43,60.57,22.92,310.05,11.6,28.88,32.03,118.27,3.33,3.55,,,,"38,200,492,000."
N670006,A052670,제일바이오,(주)제일바이오,135011-0030490,134-81-01956,1989-02-21,2002-01-24,2026-02-23,외감,12.0,중소기업,,,N35202.제약,C00000.제조업(10~34),C21000.의료용 물질 및 의약품 제조업,코스닥,기업의 계속성 및 경영의 투명성 등을 종합적으로 고려하여 상장폐지기준에 해당한다고 결정,기업의계속성_경영의투명성종합판단,2017,-0.111568,0.3450173,-0.2216981,-11.16,-0.2187713,0.0,22.44,3.96,2.82,0.0312167,0.0222058,0.0343272,2.44,.05,96.63,83.34,.79,0.87,8.6900732,1.286105102,1.659816888,4.99,5.4,1.19,,"102,277,900.","5,469,010.","582,632.92",,,,52.6139333,,2188.6809169,365.39,92.49,902.54,699.33,103.,25.32,321.51,8.12,76.81,44.57,205.49,3.35,3.93,,,,"32,880,724,000."
N670006,A052670,제일바이오,(주)제일바이오,135011-0030490,134-81-01956,1989-02-21,2002-01-24,2026-02-23,외감,12.0,중소기업,,,N35202.제약,C00000.제조업(10~34),C21000.의료용 물질 및 의약품 제조업,코스닥,기업의 계속성 및 경영의 투명성 등을 종합적으로 고려하여 상장폐지기준에 해당한다고 결정,기업의계속성_경영의투명성종합판단,2018,-0.0239287,0.2646975,0.3180222,-2.39,-0.0063246,-0.0983607,20.67,5.05,3.74,0.0430329,0.0319019,0.0466982,3.46,.03,95.37,88.65,.85,0.93,10.866341,1.212146263,1.683020782,4.91,7.51,1.4,,"102,519,570.","5,520,080.","592,836.75",,,,69.3463333,,2215.2995911,382.14,91.81,886.04,638.14,47.57,31.54,264.78,8.92,152.88,52.37,,4.29,4.99,,,,"32,331,319,000."
N670006,A052670,제일바이오,(주)제일바이오,135011-0030490,134-81-01956,1989-02-21,2002-01-24,2026-02-23,외감,12.0,중소기업,,,N35202.제약,C00000.제조업(10~34),C21000.의료용 물질 및 의약품 제조업,코스닥,기업의 계속성 및 경영의 투명성 등을 종합적으로 고려하여 상장폐지기준에 해당한다고 결정,기업의계속성_경영의투명성종합판단,2019,0.0651847,-0.6293301,0.9639991,6.52,-0.173449,-0.0727273,21.22,2.26,8.89,0.0155301,0.061002,0.0169687,6.67,.01,90.14,88.3,.69,0.75,8.0954667,0.818039784,1.101933263,3.37,6.75,1.01,,"106,499,190.","5,239,690.","656,661.69",17.54,108.17,,136.1961333,,2107.8543333,407.94,91.25,981.16,728.38,193.75,28.69,191.41,9.58,440.39,79.96,"2,224.39",6.99,10.54,"2,198.67",25.56,51.39,"34,648,173,000."
N670006,A052670,제일바이오,(주)제일바이오,135011-0030490,134-81-01956,1989-02-21,2002-01-24,2026-02-23,외감,12.0,중소기업,,,N35202.제약,C00000.제조업(10~34),C21000.의료용 물질 및 의약품 제조업,코스닥,기업의 계속성 및 경영의 투명성 등을 종합적으로 고려하여 상장폐지기준에 해당한다고 결정,기업의계속성_경영의투명성종합판단,2020,0.2080509,-1.9375598,-0.5135271,20.81,-0.1734482,-0.0392157,19.93,-2.57,5.23,-0.0126202,0.0257215,-0.0139693,2.85,.02,94.58,80.28,.49,0.54,5.0915232,0.51981462,0.609325106,3.01,5.18,.66,,"104,847,830.","4,144,780.","788,538.62",11.32,85.15,,66.2557333,,2546.3953333,456.27,89.6,833.35,710.93,320.11,16.69,376.76,11.61,-128.32,30.47,"2,816.26",3.17,7.11,"2,153.96",23.03,67.52,"42,628,612,000."
N670006,A052670,제일바이오,(주)제일바이오,135011-0030490,134-81-01956,1989-02-21,2002-01-24,2026-02-23,외감,12.0,중소기업,,,N35202.제약,C00000.제조업(10~34),C21000.의료용 물질 및 의약품 제조업,코스닥,기업의 계속성 및 경영의 투명성 등을 종합적으로 고려하여 상장폐지기준에 해당한다고 결정,기업의계속성_경영의투명성종합판단,2021,-0.0226539,-2.5405159,-1.7168084,-2.27,-0.1098335,0.0816327,13.15,-10.21,-4.21,-0.0422174,-0.0174204,-0.0457173,-1.89,.02,99.35,67.14,.41,0.45,5.40211,0.507906244,0.600897916,3.21,4.83,.53,,"90,851,550.","2,630,260.","771,584.64",8.66,73.52,,-27.8206972,,1321.0585995,180.51,95.33,"2,038.53","1,723.06",376.46,16.27,423.42,4.9,-420.77,-23.08,"-6,808.79",-1.08,-2.5,"2,539.41",20.93,88.91,"39,159,360,000."
N670006,A052670,제일바이오,(주)제일바이오,135011-0030490,134-81-01956,1989-02-21,2002-01-24,2026-02-23,외감,12.0,중소기업,,,N35202.제약,C00000.제조업(10~34),C21000.의료용 물질 및 의약품 제조업,코스닥,기업의 계속성 및 경영의 투명성 등을 종합적으로 고려하여 상장폐지기준에 해당한다고 결정,기업의계속성_경영의투명성종합판단,2022,-0.1151844,0.1395585,-1.3973329,-11.52,-0.092464,-0.0188679,15.93,-9.68,-11.13,-0.040428,-0.0464789,-0.0422248,-4.85,.02,110.38,72.79,.42,0.44,9.816081,0.576823646,0.648596208,3.79,6.45,.54,,"87,660,010.","1,059,580.","706,621.32",4.17,33.62,,-58.6299649,,1222.8318228,171.58,96.22,"2,455.9","2,184.13","1,630.35",11.54,899.99,3.93,-401.38,-129.29,"-2,002.84",-4.89,-10.94,"2,781.37",9.98,209.48,"34,329,257,000."
N670006,A052670,제일바이오,(주)제일바이오,135011-0030490,134-81-01956,1989-02-21,2002-01-24,2026-02-23,외감,12.0,중소기업,,,N35202.제약,C00000.제조업(10~34),C21000.의료용 물질 및 의약품 제조업,코스닥,기업의 계속성 및 경영의 투명성 등을 종합적으로 고려하여 상장폐지기준에 해당한다고 결정,기업의계속성_경영의투명성종합판단,2023,-0.0592958,-0.3584192,0.1534486,-5.93,-0.2109502,-0.25,19.23,-16.66,-11.94,-0.0594976,-0.0426278,-0.0629591,-4.51,.17,111.29,68.74,.36,0.38,6.4946932,0.430340723,0.530876429,2.93,5.84,.47,,"116,730,600.","843,490.","869,645.36",3.78,28.19,,-49.6332804,,1150.3229937,158.13,92.74,"1,321.55","1,071.28",552.64,20.49,253.81,7.82,-98.28,-52.35,-643.82,-3.8,-10.51,"3,901.31",10.6,246.15,"33,503,081,000."
N670006,A052670,제일바이오,(주)제일바이오,135011-0030490,134-81-01956,1989-02-21,2002-01-24,2026-02-23,외감,12.0,중소기업,,,N35202.제약,C00000.제조업(10~34),C21000.의료용 물질 및 의약품 제조업,코스닥,기업의 계속성 및 경영의 투명성 등을 종합적으로 고려하여 상장폐지기준에 해당한다고 결정,기업의계속성_경영의투명성종합판단,2024,0.0076223,0.4738452,0.7118679,0.76,0.1483813,0.1025641,23.14,-7.63,-3.,-0.0308961,-0.012122,-0.0340405,-1.34,.12,102.76,62.47,.4,0.45,4.3812774,0.507874083,0.595570311,2.97,5.39,.56,,"126,482,450.","1,447,500.","799,184.87",,,459.29,-14.3009401,-25.7663116,1074.8369395,151.09,88.88,759.2,647.41,359.12,16.96,"1,265.69",12.51,-64.69,-6.16,-334.2,-.69,-1.74,,,,"35,226,818,000."
N126740,A053110,소리바다,(주)소리바다,171211-0017953,505-81-15915,1998-08-13,2001-10-09,2022-09-07,외감,12.0,중소기업,,소리바다,N15101.화학,J00000.정보통신업(58~63),J63000.정보서비스업,코스닥,감사의견 거절(감사범위 제한),감사의견거절,2014,-0.3073817,-0.8099088,-0.4881522,-30.74,0.1391761,0.2843137,100.0,-18.37,-24.19,-0.1935412,-0.2548386,-0.3197655,-42.1,.92,120.65,-5.71,1.05,1.74,2.6689038,0.0,152.3521173,"1,753.44",5.87,2.77,,"5,461,290.","1,911,240.","200,395.81",,,937.0445926,-231.3902387,-91.5215856,428.7163874,-8.35,59.32,195.38,195.38,100.56,.,74.12,68.56,-20.06,-91.92,-513.24,-34.45,-39.44,,,,"32,033,458,000."
N126740,A053110,소리바다,(주)소리바다,171211-0017953,505-81-15915,1998-08-13,2001-10-09,2022-09-07,외감,12.0,중소기업,,소리바다,N15101.화학,J00000.정보통신업(58~63),J63000.정보서비스업,코스닥,감사의견 거절(감사범위 제한),감사의견거절,2015,-0.311495,0.0243309,0.2611485,-31.15,-0.0143117,-0.0992366,100.0,-18.18,-18.13,-0.243101,-0.2424002,-0.4515406,-45.02,.2,116.83,-30.52,1.34,2.48,2.8960832,0.0,198.6213815,"5,089.23",5.75,4.32,,"4,952,940.","1,533,310.","158,440.52",,,903.5612892,-160.9047246,-117.3483517,277.5963181,-38.4,47.46,153.19,153.19,55.32,.,77.9,110.69,-92.96,-55.91,-398.1,-27.57,-25.01,,,,"22,958,305,000."
N126740,A053110,소리바다,(주)소리바다,171211-0017953,505-81-15915,1998-08-13,2001-10-09,2022-09-07,외감,12.0,중소기업,,소리바다,N15101.화학,J00000.정보통신업(58~63),J63000.정보서비스업,코스닥,감사의견 거절(감사범위 제한),감사의견거절,2016,1.1597607,0.8667424,-0.6693372,115.98,0.374657,-0.1016949,22.53,-1.76,-22.02,-0.020799,-0.2598004,-0.0467014,-58.33,1.6,121.76,1.79,1.18,2.65,2.1273586,0.0,97.5237932,"5,901.77",6.31,9.09,,"3,936,340.","978,440.","270,404.11",,,1139.8116875,-244.6907345,-176.2453905,498.014554,4.19,43.3,113.88,113.88,36.97,.,105.38,130.95,-1.1,-37.32,-79.4,-19.66,-29.21,,,,"19,757,338,000."
N126740,A053110,소리바다,(주)소리바다,171211-0017953,505-81-15915,1998-08-13,2001-10-09,2022-09-07,외감,12.0,중소기업,,소리바다,N15101.화학,J00000.정보통신업(58~63),J63000.정보서비스업,코스닥,감사의견 거절(감사범위 제한),감사의견거절,2017,0.691229,-4.7993953,0.3039067,69.12,0.3759695,-0.1509434,19.91,-7.43,-11.14,-0.0734461,-0.1101164,-0.1472349,-22.07,2.37,112.66,13.98,0.99,1.98,1.9725383,0.0,182.0354069,23.26,7.13,39.3,,"5,480,670.","2,246,890.","524,930.52",,,1217.5946752,-122.9632325,-122.6240527,647.1165883,32.76,54.81,96.96,79.78,20.69,,99.7,82.44,-3.14,-21.95,-35.91,-7.5,-15.29,,,,"46,773,691,000."
N126740,A053110,소리바다,(주)소리바다,171211-0017953,505-81-15915,1998-08-13,2001-10-09,2022-09-07,외감,12.0,중소기업,,소리바다,N15101.화학,J00000.정보통신업(58~63),J63000.정보서비스업,코스닥,감사의견 거절(감사범위 제한),감사의견거절,2018,-0.1930327,-0.4458925,-0.7435924,-19.3,-0.2644,-0.0444444,20.48,-14.6,-26.4,-0.0923605,-0.1669854,-0.1874755,-33.9,4.08,122.6,-1.54,.63,1.28,1.2465906,0.0,310.6602791,6.21,5.52,-8.48,,"9,610,920.","4,885,420.","669,104.78",,,711.2839681,-183.2261083,-168.5585649,466.3865717,-3.45,43.78,74.91,51.01,10.37,,116.59,128.43,-3.58,-18.09,-22.69,-8.25,-21.5,,,,"62,490,967,000."
N126740,A053110,소리바다,(주)소리바다,171211-0017953,505-81-15915,1998-08-13,2001-10-09,2022-09-07,외감,12.0,중소기업,,소리바다,N15101.화학,J00000.정보통신업(58~63),J63000.정보서비스업,코스닥,감사의견 거절(감사범위 제한),감사의견거절,2019,-0.1799141,-0.2856113,-0.2334552,-17.99,0.1533178,0.0,15.72,-16.28,-28.24,-0.1253772,-0.2174825,-0.2965219,-51.44,3.98,129.11,-16.72,.77,1.82,1.3344217,0.0,343.047286,9.07,8.39,-3.79,,"30,254,730.","6,567,980.","670,352.78",,,688.1294434,-209.2772192,-3.3156506,338.5555014,-29.32,40.59,46.42,39.71,2.68,,76.33,146.34,-4.09,-52.38,-72.43,-27.66,-62.38,,,,"63,140,399,000."
N126740,A053110,소리바다,(주)소리바다,171211-0017953,505-81-15915,1998-08-13,2001-10-09,2022-09-07,외감,12.0,중소기업,,소리바다,N15101.화학,J00000.정보통신업(58~63),J63000.정보서비스업,코스닥,감사의견 거절(감사범위 제한),감사의견거절,2020,-0.9070143,-0.2631409,-2.40107,-90.7,-0.5295575,-0.2209302,19.81,-43.71,-204.14,-0.2187098,-1.0214986,-0.760548,-355.22,10.04,295.46,-153.72,.5,1.74,0.7023625,0.0,332.8874755,12.46,6.54,-1.79,,"63,294,010.","7,259,100.","639,560.14",,,218.9527381,-466.8646137,-109.5855397,18.2589014,-94.32,6.95,64.33,58.,1.4,,31.47,"1,338.23",-4.35,-165.08,-254.33,-123.16,-284.51,,,,"55,840,053,000."
N126740,A053110,소리바다,(주)소리바다,171211-0017953,505-81-15915,1998-08-13,2001-10-09,2022-09-07,외감,12.0,중소기업,,소리바다,N15101.화학,J00000.정보통신업(58~63),J63000.정보서비스업,코스닥,감사의견 거절(감사범위 제한),감사의견거절,2021,-3.1967098,0.6051866,0.8056711,-54.68,-0.4895469,-0.5522388,34.53,-33.81,-77.72,-0.1398277,-0.3214461,2.9493609,-80.6,11.39,165.69,-25.14,.41,1.14,0.3948905,0.0,140.8853125,13.31,4.03,-1.28,,"133,887,050.","9,340,020.","992,323.77",,,213.9729216,-158.8064616,-4.1458129,-876.7739664,-233.,13.46,64.08,63.45,8.64,,32.71,642.84,-2.97,-15.77,-29.76,-13.65,-55.41,,,,"30,314,390,000."
N126740,A053110,소리바다,(주)소리바다,171211-0017953,505-81-15915,1998-08-13,2001-10-09,2022-09-07,외감,12.0,중소기업,,소리바다,N15101.화학,J00000.정보통신업(58~63),J63000.정보서비스업,코스닥,감사의견 거절(감사범위 제한),감사의견거절,2022,,,,,,,19.99,-56.84,-75.17,,,,,18.63,157.23,-53.21,.21,,,0.0,93.7698281,,,-.54,,"114,201,050.","8,600,240.",,,,,,,,-167.51,,,,8.67,,5.54,,,-59.8,-138.77,-86.24,-494.96,,,,"22,889,649,000."
N126740,A053110,소리바다,(주)소리바다,171211-0017953,505-81-15915,1998-08-13,2001-10-09,2022-09-07,외감,12.0,중소기업,,소리바다,N15101.화학,J00000.정보통신업(58~63),J63000.정보서비스업,코스닥,감사의견 거절(감사범위 제한),감사의견거절,2023,,,,,,,43.39,-80.45,-29.66,,,,,15.66,116.83,-56.09,.1,,,0.0,31.5854467,,,-.25,,"37,949,500.","5,552,040.",,,,,,,,-177.06,,,,7.32,,3.01,,,-.85,-2.08,-1.26,-11.22,,,,"14,072,614,000."
N126740,A053110,소리바다,(주)소리바다,171211-0017953,505-81-15915,1998-08-13,2001-10-09,2022-09-07,외감,12.0,중소기업,,소리바다,N15101.화학,J00000.정보통신업(58~63),J63000.정보서비스업,코스닥,감사의견 거절(감사범위 제한),감사의견거절,2024,,,,,,,,,,,,,,,,,,,,,,,,,,,,,,,,,,,,,,,,,,,,,,,,,,,"14,111,326,000."
N124736,A053320,테라리소스,(주)제네시스디벨롭먼트홀딩스,110111-1426215,106-81-68160,1997-06-13,2002-01-04,2014-02-07,일반,12.0,중소기업,,,N45103.소프트웨어,"M00000.전문, 과학 및 기술 서비스업(70~73)","M72000.건축 기술, 엔지니어링 및 기타 과학기술 서비스업",코스닥,기업의 계속성 및 경영의 투명성 등을 종합적으로 고려하여 상장폐지기준에 해당,기업의계속성_경영의투명성종합판단,2014,,,,,,,1.99,-16.25,-31.94,,,,-19.4,9.55,125.52,41.52,.34,,,,,,,-2.02,,,,,,,,,,,116.57,58.14,,,63.43,60.07,432.89,,,,,,,,,,
N124736,A053320,테라리소스,(주)제네시스디벨롭먼트홀딩스,110111-1426215,106-81-68160,1997-06-13,2002-01-04,2014-02-07,일반,12.0,중소기업,,,N45103.소프트웨어,"M00000.전문, 과학 및 기술 서비스업(70~73)","M72000.건축 기술, 엔지니어링 및 기타 과학기술 서비스업",코스닥,기업의 계속성 및 경영의 투명성 등을 종합적으로 고려하여 상장폐지기준에 해당,기업의계속성_경영의투명성종합판단,2015,,,,,,,3.9,-10.18,-17.71,,,,-8.39,12.87,116.78,37.58,0.27,,,,,,,-2.32,,,,,,,,,,,101.25,54.15,,,22.58,,368.47,,,,,,,,,,
N124736,A053320,테라리소스,(주)제네시스디벨롭먼트홀딩스,110111-1426215,106-81-68160,1997-06-13,2002-01-04,2014-02-07,일반,12.0,중소기업,,,N45103.소프트웨어,"M00000.전문, 과학 및 기술 서비스업(70~73)","M72000.건축 기술, 엔지니어링 및 기타 과학기술 서비스업",코스닥,기업의 계속성 및 경영의 투명성 등을 종합적으로 고려하여 상장폐지기준에 해당,기업의계속성_경영의투명성종합판단,2016,,,,,,,,,,,,,,,,,,,,,,,,,,,,,,,,,,,,,,,,,,,,,,,,,,,
N124736,A053320,테라리소스,(주)제네시스디벨롭먼트홀딩스,110111-1426215,106-81-68160,1997-06-13,2002-01-04,2014-02-07,일반,12.0,중소기업,,,N45103.소프트웨어,"M00000.전문, 과학 및 기술 서비스업(70~73)","M72000.건축 기술, 엔지니어링 및 기타 과학기술 서비스업",코스닥,기업의 계속성 및 경영의 투명성 등을 종합적으로 고려하여 상장폐지기준에 해당,기업의계속성_경영의투명성종합판단,2017,,,,,,,,,,,,,,,,,,,,,,,,,,,,,,,,,,,,,,,,,,,,,,,,,,,
N124736,A053320,테라리소스,(주)제네시스디벨롭먼트홀딩스,110111-1426215,106-81-68160,1997-06-13,2002-01-04,2014-02-07,일반,12.0,중소기업,,,N45103.소프트웨어,"M00000.전문, 과학 및 기술 서비스업(70~73)","M72000.건축 기술, 엔지니어링 및 기타 과학기술 서비스업",코스닥,기업의 계속성 및 경영의 투명성 등을 종합적으로 고려하여 상장폐지기준에 해당,기업의계속성_경영의투명성종합판단,2018,,,,,,,,,,,,,,,,,,,,,,,,,,,,,,,,,,,,,,,,,,,,,,,,,,,
N124736,A053320,테라리소스,(주)제네시스디벨롭먼트홀딩스,110111-1426215,106-81-68160,1997-06-13,2002-01-04,2014-02-07,일반,12.0,중소기업,,,N45103.소프트웨어,"M00000.전문, 과학 및 기술 서비스업(70~73)","M72000.건축 기술, 엔지니어링 및 기타 과학기술 서비스업",코스닥,기업의 계속성 및 경영의 투명성 등을 종합적으로 고려하여 상장폐지기준에 해당,기업의계속성_경영의투명성종합판단,2019,,,,,,,,,,,,,,,,,,,,,,,,,,,,,,,,,,,,,,,,,,,,,,,,,,,
N124736,A053320,테라리소스,(주)제네시스디벨롭먼트홀딩스,110111-1426215,106-81-68160,1997-06-13,2002-01-04,2014-02-07,일반,12.0,중소기업,,,N45103.소프트웨어,"M00000.전문, 과학 및 기술 서비스업(70~73)","M72000.건축 기술, 엔지니어링 및 기타 과학기술 서비스업",코스닥,기업의 계속성 및 경영의 투명성 등을 종합적으로 고려하여 상장폐지기준에 해당,기업의계속성_경영의투명성종합판단,2020,,,,,,,,,,,,,,,,,,,,,,,,,,,,,,,,,,,,,,,,,,,,,,,,,,,
N124736,A053320,테라리소스,(주)제네시스디벨롭먼트홀딩스,110111-1426215,106-81-68160,1997-06-13,2002-01-04,2014-02-07,일반,12.0,중소기업,,,N45103.소프트웨어,"M00000.전문, 과학 및 기술 서비스업(70~73)","M72000.건축 기술, 엔지니어링 및 기타 과학기술 서비스업",코스닥,기업의 계속성 및 경영의 투명성 등을 종합적으로 고려하여 상장폐지기준에 해당,기업의계속성_경영의투명성종합판단,2021,,,,,,,,,,,,,,,,,,,,,,,,,,,,,,,,,,,,,,,,,,,,,,,,,,,
N124736,A053320,테라리소스,(주)제네시스디벨롭먼트홀딩스,110111-1426215,106-81-68160,1997-06-13,2002-01-04,2014-02-07,일반,12.0,중소기업,,,N45103.소프트웨어,"M00000.전문, 과학 및 기술 서비스업(70~73)","M72000.건축 기술, 엔지니어링 및 기타 과학기술 서비스업",코스닥,기업의 계속성 및 경영의 투명성 등을 종합적으로 고려하여 상장폐지기준에 해당,기업의계속성_경영의투명성종합판단,2022,,,,,,,,,,,,,,,,,,,,,,,,,,,,,,,,,,,,,,,,,,,,,,,,,,,
N124736,A053320,테라리소스,(주)제네시스디벨롭먼트홀딩스,110111-1426215,106-81-68160,1997-06-13,2002-01-04,2014-02-07,일반,12.0,중소기업,,,N45103.소프트웨어,"M00000.전문, 과학 및 기술 서비스업(70~73)","M72000.건축 기술, 엔지니어링 및 기타 과학기술 서비스업",코스닥,기업의 계속성 및 경영의 투명성 등을 종합적으로 고려하여 상장폐지기준에 해당,기업의계속성_경영의투명성종합판단,2023,,,,,,,1.23,-39.16,-158.24,,,,-6.04,1.45,226.28,15.25,.04,,,,,,,5.55,,,,,,,,,,,18.63,97.1,,,1.23,,,,,-205.32,,-5.96,-158.99,,,,
N124736,A053320,테라리소스,(주)제네시스디벨롭먼트홀딩스,110111-1426215,106-81-68160,1997-06-13,2002-01-04,2014-02-07,일반,12.0,중소기업,,,N45103.소프트웨어,"M00000.전문, 과학 및 기술 서비스업(70~73)","M72000.건축 기술, 엔지니어링 및 기타 과학기술 서비스업",코스닥,기업의 계속성 및 경영의 투명성 등을 종합적으로 고려하여 상장폐지기준에 해당,기업의계속성_경영의투명성종합판단,2024,,,,,,,,,,,,,,,,,,,,,,,,,,,,,,,,,,,,,,,,,,,,,,,,,,,
N260835,A053330,영진코퍼레이션,(주)영진코퍼레이션,171511-0000382,515-81-06238,1986-12-16,2001-11-01,2015-04-23,폐업,12.0,중소기업,,,N20106.기계,C00000.제조업(10~34),C29000.기타 기계 및 장비 제조업,코스닥,자본전액잠식,자본잠식,2014,-1.3102819,0.3674081,-3.1702165,,-0.8217266,,-12.8,-37.82,-358.61,-0.077986,-0.7394789,-0.3843416,,12.49,414.96,-218.92,.21,,0.2586995,,,18.1,0.56,-3.61,,,,,,,336.2904023,-1263.2220518,-74.821826,-307.1805217,-161.4,,39.68,39.68,.25,,21.75,,-3.03,,,,,,,,
N260835,A053330,영진코퍼레이션,(주)영진코퍼레이션,171511-0000382,515-81-06238,1986-12-16,2001-11-01,2015-04-23,폐업,12.0,중소기업,,,N20106.기계,C00000.제조업(10~34),C29000.기타 기계 및 장비 제조업,코스닥,자본전액잠식,자본잠식,2015,,,,,,,,,,,,,,,,,,,,,,,,,,,,,,,,,,,,,,,,,,,,,,,,,,,
N260835,A053330,영진코퍼레이션,(주)영진코퍼레이션,171511-0000382,515-81-06238,1986-12-16,2001-11-01,2015-04-23,폐업,12.0,중소기업,,,N20106.기계,C00000.제조업(10~34),C29000.기타 기계 및 장비 제조업,코스닥,자본전액잠식,자본잠식,2016,,,,,,,,,,,,,,,,,,,,,,,,,,,,,,,,,,,,,,,,,,,,,,,,,,,
N260835,A053330,영진코퍼레이션,(주)영진코퍼레이션,171511-0000382,515-81-06238,1986-12-16,2001-11-01,2015-04-23,폐업,12.0,중소기업,,,N20106.기계,C00000.제조업(10~34),C29000.기타 기계 및 장비 제조업,코스닥,자본전액잠식,자본잠식,2017,,,,,,,,,,,,,,,,,,,,,,,,,,,,,,,,,,,,,,,,,,,,,,,,,,,
N260835,A053330,영진코퍼레이션,(주)영진코퍼레이션,171511-0000382,515-81-06238,1986-12-16,2001-11-01,2015-04-23,폐업,12.0,중소기업,,,N20106.기계,C00000.제조업(10~34),C29000.기타 기계 및 장비 제조업,코스닥,자본전액잠식,자본잠식,2018,,,,,,,,,,,,,,,,,,,,,,,,,,,,,,,,,,,,,,,,,,,,,,,,,,,
N260835,A053330,영진코퍼레이션,(주)영진코퍼레이션,171511-0000382,515-81-06238,1986-12-16,2001-11-01,2015-04-23,폐업,12.0,중소기업,,,N20106.기계,C00000.제조업(10~34),C29000.기타 기계 및 장비 제조업,코스닥,자본전액잠식,자본잠식,2019,,,,,,,,,,,,,,,,,,,,,,,,,,,,,,,,,,,,,,,,,,,,,,,,,,,
N260835,A053330,영진코퍼레이션,(주)영진코퍼레이션,171511-0000382,515-81-06238,1986-12-16,2001-11-01,2015-04-23,폐업,12.0,중소기업,,,N20106.기계,C00000.제조업(10~34),C29000.기타 기계 및 장비 제조업,코스닥,자본전액잠식,자본잠식,2020,,,,,,,,,,,,,,,,,,,,,,,,,,,,,,,,,,,,,,,,,,,,,,,,,,,
N260835,A053330,영진코퍼레이션,(주)영진코퍼레이션,171511-0000382,515-81-06238,1986-12-16,2001-11-01,2015-04-23,폐업,12.0,중소기업,,,N20106.기계,C00000.제조업(10~34),C29000.기타 기계 및 장비 제조업,코스닥,자본전액잠식,자본잠식,2021,,,,,,,,,,,,,,,,,,,,,,,,,,,,,,,,,,,,,,,,,,,,,,,,,,,
N260835,A053330,영진코퍼레이션,(주)영진코퍼레이션,171511-0000382,515-81-06238,1986-12-16,2001-11-01,2015-04-23,폐업,12.0,중소기업,,,N20106.기계,C00000.제조업(10~34),C29000.기타 기계 및 장비 제조업,코스닥,자본전액잠식,자본잠식,2022,,,,,,,,,,,,,,,,,,,,,,,,,,,,,,,,,,,,,,,,,,,,,,,,,,,
N260835,A053330,영진코퍼레이션,(주)영진코퍼레이션,171511-0000382,515-81-06238,1986-12-16,2001-11-01,2015-04-23,폐업,12.0,중소기업,,,N20106.기계,C00000.제조업(10~34),C29000.기타 기계 및 장비 제조업,코스닥,자본전액잠식,자본잠식,2023,,,,,,,,,,,,,,,,,,,,,,,,,,,,,,,,,,,,,,,,,,,,,,,,,,,
N260835,A053330,영진코퍼레이션,(주)영진코퍼레이션,171511-0000382,515-81-06238,1986-12-16,2001-11-01,2015-04-23,폐업,12.0,중소기업,,,N20106.기계,C00000.제조업(10~34),C29000.기타 기계 및 장비 제조업,코스닥,자본전액잠식,자본잠식,2024,,,,,,,,,,,,,,,,,,,,,,,,,,,,,,,,,,,,,,,,,,,,,,,,,,,
N124714,A053590,한국테크놀로지,(주)한국테크놀로지,135111-0045025,123-81-44182,1997-07-22,2001-08-23,2024-10-07,폐업,12.0,중소기업,,,N45201.통신장비,C00000.제조업(10~34),"C26000.전자 부품, 컴퓨터, 영상, 음향 및 통신장비 제조업",코스닥,해산사유 발생(파산선고),해산사유발생,2014,0.1608502,1.1627044,1.1075879,16.09,2.3617015,0.0,24.14,6.53,4.88,0.0387893,0.0289879,0.0586847,4.39,1.63,95.25,31.05,.59,0.9,1.7514113,,,8.64,13.27,1.98,,"21,987,720.",130.,"904,070.96",,,,39.7034096,,918.5801174,83.85,68.03,275.67,232.65,2.75,24.48,63.11,47.,4.,9.71,25.79,3.1,5.46,,,,
N124714,A053590,한국테크놀로지,(주)한국테크놀로지,135111-0045025,123-81-44182,1997-07-22,2001-08-23,2024-10-07,폐업,12.0,중소기업,,,N45201.통신장비,C00000.제조업(10~34),"C26000.전자 부품, 컴퓨터, 영상, 음향 및 통신장비 제조업",코스닥,해산사유 발생(파산선고),해산사유발생,2015,-0.4374336,-10.4472194,-25.1886423,-43.74,-0.655699,0.4615385,-89.77,-179.25,-342.98,-0.347715,-0.665328,-0.6604486,-126.37,12.91,418.79,-7.11,.19,0.37,0.4096637,,,2.99,4.51,1.6,,"35,625,320.",90.,"651,905.2",,,,-814.8796507,,429.1592488,-15.91,37.56,79.58,71.76,28.2,,152.09,166.27,-13.88,-104.53,-128.97,-65.27,-339.65,,,,
N124714,A053590,한국테크놀로지,(주)한국테크놀로지,135111-0045025,123-81-44182,1997-07-22,2001-08-23,2024-10-07,폐업,12.0,중소기업,,,N45201.통신장비,C00000.제조업(10~34),"C26000.전자 부품, 컴퓨터, 영상, 음향 및 통신장비 제조업",코스닥,해산사유 발생(파산선고),해산사유발생,2016,0.8331946,0.3048512,0.5757958,83.32,-0.3786987,0.3333333,,,,-0.234903,-0.2742825,-0.4500959,,,,,,0.22,0.2449795,,,4.28,2.9,,,,,"503,104.67",,,,-290.2448092,,647.8812037,,,188.07,183.11,,,,50.88,-7.07,,,,,,,,
N124714,A053590,한국테크놀로지,(주)한국테크놀로지,135111-0045025,123-81-44182,1997-07-22,2001-08-23,2024-10-07,폐업,12.0,중소기업,,,N45201.통신장비,C00000.제조업(10~34),"C26000.전자 부품, 컴퓨터, 영상, 음향 및 통신장비 제조업",코스닥,해산사유 발생(파산선고),해산사유발생,2017,0.1642004,0.4174562,-0.248536,16.42,1.1502422,-0.3157895,,,,-0.1004368,-0.2513477,-0.1872423,,,,,,0.34,0.3987241,,,15.69,7.01,,,,,"1,001,827.23",,,,-326.7584837,,649.9120106,,,126.96,124.8,,,,116.96,-4.04,,,,,,,,
N124714,A053590,한국테크놀로지,(주)한국테크놀로지,135111-0045025,123-81-44182,1997-07-22,2001-08-23,2024-10-07,폐업,12.0,중소기업,,,N45201.통신장비,C00000.제조업(10~34),"C26000.전자 부품, 컴퓨터, 영상, 음향 및 통신장비 제조업",코스닥,해산사유 발생(파산선고),해산사유발생,2018,-0.2897482,1.1235251,-1.8605606,-28.97,0.2001716,0.0,,,,0.0129278,-0.7492102,0.0251402,,,,,,0.45,0.4758886,,,22.8,4.46,,,,,"961,424.77",,,,-648.7018286,,318.8039289,,,114.29,112.09,,,,62.8,.27,,,,,,,,
N124714,A053590,한국테크놀로지,(주)한국테크놀로지,135111-0045025,123-81-44182,1997-07-22,2001-08-23,2024-10-07,폐업,12.0,중소기업,,,N45201.통신장비,C00000.제조업(10~34),"C26000.전자 부품, 컴퓨터, 영상, 음향 및 통신장비 제조업",코스닥,해산사유 발생(파산선고),해산사유발생,2019,-0.1220696,-12.1614476,0.611092,-12.21,-0.599236,-0.2884615,,,,-0.0252635,-0.103823,-0.1213048,,,,,,6.21,1.6337555,,,114.51,2.48,,,,,"1,336,714.88",,,3031.9218127,-170.7275691,-297.6956854,343.623821,,,74.07,72.45,,,,380.16,-.6,,,,,,,,
N124714,A053590,한국테크놀로지,(주)한국테크놀로지,135111-0045025,123-81-44182,1997-07-22,2001-08-23,2024-10-07,폐업,12.0,중소기업,,,N45201.통신장비,C00000.제조업(10~34),"C26000.전자 부품, 컴퓨터, 영상, 음향 및 통신장비 제조업",코스닥,해산사유 발생(파산선고),해산사유발생,2020,0.0131168,2.224601,0.3260795,1.31,0.4943422,0.027027,,,,0.0287639,-0.0650521,0.1475821,,,,,,9.22,2.2321661,,,40.77,3.04,,,,,"1,607,832.55",,,3468.2125396,-162.4884994,-187.7772147,291.194939,,,93.09,83.17,,,,445.58,0.93,,,,,,,,
N124714,A053590,한국테크놀로지,(주)한국테크놀로지,135111-0045025,123-81-44182,1997-07-22,2001-08-23,2024-10-07,폐업,12.0,중소기업,,,N45201.통신장비,C00000.제조업(10~34),"C26000.전자 부품, 컴퓨터, 영상, 음향 및 통신장비 제조업",코스닥,해산사유 발생(파산선고),해산사유발생,2021,0.083853,0.095124,0.1334159,8.39,0.0926315,-0.4210526,,,,0.0264677,-0.0473672,0.154113,,,,,,9.61,1.9920012,,,49.86,2.89,,,,,"2,195,375.41",,,2924.7868806,-93.0121268,-0.3901321,286.6527554,,,89.2,89.07,,,,516.12,.94,,,,,,,,
N124714,A053590,한국테크놀로지,(주)한국테크놀로지,135111-0045025,123-81-44182,1997-07-22,2001-08-23,2024-10-07,폐업,12.0,중소기업,,,N45201.통신장비,C00000.제조업(10~34),"C26000.전자 부품, 컴퓨터, 영상, 음향 및 통신장비 제조업",코스닥,해산사유 발생(파산선고),해산사유발생,2022,0.3481098,-3.5413902,-0.8306815,34.81,-0.1335403,-0.4090909,,,,-0.0513174,-0.0661557,-0.3206926,,,,,,6.82,1.2984092,,,"2,714.75",2.36,,,,,"4,482,170.73",,,2300.5999639,-137.0781203,,285.2194672,,,89.41,89.4,,,,531.45,-2.41,,,,,,,,
N124714,A053590,한국테크놀로지,(주)한국테크놀로지,135111-0045025,123-81-44182,1997-07-22,2001-08-23,2024-10-07,폐업,12.0,중소기업,,,N45201.통신장비,C00000.제조업(10~34),"C26000.전자 부품, 컴퓨터, 영상, 음향 및 통신장비 제조업",코스닥,해산사유 발생(파산선고),해산사유발생,2023,-1.1233713,0.7697658,-0.7147308,,-0.1711186,-0.8461539,74.14,"-2,842.36","-38,050.75",-0.0187523,-0.1800458,-0.1467021,,"1,386.09","4,571.25",-303.17,.,,1.6450896,,,"10,223.8",3.55,-.01,,"199,320,250.",.,"26,498,491.5",,,1611.6729953,-202.4974433,,-40.4655264,-108.07,,68.95,68.88,.22,,6.58,,-0.98,-76.26,-212.22,-93.58,"-37,808.82",,,,
N124714,A053590,한국테크놀로지,(주)한국테크놀로지,135111-0045025,123-81-44182,1997-07-22,2001-08-23,2024-10-07,폐업,12.0,중소기업,,,N45201.통신장비,C00000.제조업(10~34),"C26000.전자 부품, 컴퓨터, 영상, 음향 및 통신장비 제조업",코스닥,해산사유 발생(파산선고),해산사유발생,2024,,,,,,,,,,,,,,,,,,,,,,,,,,,,,,,,,,,,,,,,,,,,,,,,,,,
N983926,A053660,현진소재,현진소재(주),180111-0062008,603-81-06646,1978-04-25,2002-02-15,2022-04-26,일반,12.0,중소기업,,,N15104.금속과 채광,C00000.제조업(10~34),C25000.금속 가공제품 제조업,코스닥,감사의견 거절(감사범위 제한 및 계속기업 존속능력에 대한 불확실성),감사의견거절,2014,-0.2940579,-1.9752594,-3.0388723,-29.41,0.3319253,-0.0034483,-10.24,-17.35,-22.02,-0.1008468,-0.1279763,-0.3133419,-39.76,4.8,121.25,21.66,.58,1.81,0.8570164,0.0,194.3003707,2.43,5.11,-8.42,,"570,551,880.","202,065,760.","1,498,544.3",,,19353.002714,-3679.5750214,,2102.7636724,"1,474.86",27.33,78.26,39.57,.51,,197.24,265.87,-3.62,-14.68,-17.71,-10.66,-16.08,,,,"571,165,195,000."
N983926,A053660,현진소재,현진소재(주),180111-0062008,603-81-06646,1978-04-25,2002-02-15,2022-04-26,일반,12.0,중소기업,,,N15104.금속과 채광,C00000.제조업(10~34),C25000.금속 가공제품 제조업,코스닥,감사의견 거절(감사범위 제한 및 계속기업 존속능력에 대한 불확실성),감사의견거절,2015,-0.6388196,0.577639,-0.4034871,-63.88,-0.2153197,-0.1384083,1.95,-7.3,-35.52,-0.0445707,-0.2167166,-0.2039292,-99.16,4.61,138.46,9.25,.61,2.79,0.7808365,1.785702318,2.62057504,3.89,4.17,-3.44,,"589,788,450.","241,463,330.","1,534,635.97",,,,-4038.8459132,,743.3185959,191.94,14.03,64.4,43.88,.89,,101.23,612.99,-1.59,-27.72,-36.36,-23.84,-32.3,,,,"542,817,356,000."
N983926,A053660,현진소재,현진소재(주),180111-0062008,603-81-06646,1978-04-25,2002-02-15,2022-04-26,일반,12.0,중소기업,,,N15104.금속과 채광,C00000.제조업(10~34),C25000.금속 가공제품 제조업,코스닥,감사의견 거절(감사범위 제한 및 계속기업 존속능력에 대한 불확실성),감사의견거절,2016,-0.7487615,1.5189207,1.0200725,-74.88,-0.2586464,-0.2449799,12.49,5.11,.96,0.034008,0.0063962,0.3187366,5.99,5.94,100.47,-2.58,.67,6.23,0.7445823,2.430372703,4.938429402,4.45,5.93,-2.06,,"507,346,490.","225,294,250.","1,382,344.71",,,,60.1020969,,186.7502492,-31.79,5.47,42.75,21.04,2.52,,83.56,"1,729.82",.86,6.57,8.67,6.21,7.32,,,,"203,754,687,000."
N983926,A053660,현진소재,현진소재(주),180111-0062008,603-81-06646,1978-04-25,2002-02-15,2022-04-26,일반,12.0,중소기업,,,N15104.금속과 채광,C00000.제조업(10~34),C25000.금속 가공제품 제조업,코스닥,감사의견 거절(감사범위 제한 및 계속기업 존속능력에 대한 불확실성),감사의견거절,2017,-0.6468004,-1.7858801,-10.8353782,-64.68,-0.2029271,-0.106383,1.84,-5.04,-11.87,-0.0361222,-0.0850261,-0.9218923,-217.0,6.62,111.13,-.47,.72,18.29,0.7457713,2.377217752,5.172907706,4.09,6.32,-1.44,,"512,016,440.","200,443,210.","1,144,533.1",,,,-522.9996336,,65.9601061,-17.21,2.18,37.72,17.33,3.41,,88.24,"4,497.26",-.76,-3.7,-4.59,-3.62,-4.75,,,,"180,808,436,000."
N983926,A053660,현진소재,현진소재(주),180111-0062008,603-81-06646,1978-04-25,2002-02-15,2022-04-26,일반,12.0,중소기업,,,N15104.금속과 채광,C00000.제조업(10~34),C25000.금속 가공제품 제조업,코스닥,감사의견 거절(감사범위 제한 및 계속기업 존속능력에 대한 불확실성),감사의견거절,2018,13.3399111,-1.6323902,-0.2889937,"1,333.99",-0.1201366,-0.0952381,-7.4,-15.08,-17.38,-0.0853117,-0.0983304,-0.3241871,-37.37,6.31,118.92,20.92,.57,2.15,0.7676637,0.0,0.0,3.72,5.22,-1.68,,"522,982,410.","178,001,490.","1,298,968.22",,,9316.0613375,-1619.4721087,,2661.1276393,381.52,26.32,51.08,28.93,.27,,89.96,280.,-2.39,-9.18,-11.91,-6.76,-11.94,,,,"214,077,902,000."
N983926,A053660,현진소재,현진소재(주),180111-0062008,603-81-06646,1978-04-25,2002-02-15,2022-04-26,일반,12.0,중소기업,,,N15104.금속과 채광,C00000.제조업(10~34),C25000.금속 가공제품 제조업,코스닥,감사의견 거절(감사범위 제한 및 계속기업 존속능력에 대한 불확실성),감사의견거절,2019,-1.1548726,-0.6984266,-2.1951417,,-0.1408357,-0.1513158,-18.31,-29.81,-64.65,-0.1782923,-0.3865938,-1.3030177,,6.99,163.99,-23.99,.6,,0.6927934,0.0,489.9109369,4.98,5.91,-1.21,,"575,483,570.","173,213,720.","1,349,002.45",,,3716.2029124,-2402.450386,,-146.4785575,-136.24,,25.29,18.42,.16,,28.54,,-4.26,-42.49,-57.2,-45.27,-58.23,,,,"214,315,098,000."
N983926,A053660,현진소재,현진소재(주),180111-0062008,603-81-06646,1978-04-25,2002-02-15,2022-04-26,일반,12.0,중소기업,,,N15104.금속과 채광,C00000.제조업(10~34),C25000.금속 가공제품 제조업,코스닥,감사의견 거절(감사범위 제한 및 계속기업 존속능력에 대한 불확실성),감사의견거절,2020,4.170295,0.5457206,0.6192568,,-0.8717666,-0.4031008,-72.69,-105.62,-191.95,-0.1385802,-0.2518446,0.523498,,28.59,235.22,-102.9,.13,,0.1037415,0.0,902.8859445,2.11,1.26,-.13,,"661,651,850.","153,905,710.","1,321,314.69",,,250.3212465,-484.5448454,,-757.337359,-269.09,,13.11,10.12,1.55,,360.55,,-3.69,-19.19,-22.79,-31.66,-164.81,,,,"134,026,840,000."
N983926,A053660,현진소재,현진소재(주),180111-0062008,603-81-06646,1978-04-25,2002-02-15,2022-04-26,일반,12.0,중소기업,,,N15104.금속과 채광,C00000.제조업(10~34),C25000.금속 가공제품 제조업,코스닥,감사의견 거절(감사범위 제한 및 계속기업 존속능력에 대한 불확실성),감사의견거절,2021,0.2447734,0.3259443,0.5485504,,-0.0100877,-0.1558442,-21.12,-71.92,-87.54,-0.1463616,-0.1781444,0.1875983,,.03,182.39,-136.88,.2,,0.1143163,0.0,156.8112547,4.72,1.44,-.13,,"430,128,360.","32,773,180.","998,962.06",,,248.5157094,-217.5465752,,-1056.7648855,-310.65,,9.24,7.35,0.44,,103.48,,"-2,542.47",-7.31,-9.01,-14.11,-64.42,,,,"69,564,890,000."
N983926,A053660,현진소재,현진소재(주),180111-0062008,603-81-06646,1978-04-25,2002-02-15,2022-04-26,일반,12.0,중소기업,,,N15104.금속과 채광,C00000.제조업(10~34),C25000.금속 가공제품 제조업,코스닥,감사의견 거절(감사범위 제한 및 계속기업 존속능력에 대한 불확실성),감사의견거절,2022,,,,,,,-140.05,-263.33,-273.44,,,,,.45,366.5,-162.69,.04,,,0.0,170.638201,,,-.02,,"667,205,650.","21,834,420.",,,,,,,,-332.03,,,,.13,,.,,,-2.46,-3.02,-5.27,-137.43,,,,"60,371,269,000."
N983926,A053660,현진소재,현진소재(주),180111-0062008,603-81-06646,1978-04-25,2002-02-15,2022-04-26,일반,12.0,중소기업,,,N15104.금속과 채광,C00000.제조업(10~34),C25000.금속 가공제품 제조업,코스닥,감사의견 거절(감사범위 제한 및 계속기업 존속능력에 대한 불확실성),감사의견거절,2023,,,,,,,,,,,,,,,,,,,,,,,,,,,,,,,,,,,,,,,,,,,,,,,,,,,"54,289,658,000."
N983926,A053660,현진소재,현진소재(주),180111-0062008,603-81-06646,1978-04-25,2002-02-15,2022-04-26,일반,12.0,중소기업,,,N15104.금속과 채광,C00000.제조업(10~34),C25000.금속 가공제품 제조업,코스닥,감사의견 거절(감사범위 제한 및 계속기업 존속능력에 대한 불확실성),감사의견거절,2024,,,,,,,,,,,,,,,,,,,,,,,,,,,,,,,,,,,,,,,,,,,,,,,,,,,
N012249,A053810,아이팩토리,(주)아이팩토리,180111-0099572,604-81-13209,1990-04-30,2002-07-19,2016-09-19,폐업,12.0,중소기업,,아이팩토리,N45103.소프트웨어,C00000.제조업(10~34),C29000.기타 기계 및 장비 제조업,코스닥,감사의견 거절(감사범위 제한 및 기업회계기준 위배),감사의견거절,2014,-0.0927108,-6.6860245,-1.063739,-9.27,-0.5894565,-0.7553192,-10.22,-57.62,-101.19,-0.1036799,-0.182072,-0.5696851,-100.04,23.67,172.95,-8.35,.18,0.99,0.2199533,,,16.04,2.27,-.38,,,,"2,380,490.87",,,459.7917035,-473.1368578,-518.2022289,296.8349641,-30.71,17.17,27.19,24.29,.36,,109.25,482.51,-2.43,,,,,,,,
N012249,A053810,아이팩토리,(주)아이팩토리,180111-0099572,604-81-13209,1990-04-30,2002-07-19,2016-09-19,폐업,12.0,중소기업,,아이팩토리,N45103.소프트웨어,C00000.제조업(10~34),C29000.기타 기계 및 장비 제조업,코스닥,감사의견 거절(감사범위 제한 및 기업회계기준 위배),감사의견거절,2015,0.2522978,1.2248849,0.654537,25.23,-0.2660868,-0.173913,32.49,17.66,-47.63,0.0300902,-0.0811736,0.1195749,-32.26,10.99,90.14,38.13,0.17,0.68,0.2277154,,,11.23,1.07,-0.65,,,,"2,512,907.79",,,218.8843301,-105.3972589,-331.6670495,2887.9836723,543.,40.07,223.93,221.48,12.1,1.97,379.53,149.57,1.61,,,,,,,,
N012249,A053810,아이팩토리,(주)아이팩토리,180111-0099572,604-81-13209,1990-04-30,2002-07-19,2016-09-19,폐업,12.0,중소기업,,아이팩토리,N45103.소프트웨어,C00000.제조업(10~34),C29000.기타 기계 및 장비 제조업,코스닥,감사의견 거절(감사범위 제한 및 기업회계기준 위배),감사의견거절,2016,,,,,,,,,,,,,,,,,,,,,,,,,,,,,,,,,,,,,,,,,,,,,,,,,,,
N012249,A053810,아이팩토리,(주)아이팩토리,180111-0099572,604-81-13209,1990-04-30,2002-07-19,2016-09-19,폐업,12.0,중소기업,,아이팩토리,N45103.소프트웨어,C00000.제조업(10~34),C29000.기타 기계 및 장비 제조업,코스닥,감사의견 거절(감사범위 제한 및 기업회계기준 위배),감사의견거절,2017,,,,,,,,,,,,,,,,,,,,,,,,,,,,,,,,,,,,,,,,,,,,,,,,,,,
N012249,A053810,아이팩토리,(주)아이팩토리,180111-0099572,604-81-13209,1990-04-30,2002-07-19,2016-09-19,폐업,12.0,중소기업,,아이팩토리,N45103.소프트웨어,C00000.제조업(10~34),C29000.기타 기계 및 장비 제조업,코스닥,감사의견 거절(감사범위 제한 및 기업회계기준 위배),감사의견거절,2018,,,,,,,,,,,,,,,,,,,,,,,,,,,,,,,,,,,,,,,,,,,,,,,,,,,
N012249,A053810,아이팩토리,(주)아이팩토리,180111-0099572,604-81-13209,1990-04-30,2002-07-19,2016-09-19,폐업,12.0,중소기업,,아이팩토리,N45103.소프트웨어,C00000.제조업(10~34),C29000.기타 기계 및 장비 제조업,코스닥,감사의견 거절(감사범위 제한 및 기업회계기준 위배),감사의견거절,2019,,,,,,,,,,,,,,,,,,,,,,,,,,,,,,,,,,,,,,,,,,,,,,,,,,,
N012249,A053810,아이팩토리,(주)아이팩토리,180111-0099572,604-81-13209,1990-04-30,2002-07-19,2016-09-19,폐업,12.0,중소기업,,아이팩토리,N45103.소프트웨어,C00000.제조업(10~34),C29000.기타 기계 및 장비 제조업,코스닥,감사의견 거절(감사범위 제한 및 기업회계기준 위배),감사의견거절,2020,,,,,,,,,,,,,,,,,,,,,,,,,,,,,,,,,,,,,,,,,,,,,,,,,,,
N012249,A053810,아이팩토리,(주)아이팩토리,180111-0099572,604-81-13209,1990-04-30,2002-07-19,2016-09-19,폐업,12.0,중소기업,,아이팩토리,N45103.소프트웨어,C00000.제조업(10~34),C29000.기타 기계 및 장비 제조업,코스닥,감사의견 거절(감사범위 제한 및 기업회계기준 위배),감사의견거절,2021,,,,,,,,,,,,,,,,,,,,,,,,,,,,,,,,,,,,,,,,,,,,,,,,,,,
N012249,A053810,아이팩토리,(주)아이팩토리,180111-0099572,604-81-13209,1990-04-30,2002-07-19,2016-09-19,폐업,12.0,중소기업,,아이팩토리,N45103.소프트웨어,C00000.제조업(10~34),C29000.기타 기계 및 장비 제조업,코스닥,감사의견 거절(감사범위 제한 및 기업회계기준 위배),감사의견거절,2022,,,,,,,,,,,,,,,,,,,,,,,,,,,,,,,,,,,,,,,,,,,,,,,,,,,
N012249,A053810,아이팩토리,(주)아이팩토리,180111-0099572,604-81-13209,1990-04-30,2002-07-19,2016-09-19,폐업,12.0,중소기업,,아이팩토리,N45103.소프트웨어,C00000.제조업(10~34),C29000.기타 기계 및 장비 제조업,코스닥,감사의견 거절(감사범위 제한 및 기업회계기준 위배),감사의견거절,2023,,,,,,,,,,,,,,,,,,,,,,,,,,,,,,,,,,,,,,,,,,,,,,,,,,,
N012249,A053810,아이팩토리,(주)아이팩토리,180111-0099572,604-81-13209,1990-04-30,2002-07-19,2016-09-19,폐업,12.0,중소기업,,아이팩토리,N45103.소프트웨어,C00000.제조업(10~34),C29000.기타 기계 및 장비 제조업,코스닥,감사의견 거절(감사범위 제한 및 기업회계기준 위배),감사의견거절,2024,,,,,,,,,,,,,,,,,,,,,,,,,,,,,,,,,,,,,,,,,,,,,,,,,,,
N111687,A053870,GT&T,(주)지티앤티,110111-1222788,120-81-58182,1995-12-15,2001-12-13,2015-10-15,폐업,12.0,중소기업,,,N45201.통신장비,C00000.제조업(10~34),"C26000.전자 부품, 컴퓨터, 영상, 음향 및 통신장비 제조업",코스닥,'14사업연도 자본잠식률 50%이상 사유로 관리종목 지정 후 '15사업연도 반기 감사의견 거절,감사의견거절,2014,-0.5674736,-0.4493448,-1.1576013,-56.75,-0.2893301,-0.3,15.98,-20.5,-59.67,-0.0758797,-0.220828,-0.4211757,-122.57,11.36,129.31,-8.75,.37,2.05,0.4513937,,,3.24,4.35,-.93,,,,"1,081,925.43",,,894.9763415,-552.572875,-210.6291463,185.5317877,-31.32,15.07,43.73,28.38,1.74,,230.99,563.47,-1.8,,,,,,,-52.54,
N111687,A053870,GT&T,(주)지티앤티,110111-1222788,120-81-58182,1995-12-15,2001-12-13,2015-10-15,폐업,12.0,중소기업,,,N45201.통신장비,C00000.제조업(10~34),"C26000.전자 부품, 컴퓨터, 영상, 음향 및 통신장비 제조업",코스닥,'14사업연도 자본잠식률 50%이상 사유로 관리종목 지정 후 '15사업연도 반기 감사의견 거절,감사의견거절,2015,,,,,,,,,,,,,,,,,,,,,,,,,,,,,,,,,,,,,,,,,,,,,,,,,,,
N111687,A053870,GT&T,(주)지티앤티,110111-1222788,120-81-58182,1995-12-15,2001-12-13,2015-10-15,폐업,12.0,중소기업,,,N45201.통신장비,C00000.제조업(10~34),"C26000.전자 부품, 컴퓨터, 영상, 음향 및 통신장비 제조업",코스닥,'14사업연도 자본잠식률 50%이상 사유로 관리종목 지정 후 '15사업연도 반기 감사의견 거절,감사의견거절,2016,,,,,,,,,,,,,,,,,,,,,,,,,,,,,,,,,,,,,,,,,,,,,,,,,,,
N111687,A053870,GT&T,(주)지티앤티,110111-1222788,120-81-58182,1995-12-15,2001-12-13,2015-10-15,폐업,12.0,중소기업,,,N45201.통신장비,C00000.제조업(10~34),"C26000.전자 부품, 컴퓨터, 영상, 음향 및 통신장비 제조업",코스닥,'14사업연도 자본잠식률 50%이상 사유로 관리종목 지정 후 '15사업연도 반기 감사의견 거절,감사의견거절,2017,,,,,,,,,,,,,,,,,,,,,,,,,,,,,,,,,,,,,,,,,,,,,,,,,,,
N111687,A053870,GT&T,(주)지티앤티,110111-1222788,120-81-58182,1995-12-15,2001-12-13,2015-10-15,폐업,12.0,중소기업,,,N45201.통신장비,C00000.제조업(10~34),"C26000.전자 부품, 컴퓨터, 영상, 음향 및 통신장비 제조업",코스닥,'14사업연도 자본잠식률 50%이상 사유로 관리종목 지정 후 '15사업연도 반기 감사의견 거절,감사의견거절,2018,,,,,,,,,,,,,,,,,,,,,,,,,,,,,,,,,,,,,,,,,,,,,,,,,,,
N111687,A053870,GT&T,(주)지티앤티,110111-1222788,120-81-58182,1995-12-15,2001-12-13,2015-10-15,폐업,12.0,중소기업,,,N45201.통신장비,C00000.제조업(10~34),"C26000.전자 부품, 컴퓨터, 영상, 음향 및 통신장비 제조업",코스닥,'14사업연도 자본잠식률 50%이상 사유로 관리종목 지정 후 '15사업연도 반기 감사의견 거절,감사의견거절,2019,,,,,,,,,,,,,,,,,,,,,,,,,,,,,,,,,,,,,,,,,,,,,,,,,,,
N111687,A053870,GT&T,(주)지티앤티,110111-1222788,120-81-58182,1995-12-15,2001-12-13,2015-10-15,폐업,12.0,중소기업,,,N45201.통신장비,C00000.제조업(10~34),"C26000.전자 부품, 컴퓨터, 영상, 음향 및 통신장비 제조업",코스닥,'14사업연도 자본잠식률 50%이상 사유로 관리종목 지정 후 '15사업연도 반기 감사의견 거절,감사의견거절,2020,,,,,,,,,,,,,,,,,,,,,,,,,,,,,,,,,,,,,,,,,,,,,,,,,,,
N111687,A053870,GT&T,(주)지티앤티,110111-1222788,120-81-58182,1995-12-15,2001-12-13,2015-10-15,폐업,12.0,중소기업,,,N45201.통신장비,C00000.제조업(10~34),"C26000.전자 부품, 컴퓨터, 영상, 음향 및 통신장비 제조업",코스닥,'14사업연도 자본잠식률 50%이상 사유로 관리종목 지정 후 '15사업연도 반기 감사의견 거절,감사의견거절,2021,,,,,,,,,,,,,,,,,,,,,,,,,,,,,,,,,,,,,,,,,,,,,,,,,,,
N111687,A053870,GT&T,(주)지티앤티,110111-1222788,120-81-58182,1995-12-15,2001-12-13,2015-10-15,폐업,12.0,중소기업,,,N45201.통신장비,C00000.제조업(10~34),"C26000.전자 부품, 컴퓨터, 영상, 음향 및 통신장비 제조업",코스닥,'14사업연도 자본잠식률 50%이상 사유로 관리종목 지정 후 '15사업연도 반기 감사의견 거절,감사의견거절,2022,,,,,,,,,,,,,,,,,,,,,,,,,,,,,,,,,,,,,,,,,,,,,,,,,,,
N111687,A053870,GT&T,(주)지티앤티,110111-1222788,120-81-58182,1995-12-15,2001-12-13,2015-10-15,폐업,12.0,중소기업,,,N45201.통신장비,C00000.제조업(10~34),"C26000.전자 부품, 컴퓨터, 영상, 음향 및 통신장비 제조업",코스닥,'14사업연도 자본잠식률 50%이상 사유로 관리종목 지정 후 '15사업연도 반기 감사의견 거절,감사의견거절,2023,,,,,,,,,,,,,,,,,,,,,,,,,,,,,,,,,,,,,,,,,,,,,,,,,,,
N111687,A053870,GT&T,(주)지티앤티,110111-1222788,120-81-58182,1995-12-15,2001-12-13,2015-10-15,폐업,12.0,중소기업,,,N45201.통신장비,C00000.제조업(10~34),"C26000.전자 부품, 컴퓨터, 영상, 음향 및 통신장비 제조업",코스닥,'14사업연도 자본잠식률 50%이상 사유로 관리종목 지정 후 '15사업연도 반기 감사의견 거절,감사의견거절,2024,,,,,,,,,,,,,,,,,,,,,,,,,,,,,,,,,,,,,,,,,,,,,,,,,,,
N804371,A054340,피앤텔,(주)피앤텔,110111-1433393,107-81-60410,1997-06-28,2002-01-10,2020-05-21,외감,12.0,중소기업,,,"N45203.전자장비와 기기, 부품",C00000.제조업(10~34),"C26000.전자 부품, 컴퓨터, 영상, 음향 및 통신장비 제조업",코스닥,감사의견 거절(감사범위 제한 및 계속기업 존속능력에 대한 불확실성),감사의견거절,2014,-0.3737943,-0.018436,0.2825826,-37.38,-0.5477405,,-19.36,-37.09,-49.22,-0.2577227,-0.342011,-0.3912231,-51.92,2.34,142.87,68.16,.69,1.05,2.0364284,0.0,675.0257817,11.55,3.48,10.39,,"135,723,870.","31,276,180.","1,320,998.47",,,3709.1721063,-1872.0478571,,2977.3361585,520.28,74.13,150.32,130.63,58.31,39.13,128.04,34.9,-15.83,"-1,254.07",,-76.88,-427.7,,,,"123,254,672,000."
N804371,A054340,피앤텔,(주)피앤텔,110111-1433393,107-81-60410,1997-06-28,2002-01-10,2020-05-21,외감,12.0,중소기업,,,"N45203.전자장비와 기기, 부품",C00000.제조업(10~34),"C26000.전자 부품, 컴퓨터, 영상, 음향 및 통신장비 제조업",코스닥,감사의견 거절(감사범위 제한 및 계속기업 존속능력에 대한 불확실성),감사의견거절,2015,-0.2352535,0.5296161,0.6675701,-23.53,-0.6464325,-0.3448276,-21.21,-49.34,-46.27,-0.200064,-0.1876308,-0.2708027,-25.4,.42,139.96,63.49,0.41,0.55,1.552241,0.0,497.3093039,10.55,2.62,4.67,,"120,912,670.","22,569,450.","1,250,892.14",,,1311.4426096,-631.8697024,,2225.6304878,373.52,73.55,113.12,103.99,31.6,69.59,102.99,35.96,-117.36,-311.28,-667.05,-43.44,-207.96,,,,"64,116,851,000."
N804371,A054340,피앤텔,(주)피앤텔,110111-1433393,107-81-60410,1997-06-28,2002-01-10,2020-05-21,외감,12.0,중소기업,,,"N45203.전자장비와 기기, 부품",C00000.제조업(10~34),"C26000.전자 부품, 컴퓨터, 영상, 음향 및 통신장비 제조업",코스닥,감사의견 거절(감사범위 제한 및 계속기업 존속능력에 대한 불확실성),감사의견거절,2016,0.0509736,0.4276853,0.1573567,5.1,0.2594573,0.9736842,7.94,-22.42,-30.96,-0.1407918,-0.1944113,-0.1743784,-24.08,1.27,124.27,68.37,0.63,0.78,3.2602243,0.0,214.4211301,31.13,4.03,6.3,,"84,069,170.","12,442,900.","510,129.38",-23.75,-144.12,1540.5339169,-496.1260277,,1585.9330079,238.67,89.02,293.89,275.59,123.37,9.44,874.46,12.34,-17.67,-328.11,,-39.4,-169.76,-973.76,-109.49,-36.77,"49,420,767,000."
N804371,A054340,피앤텔,(주)피앤텔,110111-1433393,107-81-60410,1997-06-28,2002-01-10,2020-05-21,외감,12.0,중소기업,,,"N45203.전자장비와 기기, 부품",C00000.제조업(10~34),"C26000.전자 부품, 컴퓨터, 영상, 음향 및 통신장비 제조업",코스닥,감사의견 거절(감사범위 제한 및 계속기업 존속능력에 대한 불확실성),감사의견거절,2017,-0.5125482,-0.2001669,-1.4526243,-51.25,-0.3794151,-0.3066667,-5.31,-43.36,-122.36,-0.2309104,-0.6515936,-0.2745742,-77.48,1.28,209.91,39.72,0.53,0.63,3.3487636,0.0,527.2707729,28.58,3.23,4.38,,"152,072,020.","18,261,630.","513,803.53",-62.93,-212.61,710.0822023,-893.2971803,,777.7415428,79.66,75.53,112.34,102.19,64.29,82.23,302.33,32.39,-33.89,-298.77,"-1,094.66",-115.56,-383.64,"-1,770.5",-315.75,-18.63,"42,914,199,000."
N804371,A054340,피앤텔,(주)피앤텔,110111-1433393,107-81-60410,1997-06-28,2002-01-10,2020-05-21,외감,12.0,중소기업,,,"N45203.전자장비와 기기, 부품",C00000.제조업(10~34),"C26000.전자 부품, 컴퓨터, 영상, 음향 및 통신장비 제조업",코스닥,감사의견 거절(감사범위 제한 및 계속기업 존속능력에 대한 불확실성),감사의견거절,2018,-0.8876193,0.2447078,0.0633779,-88.76,-0.0523023,0.0384615,-0.66,-34.56,-120.93,-0.2274384,-0.7958779,-0.5688954,-199.07,13.07,154.03,-36.24,.66,1.65,1.0965218,0.0,504.7255879,34.4,4.5,-1.71,,"142,111,440.","16,597,510.","489,988.81",-31.49,-108.57,558.1050521,-692.0878595,,74.9180124,-63.93,7.71,16.26,14.45,2.7,,121.48,"1,197.79",-2.64,-79.55,"-1,724.12",-54.49,-486.96,-929.56,-211.26,-31.53,"24,653,916,000."
N804371,A054340,피앤텔,(주)피앤텔,110111-1433393,107-81-60410,1997-06-28,2002-01-10,2020-05-21,외감,12.0,중소기업,,,"N45203.전자장비와 기기, 부품",C00000.제조업(10~34),"C26000.전자 부품, 컴퓨터, 영상, 음향 및 통신장비 제조업",코스닥,감사의견 거절(감사범위 제한 및 계속기업 존속능력에 대한 불확실성),감사의견거절,2019,1.9215548,0.364068,1.2273077,192.16,-0.0743008,-0.8888889,7.79,-23.74,29.69,-0.1537037,0.1922518,-0.913159,114.22,9.84,83.6,36.0,.65,3.85,0.7784751,0.0,278.0440967,25.42,3.62,-1.1,,"658,452,080.","91,366,670.","4,328,743.08",,,1541.9116511,457.7132929,,1762.9074926,385.8,28.31,46.67,41.3,9.14,.58,140.39,253.24,-2.41,-86.18,-137.69,-62.46,-501.01,,,,"27,158,823,000."
N804371,A054340,피앤텔,(주)피앤텔,110111-1433393,107-81-60410,1997-06-28,2002-01-10,2020-05-21,외감,12.0,중소기업,,,"N45203.전자장비와 기기, 부품",C00000.제조업(10~34),"C26000.전자 부품, 컴퓨터, 영상, 음향 및 통신장비 제조업",코스닥,감사의견 거절(감사범위 제한 및 계속기업 존속능력에 대한 불확실성),감사의견거절,2020,,,,,,,17.94,5.73,-1.14,,,,-6.25,4.18,101.11,25.84,1.34,,,0.0,191.4985882,,,-3.64,,"170,319,500.","65,899,500.",,,,,,,,246.47,20.85,,,12.23,.,89.37,,,-10.72,-17.94,-8.04,"-1,402.34",,,,"21,597,031,000."
N804371,A054340,피앤텔,(주)피앤텔,110111-1433393,107-81-60410,1997-06-28,2002-01-10,2020-05-21,외감,12.0,중소기업,,,"N45203.전자장비와 기기, 부품",C00000.제조업(10~34),"C26000.전자 부품, 컴퓨터, 영상, 음향 및 통신장비 제조업",코스닥,감사의견 거절(감사범위 제한 및 계속기업 존속능력에 대한 불확실성),감사의견거절,2021,,,,,,,7.71,-5.52,-8.97,,,,-57.72,4.4,108.73,23.91,1.27,,,0.0,549.2959381,,,-2.96,,"92,643,000.","27,602,000.",,,,,,,,206.56,18.39,,,11.14,,78.91,,,-37.33,-63.43,-34.26,,,,,"23,765,765,000."
N804371,A054340,피앤텔,(주)피앤텔,110111-1433393,107-81-60410,1997-06-28,2002-01-10,2020-05-21,외감,12.0,중소기업,,,"N45203.전자장비와 기기, 부품",C00000.제조업(10~34),"C26000.전자 부품, 컴퓨터, 영상, 음향 및 통신장비 제조업",코스닥,감사의견 거절(감사범위 제한 및 계속기업 존속능력에 대한 불확실성),감사의견거절,2022,,,,,,,-10.67,-34.05,-47.93,,,,,11.79,145.89,1.85,.58,,,0.0,749.9249741,,,-.95,,"42,765,500.","12,364,000.",,,,,,,,13.54,,,,7.21,,59.45,,,-48.55,-82.86,-67.46,,,,,"21,529,696,000."
N804371,A054340,피앤텔,(주)피앤텔,110111-1433393,107-81-60410,1997-06-28,2002-01-10,2020-05-21,외감,12.0,중소기업,,,"N45203.전자장비와 기기, 부품",C00000.제조업(10~34),"C26000.전자 부품, 컴퓨터, 영상, 음향 및 통신장비 제조업",코스닥,감사의견 거절(감사범위 제한 및 계속기업 존속능력에 대한 불확실성),감사의견거절,2023,,,,,,,4.68,-8.01,4.91,,,,,10.27,96.17,-14.33,.85,,,0.0,309.1844428,,,-1.03,,"18,479,500.","9,640,500.",,,,,,,,-98.62,,,,9.2,,53.85,,,-.15,-.27,-.2,,,,,"18,276,279,000."
N804371,A054340,피앤텔,(주)피앤텔,110111-1433393,107-81-60410,1997-06-28,2002-01-10,2020-05-21,외감,12.0,중소기업,,,"N45203.전자장비와 기기, 부품",C00000.제조업(10~34),"C26000.전자 부품, 컴퓨터, 영상, 음향 및 통신장비 제조업",코스닥,감사의견 거절(감사범위 제한 및 계속기업 존속능력에 대한 불확실성),감사의견거절,2024,,,,,,,17.76,7.66,3.89,,,,,7.32,96.34,-0.74,1.4,,,0.0,201.0413027,,,-1.83,,"6,918,500.","6,917,500.",,,,,,,,-6.55,,,,20.55,,64.06,,,-9.26,-135.93,-10.14,,,,,"17,152,348,000."
N047411,A054630,에이디칩스,(주)에이디칩스,110111-1261405,120-81-60709,1996-04-16,2001-11-13,2025-12-30,외감,12.0,중소기업,,에이디칩스,N20106.기계,C00000.제조업(10~34),C33000.기타 제품 제조업,코스닥,감사의견 거절(계속기업 존속능력 불확실성),감사의견거절,2014,-0.3685225,-0.712466,0.0879299,-36.85,-0.6391879,-0.1129032,23.6,-21.78,-26.14,-0.2238557,-0.2687002,-0.4373036,-52.49,1.6,123.79,-3.22,1.03,2.01,2.1061867,0.0,798.7181364,4.04,5.35,2.45,,"72,640,640.",.,"229,585.96",6.08,19.21,1794.579345,-459.210613,-312.4212057,450.6158847,-9.88,45.92,228.69,143.,68.67,66.59,280.98,117.75,-13.62,-48.3,-70.62,-32.05,-23.21,,4.96,509.67,"17,177,870,000."
N047411,A054630,에이디칩스,(주)에이디칩스,110111-1261405,120-81-60709,1996-04-16,2001-11-13,2025-12-30,외감,12.0,중소기업,,에이디칩스,N20106.기계,C00000.제조업(10~34),C33000.기타 제품 제조업,코스닥,감사의견 거절(계속기업 존속능력 불확실성),감사의견거절,2015,-0.0224494,0.6659422,0.414644,-2.24,-0.15278,-0.1636364,27.76,-8.59,-18.06,-0.1005417,-0.2114679,-0.1908536,-40.14,1.36,106.92,9.68,1.17,2.22,2.4746496,0.0,496.8093601,4.76,5.96,3.68,,"84,187,220.",.,"224,238.88",16.36,43.56,1468.5622496,-240.0774932,-311.5996183,592.5403221,18.51,62.01,174.26,100.46,24.78,99.38,"2,074.68",61.26,-6.32,-49.46,-63.35,-18.33,-13.31,,12.98,137.73,"13,035,340,000."
N047411,A054630,에이디칩스,(주)에이디칩스,110111-1261405,120-81-60709,1996-04-16,2001-11-13,2025-12-30,외감,12.0,중소기업,,에이디칩스,N20106.기계,C00000.제조업(10~34),C33000.기타 제품 제조업,코스닥,감사의견 거절(계속기업 존속능력 불확실성),감사의견거절,2016,0.6676395,2.6492786,1.8000998,66.76,0.9227687,1.2173913,22.07,7.36,7.51,0.1357681,0.1385307,0.2387017,24.36,1.17,92.02,23.7,1.84,3.24,4.2750507,0.0,210.1009341,9.28,6.9,12.49,,"43,679,860.","6,142,880.","137,808.43",44.69,140.99,2340.5033621,178.472998,-97.7280303,888.5463284,77.71,54.19,122.64,81.54,23.45,181.55,883.2,84.55,6.28,24.25,32.66,11.58,8.55,"1,002.54",24.83,53.71,"9,436,595,000."
N047411,A054630,에이디칩스,(주)에이디칩스,110111-1261405,120-81-60709,1996-04-16,2001-11-13,2025-12-30,외감,12.0,중소기업,,에이디칩스,N20106.기계,C00000.제조업(10~34),C33000.기타 제품 제조업,코스닥,감사의견 거절(계속기업 존속능력 불확실성),감사의견거절,2017,2.3137149,-0.3710767,-0.7456264,231.37,-0.2640987,-0.0392157,22.37,6.29,2.6,0.0406692,0.0167837,0.0556707,2.3,1.07,97.53,51.33,.65,0.88,2.3978636,0.831651707,0.952535631,6.21,4.44,2.04,,"55,054,380.","15,415,600.","294,006.3",17.96,95.91,,35.5379887,,1309.6523031,161.93,83.03,381.37,332.97,291.58,17.2,238.09,20.44,5.9,12.58,22.03,2.13,4.47,342.52,27.79,73.11,"18,009,648,000."
N047411,A054630,에이디칩스,(주)에이디칩스,110111-1261405,120-81-60709,1996-04-16,2001-11-13,2025-12-30,외감,12.0,중소기업,,에이디칩스,N20106.기계,C00000.제조업(10~34),C33000.기타 제품 제조업,코스닥,감사의견 거절(계속기업 존속능력 불확실성),감사의견거절,2018,-0.2125261,-4.2648077,-15.6976341,-21.25,-0.321604,0.2040816,1.18,-30.29,-56.28,-0.0942564,-0.1751151,-0.1323674,-24.59,3.42,155.09,31.07,.31,0.44,1.0807745,0.945156824,1.253254328,4.12,4.15,1.49,,"98,156,600.","19,596,860.","343,963.94",-3.43,-12.02,,-287.8453489,,1031.3170139,106.26,60.31,103.61,78.14,46.8,705.4,196.38,65.82,-8.86,-38.74,-51.53,-15.38,-51.41,-60.2,-11.02,-311.38,"42,227,702,000."
N047411,A054630,에이디칩스,(주)에이디칩스,110111-1261405,120-81-60709,1996-04-16,2001-11-13,2025-12-30,외감,12.0,중소기업,,에이디칩스,N20106.기계,C00000.제조업(10~34),C33000.기타 제품 제조업,코스닥,감사의견 거절(계속기업 존속능력 불확실성),감사의견거절,2019,0.1799265,0.2967551,-0.8158867,17.99,0.3989119,0.1355932,9.41,-15.23,-73.05,-0.0633056,-0.3036942,-0.096928,-46.5,3.51,172.21,18.81,.42,0.64,1.1985008,0.853777093,1.075779631,4.68,4.2,3.29,,"122,415,570.","10,658,770.","317,150.89",-13.5,-34.99,,-450.4702231,,682.8574517,36.57,70.26,198.65,157.65,111.1,41.56,276.2,42.34,-4.34,-91.45,-136.93,-27.2,-65.85,-401.8,-32.48,-91.89,"42,768,736,000."
N047411,A054630,에이디칩스,(주)에이디칩스,110111-1261405,120-81-60709,1996-04-16,2001-11-13,2025-12-30,외감,12.0,중소기업,,에이디칩스,N20106.기계,C00000.제조업(10~34),C33000.기타 제품 제조업,코스닥,감사의견 거절(계속기업 존속능력 불확실성),감사의견거절,2020,-0.0818732,-0.1302771,0.3636361,-8.19,0.1426222,0.1492537,10.29,-15.06,-40.68,-0.0688261,-0.1858952,-0.1055222,-28.5,1.74,138.49,3.52,.46,0.7,1.3139254,1.011326617,1.56800228,3.56,3.81,1.62,,"86,638,880.",.,"286,895.57",-1.6,-5.29,,-177.6559608,,530.8488513,6.17,60.5,373.37,240.82,94.63,48.49,181.4,65.28,-8.64,-45.45,-67.17,-17.95,-40.54,,-3.5,-866.03,"45,595,101,000."
N047411,A054630,에이디칩스,(주)에이디칩스,110111-1261405,120-81-60709,1996-04-16,2001-11-13,2025-12-30,외감,12.0,중소기업,,에이디칩스,N20106.기계,C00000.제조업(10~34),C33000.기타 제품 제조업,코스닥,감사의견 거절(계속기업 존속능력 불확실성),감사의견거절,2021,0.2711062,-0.4724561,-0.5561485,27.11,0.2452338,-0.012987,4.39,-17.81,-50.84,-0.0902301,-0.2575582,-0.14293,-40.8,.44,149.17,-8.92,.51,0.8,1.3739393,0.993149401,1.327013538,3.74,4.4,1.81,,"62,385,450.",.,"326,471.25",-11.05,-57.85,,-203.1320705,,439.9273632,-12.01,65.36,208.91,156.35,2.61,48.26,236.17,53.,-40.16,-65.38,-184.54,-22.65,-48.34,,-21.82,-118.49,"53,652,158,000."
N047411,A054630,에이디칩스,(주)에이디칩스,110111-1261405,120-81-60709,1996-04-16,2001-11-13,2025-12-30,외감,12.0,중소기업,,에이디칩스,N20106.기계,C00000.제조업(10~34),C33000.기타 제품 제조업,코스닥,감사의견 거절(계속기업 존속능력 불확실성),감사의견거절,2022,-0.1657947,0.9819216,0.5451192,-16.58,-0.0545843,0.0263158,19.36,-.41,-24.46,-0.001146,-0.0676925,-0.0033647,-19.87,5.29,123.07,-12.34,.28,0.81,0.419657,0.0,0.0,3.79,3.49,.73,,"28,428,370.",.,"447,149.2",2.54,39.92,298.1642794,-72.9376153,,366.9897354,-26.6,34.06,163.99,151.66,.46,19.27,203.41,193.6,-.08,-9.82,-14.53,-6.48,-23.39,,7.45,349.21,"85,858,392,000."
N047411,A054630,에이디칩스,(주)에이디칩스,110111-1261405,120-81-60709,1996-04-16,2001-11-13,2025-12-30,외감,12.0,중소기업,,에이디칩스,N20106.기계,C00000.제조업(10~34),C33000.기타 제품 제조업,코스닥,감사의견 거절(계속기업 존속능력 불확실성),감사의견거절,2023,-0.3190867,-54.7872941,-0.6055026,-31.91,-0.3202451,-0.2179487,1.5,-33.99,-57.78,-0.0655482,-0.1114252,-0.223342,-37.97,25.25,151.02,-24.42,.19,0.66,0.2729664,0.0,31.433356,2.76,2.82,.62,,"6,631,550.",.,"686,613.94",,,202.6786256,-117.101532,,249.8882034,-50.02,24.39,131.91,123.09,.09,27.65,180.07,309.94,-1.35,-13.51,-17.8,-10.21,-51.64,,,,"85,885,744,000."
N047411,A054630,에이디칩스,(주)에이디칩스,110111-1261405,120-81-60709,1996-04-16,2001-11-13,2025-12-30,외감,12.0,중소기업,,에이디칩스,N20106.기계,C00000.제조업(10~34),C33000.기타 제품 제조업,코스닥,감사의견 거절(계속기업 존속능력 불확실성),감사의견거절,2024,-0.5090581,-0.6416754,-0.08305,-50.91,-0.6024309,-0.8770492,-6.58,-140.35,-157.39,-0.1145281,-0.1284388,-0.6070864,-68.08,72.94,190.06,7.66,.08,0.43,0.100577,0.0,21.8425253,1.78,1.42,.41,,"12,087,270.",.,"5,248,537.6",,,83.1525219,-130.8777935,-36.5248878,1226.8059525,145.65,12.91,118.63,115.84,.07,14.96,19.85,674.77,-1.92,-15.57,-21.08,-13.56,-160.02,,,,"81,654,435,000."
N822744,A056000,코원플레이,(주)코원플레이,110111-1319858,213-86-27332,1996-09-11,2003-07-11,2023-03-30,일반,12.0,중소기업,,코원홀딩스,N45100.소프트웨어 및 IT서비스,J00000.정보통신업(58~63),J58000.출판업,코스닥,감사의견 거절(감사범위 제한 및 계속기업가정 불확실성),감사의견거절,2014,-0.2140846,1.0355866,0.3660607,-21.41,-0.2028558,-0.293578,23.13,1.58,-29.1,0.005438,-0.1002508,0.0135224,-24.93,4.15,100.93,35.14,.34,0.86,0.5761991,0.0,170.3864548,2.44,4.2,-2.1,,"181,597,790.","55,290.","734,763.01",5.1,20.65,2041.2710243,-266.5515674,,2618.9981057,436.51,36.12,77.18,52.06,13.34,215.01,"1,117.87",176.87,.38,-1.26,-1.39,-0.54,-1.28,"67,841.32",12.16,67.23,"69,714,471,000."
N822744,A056000,코원플레이,(주)코원플레이,110111-1319858,213-86-27332,1996-09-11,2003-07-11,2023-03-30,일반,12.0,중소기업,,코원홀딩스,N45100.소프트웨어 및 IT서비스,J00000.정보통신업(58~63),J58000.출판업,코스닥,감사의견 거절(감사범위 제한 및 계속기업가정 불확실성),감사의견거절,2015,-0.2762663,-17.9428937,-0.506482,-27.63,-0.363446,-0.1298701,-7.34,-42.02,-68.87,-0.1205816,-0.1976557,-0.3020342,-49.51,3.95,161.02,32.34,0.29,0.72,0.4776988,0.0,265.8825292,2.31,3.02,-2.18,,"203,753,930.",40.,"683,693.64",,,139.061829,-954.3235021,,1623.7318679,224.75,46.73,68.76,45.15,15.81,,709.57,114.01,-10.64,-92.46,-121.11,-52.18,-128.26,,,,"66,975,754,000."
N822744,A056000,코원플레이,(주)코원플레이,110111-1319858,213-86-27332,1996-09-11,2003-07-11,2023-03-30,일반,12.0,중소기업,,코원홀딩스,N45100.소프트웨어 및 IT서비스,J00000.정보통신업(58~63),J58000.출판업,코스닥,감사의견 거절(감사범위 제한 및 계속기업가정 불확실성),감사의견거절,2016,0.1110172,0.0644382,0.2251416,11.1,1.0007436,0.1641791,34.81,-19.65,-26.67,-0.1460035,-0.1982173,-0.3188072,-43.28,2.38,125.87,28.78,0.74,1.62,1.3710003,0.0,40.4206063,6.64,7.52,5.18,,"88,635,970.",40.,"502,696.24",,,273.6050884,-634.6331558,,1387.6877417,177.54,44.99,174.43,155.91,18.02,24.88,"2,806.65",122.26,-8.25,-19.,-28.17,-10.45,-15.37,,,,"37,467,433,000."
N822744,A056000,코원플레이,(주)코원플레이,110111-1319858,213-86-27332,1996-09-11,2003-07-11,2023-03-30,일반,12.0,중소기업,,코원홀딩스,N45100.소프트웨어 및 IT서비스,J00000.정보통신업(58~63),J58000.출판업,코스닥,감사의견 거절(감사범위 제한 및 계속기업가정 불확실성),감사의견거절,2017,0.0135334,1.0453453,1.0226893,1.35,0.0230492,-0.8076923,43.24,0.87,0.59,0.0081747,0.0055531,0.0136418,0.93,.95,99.42,57.43,0.94,1.57,2.3423146,0.0,198.8644037,6.95,7.76,1.76,,"14,394,500.",100.,"2,209,399.83",,,276.3458458,12.9467203,,1406.467831,181.29,89.1,820.16,634.18,153.2,25.83,"1,856.68",12.23,.92,49.43,,5.23,4.19,,,,"43,231,967,000."
N822744,A056000,코원플레이,(주)코원플레이,110111-1319858,213-86-27332,1996-09-11,2003-07-11,2023-03-30,일반,12.0,중소기업,,코원홀딩스,N45100.소프트웨어 및 IT서비스,J00000.정보통신업(58~63),J58000.출판업,코스닥,감사의견 거절(감사범위 제한 및 계속기업가정 불확실성),감사의견거절,2018,0.0255312,-12.6223675,-6.5368465,2.55,-0.161303,0.1333333,40.18,-12.07,-3.91,-0.139657,-0.0451957,-0.1555066,-5.03,.16,103.59,59.13,1.16,1.29,11.3544752,0.0,188.2364921,6.12,9.37,1.46,,"6,369,210.",.,"1,335,859.09",5.06,"1,061.49",231.7704239,-71.6840033,,1442.3766106,188.48,90.51,976.9,784.95,123.2,21.89,939.7,10.49,-74.76,-26.1,,-2.66,-3.02,,5.83,140.88,"22,125,522,000."
N822744,A056000,코원플레이,(주)코원플레이,110111-1319858,213-86-27332,1996-09-11,2003-07-11,2023-03-30,일반,12.0,중소기업,,코원홀딩스,N45100.소프트웨어 및 IT서비스,J00000.정보통신업(58~63),J58000.출판업,코스닥,감사의견 거절(감사범위 제한 및 계속기업가정 불확실성),감사의견거절,2019,-0.1407229,-0.1507052,-2.3517725,-14.07,-0.2302001,0.0588235,30.22,-18.04,-17.,-0.1642672,-0.1548446,-0.1900898,-17.92,.63,116.54,48.69,.91,1.05,6.7034405,0.0,151.26602,7.01,9.73,1.17,,"8,319,970.",.,"1,171,464.58",-8.09,"-1,139.76",178.3810064,-239.8867911,,1228.8803531,145.78,82.1,642.23,584.9,196.86,10.57,"2,647.43",21.81,-28.51,-128.66,"-1,142.14",-15.67,-20.79,,-11.44,-86.7,"22,337,356,000."
N822744,A056000,코원플레이,(주)코원플레이,110111-1319858,213-86-27332,1996-09-11,2003-07-11,2023-03-30,일반,12.0,중소기업,,코원홀딩스,N45100.소프트웨어 및 IT서비스,J00000.정보통신업(58~63),J58000.출판업,코스닥,감사의견 거절(감사범위 제한 및 계속기업가정 불확실성),감사의견거절,2020,0.6341206,1.0987359,1.0880636,63.41,-0.1159171,1.0555556,42.07,2.01,1.69,0.0093794,0.0078857,0.0154173,1.3,1.32,98.39,34.09,.47,0.77,1.1887651,0.0,45.1518227,5.32,8.04,.9,,"6,776,910.",.,"942,830.27",-3.8,-529.,157.0341006,20.5086539,,1434.5376384,186.91,52.51,191.11,171.84,92.2,21.15,"1,340.71",90.42,1.53,-10.68,-333.29,-5.29,-21.38,,-10.74,-106.17,"21,161,057,000."
N822744,A056000,코원플레이,(주)코원플레이,110111-1319858,213-86-27332,1996-09-11,2003-07-11,2023-03-30,일반,12.0,중소기업,,코원홀딩스,N45100.소프트웨어 및 IT서비스,J00000.정보통신업(58~63),J58000.출판업,코스닥,감사의견 거절(감사범위 제한 및 계속기업가정 불확실성),감사의견거절,2021,-0.1949845,-18.587373,-19.6639108,-19.5,-0.6115859,-0.5135135,40.49,-91.22,-81.39,-0.1466013,-0.1307995,-0.242148,-21.6,5.9,169.3,42.25,.16,0.27,0.407289,0.0,84.2783958,1.81,3.05,.35,,"21,963,500.",.,"2,164,633.28",,,93.3614066,-279.4444283,,1155.0931594,131.02,74.73,312.07,277.21,0.81,16.44,"2,852.98",33.81,-15.46,-53.09,-920.64,-12.,-70.6,,,,"54,057,786,000."
N822744,A056000,코원플레이,(주)코원플레이,110111-1319858,213-86-27332,1996-09-11,2003-07-11,2023-03-30,일반,12.0,중소기업,,코원홀딩스,N45100.소프트웨어 및 IT서비스,J00000.정보통신업(58~63),J58000.출판업,코스닥,감사의견 거절(감사범위 제한 및 계속기업가정 불확실성),감사의견거절,2022,-0.1891561,0.2403486,0.2323933,-18.92,-0.7330147,-0.3888889,35.94,-259.55,-234.,-0.1682914,-0.1517241,-0.227767,-20.53,14.09,257.55,34.1,.06,0.09,0.2483055,0.0,41.0128418,.72,0.91,.13,,"41,896,270.",.,"2,393,789.55",,,68.4216928,-215.4383634,,939.654796,87.93,72.87,281.56,245.93,1.93,19.62,"1,305.11",37.23,-18.43,-42.26,-811.13,-9.88,-195.52,,,,"30,579,683,000."
N822744,A056000,코원플레이,(주)코원플레이,110111-1319858,213-86-27332,1996-09-11,2003-07-11,2023-03-30,일반,12.0,중소기업,,코원홀딩스,N45100.소프트웨어 및 IT서비스,J00000.정보통신업(58~63),J58000.출판업,코스닥,감사의견 거절(감사범위 제한 및 계속기업가정 불확실성),감사의견거절,2023,,,,,,,,,,,,,,,,,,,,,,,,,,,,,,,,,,,,,,,,,,,,,,,,,,,"25,428,684,000."
N822744,A056000,코원플레이,(주)코원플레이,110111-1319858,213-86-27332,1996-09-11,2003-07-11,2023-03-30,일반,12.0,중소기업,,코원홀딩스,N45100.소프트웨어 및 IT서비스,J00000.정보통신업(58~63),J58000.출판업,코스닥,감사의견 거절(감사범위 제한 및 계속기업가정 불확실성),감사의견거절,2024,,,,,,,,,,,,,,,,,,,,,,,,,,,,,,,,,,,,,,,,,,,,,,,,,,,
N252484,A056340,CU전자,(주)기산기업,134511-0005981,135-81-02899,0000-00-00,2002-11-08,2014-05-21,폐업,12.0,중소기업,,,"N45203.전자장비와 기기, 부품",C00000.제조업(10~34),"C26000.전자 부품, 컴퓨터, 영상, 음향 및 통신장비 제조업",코스닥,최종부도 발생,최종부도,2014,,,,,,,,,,,,,,,,,,,,,,,,,,,,,,,,,,,,,,,,,,,,,,,,,,,
N252484,A056340,CU전자,(주)기산기업,134511-0005981,135-81-02899,0000-00-00,2002-11-08,2014-05-21,폐업,12.0,중소기업,,,"N45203.전자장비와 기기, 부품",C00000.제조업(10~34),"C26000.전자 부품, 컴퓨터, 영상, 음향 및 통신장비 제조업",코스닥,최종부도 발생,최종부도,2015,,,,,,,,,,,,,,,,,,,,,,,,,,,,,,,,,,,,,,,,,,,,,,,,,,,
N252484,A056340,CU전자,(주)기산기업,134511-0005981,135-81-02899,0000-00-00,2002-11-08,2014-05-21,폐업,12.0,중소기업,,,"N45203.전자장비와 기기, 부품",C00000.제조업(10~34),"C26000.전자 부품, 컴퓨터, 영상, 음향 및 통신장비 제조업",코스닥,최종부도 발생,최종부도,2016,,,,,,,,,,,,,,,,,,,,,,,,,,,,,,,,,,,,,,,,,,,,,,,,,,,
N252484,A056340,CU전자,(주)기산기업,134511-0005981,135-81-02899,0000-00-00,2002-11-08,2014-05-21,폐업,12.0,중소기업,,,"N45203.전자장비와 기기, 부품",C00000.제조업(10~34),"C26000.전자 부품, 컴퓨터, 영상, 음향 및 통신장비 제조업",코스닥,최종부도 발생,최종부도,2017,,,,,,,,,,,,,,,,,,,,,,,,,,,,,,,,,,,,,,,,,,,,,,,,,,,
N252484,A056340,CU전자,(주)기산기업,134511-0005981,135-81-02899,0000-00-00,2002-11-08,2014-05-21,폐업,12.0,중소기업,,,"N45203.전자장비와 기기, 부품",C00000.제조업(10~34),"C26000.전자 부품, 컴퓨터, 영상, 음향 및 통신장비 제조업",코스닥,최종부도 발생,최종부도,2018,,,,,,,,,,,,,,,,,,,,,,,,,,,,,,,,,,,,,,,,,,,,,,,,,,,
N252484,A056340,CU전자,(주)기산기업,134511-0005981,135-81-02899,0000-00-00,2002-11-08,2014-05-21,폐업,12.0,중소기업,,,"N45203.전자장비와 기기, 부품",C00000.제조업(10~34),"C26000.전자 부품, 컴퓨터, 영상, 음향 및 통신장비 제조업",코스닥,최종부도 발생,최종부도,2019,,,,,,,,,,,,,,,,,,,,,,,,,,,,,,,,,,,,,,,,,,,,,,,,,,,
N252484,A056340,CU전자,(주)기산기업,134511-0005981,135-81-02899,0000-00-00,2002-11-08,2014-05-21,폐업,12.0,중소기업,,,"N45203.전자장비와 기기, 부품",C00000.제조업(10~34),"C26000.전자 부품, 컴퓨터, 영상, 음향 및 통신장비 제조업",코스닥,최종부도 발생,최종부도,2020,,,,,,,,,,,,,,,,,,,,,,,,,,,,,,,,,,,,,,,,,,,,,,,,,,,
N252484,A056340,CU전자,(주)기산기업,134511-0005981,135-81-02899,0000-00-00,2002-11-08,2014-05-21,폐업,12.0,중소기업,,,"N45203.전자장비와 기기, 부품",C00000.제조업(10~34),"C26000.전자 부품, 컴퓨터, 영상, 음향 및 통신장비 제조업",코스닥,최종부도 발생,최종부도,2021,,,,,,,,,,,,,,,,,,,,,,,,,,,,,,,,,,,,,,,,,,,,,,,,,,,
N252484,A056340,CU전자,(주)기산기업,134511-0005981,135-81-02899,0000-00-00,2002-11-08,2014-05-21,폐업,12.0,중소기업,,,"N45203.전자장비와 기기, 부품",C00000.제조업(10~34),"C26000.전자 부품, 컴퓨터, 영상, 음향 및 통신장비 제조업",코스닥,최종부도 발생,최종부도,2022,,,,,,,,,,,,,,,,,,,,,,,,,,,,,,,,,,,,,,,,,,,,,,,,,,,
N252484,A056340,CU전자,(주)기산기업,134511-0005981,135-81-02899,0000-00-00,2002-11-08,2014-05-21,폐업,12.0,중소기업,,,"N45203.전자장비와 기기, 부품",C00000.제조업(10~34),"C26000.전자 부품, 컴퓨터, 영상, 음향 및 통신장비 제조업",코스닥,최종부도 발생,최종부도,2023,,,,,,,,,,,,,,,,,,,,,,,,,,,,,,,,,,,,,,,,,,,,,,,,,,,
N252484,A056340,CU전자,(주)기산기업,134511-0005981,135-81-02899,0000-00-00,2002-11-08,2014-05-21,폐업,12.0,중소기업,,,"N45203.전자장비와 기기, 부품",C00000.제조업(10~34),"C26000.전자 부품, 컴퓨터, 영상, 음향 및 통신장비 제조업",코스닥,최종부도 발생,최종부도,2024,,,,,,,,,,,,,,,,,,,,,,,,,,,,,,,,,,,,,,,,,,,,,,,,,,,
N126271,A057880,푸른소나무,(주)푸른소나무,131111-0033389,129-81-25015,1998-05-06,2003-12-29,2026-01-22,외감,12.0,중소기업,,푸른소나무,N25200.내구소비재 및 의류,Q00000.보건업 및 사회복지 서비스업(86~87),Q87000.사회복지 서비스업,코스닥,감사의견 거절(감사범위 제한 및 계속기업 존속능력 불확실성),감사의견거절,2014,-0.5042983,-5.892514,-11.8365807,-50.43,-0.5011826,-0.247191,-77.8,-176.45,-248.44,-0.3742906,-0.5269929,-0.5100765,-71.82,3.31,297.83,62.62,.21,0.29,0.7968374,310.1062549,132.9092695,.88,0.48,.43,,"237,575,220.","171,110.","1,157,233.72",,,1170.3942567,-2907.6550193,-848.976658,2829.2841924,502.72,67.05,225.69,145.86,25.15,63.51,"1,923.86",49.13,-53.26,-224.6,-318.51,-64.4,-200.82,,,,"93,371,160,000."
N126271,A057880,푸른소나무,(주)푸른소나무,131111-0033389,129-81-25015,1998-05-06,2003-12-29,2026-01-22,외감,12.0,중소기업,,푸른소나무,N25200.내구소비재 및 의류,Q00000.보건업 및 사회복지 서비스업(86~87),Q87000.사회복지 서비스업,코스닥,감사의견 거절(감사범위 제한 및 계속기업 존속능력 불확실성),감사의견거절,2015,-0.2881838,0.7121846,0.7036352,-28.82,0.3956087,-0.2537313,2.45,-36.39,-52.76,-0.1626932,-0.2358727,-0.2587717,-37.52,2.03,142.71,56.56,0.45,0.71,1.2041749,412.4412712,74.1089668,2.19,0.77,1.43,,"270,378,040.","250,390.","1,026,766.99",,,1613.801605,-729.1784842,-365.4300169,2164.1317318,374.93,57.81,157.84,118.46,29.59,68.08,"1,408.13",72.99,-17.96,-106.99,-163.12,-44.17,-98.89,,,,"53,134,741,000."
N126271,A057880,푸른소나무,(주)푸른소나무,131111-0033389,129-81-25015,1998-05-06,2003-12-29,2026-01-22,외감,12.0,중소기업,,푸른소나무,N25200.내구소비재 및 의류,Q00000.보건업 및 사회복지 서비스업(86~87),Q87000.사회복지 서비스업,코스닥,감사의견 거절(감사범위 제한 및 계속기업 존속능력 불확실성),감사의견거절,2016,0.0659511,0.3592268,0.4816271,6.6,-0.1219745,-0.68,26.83,-26.56,-31.15,-0.1141833,-0.1339211,-0.1930147,-22.64,3.75,127.61,56.44,0.43,0.73,1.052754,336.4505884,120.3421568,2.58,0.63,2.02,,"701,289,660.","313,840.","2,778,812.97",,,1278.5808479,-400.7012174,-305.20129,1894.83029,315.58,60.49,149.77,104.62,28.52,90.72,"2,193.1",65.33,-7.09,-33.77,-44.78,-13.04,-30.97,,,,"43,873,521,000."
N126271,A057880,푸른소나무,(주)푸른소나무,131111-0033389,129-81-25015,1998-05-06,2003-12-29,2026-01-22,외감,12.0,중소기업,,푸른소나무,N25200.내구소비재 및 의류,Q00000.보건업 및 사회복지 서비스업(86~87),Q87000.사회복지 서비스업,코스닥,감사의견 거절(감사범위 제한 및 계속기업 존속능력 불확실성),감사의견거절,2017,-0.4401774,0.5412917,-2.1974223,-44.02,-0.5633113,0.3125,24.3,-27.9,-228.06,-0.0534947,-0.4373416,-0.1100106,-89.94,18.77,165.03,30.7,0.19,0.39,0.3732873,468.9984993,119.49695,1.39,0.28,7.05,,"467,436,170.","5,018,570.","2,016,213.5",,,495.4221074,-1095.593733,-169.4642438,1032.5387057,144.26,36.01,76.43,60.45,16.07,,272.85,177.67,-1.49,-77.06,-92.09,-48.76,-239.61,,,,"44,695,041,000."
N126271,A057880,푸른소나무,(주)푸른소나무,131111-0033389,129-81-25015,1998-05-06,2003-12-29,2026-01-22,외감,12.0,중소기업,,푸른소나무,N25200.내구소비재 및 의류,Q00000.보건업 및 사회복지 서비스업(86~87),Q87000.사회복지 서비스업,코스닥,감사의견 거절(감사범위 제한 및 계속기업 존속능력 불확실성),감사의견거절,2018,0.4649259,-1.1484533,-0.0943061,46.49,-0.167931,0.1904762,20.24,-72.03,-299.93,-0.1165983,-0.4855286,-0.2671661,-111.25,26.77,221.32,25.55,.16,0.37,0.2872386,699.3621467,50.1118686,2.1,0.43,-1.7,,"396,499,180.","4,215,600.","1,657,450.52",,,283.0942222,-843.2672444,-364.8877999,763.2238848,74.85,51.02,90.79,79.4,16.48,,212.74,96.,-2.69,-80.63,-105.06,-39.42,-261.04,,,,"42,022,703,000."
N126271,A057880,푸른소나무,(주)푸른소나무,131111-0033389,129-81-25015,1998-05-06,2003-12-29,2026-01-22,외감,12.0,중소기업,,푸른소나무,N25200.내구소비재 및 의류,Q00000.보건업 및 사회복지 서비스업(86~87),Q87000.사회복지 서비스업,코스닥,감사의견 거절(감사범위 제한 및 계속기업 존속능력 불확실성),감사의견거절,2019,0.1024887,-0.3122366,-0.2298862,10.25,0.3568928,-0.2,14.56,-69.66,-271.86,-0.116906,-0.45626,-0.2805744,-109.5,41.27,318.24,8.5,.17,0.4,0.28771,670.2444467,39.2144849,3.31,2.87,-.77,,"469,257,330.",.,"2,795,429.48",,,208.0264304,-650.0595926,-298.5489566,548.4444511,25.78,35.73,48.21,40.64,11.4,,813.08,179.91,-1.69,-60.31,-66.65,-38.1,-321.58,,,,"43,454,981,000."
N126271,A057880,푸른소나무,(주)푸른소나무,131111-0033389,129-81-25015,1998-05-06,2003-12-29,2026-01-22,외감,12.0,중소기업,,푸른소나무,N25200.내구소비재 및 의류,Q00000.보건업 및 사회복지 서비스업(86~87),Q87000.사회복지 서비스업,코스닥,감사의견 거절(감사범위 제한 및 계속기업 존속능력 불확실성),감사의견거절,2020,2.0842366,1.0268669,1.3126215,208.42,1.674802,-0.4,37.68,.7,31.77,0.0022964,0.1042835,0.0035198,15.98,14.26,82.86,47.23,.33,0.5,0.944253,299.6731928,21.1446687,9.62,4.03,3.34,,"426,563,670.",.,"6,165,382.29",,,427.5219371,135.8395333,-157.3162572,964.3343111,101.54,89.11,526.55,504.56,85.56,5.16,690.89,12.22,0.05,-28.9,-82.39,-3.24,-11.32,,,,"68,416,700,000."
N126271,A057880,푸른소나무,(주)푸른소나무,131111-0033389,129-81-25015,1998-05-06,2003-12-29,2026-01-22,외감,12.0,중소기업,,푸른소나무,N25200.내구소비재 및 의류,Q00000.보건업 및 사회복지 서비스업(86~87),Q87000.사회복지 서비스업,코스닥,감사의견 거절(감사범위 제한 및 계속기업 존속능력 불확실성),감사의견거절,2021,-0.4981649,-106.1446363,-10.3705021,-49.82,-0.2770833,3.9166667,-2.4,-101.76,-411.85,-0.2515512,-1.0180729,-0.3263189,-132.07,1.04,483.86,-28.36,.25,0.32,1.0788592,406.1574564,68.0659609,4.5,1.74,.63,,"108,156,220.","342,990.","1,162,670.75",,,203.1775717,-836.7931665,-253.8185019,319.832904,-29.73,60.75,185.22,158.79,57.6,31.02,759.09,64.6,-97.92,-301.15,"-8,606.18",-124.62,-443.24,,,,"84,598,880,000."
N126271,A057880,푸른소나무,(주)푸른소나무,131111-0033389,129-81-25015,1998-05-06,2003-12-29,2026-01-22,외감,12.0,중소기업,,푸른소나무,N25200.내구소비재 및 의류,Q00000.보건업 및 사회복지 서비스업(86~87),Q87000.사회복지 서비스업,코스닥,감사의견 거절(감사범위 제한 및 계속기업 존속능력 불확실성),감사의견거절,2022,-1.1934987,0.1953854,0.4879159,,-0.4993096,0.2542373,9.56,-163.53,-421.23,-0.3654576,-0.9413321,-0.9742856,,.81,469.93,-329.37,.22,,0.3576186,2880.8917376,220.5277756,2.48,0.77,4.26,,"97,827,570.","612,720.","508,562.94",,,380.8884967,-322.2419484,,-320.0730809,-105.73,,37.77,32.97,10.24,,59.93,,-203.05,-137.11,"-4,581.8",-207.35,-419.29,,,,"62,271,859,000."
N126271,A057880,푸른소나무,(주)푸른소나무,131111-0033389,129-81-25015,1998-05-06,2003-12-29,2026-01-22,외감,12.0,중소기업,,푸른소나무,N25200.내구소비재 및 의류,Q00000.보건업 및 사회복지 서비스업(86~87),Q87000.사회복지 서비스업,코스닥,감사의견 거절(감사범위 제한 및 계속기업 존속능력 불확실성),감사의견거절,2023,-1.128277,0.3234394,0.5360275,-95.04,-0.7774678,-0.2297297,-33.72,-497.19,-878.24,-0.7024449,-1.2408053,3.1516753,,3.92,824.18,-570.51,.14,0.2,0.115533,5001.8202233,933.1236544,3.22,.07,-.18,,"27,739,540.","442,100.","305,572.59",,,16.9953501,-149.5113919,,7.9387091,-91.83,9.82,13.4,12.67,2.86,,54.31,918.25,-126.92,-181.4,"-3,564.95",-149.24,-937.15,,,,"19,069,725,000."
N126271,A057880,푸른소나무,(주)푸른소나무,131111-0033389,129-81-25015,1998-05-06,2003-12-29,2026-01-22,외감,12.0,중소기업,,푸른소나무,N25200.내구소비재 및 의류,Q00000.보건업 및 사회복지 서비스업(86~87),Q87000.사회복지 서비스업,코스닥,감사의견 거절(감사범위 제한 및 계속기업 존속능력 불확실성),감사의견거절,2024,1.9005359,0.8535926,0.5692327,190.05,0.8083337,1.1754386,11.95,-40.25,-209.21,-0.1390396,-0.7226192,-0.8039152,-417.81,5.09,292.79,-79.22,.35,2.0,0.4176394,1981.0815663,88.1406749,129.71,0.14,-.63,,"13,615,300.",770.,"89,282.9",,,127.3357297,-266.396282,-105.8211428,111.0088763,-74.87,23.45,31.77,31.77,4.03,,121.24,326.48,-7.91,-91.95,-415.03,-70.79,-224.59,,,,"9,561,772,000."
N135599,A058220,아리온,(주)아리온테크놀로지,134111-0069357,123-81-51500,1999-10-28,2005-08-05,2024-05-03,일반,12.0,중소기업,,,N25201.가정용 내구재,C00000.제조업(10~34),"C26000.전자 부품, 컴퓨터, 영상, 음향 및 통신장비 제조업",코스닥,감사의견 거절(감사범위 제한 및 계속기업 존속능력에 대한 불확실성),감사의견거절,2014,0.0110048,-0.6509477,-0.8679891,1.1,0.4722579,0.115942,13.79,.78,.26,0.0132787,0.0044458,0.0245805,.82,.32,99.7,40.9,1.71,3.17,3.7198755,,,7.24,4.28,4.16,,"87,959,980.",.,"672,013.51",8.17,62.42,,23.007891,,2810.9927291,462.2,49.74,180.65,129.2,39.79,63.8,155.96,101.03,2.45,.46,1.25,0.23,.15,,4.78,76.26,
N135599,A058220,아리온,(주)아리온테크놀로지,134111-0069357,123-81-51500,1999-10-28,2005-08-05,2024-05-03,일반,12.0,중소기업,,,N25201.가정용 내구재,C00000.제조업(10~34),"C26000.전자 부품, 컴퓨터, 영상, 음향 및 통신장비 제조업",코스닥,감사의견 거절(감사범위 제한 및 계속기업 존속능력에 대한 불확실성),감사의견거절,2015,0.0834386,1.6429348,9.6857887,8.34,0.0027862,0.0909091,15.43,2.05,2.77,0.0327393,0.0443185,0.0620236,8.4,.19,97.64,46.79,1.6,3.03,3.3887794,,,7.74,5.39,4.69,,"80,092,110.",.,"660,332.01",10.87,89.58,,245.2880055,,2995.5521322,498.31,55.94,248.16,163.45,66.46,57.17,148.37,78.75,10.65,9.86,18.71,4.34,2.66,,6.79,53.8,
N135599,A058220,아리온,(주)아리온테크놀로지,134111-0069357,123-81-51500,1999-10-28,2005-08-05,2024-05-03,일반,12.0,중소기업,,,N25201.가정용 내구재,C00000.제조업(10~34),"C26000.전자 부품, 컴퓨터, 영상, 음향 및 통신장비 제조업",코스닥,감사의견 거절(감사범위 제한 및 계속기업 존속능력에 대한 불확실성),감사의견거절,2016,0.1925248,-6.1844548,-6.2904308,19.25,-0.5196348,-0.1666667,,,,-0.1152668,-0.167057,-0.2463976,,,,,,1.28,1.1217237,,,5.39,2.36,,,,,"926,061.8",,,3287.0710884,-923.1541439,-1047.3657873,1283.9797554,,,120.82,90.64,,,,113.76,-20.35,,,,,,,-275.28,
N135599,A058220,아리온,(주)아리온테크놀로지,134111-0069357,123-81-51500,1999-10-28,2005-08-05,2024-05-03,일반,12.0,중소기업,,,N25201.가정용 내구재,C00000.제조업(10~34),"C26000.전자 부품, 컴퓨터, 영상, 음향 및 통신장비 제조업",코스닥,감사의견 거절(감사범위 제한 및 계속기업 존속능력에 대한 불확실성),감사의견거절,2017,-0.3662152,-0.0634155,-0.6640681,-36.62,0.1239295,0.1,,,,-0.1297688,-0.2943058,-0.3207559,,,,,,1.76,1.1929624,,,7.17,3.44,,,,,"913,707.38",,,714.5007927,-298.0526334,35.9483687,289.8007455,,,68.69,52.82,,,,199.89,-7.79,,,,,,,-37.33,
N135599,A058220,아리온,(주)아리온테크놀로지,134111-0069357,123-81-51500,1999-10-28,2005-08-05,2024-05-03,일반,12.0,중소기업,,,N25201.가정용 내구재,C00000.제조업(10~34),"C26000.전자 부품, 컴퓨터, 영상, 음향 및 통신장비 제조업",코스닥,감사의견 거절(감사범위 제한 및 계속기업 존속능력에 대한 불확실성),감사의견거절,2018,0.1103021,0.3797573,0.4789835,11.03,-0.1131906,-0.3376623,,,,-0.0804557,-0.1532763,-0.2430215,,,,,,1.9,0.9412969,,,8.23,4.98,,,,,"1,352,355.59",,,530.9414717,-130.340476,-46.6012764,279.0751506,,,129.91,99.75,,,,204.,-1.41,,,,,,,-174.15,
N135599,A058220,아리온,(주)아리온테크놀로지,134111-0069357,123-81-51500,1999-10-28,2005-08-05,2024-05-03,일반,12.0,중소기업,,,N25201.가정용 내구재,C00000.제조업(10~34),"C26000.전자 부품, 컴퓨터, 영상, 음향 및 통신장비 제조업",코스닥,감사의견 거절(감사범위 제한 및 계속기업 존속능력에 대한 불확실성),감사의견거절,2019,-0.2354387,1.3544318,0.3283539,-23.54,-0.2799781,0.0784314,,,,0.025321,-0.0914128,0.0927778,,,,,,1.48,0.5536899,,,6.97,3.11,,,,,"1,439,927.69",,,403.2512045,-91.8712712,-146.8759426,523.5063005,,,57.32,49.4,,,,348.02,.36,,,,,,,,
N135599,A058220,아리온,(주)아리온테크놀로지,134111-0069357,123-81-51500,1999-10-28,2005-08-05,2024-05-03,일반,12.0,중소기업,,,N25201.가정용 내구재,C00000.제조업(10~34),"C26000.전자 부품, 컴퓨터, 영상, 음향 및 통신장비 제조업",코스닥,감사의견 거절(감사범위 제한 및 계속기업 존속능력에 대한 불확실성),감사의견거절,2020,-1.440373,-6.2382693,-2.8805515,,-0.7519567,,,,,-0.192631,-0.5151789,-2.0042763,,,,,,,0.160442,,,2.04,0.72,,,,,,,,212.3910771,-755.1508866,-56.0760218,-231.792415,,,51.44,40.33,,,,,-7.14,,,,,,,,
N135599,A058220,아리온,(주)아리온테크놀로지,134111-0069357,123-81-51500,1999-10-28,2005-08-05,2024-05-03,일반,12.0,중소기업,,,N25201.가정용 내구재,C00000.제조업(10~34),"C26000.전자 부품, 컴퓨터, 영상, 음향 및 통신장비 제조업",코스닥,감사의견 거절(감사범위 제한 및 계속기업 존속능력에 대한 불확실성),감사의견거절,2021,,,,,,,,,,,,,,,,,,,,,,,,,,,,,,,,,,,,,,,,,,,,,,,,,,,
N135599,A058220,아리온,(주)아리온테크놀로지,134111-0069357,123-81-51500,1999-10-28,2005-08-05,2024-05-03,일반,12.0,중소기업,,,N25201.가정용 내구재,C00000.제조업(10~34),"C26000.전자 부품, 컴퓨터, 영상, 음향 및 통신장비 제조업",코스닥,감사의견 거절(감사범위 제한 및 계속기업 존속능력에 대한 불확실성),감사의견거절,2022,,,,,,,,,,,,,,,,,,,,,,,,,,,,,,,,,,,,,,,,,,,,,,,,,,,
N135599,A058220,아리온,(주)아리온테크놀로지,134111-0069357,123-81-51500,1999-10-28,2005-08-05,2024-05-03,일반,12.0,중소기업,,,N25201.가정용 내구재,C00000.제조업(10~34),"C26000.전자 부품, 컴퓨터, 영상, 음향 및 통신장비 제조업",코스닥,감사의견 거절(감사범위 제한 및 계속기업 존속능력에 대한 불확실성),감사의견거절,2023,,,,,,,,,,,,,,,,,,,,,,,,,,,,,,,,,,,,,,,,,,,,,,,,,,,
N135599,A058220,아리온,(주)아리온테크놀로지,134111-0069357,123-81-51500,1999-10-28,2005-08-05,2024-05-03,일반,12.0,중소기업,,,N25201.가정용 내구재,C00000.제조업(10~34),"C26000.전자 부품, 컴퓨터, 영상, 음향 및 통신장비 제조업",코스닥,감사의견 거절(감사범위 제한 및 계속기업 존속능력에 대한 불확실성),감사의견거절,2024,,,,,,,,,,,,,,,,,,,,,,,,,,,,,,,,,,,,,,,,,,,,,,,,,,,
N041808,A058370,비엔씨컴퍼니,(주)비엔씨컴퍼니,110111-0695332,213-81-31073,1990-04-25,2002-02-19,2017-05-08,폐업,12.0,중소기업,,,N45301.반도체 및 반도체장비,G00000.도매 및 소매업(45~47),G46000.도매 및 상품 중개업,코스닥,감사범위제한으로 인한 한정의견,감사의견한정,2014,1.1264921,0.0749126,0.1204274,112.65,-0.3456895,-0.1428571,4.78,-24.66,-44.25,-0.1578211,-0.2832464,-0.3056168,-54.85,3.63,141.04,-38.31,.64,1.24,1.323527,,,10.13,2.13,15.87,,,,"1,505,706.08",,,386.5740559,-171.9336933,-205.9901222,317.2477963,-36.54,66.52,163.24,141.08,3.62,35.03,286.12,50.33,-6.8,,,,,,,,
N041808,A058370,비엔씨컴퍼니,(주)비엔씨컴퍼니,110111-0695332,213-81-31073,1990-04-25,2002-02-19,2017-05-08,폐업,12.0,중소기업,,,N45301.반도체 및 반도체장비,G00000.도매 및 소매업(45~47),G46000.도매 및 상품 중개업,코스닥,감사범위제한으로 인한 한정의견,감사의견한정,2015,0.2813506,1.0589253,-1.3372242,28.14,0.4071895,0.1666667,15.67,1.03,-73.5,0.0068902,-0.4904923,0.011606,-82.62,2.49,170.45,26.57,0.67,1.12,1.6423702,,,11.54,2.7,5.2,,,,"1,774,469.36",,,442.4562403,-326.5415792,-127.0229218,970.7044058,94.16,54.77,118.,106.87,4.47,61.81,693.06,82.57,.41,,,,,,,,
N041808,A058370,비엔씨컴퍼니,(주)비엔씨컴퍼니,110111-0695332,213-81-31073,1990-04-25,2002-02-19,2017-05-08,폐업,12.0,중소기업,,,N45301.반도체 및 반도체장비,G00000.도매 및 소매업(45~47),G46000.도매 및 상품 중개업,코스닥,감사범위제한으로 인한 한정의견,감사의견한정,2016,0.5302098,-20.2130635,0.3721805,53.02,-0.4551335,0.0714286,,,,-0.1694175,-0.2310922,-0.2506999,,,,,,0.41,0.8554178,,,11.28,1.33,,,,,"2,146,915.17",,,,-376.4659259,,1077.3753561,,,191.34,183.25,,,,28.31,-5.58,,,,,,,,
N041808,A058370,비엔씨컴퍼니,(주)비엔씨컴퍼니,110111-0695332,213-81-31073,1990-04-25,2002-02-19,2017-05-08,폐업,12.0,중소기업,,,N45301.반도체 및 반도체장비,G00000.도매 및 소매업(45~47),G46000.도매 및 상품 중개업,코스닥,감사범위제한으로 인한 한정의견,감사의견한정,2017,,,,,,,,,,,,,,,,,,,,,,,,,,,,,,,,,,,,,,,,,,,,,,,,,,,
N041808,A058370,비엔씨컴퍼니,(주)비엔씨컴퍼니,110111-0695332,213-81-31073,1990-04-25,2002-02-19,2017-05-08,폐업,12.0,중소기업,,,N45301.반도체 및 반도체장비,G00000.도매 및 소매업(45~47),G46000.도매 및 상품 중개업,코스닥,감사범위제한으로 인한 한정의견,감사의견한정,2018,,,,,,,,,,,,,,,,,,,,,,,,,,,,,,,,,,,,,,,,,,,,,,,,,,,
N041808,A058370,비엔씨컴퍼니,(주)비엔씨컴퍼니,110111-0695332,213-81-31073,1990-04-25,2002-02-19,2017-05-08,폐업,12.0,중소기업,,,N45301.반도체 및 반도체장비,G00000.도매 및 소매업(45~47),G46000.도매 및 상품 중개업,코스닥,감사범위제한으로 인한 한정의견,감사의견한정,2019,,,,,,,,,,,,,,,,,,,,,,,,,,,,,,,,,,,,,,,,,,,,,,,,,,,
N041808,A058370,비엔씨컴퍼니,(주)비엔씨컴퍼니,110111-0695332,213-81-31073,1990-04-25,2002-02-19,2017-05-08,폐업,12.0,중소기업,,,N45301.반도체 및 반도체장비,G00000.도매 및 소매업(45~47),G46000.도매 및 상품 중개업,코스닥,감사범위제한으로 인한 한정의견,감사의견한정,2020,,,,,,,,,,,,,,,,,,,,,,,,,,,,,,,,,,,,,,,,,,,,,,,,,,,
N041808,A058370,비엔씨컴퍼니,(주)비엔씨컴퍼니,110111-0695332,213-81-31073,1990-04-25,2002-02-19,2017-05-08,폐업,12.0,중소기업,,,N45301.반도체 및 반도체장비,G00000.도매 및 소매업(45~47),G46000.도매 및 상품 중개업,코스닥,감사범위제한으로 인한 한정의견,감사의견한정,2021,,,,,,,,,,,,,,,,,,,,,,,,,,,,,,,,,,,,,,,,,,,,,,,,,,,
N041808,A058370,비엔씨컴퍼니,(주)비엔씨컴퍼니,110111-0695332,213-81-31073,1990-04-25,2002-02-19,2017-05-08,폐업,12.0,중소기업,,,N45301.반도체 및 반도체장비,G00000.도매 및 소매업(45~47),G46000.도매 및 상품 중개업,코스닥,감사범위제한으로 인한 한정의견,감사의견한정,2022,,,,,,,,,,,,,,,,,,,,,,,,,,,,,,,,,,,,,,,,,,,,,,,,,,,
N041808,A058370,비엔씨컴퍼니,(주)비엔씨컴퍼니,110111-0695332,213-81-31073,1990-04-25,2002-02-19,2017-05-08,폐업,12.0,중소기업,,,N45301.반도체 및 반도체장비,G00000.도매 및 소매업(45~47),G46000.도매 및 상품 중개업,코스닥,감사범위제한으로 인한 한정의견,감사의견한정,2023,,,,,,,,,,,,,,,,,,,,,,,,,,,,,,,,,,,,,,,,,,,,,,,,,,,
N041808,A058370,비엔씨컴퍼니,(주)비엔씨컴퍼니,110111-0695332,213-81-31073,1990-04-25,2002-02-19,2017-05-08,폐업,12.0,중소기업,,,N45301.반도체 및 반도체장비,G00000.도매 및 소매업(45~47),G46000.도매 및 상품 중개업,코스닥,감사범위제한으로 인한 한정의견,감사의견한정,2024,,,,,,,,,,,,,,,,,,,,,,,,,,,,,,,,,,,,,,,,,,,,,,,,,,,
N033344,A058420,제이웨이,(주)보우나라,110111-1025439,113-81-29812,1993-11-01,2002-01-10,2023-04-14,일반,12.0,중소기업,,보우나라,N25401.미디어,J00000.정보통신업(58~63),J59000.영상ㆍ오디오 기록물 제작 및 배급업,코스닥,감사의견 거절(감사범위 제한 및 계속기업가정 불확실성),감사의견거절,2014,-0.4047608,-0.3172242,0.1974765,-40.48,0.0730197,-0.4594595,22.06,-16.43,-24.77,-0.2231929,-0.336455,-0.323083,-48.7,.46,124.09,15.85,1.36,1.97,4.3936935,0.0,0.0,48.,7.38,10.48,,"93,248,430.","90,359,880.","490,243.18",,,585.4561777,-145.005117,93.0126001,655.6537869,31.12,66.8,124.58,123.09,30.88,6.05,,49.71,-35.76,-158.11,"-1,138.42",-42.67,-32.43,,,,
N033344,A058420,제이웨이,(주)보우나라,110111-1025439,113-81-29812,1993-11-01,2002-01-10,2023-04-14,일반,12.0,중소기업,,보우나라,N25401.미디어,J00000.정보통신업(58~63),J59000.영상ㆍ오디오 기록물 제작 및 배급업,코스닥,감사의견 거절(감사범위 제한 및 계속기업가정 불확실성),감사의견거절,2015,0.3524537,1.2125593,1.0456784,35.25,-0.354433,0.2,21.52,5.41,1.75,0.0576519,0.0186763,0.0782361,2.53,.,90.62,27.03,1.07,1.45,4.0504762,0.0,0.0,557.64,4.56,4.79,,"50,394,980.","48,429,730.","323,270.85",24.27,155.67,951.1540386,17.6792092,277.3554873,759.079811,51.81,79.78,310.72,310.72,174.4,.,,25.35,,48.74,,7.09,6.26,161.98,19.99,63.35,
N033344,A058420,제이웨이,(주)보우나라,110111-1025439,113-81-29812,1993-11-01,2002-01-10,2023-04-14,일반,12.0,중소기업,,보우나라,N25401.미디어,J00000.정보통신업(58~63),J59000.영상ㆍ오디오 기록물 제작 및 배급업,코스닥,감사의견 거절(감사범위 제한 및 계속기업가정 불확실성),감사의견거절,2016,0.2900439,-3.168139,-11.3711195,29.,-0.1630914,0.1666667,15.45,-14.01,-21.72,-0.1084714,-0.1680859,-0.1288396,-19.96,.,119.16,36.61,0.77,0.92,4.8957866,0.0,0.0,849.73,4.52,1.83,,"29,863,660.","28,051,800.","348,036.91",9.48,110.51,727.0849862,-165.652754,134.8083835,919.3284569,71.29,87.96,516.22,514.75,423.,.35,,13.68,,-49.98,,-5.41,-7.54,117.64,11.52,155.15,
N033344,A058420,제이웨이,(주)보우나라,110111-1025439,113-81-29812,1993-11-01,2002-01-10,2023-04-14,일반,12.0,중소기업,,보우나라,N25401.미디어,J00000.정보통신업(58~63),J59000.영상ㆍ오디오 기록물 제작 및 배급업,코스닥,감사의견 거절(감사범위 제한 및 계속기업가정 불확실성),감사의견거절,2017,-0.268717,-1.3378099,-1.5387,-26.87,-0.072459,0.7142857,11.21,-35.32,-59.44,-0.267669,-0.4504185,-0.3088374,-51.97,.01,158.95,14.18,0.76,0.87,5.6845675,0.0,0.0,64.34,4.24,1.65,,"9,977,810.","8,229,060.","196,726.85",-21.3,-419.9,611.4286087,-324.573696,-147.0522772,601.1544168,20.22,84.96,422.97,404.27,262.19,5.79,,17.7,"-6,712.29",-385.45,,-52.9,-64.69,-509.13,-31.9,-91.16,
N033344,A058420,제이웨이,(주)보우나라,110111-1025439,113-81-29812,1993-11-01,2002-01-10,2023-04-14,일반,12.0,중소기업,,보우나라,N25401.미디어,J00000.정보통신업(58~63),J59000.영상ㆍ오디오 기록물 제작 및 배급업,코스닥,감사의견 거절(감사범위 제한 및 계속기업가정 불확실성),감사의견거절,2018,0.6594746,0.0756505,0.3509191,65.95,-0.2525203,-0.5416667,2.86,-43.46,-59.14,-0.1904753,-0.2591845,-0.2315792,-31.51,4.46,156.96,22.47,.44,0.53,2.4692202,,,,3.26,2.12,,"11,179,700.","6,352,450.","488,749.57",,,,-203.8900461,,695.3086557,39.06,80.0,167.03,167.03,52.55,.,,25.,-9.74,-96.44,-166.06,-19.29,-56.46,,,,
N033344,A058420,제이웨이,(주)보우나라,110111-1025439,113-81-29812,1993-11-01,2002-01-10,2023-04-14,일반,12.0,중소기업,,보우나라,N25401.미디어,J00000.정보통신업(58~63),J59000.영상ㆍ오디오 기록물 제작 및 배급업,코스닥,감사의견 거절(감사범위 제한 및 계속기업가정 불확실성),감사의견거절,2019,0.194739,0.2848311,-0.1859055,19.47,0.0063716,-0.2272727,15.98,-10.93,-26.65,-0.0591761,-0.1442112,-0.0975301,-23.77,2.65,121.69,11.62,.54,0.89,1.3762734,0.0,0.0,18.86,5.24,2.43,,"9,483,180.","1,936,560.","818,675.62",,,582.5757723,-163.8809261,52.0013367,618.7796452,23.75,60.67,162.69,154.61,46.27,12.89,286.32,64.81,-4.13,-377.23,"-2,410.69",-22.91,-67.82,,,,
N033344,A058420,제이웨이,(주)보우나라,110111-1025439,113-81-29812,1993-11-01,2002-01-10,2023-04-14,일반,12.0,중소기업,,보우나라,N25401.미디어,J00000.정보통신업(58~63),J59000.영상ㆍ오디오 기록물 제작 및 배급업,코스닥,감사의견 거절(감사범위 제한 및 계속기업가정 불확실성),감사의견거절,2020,-0.5487841,-3.3888101,-4.5294051,-54.88,-0.4527153,0.5294118,11.23,-87.68,-269.21,-0.283395,-0.8701152,-0.5899069,-181.12,1.48,282.77,-38.15,.32,0.67,0.6220514,0.0,0.0,2.98,2.79,2.33,,"22,224,960.","14,893,040.","436,934.48",,,291.5376382,-631.0491174,-189.6058759,191.0607044,-61.79,32.87,108.5,62.39,13.92,542.6,93.04,204.22,-59.29,-211.48,-300.22,-160.71,-262.35,,,,
N033344,A058420,제이웨이,(주)보우나라,110111-1025439,113-81-29812,1993-11-01,2002-01-10,2023-04-14,일반,12.0,중소기업,,보우나라,N25401.미디어,J00000.정보통신업(58~63),J59000.영상ㆍ오디오 기록물 제작 및 배급업,코스닥,감사의견 거절(감사범위 제한 및 계속기업가정 불확실성),감사의견거절,2021,-1.5803741,0.3035839,0.4388868,,-0.2029024,-0.3461539,2.39,-76.61,-189.51,-0.3706121,-0.9168236,-3.148746,,8.16,208.71,-170.57,.48,,0.5483333,0.0,0.0,2.48,3.3,-3.43,,"28,337,120.","22,038,350.","302,955.65",,,736.2138266,-1252.1596997,-323.5763788,-927.6064836,-285.11,,29.84,21.45,11.32,,39.34,,-9.39,-130.87,-140.68,-423.92,-212.09,,,,
N033344,A058420,제이웨이,(주)보우나라,110111-1025439,113-81-29812,1993-11-01,2002-01-10,2023-04-14,일반,12.0,중소기업,,보우나라,N25401.미디어,J00000.정보통신업(58~63),J59000.영상ㆍ오디오 기록물 제작 및 배급업,코스닥,감사의견 거절(감사범위 제한 및 계속기업가정 불확실성),감사의견거절,2022,0.3465289,0.0443583,0.8205219,,-0.5703933,-0.8235294,-16.38,-105.62,-90.36,-1.0782184,-0.922447,0.3452303,,6.67,172.86,-604.84,1.02,,0.2475808,,,403.4,2.55,-.36,,"69,670.","8,670.","453,917.33",,,,-347.8814758,,-1352.7179197,-370.07,,18.18,18.18,.51,,,,-15.83,-20.99,-24.5,-113.72,-90.36,,,,
N033344,A058420,제이웨이,(주)보우나라,110111-1025439,113-81-29812,1993-11-01,2002-01-10,2023-04-14,일반,12.0,중소기업,,보우나라,N25401.미디어,J00000.정보통신업(58~63),J59000.영상ㆍ오디오 기록물 제작 및 배급업,코스닥,감사의견 거절(감사범위 제한 및 계속기업가정 불확실성),감사의견거절,2023,,,,,,,,,,,,,,,,,,,,,,,,,,,,,,,,,,,,,,,,,,,,,,,,,,,
N033344,A058420,제이웨이,(주)보우나라,110111-1025439,113-81-29812,1993-11-01,2002-01-10,2023-04-14,일반,12.0,중소기업,,보우나라,N25401.미디어,J00000.정보통신업(58~63),J59000.영상ㆍ오디오 기록물 제작 및 배급업,코스닥,감사의견 거절(감사범위 제한 및 계속기업가정 불확실성),감사의견거절,2024,,,,,,,,,,,,,,,,,,,,,,,,,,,,,,,,,,,,,,,,,,,,,,,,,,,
N102286,A058530,파나케이아,헬스커넥트(주),110111-1005879,107-81-44588,1994-01-25,2002-02-05,2024-06-25,외감,12.0,중소기업,,씨지인바이츠,N20106.기계,C00000.제조업(10~34),C29000.기타 기계 및 장비 제조업,코스닥,기업의 계속성 및 경영의 투명성 등을 종합적으로 고려하여 상장폐지기준에 해당한다고 결정,기업의계속성_경영의투명성종합판단,2014,0.075272,-0.8490406,-4.9018699,7.53,-0.0919508,0.0238095,31.3,1.3,-12.42,0.0070001,-0.066624,0.0146628,-13.96,4.72,109.45,16.26,.54,1.12,1.0265282,1530.129971,179.5033346,4.12,2.29,8.76,,"115,567,400.","5,309,940.","478,492.76",,,879.1061203,-109.8286638,91.8132932,749.9849331,50.85,48.52,106.3,76.57,22.01,471.8,254.1,106.11,.28,-10.23,-14.47,-5.25,-11.44,,,,"41,188,722,000."
N102286,A058530,파나케이아,헬스커넥트(주),110111-1005879,107-81-44588,1994-01-25,2002-02-05,2024-06-25,외감,12.0,중소기업,,씨지인바이츠,N20106.기계,C00000.제조업(10~34),C29000.기타 기계 및 장비 제조업,코스닥,기업의 계속성 및 경영의 투명성 등을 종합적으로 고려하여 상장폐지기준에 해당한다고 결정,기업의계속성_경영의투명성종합판단,2015,0.3911186,2.2511985,1.150388,39.11,0.0329646,0.1627907,35.66,4.11,1.81,0.0204513,0.0090036,0.0384783,1.69,3.29,96.2,26.93,0.5,0.94,1.0628875,0.0,191.6127442,2.31,2.84,4.14,,"98,096,540.","4,032,980.","462,743.79",,,794.2896563,14.200597,-169.4983974,938.1968184,88.3,57.07,161.5,71.63,22.66,146.14,138.99,75.23,1.25,5.26,8.58,2.25,5.66,,,,"42,842,916,000."
N102286,A058530,파나케이아,헬스커넥트(주),110111-1005879,107-81-44588,1994-01-25,2002-02-05,2024-06-25,외감,12.0,중소기업,,씨지인바이츠,N20106.기계,C00000.제조업(10~34),C29000.기타 기계 및 장비 제조업,코스닥,기업의 계속성 및 경영의 투명성 등을 종합적으로 고려하여 상장폐지기준에 해당한다고 결정,기업의계속성_경영의투명성종합판단,2016,0.7662451,3.1041776,-0.8358406,76.62,1.5683525,-0.13,30.34,6.56,0.12,0.0539961,0.0009508,0.0981269,0.17,1.94,95.76,32.01,0.82,1.5,1.8294143,0.0,66.8665953,2.95,4.26,3.86,,"110,938,330.","2,104,550.","733,484.2",,,1838.5552948,-35.5912945,-340.3262682,1374.6426665,175.32,53.93,152.75,87.83,6.76,123.08,376.84,85.41,3.38,-5.79,-8.39,-2.31,-6.02,,,,"50,669,501,000."
N102286,A058530,파나케이아,헬스커넥트(주),110111-1005879,107-81-44588,1994-01-25,2002-02-05,2024-06-25,외감,12.0,중소기업,,씨지인바이츠,N20106.기계,C00000.제조업(10~34),C29000.기타 기계 및 장비 제조업,코스닥,기업의 계속성 및 경영의 투명성 등을 종합적으로 고려하여 상장폐지기준에 해당한다고 결정,기업의계속성_경영의투명성종합판단,2017,-0.0776246,-4.544434,-344.9421911,-7.76,0.6170059,-0.0229885,13.26,-14.39,-24.58,-0.1228764,-0.2099635,-0.2833586,-48.42,3.67,125.89,15.07,0.85,1.97,1.5081583,0.0,94.6054044,4.25,3.52,6.14,,"86,768,700.","136,710.","1,007,866.97",,,2678.8881855,-555.2178038,-531.0796471,863.1234351,72.62,35.76,114.61,87.29,18.86,187.03,284.67,179.6,-3.92,-34.37,-48.11,-16.16,-36.88,,,,"94,693,328,000."
N102286,A058530,파나케이아,헬스커넥트(주),110111-1005879,107-81-44588,1994-01-25,2002-02-05,2024-06-25,외감,12.0,중소기업,,씨지인바이츠,N20106.기계,C00000.제조업(10~34),C29000.기타 기계 및 장비 제조업,코스닥,기업의 계속성 및 경영의 투명성 등을 종합적으로 고려하여 상장폐지기준에 해당한다고 결정,기업의계속성_경영의투명성종합판단,2018,0.1487092,-0.029805,0.266498,14.87,-0.2689427,-0.1176471,16.56,-20.26,-24.66,-0.094506,-0.115022,-0.2830377,-34.45,9.23,121.12,14.42,.47,1.4,0.7001394,0.0,240.8878181,4.92,2.78,27.96,,"113,609,840.","20,570.","1,401,073.41",,,1229.3786592,-235.0407434,-14.5626723,920.495741,84.1,31.57,89.9,73.47,26.66,,262.02,216.81,-2.2,-25.66,-30.75,-14.03,-30.26,,,,"131,715,727,000."
N102286,A058530,파나케이아,헬스커넥트(주),110111-1005879,107-81-44588,1994-01-25,2002-02-05,2024-06-25,외감,12.0,중소기업,,씨지인바이츠,N20106.기계,C00000.제조업(10~34),C29000.기타 기계 및 장비 제조업,코스닥,기업의 계속성 및 경영의 투명성 등을 종합적으로 고려하여 상장폐지기준에 해당한다고 결정,기업의계속성_경영의투명성종합판단,2019,0.0320715,1.2374728,-0.4298769,3.21,-0.4184223,-0.2266667,42.89,8.27,-60.64,0.0210137,-0.1539958,0.0618709,-45.34,23.18,155.21,2.79,.25,0.75,0.3845736,0.0,230.2618949,6.64,2.72,-5.02,,"200,999,750.",20.,"1,831,117.17",,,588.9032071,-357.1009059,77.6595992,541.2546248,8.25,36.66,75.84,68.28,13.03,154.98,604.78,172.75,.36,-51.61,-62.85,-22.84,-78.48,,,,"171,434,545,000."
N102286,A058530,파나케이아,헬스커넥트(주),110111-1005879,107-81-44588,1994-01-25,2002-02-05,2024-06-25,외감,12.0,중소기업,,씨지인바이츠,N20106.기계,C00000.제조업(10~34),C29000.기타 기계 및 장비 제조업,코스닥,기업의 계속성 및 경영의 투명성 등을 종합적으로 고려하여 상장폐지기준에 해당한다고 결정,기업의계속성_경영의투명성종합판단,2020,0.0536692,-1.0239069,0.724044,5.37,-0.5120739,-0.0517241,66.9,-.41,-34.3,-0.0005709,-0.0482965,-0.0014181,-12.0,26.64,122.75,-4.94,.14,0.35,0.2357353,0.0,177.9282325,5.3,1.98,-4.3,,"207,661,860.",20.,"1,611,040.69",,,167.1822175,-57.3354164,48.0705865,449.9496293,-10.01,44.4,105.97,89.77,19.51,271.2,790.13,125.25,-0.02,-30.28,-44.11,-8.67,-76.06,,,,"152,329,511,000."
N102286,A058530,파나케이아,헬스커넥트(주),110111-1005879,107-81-44588,1994-01-25,2002-02-05,2024-06-25,외감,12.0,중소기업,,씨지인바이츠,N20106.기계,C00000.제조업(10~34),C29000.기타 기계 및 장비 제조업,코스닥,기업의 계속성 및 경영의 투명성 등을 종합적으로 고려하여 상장폐지기준에 해당한다고 결정,기업의계속성_경영의투명성종합판단,2021,0.1340278,-21.3944789,0.9046724,13.4,-0.3155389,-0.0909091,28.7,-13.26,-4.78,-0.0143979,-0.0051844,-0.0290052,-1.04,4.96,112.,47.91,.11,0.22,0.2155266,0.0,136.0942864,3.56,1.91,2.11,,"224,786,250.",20.,"1,501,702.82",,,358.704329,-17.1332401,21.6836627,3692.0104535,638.33,55.41,268.87,216.68,98.86,30.91,"1,401.23",80.47,-2.67,-27.88,"-2,158.75",-2.38,-12.6,,,,"132,550,262,000."
N102286,A058530,파나케이아,헬스커넥트(주),110111-1005879,107-81-44588,1994-01-25,2002-02-05,2024-06-25,외감,12.0,중소기업,,씨지인바이츠,N20106.기계,C00000.제조업(10~34),C29000.기타 기계 및 장비 제조업,코스닥,기업의 계속성 및 경영의 투명성 등을 종합적으로 고려하여 상장폐지기준에 해당한다고 결정,기업의계속성_경영의투명성종합판단,2022,-0.0109272,0.9023166,-0.3974721,-1.09,0.0437471,0.1,28.7,-1.24,-6.4,-0.0018494,-0.0095271,-0.0026805,-1.38,.01,97.22,79.18,.15,0.22,0.4804798,0.0,28.9731663,4.16,1.62,.5,,"214,804,000.","3,240,140.","1,268,299.59",,,792.6799277,-50.6930691,,3651.6670105,630.26,91.73,"1,112.56","1,039.25",417.05,7.24,455.86,9.01,-85.37,10.58,890.38,0.9,4.62,,,,"120,436,209,000."
N102286,A058530,파나케이아,헬스커넥트(주),110111-1005879,107-81-44588,1994-01-25,2002-02-05,2024-06-25,외감,12.0,중소기업,,씨지인바이츠,N20106.기계,C00000.제조업(10~34),C29000.기타 기계 및 장비 제조업,코스닥,기업의 계속성 및 경영의 투명성 등을 종합적으로 고려하여 상장폐지기준에 해당한다고 결정,기업의계속성_경영의투명성종합판단,2023,-0.0841339,-10.6972862,-9.4642943,-8.41,0.5324018,1.1636364,21.27,-9.48,-43.67,-0.0254388,-0.1172318,-0.0329128,-15.17,1.11,136.7,55.01,.27,0.35,1.1821515,0.0,33.1326541,3.72,1.94,.58,,"147,937,840.","5,746,350.","678,177.65",,,1152.0853952,-508.4563035,,3011.245185,502.2,65.95,234.93,196.53,140.95,28.46,515.23,51.62,-8.57,-16.02,-32.57,-5.47,-27.35,,,,"71,951,765,000."
N102286,A058530,파나케이아,헬스커넥트(주),110111-1005879,107-81-44588,1994-01-25,2002-02-05,2024-06-25,외감,12.0,중소기업,,씨지인바이츠,N20106.기계,C00000.제조업(10~34),C29000.기타 기계 및 장비 제조업,코스닥,기업의 계속성 및 경영의 투명성 등을 종합적으로 고려하여 상장폐지기준에 해당한다고 결정,기업의계속성_경영의투명성종합판단,2024,,,,,,,6.43,-30.4,-38.79,,,,-13.6,4.13,128.71,50.08,.22,,,0.0,85.7856244,,,.81,,"186,431,560.","9,126,780.",,,,,,,,499.23,60.11,,,97.95,55.13,771.9,,,-21.17,-40.92,-8.49,-33.45,,,,"91,655,904,000."
N870960,A060300,레드로버,(주)레드로버,110111-1282740,113-81-38005,1996-06-15,2002-01-10,2022-11-04,외감,12.0,중소기업,,레드로버,N45103.소프트웨어,J00000.정보통신업(58~63),J59000.영상ㆍ오디오 기록물 제작 및 배급업,코스닥,기업의 계속성 및 경영의 투명성 등을 종합적을 고려하여 상장폐지기준에 해당한다고 결정,기업의계속성_경영의투명성종합판단,2014,0.0520679,0.6323248,0.0236024,5.21,0.6752883,-0.1165049,30.85,16.15,4.05,0.097985,0.024551,0.132124,3.31,3.43,96.02,60.62,.61,0.82,2.3483533,34496.7277372,0.0,3.71,2.38,1.59,,"27,846,260.","641,970.","1,031,882.14",13.01,482.,2222.5378653,91.2925907,,2738.9765307,447.8,74.16,321.54,226.6,34.99,42.85,"5,936.75",34.84,4.71,15.6,16.54,4.03,6.64,"20,907.37",22.0,37.32,"91,478,352,000."
N870960,A060300,레드로버,(주)레드로버,110111-1282740,113-81-38005,1996-06-15,2002-01-10,2022-11-04,외감,12.0,중소기업,,레드로버,N45103.소프트웨어,J00000.정보통신업(58~63),J59000.영상ㆍ오디오 기록물 제작 및 배급업,코스닥,기업의 계속성 및 경영의 투명성 등을 종합적을 고려하여 상장폐지기준에 해당한다고 결정,기업의계속성_경영의투명성종합판단,2015,0.4829872,-1.2861786,-4.9846484,48.3,-0.304945,0.0549451,13.2,-6.65,-23.2,-0.0244724,-0.0853769,-0.0304561,-10.63,4.2,122.96,70.77,0.37,0.46,1.8734423,28028.2527044,115.9308816,3.06,1.57,0.9,,"17,307,780.","277,060.","1,100,730.13",0.77,49.25,1229.3787901,-295.2794531,,2958.7044022,491.78,85.15,753.43,620.16,50.79,20.4,"44,990.38",17.44,-1.58,-35.64,-38.2,-5.22,-16.21,"3,076.57",2.12,549.69,"91,478,352,000."
N870960,A060300,레드로버,(주)레드로버,110111-1282740,113-81-38005,1996-06-15,2002-01-10,2022-11-04,외감,12.0,중소기업,,레드로버,N45103.소프트웨어,J00000.정보통신업(58~63),J59000.영상ㆍ오디오 기록물 제작 및 배급업,코스닥,기업의 계속성 및 경영의 투명성 등을 종합적을 고려하여 상장폐지기준에 해당한다고 결정,기업의계속성_경영의투명성종합판단,2016,0.4389085,1.7249881,1.079258,43.89,0.0859817,0.53125,22.86,4.44,1.69,0.0131343,0.0050094,0.0151582,0.58,2.47,98.32,74.81,0.3,0.34,2.2162816,18890.9861056,49.3012034,4.42,1.2,0.71,,"11,513,610.","59,160.","978,267.85",7.47,634.5,1097.7517836,19.1223899,,3395.4507667,579.12,87.72,433.96,390.64,20.48,12.97,"81,209.49",13.99,1.79,13.19,14.93,1.59,6.38,"123,478.83",25.63,60.9,"118,158,443,000."
N870960,A060300,레드로버,(주)레드로버,110111-1282740,113-81-38005,1996-06-15,2002-01-10,2022-11-04,외감,12.0,중소기업,,레드로버,N45103.소프트웨어,J00000.정보통신업(58~63),J59000.영상ㆍ오디오 기록물 제작 및 배급업,코스닥,기업의 계속성 및 경영의 투명성 등을 종합적을 고려하여 상장폐지기준에 해당한다고 결정,기업의계속성_경영의투명성종합판단,2017,-0.0071701,-3.1494387,-15.9545444,-.72,-0.1490462,-0.2040816,2.34,-11.21,-29.75,-0.0243462,-0.0646034,-0.0277118,-7.35,3.34,129.51,74.85,0.22,0.25,1.7880034,21296.5551498,55.4857147,4.14,0.73,0.51,,"14,366,320.","16,020.","1,440,110.16",0.61,61.62,796.5812224,-242.8205477,,3246.0628372,549.87,87.99,683.63,614.08,46.03,11.92,"71,221.74",13.65,-3.36,-38.21,-39.06,-4.75,-22.57,"55,253.03",2.91,688.1,"165,024,991,000."
N870960,A060300,레드로버,(주)레드로버,110111-1282740,113-81-38005,1996-06-15,2002-01-10,2022-11-04,외감,12.0,중소기업,,레드로버,N45103.소프트웨어,J00000.정보통신업(58~63),J59000.영상ㆍ오디오 기록물 제작 및 배급업,코스닥,기업의 계속성 및 경영의 투명성 등을 종합적을 고려하여 상장폐지기준에 해당한다고 결정,기업의계속성_경영의투명성종합판단,2018,-0.2947881,-5.0105475,-3.3288241,-29.48,-0.6556845,-0.2991453,-84.61,-195.72,-374.03,-0.1733287,-0.3312456,-0.1960628,-37.47,6.7,461.37,68.09,.09,0.1,0.7637639,32664.3370745,60.3755256,2.82,0.23,.2,,"10,653,600.",290.,"1,770,941.7",-25.72,"-4,275.87",270.8916223,-1021.6488834,,2127.6989497,325.54,89.0,870.53,868.13,30.91,.31,"81,579.39",12.36,-29.21,-312.97,-344.34,-36.22,-357.61,"-155,640,745.83",-304.28,-13.69,"163,349,500,000."
N870960,A060300,레드로버,(주)레드로버,110111-1282740,113-81-38005,1996-06-15,2002-01-10,2022-11-04,외감,12.0,중소기업,,레드로버,N45103.소프트웨어,J00000.정보통신업(58~63),J59000.영상ㆍ오디오 기록물 제작 및 배급업,코스닥,기업의 계속성 및 경영의 투명성 등을 종합적을 고려하여 상장폐지기준에 해당한다고 결정,기업의계속성_경영의투명성종합판단,2019,-0.9356405,-0.7206519,-1.0309407,-93.56,-0.0155896,-0.5609756,-13.07,-342.09,-771.67,-0.5795761,-1.3073576,-0.7664053,-172.88,11.84,678.72,-74.01,.17,0.22,0.69499,191220.1066055,130.9635247,91.99,0.22,.58,,"22,094,460.",360.,"2,122,743.17",-120.99,"-11,624.65",249.7353039,-1942.1275804,,117.2476978,-76.55,22.67,46.23,45.74,.47,,"42,803.59",341.11,-28.88,-414.87,"-1,015.8",-303.72,"-1,039.97","-711,249,969.23","-1,000.64",-2.56,"113,883,154,000."
N870960,A060300,레드로버,(주)레드로버,110111-1282740,113-81-38005,1996-06-15,2002-01-10,2022-11-04,외감,12.0,중소기업,,레드로버,N45103.소프트웨어,J00000.정보통신업(58~63),J59000.영상ㆍ오디오 기록물 제작 및 배급업,코스닥,기업의 계속성 및 경영의 투명성 등을 종합적을 고려하여 상장폐지기준에 해당한다고 결정,기업의계속성_경영의투명성종합판단,2020,2.6316794,1.0023632,1.0120436,263.17,0.2326704,-0.3055556,30.82,.66,7.54,0.0026471,0.030431,0.0064669,7.43,9.01,94.21,18.78,.4,0.99,0.683341,114410.5547162,64.4312483,169.56,0.31,-2.64,,"29,032,780.","1,666,740.","1,438,945.3",14.51,719.28,245.8835657,22.5712306,,817.0053684,63.46,52.6,98.52,98.12,10.01,,284.,90.11,0.07,10.56,26.2,4.44,15.67,"12,529.05",45.76,35.47,"28,775,240,000."
N870960,A060300,레드로버,(주)레드로버,110111-1282740,113-81-38005,1996-06-15,2002-01-10,2022-11-04,외감,12.0,중소기업,,레드로버,N45103.소프트웨어,J00000.정보통신업(58~63),J59000.영상ㆍ오디오 기록물 제작 및 배급업,코스닥,기업의 계속성 및 경영의 투명성 등을 종합적을 고려하여 상장폐지기준에 해당한다고 결정,기업의계속성_경영의투명성종합판단,2021,,,,,,,3.08,-33.57,-182.46,,,,-82.17,11.32,191.73,-27.17,.23,,,195732.6959165,118.8322119,,,8.23,,"21,486,500.","4,313,820.","1,736,174.44",,,,,,,-38.2,43.86,,,24.3,.,691.51,,,-142.26,-238.18,-80.63,-212.23,,,,"45,037,536,000."
N870960,A060300,레드로버,(주)레드로버,110111-1282740,113-81-38005,1996-06-15,2002-01-10,2022-11-04,외감,12.0,중소기업,,레드로버,N45103.소프트웨어,J00000.정보통신업(58~63),J59000.영상ㆍ오디오 기록물 제작 및 배급업,코스닥,기업의 계속성 및 경영의 투명성 등을 종합적을 고려하여 상장폐지기준에 해당한다고 결정,기업의계속성_경영의투명성종합판단,2022,,,,,,,-5.63,-99.53,-409.33,,,,-197.88,29.09,494.93,-118.76,.15,,,362213.6819532,98.1143647,,,-5.16,,"82,113,500.","17,778,330.",,,,,,,,-92.37,9.67,,,13.71,,"1,380.24",,,-87.86,-149.29,-80.05,-402.37,,,,"18,766,710,000."
N870960,A060300,레드로버,(주)레드로버,110111-1282740,113-81-38005,1996-06-15,2002-01-10,2022-11-04,외감,12.0,중소기업,,레드로버,N45103.소프트웨어,J00000.정보통신업(58~63),J59000.영상ㆍ오디오 기록물 제작 및 배급업,코스닥,기업의 계속성 및 경영의 투명성 등을 종합적을 고려하여 상장폐지기준에 해당한다고 결정,기업의계속성_경영의투명성종합판단,2023,,,,,,,-168.73,-374.08,-139.74,,,,-83.78,.,140.71,-133.5,.04,,,0.0948180818,0.0948180818,,,-.09,,"43,263,330.","11,284,170.",,,,,,,,-97.09,3.86,,,1.76,,"1,387,784.85",,,-5.43,-9.19,-5.22,-130.59,,,,"11,368,096,000."
N870960,A060300,레드로버,(주)레드로버,110111-1282740,113-81-38005,1996-06-15,2002-01-10,2022-11-04,외감,12.0,중소기업,,레드로버,N45103.소프트웨어,J00000.정보통신업(58~63),J59000.영상ㆍ오디오 기록물 제작 및 배급업,코스닥,기업의 계속성 및 경영의 투명성 등을 종합적을 고려하여 상장폐지기준에 해당한다고 결정,기업의계속성_경영의투명성종합판단,2024,,,,,,,28.24,-246.77,-157.96,,,,,.32,182.44,-179.72,.03,,,0.0957449217,0.0957449217,,,-.06,,"11,258,750.","3,534,250.",,,,,,,,-100.52,,,,1.74,,"1,385,609.09",,,-5.6,-8.01,-5.67,-146.02,,,,"8,175,125,000."
N122914,A062860,티엘아이,(주)티엘아이,131111-0035640,129-81-26130,1998-10-28,2006-07-25,2024-11-14,외감,12.0,중견기업,,원익,N45301.반도체 및 반도체장비,C00000.제조업(10~34),"C26000.전자 부품, 컴퓨터, 영상, 음향 및 통신장비 제조업",코스닥,기업의 계속성 및 경영의 투명성 등을 종합적으로 고려하여 상장폐지기준에 해당한다고 결정,기업의계속성_경영의투명성종합판단,2014,-0.012179,2.4246819,0.8673208,-1.22,0.149834,,23.59,5.31,-1.08,0.0368826,-0.0075232,0.054461,-1.11,1.27,96.8,52.56,.69,1.03,2.1520834,0.0,214.6493659,12.25,7.86,12.4,,,,,10.12,41.68,13568.8725436,150.1527445,2089.1472344,11082.0566173,"2,094.52",65.98,115.52,93.83,18.64,139.73,158.67,51.56,4.19,36.21,,4.4,6.39,"4,846.36",14.28,39.46,"188,158,203,000."
N122914,A062860,티엘아이,(주)티엘아이,131111-0035640,129-81-26130,1998-10-28,2006-07-25,2024-11-14,외감,12.0,중견기업,,원익,N45301.반도체 및 반도체장비,C00000.제조업(10~34),"C26000.전자 부품, 컴퓨터, 영상, 음향 및 통신장비 제조업",코스닥,기업의 계속성 및 경영의 투명성 등을 종합적으로 고려하여 상장폐지기준에 해당한다고 결정,기업의계속성_경영의투명성종합판단,2015,0.0047522,-0.594805,-0.8426328,.48,-0.0047141,,20.77,2.16,-2.01,0.0150337,-0.0139452,0.0221507,-2.05,1.33,101.06,56.22,0.7,1.02,2.1645688,0.0,229.2006615,11.85,6.96,9.9,,"224,649,450.","2,335,970.","942,964.39",,,13504.907365,137.8988032,1801.4636488,11286.4562401,"2,126.39",69.86,135.63,115.89,28.55,55.39,212.82,43.15,1.63,36.32,,3.75,5.27,,,,"195,872,823,000."
N122914,A062860,티엘아이,(주)티엘아이,131111-0035640,129-81-26130,1998-10-28,2006-07-25,2024-11-14,외감,12.0,중견기업,,원익,N45301.반도체 및 반도체장비,C00000.제조업(10~34),"C26000.전자 부품, 컴퓨터, 영상, 음향 및 통신장비 제조업",코스닥,기업의 계속성 및 경영의 투명성 등을 종합적으로 고려하여 상장폐지기준에 해당한다고 결정,기업의계속성_경영의투명성종합판단,2016,-0.1668876,-1.3604207,0.8213365,-16.69,-0.4167318,0.1060606,28.95,-1.34,-0.61,-0.0067717,-0.0031137,-0.0086898,-0.4,.12,99.92,87.28,0.51,0.65,2.2966688,0.0,209.7764488,8.15,4.84,1.93,,"206,636,140.","3,163,710.","841,328.18",,,7858.4282185,-106.4409972,567.2227532,11294.2588085,"2,114.31",90.47,712.75,623.2,119.83,14.61,197.87,10.54,-10.86,18.69,,1.68,2.82,,,,"185,883,016,000."
N122914,A062860,티엘아이,(주)티엘아이,131111-0035640,129-81-26130,1998-10-28,2006-07-25,2024-11-14,외감,12.0,중견기업,,원익,N45301.반도체 및 반도체장비,C00000.제조업(10~34),"C26000.전자 부품, 컴퓨터, 영상, 음향 및 통신장비 제조업",코스닥,기업의 계속성 및 경영의 투명성 등을 종합적으로 고려하여 상장폐지기준에 해당한다고 결정,기업의계속성_경영의투명성종합판단,2017,-0.1362808,-2.8376915,-6.5608626,-13.63,-0.1315739,0.0068493,26.19,-5.9,-5.35,-0.0355637,-0.0322175,-0.0393718,-3.57,.,102.54,93.35,0.6,0.67,6.2289925,0.0,189.2053689,5.82,5.49,1.24,,"215,360,880.","10,209,040.","741,443.32",,,6810.8513155,-379.8281527,-383.9458629,11208.0587054,"1,959.63",90.17,617.12,459.54,127.29,30.47,172.19,10.9,,-121.03,,-12.19,-18.64,,,,"119,585,204,000."
N122914,A062860,티엘아이,(주)티엘아이,131111-0035640,129-81-26130,1998-10-28,2006-07-25,2024-11-14,외감,12.0,중견기업,,원익,N45301.반도체 및 반도체장비,C00000.제조업(10~34),"C26000.전자 부품, 컴퓨터, 영상, 음향 및 통신장비 제조업",코스닥,기업의 계속성 및 경영의 투명성 등을 종합적으로 고려하여 상장폐지기준에 해당한다고 결정,기업의계속성_경영의투명성종합판단,2018,-0.2632167,-3.7859362,-4.7490332,-26.32,-0.2788381,-0.2857143,5.56,-39.17,-42.63,-0.2090287,-0.2274672,-0.2341072,-25.48,.,142.16,93.87,.53,0.6,4.9810643,0.0,259.9175149,4.86,7.12,1.39,,"298,112,120.","18,318,560.","800,496.44",,,4911.7267582,-2094.3535318,237.370755,8504.8524873,"1,485.7",88.12,383.3,311.93,63.09,25.19,63.98,13.48,,-202.68,,-25.79,-40.64,,,,"103,630,569,000."
N122914,A062860,티엘아이,(주)티엘아이,131111-0035640,129-81-26130,1998-10-28,2006-07-25,2024-11-14,외감,12.0,중견기업,,원익,N45301.반도체 및 반도체장비,C00000.제조업(10~34),"C26000.전자 부품, 컴퓨터, 영상, 음향 및 통신장비 제조업",코스닥,기업의 계속성 및 경영의 투명성 등을 종합적으로 고려하여 상장폐지기준에 해당한다고 결정,기업의계속성_경영의투명성종합판단,2019,0.1154291,1.0161801,1.1473353,11.54,-0.1342541,-0.2,26.03,.73,7.25,0.0038439,0.0380895,0.0042209,4.18,.02,95.22,98.44,.53,0.58,5.8777265,0.0,192.3307236,8.3,17.79,1.71,,"348,188,320.","9,602,540.","866,746.8",,,4252.3074695,337.2738212,287.6111143,9515.9741777,"1,631.13",93.88,777.39,666.51,259.45,16.37,60.31,6.52,42.7,146.68,"7,069.61",9.26,17.76,,,,"78,127,121,000."
N122914,A062860,티엘아이,(주)티엘아이,131111-0035640,129-81-26130,1998-10-28,2006-07-25,2024-11-14,외감,12.0,중견기업,,원익,N45301.반도체 및 반도체장비,C00000.제조업(10~34),"C26000.전자 부품, 컴퓨터, 영상, 음향 및 통신장비 제조업",코스닥,기업의 계속성 및 경영의 투명성 등을 종합적으로 고려하여 상장폐지기준에 해당한다고 결정,기업의계속성_경영의투명성종합판단,2020,-0.1333759,-22.1687787,-3.1643697,-13.34,-0.1254905,0.1190476,24.68,-17.72,-17.96,-0.0839515,-0.0850557,-0.0907815,-9.2,.02,115.14,99.08,.47,0.51,6.2962515,0.0,292.2886184,6.08,16.2,1.73,,"298,296,230.","2,294,680.","760,141.55",,,3718.6835036,-538.3854703,-750.3441807,8666.7690119,"1,469.39",90.91,402.15,259.57,135.29,47.19,57.94,10.,-872.3,-30.1,"-3,551.63",-2.83,-5.6,,,,"81,796,595,000."
N122914,A062860,티엘아이,(주)티엘아이,131111-0035640,129-81-26130,1998-10-28,2006-07-25,2024-11-14,외감,12.0,중견기업,,원익,N45301.반도체 및 반도체장비,C00000.제조업(10~34),"C26000.전자 부품, 컴퓨터, 영상, 음향 및 통신장비 제조업",코스닥,기업의 계속성 및 경영의 투명성 등을 종합적으로 고려하여 상장폐지기준에 해당한다고 결정,기업의계속성_경영의투명성종합판단,2021,0.0816113,0.0071836,0.2761894,9.4,-0.1604628,-0.3191489,26.72,-9.71,-8.18,-0.0854587,-0.063123,-0.0932595,-3.63,.03,108.29,103.62,.41,0.45,4.8748985,0.822445806,0.976697609,4.52,13.02,1.3,,"429,790,150.","1,024,270.","1,116,803.77",,,3121.972972,-436.2477615,-172.001333,9459.5347219,"1,557.38",92.14,826.14,706.01,535.1,18.12,43.59,8.32,-248.82,-23.58,-923.68,-1.85,-4.74,,,,"73,208,609,000."
N122914,A062860,티엘아이,(주)티엘아이,131111-0035640,129-81-26130,1998-10-28,2006-07-25,2024-11-14,외감,12.0,중견기업,,원익,N45301.반도체 및 반도체장비,C00000.제조업(10~34),"C26000.전자 부품, 컴퓨터, 영상, 음향 및 통신장비 제조업",코스닥,기업의 계속성 및 경영의 투명성 등을 종합적으로 고려하여 상장폐지기준에 해당한다고 결정,기업의계속성_경영의투명성종합판단,2022,-0.1233048,-0.0197787,-0.7897004,-9.1,-0.3182592,0.296875,21.17,-31.35,-40.64,-0.0896305,-0.116188,-0.097529,-13.53,.05,124.58,102.42,.3,0.33,3.5302971,0.0,0.0,2.81,16.6,.73,,"226,523,550.","507,230.","858,057.5",,,2128.3764758,-745.7378514,,8417.2924142,"1,432.06",91.43,696.74,541.84,194.31,25.96,36.84,9.38,-669.87,-79.77,"-10,579.13",-7.13,-22.75,,,,"68,246,839,000."
N122914,A062860,티엘아이,(주)티엘아이,131111-0035640,129-81-26130,1998-10-28,2006-07-25,2024-11-14,외감,12.0,중견기업,,원익,N45301.반도체 및 반도체장비,C00000.제조업(10~34),"C26000.전자 부품, 컴퓨터, 영상, 음향 및 통신장비 제조업",코스닥,기업의 계속성 및 경영의 투명성 등을 종합적으로 고려하여 상장폐지기준에 해당한다고 결정,기업의계속성_경영의투명성종합판단,2023,-0.0994732,-0.5026392,-0.3126212,-9.95,-0.2903784,0.1927711,21.99,-66.56,-49.35,-0.1597636,-0.1184391,-0.1711578,-12.59,.04,142.53,110.63,.24,0.26,3.60544,0.0,96.9345279,3.75,17.57,.62,,"150,791,080.","1,568,210.","639,038.62",,,"1,507.51",-758.9631834,,7576.0311855,"1,306.17",96.02,"1,163.7","1,130.97",260.57,3.08,151.51,4.15,"-1,694.45",-391.25,"-24,377.11",-15.58,-59.79,,,,"69,023,155,000."
N122914,A062860,티엘아이,(주)티엘아이,131111-0035640,129-81-26130,1998-10-28,2006-07-25,2024-11-14,외감,12.0,중견기업,,원익,N45301.반도체 및 반도체장비,C00000.제조업(10~34),"C26000.전자 부품, 컴퓨터, 영상, 음향 및 통신장비 제조업",코스닥,기업의 계속성 및 경영의 투명성 등을 종합적으로 고려하여 상장폐지기준에 해당한다고 결정,기업의계속성_경영의투명성종합판단,2024,,,,,,,52.33,-155.61,-135.05,,,,-21.45,.19,204.22,111.56,.15,,,0.0,104.1684606,,,.47,,"175,438,900.","1,305,400.",,,,,,,,"1,062.17",93.28,,,229.75,4.83,598.55,,,-389.8,"-5,458.04",-24.18,-143.23,,,,"58,282,808,000."
N361038,A064510,유네코,유네코(주),124411-0001264,137-81-07056,1982-08-05,2018-03-15,2023-01-17,외감,12.0,중소기업,,시너지파트너스,N20106.기계,C00000.제조업(10~34),C29000.기타 기계 및 장비 제조업,코스닥,감사의견 거절(감사범위 제한 및 계속기업 존속능력 불확실성),감사의견거절,2014,,,,,,,43.46,20.64,3.0,,,,4.93,6.92,96.19,23.64,.44,,,0.0,104.6922962,,,3.22,,"212,937,200.","51,524,630.",,15.94,55.71,,,,,688.24,27.09,,,3.14,25.57,264.18,,,2.34,2.89,1.62,4.13,230.24,40.47,,"96,056,833,000."
N361038,A064510,유네코,유네코(주),124411-0001264,137-81-07056,1982-08-05,2018-03-15,2023-01-17,외감,12.0,중소기업,,시너지파트너스,N20106.기계,C00000.제조업(10~34),C29000.기타 기계 및 장비 제조업,코스닥,감사의견 거절(감사범위 제한 및 계속기업 존속능력 불확실성),감사의견거절,2015,,,,,,,48.87,-0.82,3.98,,,,5.34,9.83,101.61,24.19,0.37,,,0.0,141.1664852,,,-6.3,,"234,079,820.","34,468,540.",,16.39,46.24,,,,,722.59,27.72,,,5.01,,407.81,,,6.39,7.76,4.32,13.24,314.01,48.73,,"98,697,745,000."
N361038,A064510,유네코,유네코(주),124411-0001264,137-81-07056,1982-08-05,2018-03-15,2023-01-17,외감,12.0,중소기업,,시너지파트너스,N20106.기계,C00000.제조업(10~34),C29000.기타 기계 및 장비 제조업,코스닥,감사의견 거절(감사범위 제한 및 계속기업 존속능력 불확실성),감사의견거절,2016,,,,,,,35.91,7.33,1.19,,,,0.88,16.64,103.04,28.12,0.22,,,0.0,103.3782256,,,-2.08,,"272,775,060.","35,426,060.",,10.49,33.1,,,,,803.86,31.71,,,.9,,339.63,,,2.78,3.48,1.77,9.45,254.88,54.71,,"101,255,582,000."
N361038,A064510,유네코,유네코(주),124411-0001264,137-81-07056,1982-08-05,2018-03-15,2023-01-17,외감,12.0,중소기업,,시너지파트너스,N20106.기계,C00000.제조업(10~34),C29000.기타 기계 및 장비 제조업,코스닥,감사의견 거절(감사범위 제한 및 계속기업 존속능력 불확실성),감사의견거절,2017,,,,,,,45.7,10.16,-10.49,,,,-6.01,15.57,111.38,41.79,0.22,,,0.0,89.7782949,,,-2.32,,"298,724,310.","42,599,810.",,7.91,25.95,,,,,902.91,46.51,,,1.88,,419.45,,,1.56,1.82,.76,3.94,181.98,41.38,,"106,594,894,000."
N361038,A064510,유네코,유네코(주),124411-0001264,137-81-07056,1982-08-05,2018-03-15,2023-01-17,외감,12.0,중소기업,,시너지파트너스,N20106.기계,C00000.제조업(10~34),C29000.기타 기계 및 장비 제조업,코스닥,감사의견 거절(감사범위 제한 및 계속기업 존속능력 불확실성),감사의견거절,2018,-0.6299481,-4.5163496,-16.4493462,-62.99,-0.3816319,0.0833333,19.21,-57.77,-295.88,-0.0898951,-0.4604452,-0.2524122,-129.29,20.12,333.03,14.1,.16,0.44,0.2416981,0.0,259.0078615,3.2,1.66,-1.05,,"264,021,920.","40,627,010.","777,282.33",-40.96,-120.58,1148.8483869,-3653.78495,-831.5971888,1422.3438424,185.15,21.81,52.11,30.38,.7,,384.51,358.54,-2.87,-80.96,-121.55,-63.93,-387.32,-783.63,-293.16,-14.81,"105,317,601,000."
N361038,A064510,유네코,유네코(주),124411-0001264,137-81-07056,1982-08-05,2018-03-15,2023-01-17,외감,12.0,중소기업,,시너지파트너스,N20106.기계,C00000.제조업(10~34),C29000.기타 기계 및 장비 제조업,코스닥,감사의견 거절(감사범위 제한 및 계속기업 존속능력 불확실성),감사의견거절,2019,-0.3453265,0.7856407,0.7414169,-34.53,0.2768123,-0.2820513,29.93,-9.7,-59.92,-0.0229134,-0.1415758,-0.1210639,-74.8,17.07,132.7,6.84,.24,1.25,0.2914219,0.0,176.5680992,3.09,2.21,-.74,,"339,180,950.","44,801,310.","871,888.39",5.4,13.89,1306.4123653,-873.8548587,-270.9157241,881.9998348,77.14,15.75,27.55,16.5,1.88,,174.77,535.,-.57,-15.51,-21.3,-13.28,-59.97,105.13,25.71,121.73,"83,116,774,000."
N361038,A064510,유네코,유네코(주),124411-0001264,137-81-07056,1982-08-05,2018-03-15,2023-01-17,외감,12.0,중소기업,,시너지파트너스,N20106.기계,C00000.제조업(10~34),C29000.기타 기계 및 장비 제조업,코스닥,감사의견 거절(감사범위 제한 및 계속기업 존속능력 불확실성),감사의견거절,2020,-1.8960108,-4.4341197,-0.7331018,,-0.4272668,,-13.25,-92.02,-181.33,-0.1773908,-0.3495635,-15.9898154,,23.32,177.72,-66.71,.19,,0.1949442,0.0,404.1822719,3.51,1.48,-.29,,,,,,,510.5534714,-984.045543,-290.4532888,-399.1139225,-179.34,,12.2,10.89,1.72,,"1,127.7",,-3.95,-32.14,-42.01,-41.08,-135.55,,,,"75,353,993,000."
N361038,A064510,유네코,유네코(주),124411-0001264,137-81-07056,1982-08-05,2018-03-15,2023-01-17,외감,12.0,중소기업,,시너지파트너스,N20106.기계,C00000.제조업(10~34),C29000.기타 기계 및 장비 제조업,코스닥,감사의견 거절(감사범위 제한 및 계속기업 존속능력 불확실성),감사의견거절,2021,-2.1144063,0.7104241,0.7831993,,0.7302772,,32.15,-15.4,-22.72,-0.0810731,-0.1196106,-4.6971129,,10.94,119.87,19.81,.53,,0.5357047,0.0,142.9368621,43.57,2.39,-.74,,"257,464,700.","23,627,100.","364,117.19",7.53,10.65,599.7726352,-139.3440617,-42.1052626,1171.1400737,135.47,34.25,37.81,36.37,9.46,,461.67,191.99,-1.41,-19.42,-35.8,-11.93,-22.8,116.01,14.61,203.07,"35,879,675,000."
N361038,A064510,유네코,유네코(주),124411-0001264,137-81-07056,1982-08-05,2018-03-15,2023-01-17,외감,12.0,중소기업,,시너지파트너스,N20106.기계,C00000.제조업(10~34),C29000.기타 기계 및 장비 제조업,코스닥,감사의견 거절(감사범위 제한 및 계속기업 존속능력 불확실성),감사의견거절,2022,0.2357619,0.0460897,1.4855969,23.58,-0.0220563,-0.0430108,42.42,-15.02,11.28,-0.0884029,0.0663939,-0.2057402,15.45,5.71,91.91,35.66,.59,1.37,1.0319135,0.0,134.854353,27.49,2.08,-5.19,,"142,922,040.","19,722,300.","326,162.92",29.36,67.01,1091.8130277,202.450131,,1447.5779058,190.73,54.12,165.22,153.77,87.08,17.55,474.86,84.78,-2.63,20.16,228.55,8.23,12.22,485.61,51.23,,"34,598,283,000."
N361038,A064510,유네코,유네코(주),124411-0001264,137-81-07056,1982-08-05,2018-03-15,2023-01-17,외감,12.0,중소기업,,시너지파트너스,N20106.기계,C00000.제조업(10~34),C29000.기타 기계 및 장비 제조업,코스닥,감사의견 거절(감사범위 제한 및 계속기업 존속능력 불확실성),감사의견거절,2023,,,,,,,40.67,5.51,19.45,,,,24.66,.87,83.31,52.39,.79,,,0.0,136.8548383,,,3.07,,"99,928,640.","65,962,810.",,44.13,225.59,,,,,269.32,71.57,,,84.84,8.54,687.4,,,154.77,"2,764.23",22.47,25.89,341.75,54.97,,"27,057,089,000."
N361038,A064510,유네코,유네코(주),124411-0001264,137-81-07056,1982-08-05,2018-03-15,2023-01-17,외감,12.0,중소기업,,시너지파트너스,N20106.기계,C00000.제조업(10~34),C29000.기타 기계 및 장비 제조업,코스닥,감사의견 거절(감사범위 제한 및 계속기업 존속능력 불확실성),감사의견거절,2024,,,,,,,46.07,17.88,12.22,,,,8.71,1.25,89.4,57.61,.53,,,0.0,211.7727788,,,2.06,,"115,568,620.","74,263,520.",,24.65,98.75,,,,,301.79,76.44,,,129.78,1.18,"4,845.21",,,129.23,"1,693.19",13.06,24.5,153.67,45.21,,"26,004,831,000."
N103879,A065160,에프티이앤이,(주)라임,110111-1424384,113-81-43532,1997-06-10,2002-07-30,2019-05-03,폐업,12.0,중견기업,,,N15101.화학,C00000.제조업(10~34),C20000.화학 물질 및 화학제품 제조업,코스닥,감사의견 거절(감사범위 제한),감사의견거절,2014,-0.3339094,-13.7354239,-22.8466059,-33.39,-0.113927,-0.0476191,23.49,-7.26,-32.63,-0.0334423,-0.1503871,-0.0760624,-34.2,8.17,128.89,18.49,.46,1.05,0.8224382,0.0,132.294173,3.61,1.89,5.52,,"157,844,640.","27,332,230.","1,503,256.37",-6.27,-59.69,1164.7290815,-380.0907098,-106.9457621,902.3605446,85.78,38.3,101.3,75.71,6.13,"1,975.51",214.51,161.09,-.89,-33.13,-41.12,-15.07,-50.79,-344.71,-23.06,-61.11,"117,546,518,000."
N103879,A065160,에프티이앤이,(주)라임,110111-1424384,113-81-43532,1997-06-10,2002-07-30,2019-05-03,폐업,12.0,중견기업,,,N15101.화학,C00000.제조업(10~34),C20000.화학 물질 및 화학제품 제조업,코스닥,감사의견 거절(감사범위 제한),감사의견거절,2015,-0.0932605,-4.0192842,-0.3649321,-9.33,-0.0373947,0.0125,16.05,-37.84,-46.27,-0.2026873,-0.2478624,-0.5008248,-61.24,6.28,142.71,13.97,0.54,1.32,0.8998178,0.0,177.2698809,3.93,1.81,-17.1,,"151,279,120.","22,583,220.","1,198,037.91",-27.2,-215.45,1062.0670904,-493.6233745,-214.8685086,693.2701106,44.24,43.17,85.76,63.17,1.12,82.42,131.84,131.65,-6.03,-90.59,-118.6,-40.9,-113.93,"-1,443.21",-87.62,-16.6,"99,706,479,000."
N103879,A065160,에프티이앤이,(주)라임,110111-1424384,113-81-43532,1997-06-10,2002-07-30,2019-05-03,폐업,12.0,중견기업,,,N15101.화학,C00000.제조업(10~34),C20000.화학 물질 및 화학제품 제조업,코스닥,감사의견 거절(감사범위 제한),감사의견거절,2016,0.4541364,1.0320296,0.9561613,45.41,-0.0681621,-0.0123457,23.11,1.3,-2.18,0.0063668,-0.0106565,0.0137451,-2.3,6.06,101.46,22.52,0.49,1.06,0.9119398,0.0,111.9802337,4.33,1.87,-51.72,,"164,513,570.","21,741,690.","1,151,258.56",2.71,18.96,834.7695872,-18.1722631,-130.8764679,929.0353854,85.81,48.77,109.44,87.73,9.22,230.01,246.94,105.04,.21,-8.61,-10.69,-4.04,-14.68,143.44,9.05,141.11,"80,212,415,000."
N103879,A065160,에프티이앤이,(주)라임,110111-1424384,113-81-43532,1997-06-10,2002-07-30,2019-05-03,폐업,12.0,중견기업,,,N15101.화학,C00000.제조업(10~34),C20000.화학 물질 및 화학제품 제조업,코스닥,감사의견 거절(감사범위 제한),감사의견거절,2017,-0.41366,-48.2094908,-48.2949444,-41.37,-0.171524,0.5,-6.48,-74.11,-129.53,-0.3091341,-0.5402693,-0.6903576,-120.65,11.63,216.56,-5.83,0.42,0.93,0.7553355,0.0,135.1462198,4.37,2.4,17.24,,"122,195,880.","18,042,930.","685,426.14",,,675.6858263,-875.204774,-128.5330666,435.4465873,-12.91,39.29,99.21,83.27,18.78,,68.71,154.49,-6.37,-156.88,-327.45,-91.21,-303.56,,,,"103,243,089,000."
N103879,A065160,에프티이앤이,(주)라임,110111-1424384,113-81-43532,1997-06-10,2002-07-30,2019-05-03,폐업,12.0,중견기업,,,N15101.화학,C00000.제조업(10~34),C20000.화학 물질 및 화학제품 제조업,코스닥,감사의견 거절(감사범위 제한),감사의견거절,2018,-0.2642933,0.6449647,0.8471614,-26.43,0.0560564,-0.1833333,11.4,-24.92,-18.75,-0.1416612,-0.10658,-0.3820463,-28.74,2.59,116.39,-19.46,.57,1.53,0.903594,0.0,112.6273285,5.89,3.02,22.12,,"108,246,900.","20,979,470.","585,101.1",,,577.9976915,-108.3520193,-251.5139031,319.4602176,-36.11,34.44,110.7,91.38,5.36,180.59,117.45,190.35,-9.63,-40.51,-248.29,-26.07,-59.98,,,,"75,133,192,000."
N103879,A065160,에프티이앤이,(주)라임,110111-1424384,113-81-43532,1997-06-10,2002-07-30,2019-05-03,폐업,12.0,중견기업,,,N15101.화학,C00000.제조업(10~34),C20000.화학 물질 및 화학제품 제조업,코스닥,감사의견 거절(감사범위 제한),감사의견거절,2019,,,,,,,6.61,-22.7,-40.54,,,,-50.05,13.48,132.21,-11.68,.58,,,0.0,310.2825632,,,3.04,,"91,299,580.","18,595,180.",,,,,,,,-14.,71.69,,,288.18,27.88,242.29,,,-249.89,-937.35,-45.66,-50.05,,,,"63,065,739,000."
N103879,A065160,에프티이앤이,(주)라임,110111-1424384,113-81-43532,1997-06-10,2002-07-30,2019-05-03,폐업,12.0,중견기업,,,N15101.화학,C00000.제조업(10~34),C20000.화학 물질 및 화학제품 제조업,코스닥,감사의견 거절(감사범위 제한),감사의견거절,2020,,,,,,,26.76,-9.37,9.64,,,,4.59,2.13,92.74,-18.68,.35,,,0.0,435.7208011,,,.86,,"122,565,250.","31,938,930.",,,,,,,,-20.08,74.36,,,182.62,67.99,69.83,,,-83.29,-272.95,-8.93,-18.,,,,"32,967,371,000."
N103879,A065160,에프티이앤이,(주)라임,110111-1424384,113-81-43532,1997-06-10,2002-07-30,2019-05-03,폐업,12.0,중견기업,,,N15101.화학,C00000.제조업(10~34),C20000.화학 물질 및 화학제품 제조업,코스닥,감사의견 거절(감사범위 제한),감사의견거절,2021,,,,,,,-123.52,-200.86,-231.85,,,,-68.82,4.52,303.14,-74.24,.2,,,0.0,191.5532155,,,.71,,"99,783,930.","37,041,980.",,,,,,,,-55.2,60.2,,,88.12,38.2,98.55,,,-440.44,"-1,323.97",-87.05,-226.01,,,,"29,541,737,000."
N103879,A065160,에프티이앤이,(주)라임,110111-1424384,113-81-43532,1997-06-10,2002-07-30,2019-05-03,폐업,12.0,중견기업,,,N15101.화학,C00000.제조업(10~34),C20000.화학 물질 및 화학제품 제조업,코스닥,감사의견 거절(감사범위 제한),감사의견거절,2022,,,,,,,-16.45,-69.44,-37.02,,,,-15.99,4.72,126.63,-95.22,.26,,,0.0,144.2819921,,,1.7,,"37,362,410.","16,942,960.",,,,,,,,-60.71,61.55,,,118.19,47.19,84.11,,,-123.74,-295.37,-17.67,-36.,,,,"20,807,443,000."
N103879,A065160,에프티이앤이,(주)라임,110111-1424384,113-81-43532,1997-06-10,2002-07-30,2019-05-03,폐업,12.0,중견기업,,,N15101.화학,C00000.제조업(10~34),C20000.화학 물질 및 화학제품 제조업,코스닥,감사의견 거절(감사범위 제한),감사의견거절,2023,,,,,,,-19.27,-73.33,-54.59,,,,-22.78,5.64,140.97,-127.8,.25,,,0.0,74.0684489,,,1.02,,"26,528,530.","15,021,620.",,,,,,,,-68.83,57.8,,,296.35,14.55,102.52,,,-328.98,"-20,852.91",-26.18,-51.19,,,,"17,843,631,000."
N103879,A065160,에프티이앤이,(주)라임,110111-1424384,113-81-43532,1997-06-10,2002-07-30,2019-05-03,폐업,12.0,중견기업,,,N15101.화학,C00000.제조업(10~34),C20000.화학 물질 및 화학제품 제조업,코스닥,감사의견 거절(감사범위 제한),감사의견거절,2024,,,,,,,8.44,-23.15,-21.07,,,,-15.46,3.83,119.4,-135.86,.41,,,0.0,61.6781768,,,1.1,,"10,458,240.","9,537,240.",,,,,,,,-71.8,53.29,,,249.15,8.62,208.4,,,-115.36,"-5,039.55",-9.66,-11.66,,,,"15,071,430,000."
N038606,A065180,주식회사 해피드림,(주)해피드림,130111-0036318,124-81-41378,1995-11-27,2016-06-02,2018-04-20,일반,12.0,중소기업,,해피드림,N30200.음식료 및 담배,H00000.운수 및 창고업(49~52),H49000.육상 운송 및 파이프라인 운송업,코스닥,감사범위제한으로 인한 한정의견,감사의견한정,2014,0.5350887,1.0217894,0.7181568,53.51,-0.8599812,-0.3939394,,,,0.0020392,-0.0329907,0.003572,,,,,,0.09,0.1132103,,,3.14,0.76,,,,,"1,228,744.14",,,,-44.9248255,,887.9350094,,,12.3,9.54,,,,72.46,.06,,,,,,,,
N038606,A065180,주식회사 해피드림,(주)해피드림,130111-0036318,124-81-41378,1995-11-27,2016-06-02,2018-04-20,일반,12.0,중소기업,,해피드림,N30200.음식료 및 담배,H00000.운수 및 창고업(49~52),H49000.육상 운송 및 파이프라인 운송업,코스닥,감사범위제한으로 인한 한정의견,감사의견한정,2015,,,,,,,,,,,,,,,,,,,,,,,,,,,,,,,,,,,,,,,,,,,,,,,,,,,
N038606,A065180,주식회사 해피드림,(주)해피드림,130111-0036318,124-81-41378,1995-11-27,2016-06-02,2018-04-20,일반,12.0,중소기업,,해피드림,N30200.음식료 및 담배,H00000.운수 및 창고업(49~52),H49000.육상 운송 및 파이프라인 운송업,코스닥,감사범위제한으로 인한 한정의견,감사의견한정,2016,-0.1944104,0.4421912,-0.3597415,-19.44,-0.1066519,-0.1666667,,,,-0.0220917,-0.1378091,-0.0374469,,,,,,0.09,0.1259165,,,,5.86,,,,,"4,758,630.1",,,,-160.4547662,,612.936094,,,10.98,10.98,,,,94.76,-.69,,,,,,,,
N038606,A065180,주식회사 해피드림,(주)해피드림,130111-0036318,124-81-41378,1995-11-27,2016-06-02,2018-04-20,일반,12.0,중소기업,,해피드림,N30200.음식료 및 담배,H00000.운수 및 창고업(49~52),H49000.육상 운송 및 파이프라인 운송업,코스닥,감사범위제한으로 인한 한정의견,감사의견한정,2017,0.0967647,0.0067956,0.8499554,9.68,-0.1975035,0.0,,,,-0.0205562,-0.019372,-0.0397566,,,,,,0.08,0.0803785,,,,5.26,,,,,"5,079,329.3",,,,-24.0753693,,672.2466881,,,26.13,26.13,,,,92.17,-.65,,,,,,,,
N038606,A065180,주식회사 해피드림,(주)해피드림,130111-0036318,124-81-41378,1995-11-27,2016-06-02,2018-04-20,일반,12.0,중소기업,,해피드림,N30200.음식료 및 담배,H00000.운수 및 창고업(49~52),H49000.육상 운송 및 파이프라인 운송업,코스닥,감사범위제한으로 인한 한정의견,감사의견한정,2018,,,,,,,,,,,,,,,,,,,,,,,,,,,,,,,,,,,,,,,,,,,,,,,,,,,
N038606,A065180,주식회사 해피드림,(주)해피드림,130111-0036318,124-81-41378,1995-11-27,2016-06-02,2018-04-20,일반,12.0,중소기업,,해피드림,N30200.음식료 및 담배,H00000.운수 및 창고업(49~52),H49000.육상 운송 및 파이프라인 운송업,코스닥,감사범위제한으로 인한 한정의견,감사의견한정,2019,,,,,,,,,,,,,,,,,,,,,,,,,,,,,,,,,,,,,,,,,,,,,,,,,,,
N038606,A065180,주식회사 해피드림,(주)해피드림,130111-0036318,124-81-41378,1995-11-27,2016-06-02,2018-04-20,일반,12.0,중소기업,,해피드림,N30200.음식료 및 담배,H00000.운수 및 창고업(49~52),H49000.육상 운송 및 파이프라인 운송업,코스닥,감사범위제한으로 인한 한정의견,감사의견한정,2020,,,,,,,,,,,,,,,,,,,,,,,,,,,,,,,,,,,,,,,,,,,,,,,,,,,
N038606,A065180,주식회사 해피드림,(주)해피드림,130111-0036318,124-81-41378,1995-11-27,2016-06-02,2018-04-20,일반,12.0,중소기업,,해피드림,N30200.음식료 및 담배,H00000.운수 및 창고업(49~52),H49000.육상 운송 및 파이프라인 운송업,코스닥,감사범위제한으로 인한 한정의견,감사의견한정,2021,,,,,,,,,,,,,,,,,,,,,,,,,,,,,,,,,,,,,,,,,,,,,,,,,,,
N038606,A065180,주식회사 해피드림,(주)해피드림,130111-0036318,124-81-41378,1995-11-27,2016-06-02,2018-04-20,일반,12.0,중소기업,,해피드림,N30200.음식료 및 담배,H00000.운수 및 창고업(49~52),H49000.육상 운송 및 파이프라인 운송업,코스닥,감사범위제한으로 인한 한정의견,감사의견한정,2022,,,,,,,,,,,,,,,,,,,,,,,,,,,,,,,,,,,,,,,,,,,,,,,,,,,
N038606,A065180,주식회사 해피드림,(주)해피드림,130111-0036318,124-81-41378,1995-11-27,2016-06-02,2018-04-20,일반,12.0,중소기업,,해피드림,N30200.음식료 및 담배,H00000.운수 및 창고업(49~52),H49000.육상 운송 및 파이프라인 운송업,코스닥,감사범위제한으로 인한 한정의견,감사의견한정,2023,,,,,,,,,,,,,,,,,,,,,,,,,,,,,,,,,,,,,,,,,,,,,,,,,,,
N038606,A065180,주식회사 해피드림,(주)해피드림,130111-0036318,124-81-41378,1995-11-27,2016-06-02,2018-04-20,일반,12.0,중소기업,,해피드림,N30200.음식료 및 담배,H00000.운수 및 창고업(49~52),H49000.육상 운송 및 파이프라인 운송업,코스닥,감사범위제한으로 인한 한정의견,감사의견한정,2024,,,,,,,,,,,,,,,,,,,,,,,,,,,,,,,,,,,,,,,,,,,,,,,,,,,
N417483,A065270,플렉스컴,(주)플렉스컴,120111-0151499,139-81-30946,1997-04-25,2002-10-23,2016-04-12,폐업,12.0,중소기업,,,N45201.통신장비,C00000.제조업(10~34),"C26000.전자 부품, 컴퓨터, 영상, 음향 및 통신장비 제조업",코스닥,자본전액잠식,자본잠식,2014,-0.4020706,-2.8013061,-3.4083874,-40.21,-0.4701649,-0.3398496,-8.16,-15.71,-16.62,-0.1410992,-0.1492556,-0.5056264,-53.49,1.47,116.69,24.17,.9,3.22,1.245553,,,3.64,14.63,-8.69,,,,"434,256.85",,,21353.4276208,-3712.8252233,-2171.8872435,5558.3184184,"1,185.78",21.23,73.01,30.77,5.6,,24.69,371.12,-10.67,,,,,,,,
N417483,A065270,플렉스컴,(주)플렉스컴,120111-0151499,139-81-30946,1997-04-25,2002-10-23,2016-04-12,폐업,12.0,중소기업,,,N45201.통신장비,C00000.제조업(10~34),"C26000.전자 부품, 컴퓨터, 영상, 음향 및 통신장비 제조업",코스닥,자본전액잠식,자본잠식,2015,-1.130481,-0.2548594,-0.7983442,,0.1479223,-0.3826879,-11.2,-17.18,-26.04,-0.194885,-0.2954351,-1.9500843,,2.62,124.05,-5.92,1.13,,1.2605509,,,3.67,32.04,-3.4,,,,"474,547.13",,,21396.6551305,-6205.5123033,975.5124082,-620.574845,-224.11,,48.46,15.,3.62,,13.73,,-6.55,,,,,,,,
N417483,A065270,플렉스컴,(주)플렉스컴,120111-0151499,139-81-30946,1997-04-25,2002-10-23,2016-04-12,폐업,12.0,중소기업,,,N45201.통신장비,C00000.제조업(10~34),"C26000.전자 부품, 컴퓨터, 영상, 음향 및 통신장비 제조업",코스닥,자본전액잠식,자본잠식,2016,,,,,,,,,,,,,,,,,,,,,,,,,,,,,,,,,,,,,,,,,,,,,,,,,,,
N417483,A065270,플렉스컴,(주)플렉스컴,120111-0151499,139-81-30946,1997-04-25,2002-10-23,2016-04-12,폐업,12.0,중소기업,,,N45201.통신장비,C00000.제조업(10~34),"C26000.전자 부품, 컴퓨터, 영상, 음향 및 통신장비 제조업",코스닥,자본전액잠식,자본잠식,2017,,,,,,,,,,,,,,,,,,,,,,,,,,,,,,,,,,,,,,,,,,,,,,,,,,,
N417483,A065270,플렉스컴,(주)플렉스컴,120111-0151499,139-81-30946,1997-04-25,2002-10-23,2016-04-12,폐업,12.0,중소기업,,,N45201.통신장비,C00000.제조업(10~34),"C26000.전자 부품, 컴퓨터, 영상, 음향 및 통신장비 제조업",코스닥,자본전액잠식,자본잠식,2018,,,,,,,,,,,,,,,,,,,,,,,,,,,,,,,,,,,,,,,,,,,,,,,,,,,
N417483,A065270,플렉스컴,(주)플렉스컴,120111-0151499,139-81-30946,1997-04-25,2002-10-23,2016-04-12,폐업,12.0,중소기업,,,N45201.통신장비,C00000.제조업(10~34),"C26000.전자 부품, 컴퓨터, 영상, 음향 및 통신장비 제조업",코스닥,자본전액잠식,자본잠식,2019,,,,,,,,,,,,,,,,,,,,,,,,,,,,,,,,,,,,,,,,,,,,,,,,,,,
N417483,A065270,플렉스컴,(주)플렉스컴,120111-0151499,139-81-30946,1997-04-25,2002-10-23,2016-04-12,폐업,12.0,중소기업,,,N45201.통신장비,C00000.제조업(10~34),"C26000.전자 부품, 컴퓨터, 영상, 음향 및 통신장비 제조업",코스닥,자본전액잠식,자본잠식,2020,,,,,,,,,,,,,,,,,,,,,,,,,,,,,,,,,,,,,,,,,,,,,,,,,,,
N417483,A065270,플렉스컴,(주)플렉스컴,120111-0151499,139-81-30946,1997-04-25,2002-10-23,2016-04-12,폐업,12.0,중소기업,,,N45201.통신장비,C00000.제조업(10~34),"C26000.전자 부품, 컴퓨터, 영상, 음향 및 통신장비 제조업",코스닥,자본전액잠식,자본잠식,2021,,,,,,,,,,,,,,,,,,,,,,,,,,,,,,,,,,,,,,,,,,,,,,,,,,,
N417483,A065270,플렉스컴,(주)플렉스컴,120111-0151499,139-81-30946,1997-04-25,2002-10-23,2016-04-12,폐업,12.0,중소기업,,,N45201.통신장비,C00000.제조업(10~34),"C26000.전자 부품, 컴퓨터, 영상, 음향 및 통신장비 제조업",코스닥,자본전액잠식,자본잠식,2022,,,,,,,,,,,,,,,,,,,,,,,,,,,,,,,,,,,,,,,,,,,,,,,,,,,
N417483,A065270,플렉스컴,(주)플렉스컴,120111-0151499,139-81-30946,1997-04-25,2002-10-23,2016-04-12,폐업,12.0,중소기업,,,N45201.통신장비,C00000.제조업(10~34),"C26000.전자 부품, 컴퓨터, 영상, 음향 및 통신장비 제조업",코스닥,자본전액잠식,자본잠식,2023,,,,,,,,,,,,,,,,,,,,,,,,,,,,,,,,,,,,,,,,,,,,,,,,,,,
N417483,A065270,플렉스컴,(주)플렉스컴,120111-0151499,139-81-30946,1997-04-25,2002-10-23,2016-04-12,폐업,12.0,중소기업,,,N45201.통신장비,C00000.제조업(10~34),"C26000.전자 부품, 컴퓨터, 영상, 음향 및 통신장비 제조업",코스닥,자본전액잠식,자본잠식,2024,,,,,,,,,,,,,,,,,,,,,,,,,,,,,,,,,,,,,,,,,,,,,,,,,,,
N016039,A065560,녹원씨엔아이,(주)녹원씨엔아이,110111-0529747,214-81-13888,1987-05-07,2003-07-01,2024-07-29,외감,12.0,중소기업,,,N20200.상업 및 전문서비스,C00000.제조업(10~34),C18000.인쇄 및 기록매체 복제업,코스닥,기업의 계속성 및 경영의 투명성 등을 종합적으로 고려하여 상장폐지기준에 해당한다고 결정,기업의계속성_경영의투명성종합판단,2014,1.1564586,0.0435175,0.1104081,115.65,-0.7845221,-0.5,1.8,-105.19,-154.57,-0.1978879,-0.2907796,-0.3692641,-54.26,20.53,150.07,12.68,.19,0.35,0.4053396,0.0,148.1543386,2.95,1.51,.8,,"63,139,030.",.,"414,741.",,,228.7154343,-342.5911693,-571.6762181,599.5631702,27.06,57.75,181.1,152.05,30.64,35.82,91.2,73.15,-5.12,-94.59,-124.15,-21.68,-105.32,,,,"12,655,063,000."
N016039,A065560,녹원씨엔아이,(주)녹원씨엔아이,110111-0529747,214-81-13888,1987-05-07,2003-07-01,2024-07-29,외감,12.0,중소기업,,,N20200.상업 및 전문서비스,C00000.제조업(10~34),C18000.인쇄 및 기록매체 복제업,코스닥,기업의 계속성 및 경영의 투명성 등을 종합적으로 고려하여 상장폐지기준에 해당한다고 결정,기업의계속성_경영의투명성종합판단,2015,0.4423058,1.133152,-1.7511125,44.23,1.2540346,0.0606061,46.6,6.21,-188.66,0.0195003,-0.5920334,0.0294675,-89.46,5.89,188.1,0.8,0.31,0.47,0.9277595,0.0,35.2393095,5.45,2.62,1.17,,"13,741,910.",.,"489,514.23",,,316.2113116,-604.3630414,-249.4865845,504.9120145,1.64,73.62,345.16,319.46,33.31,10.48,374.06,35.84,1.06,-227.87,-364.53,-71.91,-177.34,,,,"21,914,387,000."
N016039,A065560,녹원씨엔아이,(주)녹원씨엔아이,110111-0529747,214-81-13888,1987-05-07,2003-07-01,2024-07-29,외감,12.0,중소기업,,,N20200.상업 및 전문서비스,C00000.제조업(10~34),C18000.인쇄 및 기록매체 복제업,코스닥,기업의 계속성 및 경영의 투명성 등을 종합적으로 고려하여 상장폐지기준에 해당한다고 결정,기업의계속성_경영의투명성종합판단,2016,-0.4659974,-6.1505035,0.2022796,-46.6,-0.4711771,-0.2571429,18.17,-60.52,-284.59,-0.1305167,-0.6137231,-0.1675367,-78.78,18.5,323.06,-33.8,0.22,0.28,0.9759471,0.0,211.5860121,7.1,1.44,0.75,,"5,278,650.","356,250.","569,549.38",,,147.0568114,-427.2093073,-70.1890054,358.4816395,-27.68,87.44,673.15,611.42,45.87,10.77,430.86,14.37,-3.27,-833.59,"-1,367.88",-101.12,-290.86,,,,"24,796,543,000."
N016039,A065560,녹원씨엔아이,(주)녹원씨엔아이,110111-0529747,214-81-13888,1987-05-07,2003-07-01,2024-07-29,외감,12.0,중소기업,,,N20200.상업 및 전문서비스,C00000.제조업(10~34),C18000.인쇄 및 기록매체 복제업,코스닥,기업의 계속성 및 경영의 투명성 등을 종합적으로 고려하여 상장폐지기준에 해당한다고 결정,기업의계속성_경영의투명성종합판단,2017,3.9919135,4.2352559,1.0387336,399.19,4.6955644,-0.3461539,63.14,34.38,1.94,0.1212684,0.0068271,0.2598578,1.46,13.61,87.96,38.13,0.35,0.76,0.6614069,0.0,6.4337927,9.56,2.64,11.5,,"5,121,760.","544,850.","2,523,642.62",,,1371.1880008,26.53794,568.4210455,4604.0333734,821.75,42.68,100.93,94.25,12.36,720.13,195.71,134.3,2.53,-21.71,-22.09,-9.7,-166.6,,,,"11,148,825,000."
N016039,A065560,녹원씨엔아이,(주)녹원씨엔아이,110111-0529747,214-81-13888,1987-05-07,2003-07-01,2024-07-29,외감,12.0,중소기업,,,N20200.상업 및 전문서비스,C00000.제조업(10~34),C18000.인쇄 및 기록매체 복제업,코스닥,기업의 계속성 및 경영의 투명성 등을 종합적으로 고려하여 상장폐지기준에 해당한다고 결정,기업의계속성_경영의투명성종합판단,2018,0.5767092,1.1870927,13.520657,57.67,2.4589264,5.2941176,34.42,21.74,8.12,0.138842,0.051895,0.26475,9.9,7.29,87.2,55.48,.64,1.22,1.3430519,0.0,37.8437724,13.44,4.46,8.35,,"50,062,110.","3,290,740.","849,429.54",,,5991.1923153,508.1779334,261.2905828,5164.2280428,933.43,61.34,137.1,122.23,24.53,40.06,311.75,63.02,2.98,10.91,12.25,3.57,12.05,,,,"114,012,404,000."
N016039,A065560,녹원씨엔아이,(주)녹원씨엔아이,110111-0529747,214-81-13888,1987-05-07,2003-07-01,2024-07-29,외감,12.0,중소기업,,,N20200.상업 및 전문서비스,C00000.제조업(10~34),C18000.인쇄 및 기록매체 복제업,코스닥,기업의 계속성 및 경영의 투명성 등을 종합적으로 고려하여 상장폐지기준에 해당한다고 결정,기업의계속성_경영의투명성종합판단,2019,-0.1058056,-0.4758807,-2.4756024,-10.58,-0.1844162,-0.1962617,31.22,13.97,-14.7,0.0759734,-0.0799475,0.1197169,-12.6,4.87,111.03,58.55,.54,0.86,1.4884384,0.0,245.381978,8.61,4.54,4.74,,"127,701,190.","8,582,760.","1,139,716.7",1.19,10.64,4074.4369208,-598.9403178,650.4701877,4421.5098163,774.76,66.01,128.75,104.09,20.12,85.77,181.43,51.49,2.87,-30.91,-34.,-8.89,-26.25,158.34,3.88,437.32,"125,078,941,000."
N016039,A065560,녹원씨엔아이,(주)녹원씨엔아이,110111-0529747,214-81-13888,1987-05-07,2003-07-01,2024-07-29,외감,12.0,중소기업,,,N20200.상업 및 전문서비스,C00000.제조업(10~34),C18000.인쇄 및 기록매체 복제업,코스닥,기업의 계속성 및 경영의 투명성 등을 종합적으로 고려하여 상장폐지기준에 해당한다고 결정,기업의계속성_경영의투명성종합판단,2020,0.1111625,-1.2444934,0.0283849,11.12,-0.6920616,-0.2093023,38.33,-11.09,-46.38,-0.017704,-0.0740357,-0.0293693,-12.28,7.72,126.4,47.37,.16,0.26,0.4018747,0.0,160.9255849,2.7,1.51,17.9,,"160,850,910.","10,120,130.","1,391,287.26",,,1144.949729,-405.9157093,-243.1897872,4243.8209721,740.61,55.91,87.58,74.48,19.64,,154.73,78.85,-1.44,-35.85,-37.3,-14.12,-84.21,,,,"103,930,553,000."
N016039,A065560,녹원씨엔아이,(주)녹원씨엔아이,110111-0529747,214-81-13888,1987-05-07,2003-07-01,2024-07-29,외감,12.0,중소기업,,,N20200.상업 및 전문서비스,C00000.제조업(10~34),C18000.인쇄 및 기록매체 복제업,코스닥,기업의 계속성 및 경영의 투명성 등을 종합적으로 고려하여 상장폐지기준에 해당한다고 결정,기업의계속성_경영의투명성종합판단,2021,-0.4762027,-1.5053573,-3.3379753,-47.62,-0.1944484,-0.2941177,23.77,-34.49,-249.77,-0.0482641,-0.3494716,-0.0917445,-66.43,23.28,236.07,31.95,.14,0.27,0.2952283,0.0,66.0305494,2.77,1.4,-2.54,,"212,066,050.","12,618,770.","1,672,035.88",,,876.1977525,-2453.5188616,-335.0609522,2064.2606496,309.47,47.27,85.36,74.27,12.7,,233.23,111.54,-1.48,-102.86,-113.7,-58.72,-232.85,,,,"136,346,254,000."
N016039,A065560,녹원씨엔아이,(주)녹원씨엔아이,110111-0529747,214-81-13888,1987-05-07,2003-07-01,2024-07-29,외감,12.0,중소기업,,,N20200.상업 및 전문서비스,C00000.제조업(10~34),C18000.인쇄 및 기록매체 복제업,코스닥,기업의 계속성 및 경영의 투명성 등을 종합적으로 고려하여 상장폐지기준에 해당한다고 결정,기업의계속성_경영의투명성종합판단,2022,0.1727106,0.5248185,0.3277124,17.27,-0.0840038,0.1875,37.46,-17.89,-183.32,-0.0246833,-0.2528637,-0.0583716,-59.8,11.4,231.29,27.64,.14,0.33,0.2390051,0.0,42.2555185,1.61,0.98,-1.21,,"177,509,430.","9,207,190.","1,056,596.63",,,600.1000713,-1100.0822192,313.0077456,1780.6095878,254.28,38.8,73.71,54.15,9.46,,89.6,157.75,-1.57,-123.95,-134.05,-30.35,-167.07,,,,"84,468,425,000."
N016039,A065560,녹원씨엔아이,(주)녹원씨엔아이,110111-0529747,214-81-13888,1987-05-07,2003-07-01,2024-07-29,외감,12.0,중소기업,,,N20200.상업 및 전문서비스,C00000.제조업(10~34),C18000.인쇄 및 기록매체 복제업,코스닥,기업의 계속성 및 경영의 투명성 등을 종합적으로 고려하여 상장폐지기준에 해당한다고 결정,기업의계속성_경영의투명성종합판단,2023,-0.1576539,1.14628,0.4429229,-15.77,0.3668593,-0.1052632,37.69,1.92,-74.71,0.0040493,-0.1579778,0.0085867,-33.5,5.35,146.55,50.22,.21,0.45,0.4001514,0.0,47.4986812,2.36,1.35,-5.9,,"211,115,220.","6,870,280.","1,131,225.64",,,860.1478877,-642.6375324,63.1774689,2418.496487,379.,63.37,151.3,136.56,53.95,28.72,346.21,57.8,0.36,-48.23,-54.55,-18.5,-77.81,,,,"120,699,031,000."
N016039,A065560,녹원씨엔아이,(주)녹원씨엔아이,110111-0529747,214-81-13888,1987-05-07,2003-07-01,2024-07-29,외감,12.0,중소기업,,,N20200.상업 및 전문서비스,C00000.제조업(10~34),C18000.인쇄 및 기록매체 복제업,코스닥,기업의 계속성 및 경영의 투명성 등을 종합적으로 고려하여 상장폐지기준에 해당한다고 결정,기업의계속성_경영의투명성종합판단,2024,,,,,,,34.77,-13.18,-33.26,,,,-11.89,5.08,125.63,55.45,.24,,,0.0,115.2521041,,,2.09,,"230,749,300.","4,268,050.",,,,,,,,396.13,69.33,,,42.59,100.59,390.97,,,-32.85,-37.58,-10.4,-60.13,,,,"62,243,247,000."
N122300,A065620,제낙스,(주)제낙스,184611-0004684,622-81-04426,1991-06-18,2002-06-27,2021-08-09,외감,12.0,중소기업,,,N15104.금속과 채광,C00000.제조업(10~34),C24000.1차 금속 제조업,코스닥,감사의견 거절(감사범위 제한 및 계속기업 존속능력에 대한 불확실성),감사의견거절,2014,-0.3555866,0.1596083,0.1348186,-35.56,-0.3605837,-0.1276596,-33.84,-64.54,-76.87,-0.139117,-0.1656822,-0.3641334,-43.37,17.39,170.53,11.66,.22,0.56,0.3488014,0.0,395.8027484,3.98,1.89,-.63,,"318,874,820.","45,852,230.","1,394,693.54",-6.47,-28.32,491.7639804,-381.4847236,-30.5504583,731.7151348,50.8,31.66,20.83,15.49,1.46,,"8,529.06",215.88,-3.71,-25.16,-34.21,-14.46,-75.75,-196.95,-35.44,-50.32,"51,089,368,000."
N122300,A065620,제낙스,(주)제낙스,184611-0004684,622-81-04426,1991-06-18,2002-06-27,2021-08-09,외감,12.0,중소기업,,,N15104.금속과 채광,C00000.제조업(10~34),C24000.1차 금속 제조업,코스닥,감사의견 거절(감사범위 제한 및 계속기업 존속능력에 대한 불확실성),감사의견거절,2015,0.8601073,0.9396696,0.6967602,86.01,0.0215118,-0.0243902,16.65,-3.81,-22.82,-0.0082033,-0.0491059,-0.0196002,-11.73,16.57,121.18,31.98,0.22,0.51,0.3701004,0.0,297.7572005,7.9,2.73,-0.53,,"329,451,260.","54,035,610.","1,469,501.36",4.05,18.07,494.4731048,-113.8160223,-5.9821487,1305.3646625,158.76,50.62,19.78,14.49,.88,,"1,315.31",97.57,-.23,-5.26,-7.67,-2.21,-12.45,110.17,21.33,80.07,"45,840,219,000."
N122300,A065620,제낙스,(주)제낙스,184611-0004684,622-81-04426,1991-06-18,2002-06-27,2021-08-09,외감,12.0,중소기업,,,N15104.금속과 채광,C00000.제조업(10~34),C24000.1차 금속 제조업,코스닥,감사의견 거절(감사범위 제한 및 계속기업 존속능력에 대한 불확실성),감사의견거절,2016,0.1091812,-8.756119,-1.4418312,10.92,-0.4292034,-0.125,-25.06,-65.15,-97.62,-0.0725498,-0.1086978,-0.1394017,-20.89,23.95,189.49,35.24,0.11,0.21,0.2321958,0.0,373.5493036,5.56,1.92,-0.37,,"359,494,840.","53,125,740.","1,829,188.54",-2.85,-14.49,280.8592198,-276.6355852,-195.8049581,1430.6352901,183.89,53.4,21.59,16.37,1.37,,"2,228.52",87.26,-2.72,-21.82,-25.78,-8.75,-93.57,-98.04,-29.92,-113.76,"53,330,851,000."
N122300,A065620,제낙스,(주)제낙스,184611-0004684,622-81-04426,1991-06-18,2002-06-27,2021-08-09,외감,12.0,중소기업,,,N15104.금속과 채광,C00000.제조업(10~34),C24000.1차 금속 제조업,코스닥,감사의견 거절(감사범위 제한 및 계속기업 존속능력에 대한 불확실성),감사의견거절,2017,-0.3903096,-2.6459095,-1.6873777,-39.03,0.0197435,0.1142857,-22.36,-232.94,-257.25,-0.310044,-0.3423975,-0.6004032,-66.31,21.16,334.72,18.84,0.13,0.26,0.2752194,0.0,60.0838778,6.95,2.41,-0.75,,"307,253,620.","38,956,850.","1,423,425.73",-21.46,-99.41,288.2249576,-741.4688472,-247.2341951,812.1285145,62.43,48.99,79.8,73.44,10.52,,"6,459.97",104.13,-11.01,-83.14,-98.51,-34.45,-254.18,-784.01,-191.78,-18.07,"56,068,106,000."
N122300,A065620,제낙스,(주)제낙스,184611-0004684,622-81-04426,1991-06-18,2002-06-27,2021-08-09,외감,12.0,중소기업,,,N15104.금속과 채광,C00000.제조업(10~34),C24000.1차 금속 제조업,코스닥,감사의견 거절(감사범위 제한 및 계속기업 존속능력에 대한 불확실성),감사의견거절,2018,-0.4963718,0.4490273,0.4287804,-49.64,-0.1673076,-0.1025641,-15.06,-154.13,-176.47,-0.2449011,-0.2803956,-0.5808522,-66.5,24.44,277.78,-7.33,.16,0.38,0.2747157,0.0,215.5668767,6.61,2.33,-.82,,"280,366,200.","35,581,710.","1,172,674.69",,,230.0022182,-405.836701,-323.7372205,409.2215396,-18.16,33.03,26.6,21.47,2.45,,"5,440.5",202.79,-6.31,-49.02,-53.98,-25.17,-176.45,,,,"37,264,247,000."
N122300,A065620,제낙스,(주)제낙스,184611-0004684,622-81-04426,1991-06-18,2002-06-27,2021-08-09,외감,12.0,중소기업,,,N15104.금속과 채광,C00000.제조업(10~34),C24000.1차 금속 제조업,코스닥,감사의견 거절(감사범위 제한 및 계속기업 존속능력에 대한 불확실성),감사의견거절,2019,-0.8391551,-0.0970884,-0.1725387,-83.92,-0.3038136,0.0,-22.57,-242.89,-297.22,-0.3324216,-0.4067758,-1.6389416,-200.55,57.35,338.38,-39.36,.14,0.67,0.1716815,0.0,141.1169849,5.12,2.28,-.26,,"292,239,160.","29,565,830.","768,341.83",-35.5,-93.34,160.1244271,-475.8173527,-214.2204314,66.2442282,-86.75,5.97,20.16,16.85,9.77,,"8,576.79","1,575.77",-4.24,-70.03,-76.85,-93.1,-453.22,-922.6,-265.15,-20.,"27,837,817,000."
N122300,A065620,제낙스,(주)제낙스,184611-0004684,622-81-04426,1991-06-18,2002-06-27,2021-08-09,외감,12.0,중소기업,,,N15104.금속과 채광,C00000.제조업(10~34),C24000.1차 금속 제조업,코스닥,감사의견 거절(감사범위 제한 및 계속기업 존속능력에 대한 불확실성),감사의견거절,2020,-1.3582088,0.5356454,1.0348366,,-0.4268275,-0.3714286,-33.91,-150.53,30.31,-0.1863344,0.037513,1.676978,,34.22,81.73,-2.41,.12,,0.1114036,0.344770217,0.37952016,3.26,2.15,-.18,,"507,655,930.","34,847,640.","757,860.39",23.48,35.06,,27.0919072,,430.2257606,-15.42,13.07,49.2,44.7,.32,,"2,419.88",664.85,-4.4,7.47,10.09,6.49,49.75,510.69,189.71,33.35,"24,780,625,000."
N122300,A065620,제낙스,(주)제낙스,184611-0004684,622-81-04426,1991-06-18,2002-06-27,2021-08-09,외감,12.0,중소기업,,,N15104.금속과 채광,C00000.제조업(10~34),C24000.1차 금속 제조업,코스닥,감사의견 거절(감사범위 제한 및 계속기업 존속능력에 대한 불확실성),감사의견거절,2021,,,,,,,-8.48,-52.35,-47.24,,,,-78.44,9.49,138.76,-14.02,.18,,,1.222781578,1.710135412,,,-.41,,"2,346,262,000.","78,143,630.",,,,,,,,-62.48,8.18,,,2.24,,"3,004.49",,,-13.11,-18.49,-12.04,-53.86,,,,"11,035,512,000."
N122300,A065620,제낙스,(주)제낙스,184611-0004684,622-81-04426,1991-06-18,2002-06-27,2021-08-09,외감,12.0,중소기업,,,N15104.금속과 채광,C00000.제조업(10~34),C24000.1차 금속 제조업,코스닥,감사의견 거절(감사범위 제한 및 계속기업 존속능력에 대한 불확실성),감사의견거절,2022,,,,,,,24.16,-136.45,-159.28,,,,,3.86,201.08,-54.95,.08,,,0.184992075,0.191113282,,,-.18,,,,,,,,,,,-105.29,,,,6.18,,,,,-26.04,-38.68,-26.9,-191.81,,,,"4,743,930,000."
N122300,A065620,제낙스,(주)제낙스,184611-0004684,622-81-04426,1991-06-18,2002-06-27,2021-08-09,외감,12.0,중소기업,,,N15104.금속과 채광,C00000.제조업(10~34),C24000.1차 금속 제조업,코스닥,감사의견 거절(감사범위 제한 및 계속기업 존속능력에 대한 불확실성),감사의견거절,2023,,,,,,,5.52,-94.87,-5.37,,,,,.,102.61,-56.14,.12,,,0.171149141,0.177097147,,,-.43,,"50,412,250.",.,,,,,,,,-106.46,,,,5.62,,,,,-1.09,-1.61,-1.13,-9.02,,,,"4,694,730,000."
N122300,A065620,제낙스,(주)제낙스,184611-0004684,622-81-04426,1991-06-18,2002-06-27,2021-08-09,외감,12.0,중소기업,,,N15104.금속과 채광,C00000.제조업(10~34),C24000.1차 금속 제조업,코스닥,감사의견 거절(감사범위 제한 및 계속기업 존속능력에 대한 불확실성),감사의견거절,2024,,,,,,,10.67,-791.65,"4,187.29",,,,,.,21.,10.56,.01,,,0.0123840109,0.0123840109,,,.1,,"68,811,000.",.,,,,,,,,27.94,47.98,,,77.37,.,129.34,,,98.69,101.86,51.34,"4,230.",,,,"6,547,635,000."
N355488,A065940,바이오빌,(주)바이오빌,180111-0069806,621-81-05174,1986-11-24,2003-01-07,2020-07-31,일반,12.0,중소기업,,바이오빌,N15101.화학,C00000.제조업(10~34),C20000.화학 물질 및 화학제품 제조업,코스닥,감사의견 거절(감사범위 제한 및 계속기업 존속능력에 대한 불확실성),감사의견거절,2014,0.0950315,0.8311287,1.5046446,9.5,-0.0734774,-0.1547619,29.48,-2.75,14.92,-0.0097974,0.0532083,-0.01524,8.28,3.26,86.38,53.5,.36,0.55,0.9986989,,,6.08,7.91,25.12,,,,"913,692.17",,,1502.5556868,251.5463333,62.4954595,3256.8173322,551.18,63.55,106.53,89.57,12.03,259.64,506.74,57.36,-.84,,,,,,,,
N355488,A065940,바이오빌,(주)바이오빌,180111-0069806,621-81-05174,1986-11-24,2003-01-07,2020-07-31,일반,12.0,중소기업,,바이오빌,N15101.화학,C00000.제조업(10~34),C20000.화학 물질 및 화학제품 제조업,코스닥,감사의견 거절(감사범위 제한 및 계속기업 존속능력에 대한 불확실성),감사의견거절,2015,0.2395456,-1.9902109,0.1711261,23.95,0.2412965,0.056338,37.64,-6.62,14.08,-0.0245635,0.0522468,-0.0389305,8.28,3.11,86.04,54.01,0.37,0.59,1.0058368,,,7.82,8.44,7.66,,,,"992,712.89",,,1820.6986115,297.5018109,-7.7270369,3750.7732297,649.89,62.73,137.17,115.11,29.72,59.36,512.56,59.4,-2.13,,,,,,,,
N355488,A065940,바이오빌,(주)바이오빌,180111-0069806,621-81-05174,1986-11-24,2003-01-07,2020-07-31,일반,12.0,중소기업,,바이오빌,N15101.화학,C00000.제조업(10~34),C20000.화학 물질 및 화학제품 제조업,코스닥,감사의견 거절(감사범위 제한 및 계속기업 존속능력에 대한 불확실성),감사의견거절,2016,0.228687,0.1821213,-3.465774,22.87,0.0766791,-0.0666667,,,,-0.0165247,-0.1059663,-0.0258123,,,,,,0.51,0.9136256,,,7.27,7.52,,,,,"1,321,366.02",,,1554.8471047,-546.9712855,-371.4634175,3352.7070823,,,376.42,340.,,,,53.6,-2.,,,,,,,,
N355488,A065940,바이오빌,(주)바이오빌,180111-0069806,621-81-05174,1986-11-24,2003-01-07,2020-07-31,일반,12.0,중소기업,,바이오빌,N15101.화학,C00000.제조업(10~34),C20000.화학 물질 및 화학제품 제조업,코스닥,감사의견 거절(감사범위 제한 및 계속기업 존속능력에 대한 불확실성),감사의견거절,2017,0.1020301,-5.0496287,-1.3910585,10.2,0.5410733,0.1571429,,,,-0.0639123,-0.161987,-0.1347487,,,,,,0.68,0.616111,,,6.77,6.93,,,,,"1,404,077.04",,,2003.9519242,-1104.6836811,-231.9962924,2880.5093456,,,69.92,60.88,,,,162.77,-2.33,,,,,,,,
N355488,A065940,바이오빌,(주)바이오빌,180111-0069806,621-81-05174,1986-11-24,2003-01-07,2020-07-31,일반,12.0,중소기업,,바이오빌,N15101.화학,C00000.제조업(10~34),C20000.화학 물질 및 화학제품 제조업,코스닥,감사의견 거절(감사범위 제한 및 계속기업 존속능력에 대한 불확실성),감사의견거절,2018,-0.3083812,-1.838029,-2.8732521,-30.84,1.0965541,0.0864198,,,,-0.1235466,-0.4273515,-0.4312057,,,,,,1.61,0.6482479,,,10.56,8.09,,,,,"1,634,874.3",,,3071.7573987,-2962.5044424,-567.6030458,1006.8918311,,,50.95,45.27,,,,373.74,-2.41,,,,,,,,
N355488,A065940,바이오빌,(주)바이오빌,180111-0069806,621-81-05174,1986-11-24,2003-01-07,2020-07-31,일반,12.0,중소기업,,바이오빌,N15101.화학,C00000.제조업(10~34),C20000.화학 물질 및 화학제품 제조업,코스닥,감사의견 거절(감사범위 제한 및 계속기업 존속능력에 대한 불확실성),감사의견거절,2019,-0.7647892,0.5125021,0.6767572,-76.48,-0.6734487,-0.3181818,,,,-0.0716413,-0.1643138,-0.4162477,,,,,,1.04,0.2170033,,,4.48,2.66,,,,,"2,398,331.1",,,780.955147,-717.3452741,-62.4864214,285.1658643,,,36.14,31.14,,,,937.12,-8.31,,,,,,,,
N355488,A065940,바이오빌,(주)바이오빌,180111-0069806,621-81-05174,1986-11-24,2003-01-07,2020-07-31,일반,12.0,중소기업,,바이오빌,N15101.화학,C00000.제조업(10~34),C20000.화학 물질 및 화학제품 제조업,코스닥,감사의견 거절(감사범위 제한 및 계속기업 존속능력에 대한 불확실성),감사의견거절,2020,,,,,,,,,,,,,,,,,,,,,,,,,,,,,,,,,,,,,,,,,,,,,,,,,,,
N355488,A065940,바이오빌,(주)바이오빌,180111-0069806,621-81-05174,1986-11-24,2003-01-07,2020-07-31,일반,12.0,중소기업,,바이오빌,N15101.화학,C00000.제조업(10~34),C20000.화학 물질 및 화학제품 제조업,코스닥,감사의견 거절(감사범위 제한 및 계속기업 존속능력에 대한 불확실성),감사의견거절,2021,,,,,,,,,,,,,,,,,,,,,,,,,,,,,,,,,,,,,,,,,,,,,,,,,,,
N355488,A065940,바이오빌,(주)바이오빌,180111-0069806,621-81-05174,1986-11-24,2003-01-07,2020-07-31,일반,12.0,중소기업,,바이오빌,N15101.화학,C00000.제조업(10~34),C20000.화학 물질 및 화학제품 제조업,코스닥,감사의견 거절(감사범위 제한 및 계속기업 존속능력에 대한 불확실성),감사의견거절,2022,,,,,,,,,,,,,,,,,,,,,,,,,,,,,,,,,,,,,,,,,,,,,,,,,,,
N355488,A065940,바이오빌,(주)바이오빌,180111-0069806,621-81-05174,1986-11-24,2003-01-07,2020-07-31,일반,12.0,중소기업,,바이오빌,N15101.화학,C00000.제조업(10~34),C20000.화학 물질 및 화학제품 제조업,코스닥,감사의견 거절(감사범위 제한 및 계속기업 존속능력에 대한 불확실성),감사의견거절,2023,,,,,,,100.,"-8,905.7","3,116.4",,,,3.77,"1,488.82",79.5,70.89,.,,,,,,,.01,,,,,,,,,,,267.69,91.77,,,89.34,.,,,,23.56,,1.94,"1,705.02",,,,
N355488,A065940,바이오빌,(주)바이오빌,180111-0069806,621-81-05174,1986-11-24,2003-01-07,2020-07-31,일반,12.0,중소기업,,바이오빌,N15101.화학,C00000.제조업(10~34),C20000.화학 물질 및 화학제품 제조업,코스닥,감사의견 거절(감사범위 제한 및 계속기업 존속능력에 대한 불확실성),감사의견거절,2024,,,,,,,,,,,,,,,,,,,,,,,,,,,,,,,,,,,,,,,,,,,,,,,,,,,
N136980,A066110,한프,(주)한프,110111-1011561,301-81-20927,1994-02-16,2002-07-16,2022-04-06,일반,12.0,중소기업,,블랙힐1호투자목적회사,"N45202.기술하드웨어, 스토리지 & 주변기기",C00000.제조업(10~34),C29000.기타 기계 및 장비 제조업,코스닥,감사의견 거절(감사범위 제한),감사의견거절,2014,-0.6757248,0.2734838,0.565904,-67.57,-0.3238967,-0.3187773,8.35,-13.42,-35.5,-0.0715423,-0.1891838,-0.530774,-140.36,4.5,124.83,0.48,.53,3.95,0.6159942,0.0,647.1782825,2.19,4.2,-1.22,,"231,389,410.","122,684,820.","389,111.3",,,2064.5604695,-754.8794118,99.2109772,276.0264384,3.56,7.08,39.15,14.65,.78,,304.01,"1,313.01",-2.98,-13.79,-26.64,-12.82,-25.79,,,,"65,155,656,000."
N136980,A066110,한프,(주)한프,110111-1011561,301-81-20927,1994-02-16,2002-07-16,2022-04-06,일반,12.0,중소기업,,블랙힐1호투자목적회사,"N45202.기술하드웨어, 스토리지 & 주변기기",C00000.제조업(10~34),C29000.기타 기계 및 장비 제조업,코스닥,감사의견 거절(감사범위 제한),감사의견거절,2015,6.0720253,0.9440129,1.6978226,607.2,-0.2863212,-0.4166667,22.26,-1.05,34.71,-0.0046975,0.1548246,-0.0150342,49.55,6.22,67.5,41.31,0.45,1.43,0.6487974,0.0,349.2622041,1.86,3.94,-1.87,,"331,663,080.","134,636,680.","574,011.18",,,1074.6334056,376.4663172,-125.776509,1134.6900885,150.94,60.42,138.56,59.14,1.43,205.98,472.12,65.5,-.17,59.75,80.93,23.32,48.94,,,,"56,944,151,000."
N136980,A066110,한프,(주)한프,110111-1011561,301-81-20927,1994-02-16,2002-07-16,2022-04-06,일반,12.0,중소기업,,블랙힐1호투자목적회사,"N45202.기술하드웨어, 스토리지 & 주변기기",C00000.제조업(10~34),C29000.기타 기계 및 장비 제조업,코스닥,감사의견 거절(감사범위 제한),감사의견거절,2016,0.5695701,-14.2331883,-1.4310526,56.96,-0.2087082,-0.3406593,12.23,-20.27,-18.91,-0.0560203,-0.0522472,-0.1017299,-9.49,7.09,122.77,38.06,0.28,0.5,0.6150106,0.0,251.3464627,1.66,4.09,-104.6,,"745,175,960.","104,234,630.","1,113,134.85",4.86,7.26,1085.2817908,-207.6463405,115.3704029,1687.3956576,244.25,52.12,74.65,36.45,5.02,,606.45,91.85,-2.86,-3.96,-4.46,-1.89,-10.09,51.92,20.13,110.19,"47,168,605,000."
N136980,A066110,한프,(주)한프,110111-1011561,301-81-20927,1994-02-16,2002-07-16,2022-04-06,일반,12.0,중소기업,,블랙힐1호투자목적회사,"N45202.기술하드웨어, 스토리지 & 주변기기",C00000.제조업(10~34),C29000.기타 기계 및 장비 제조업,코스닥,감사의견 거절(감사범위 제한),감사의견거절,2017,0.0313005,-0.6372995,-2.7300913,3.13,-0.2296874,0.7166667,4.11,-43.09,-91.55,-0.0695637,-0.1478058,-0.1342401,-28.52,28.75,178.55,34.87,0.16,0.31,0.3350842,0.0,99.1790275,1.61,3.98,-3.59,,"613,221,210.","40,344,420.","851,474.1",,,479.3694307,-441.8709998,-163.379209,1438.8801896,192.54,51.53,94.75,66.31,14.,,541.08,94.07,-1.5,-24.21,-27.22,-11.71,-80.4,,,,"85,819,067,000."
N136980,A066110,한프,(주)한프,110111-1011561,301-81-20927,1994-02-16,2002-07-16,2022-04-06,일반,12.0,중소기업,,블랙힐1호투자목적회사,"N45202.기술하드웨어, 스토리지 & 주변기기",C00000.제조업(10~34),C29000.기타 기계 및 장비 제조업,코스닥,감사의견 거절(감사범위 제한),감사의견거절,2018,-0.3200109,-1.5668108,-1.2756502,-32.0,-0.306436,-0.5242718,-21.34,-159.47,-300.39,-0.1997355,-0.3762496,-0.403979,-76.1,67.58,377.34,19.08,.13,0.25,0.2477389,0.0,152.3845297,1.55,4.83,-.98,,"946,999,050.","35,807,760.","1,610,415.63",,,248.2429524,-749.4995052,-312.4538072,693.8742792,56.46,46.66,43.1,28.59,17.24,,,114.3,-2.36,-81.14,-90.12,-40.,-345.29,,,,"89,529,531,000."
N136980,A066110,한프,(주)한프,110111-1011561,301-81-20927,1994-02-16,2002-07-16,2022-04-06,일반,12.0,중소기업,,블랙힐1호투자목적회사,"N45202.기술하드웨어, 스토리지 & 주변기기",C00000.제조업(10~34),C29000.기타 기계 및 장비 제조업,코스닥,감사의견 거절(감사범위 제한),감사의견거절,2019,-0.2388107,0.3633059,0.3428961,-23.88,-0.4747543,0.0,-25.91,-193.3,-375.81,-0.1300945,-0.2529198,-0.3608179,-70.15,76.74,337.9,0.42,.07,0.19,0.1052483,0.0,97.1608362,1.5,3.56,-.16,,"500,955,880.","6,604,410.","1,311,964.5",,,99.9750041,-378.6634751,-201.8242122,454.2654438,1.36,27.76,20.37,16.79,1.28,,"3,031.87",260.18,-2.52,-64.24,-68.96,-44.05,-508.87,,,,"67,226,121,000."
N136980,A066110,한프,(주)한프,110111-1011561,301-81-20927,1994-02-16,2002-07-16,2022-04-06,일반,12.0,중소기업,,블랙힐1호투자목적회사,"N45202.기술하드웨어, 스토리지 & 주변기기",C00000.제조업(10~34),C29000.기타 기계 및 장비 제조업,코스닥,감사의견 거절(감사범위 제한),감사의견거절,2020,-0.389654,0.4498335,0.5126286,-38.97,-0.4273452,0.0,-30.11,-185.71,-319.84,-0.0814739,-0.1403163,-0.2852176,-49.12,81.94,126.63,-21.65,.04,0.15,0.0614143,0.0,122.0956166,1.6,1.89,-.08,,"354,752,280.","5,442,920.","1,116,317.35",,,55.9244388,-178.8680596,226.6143683,277.2590917,-39.87,29.98,17.99,13.2,1.47,,28.53,233.51,-2.27,-12.36,-14.21,-9.18,-271.43,,,,"86,006,254,000."
N136980,A066110,한프,(주)한프,110111-1011561,301-81-20927,1994-02-16,2002-07-16,2022-04-06,일반,12.0,중소기업,,블랙힐1호투자목적회사,"N45202.기술하드웨어, 스토리지 & 주변기기",C00000.제조업(10~34),C29000.기타 기계 및 장비 제조업,코스닥,감사의견 거절(감사범위 제한),감사의견거절,2021,2.643921,-0.4122039,1.8685875,264.39,0.0324443,-0.2040816,-14.05,-254.02,269.08,-0.094793,0.1004113,-0.22884,24.24,99.6,68.95,15.16,.04,0.09,0.0637059,0.0,3.7636781,2.8,1.88,.49,,"428,468,080.","6,079,500.","1,171,021.74",,,43.410176,116.8072148,169.9893293,691.100906,45.29,46.27,196.32,194.73,20.61,1.65,412.55,116.14,-2.55,-176.74,"-9,354.63",-10.19,-132.57,,,,"48,606,177,000."
N136980,A066110,한프,(주)한프,110111-1011561,301-81-20927,1994-02-16,2002-07-16,2022-04-06,일반,12.0,중소기업,,블랙힐1호투자목적회사,"N45202.기술하드웨어, 스토리지 & 주변기기",C00000.제조업(10~34),C29000.기타 기계 및 장비 제조업,코스닥,감사의견 거절(감사범위 제한),감사의견거절,2022,,,,,,,-30.84,-216.12,-974.1,,,,-34.85,8.72,524.85,5.78,.02,,,0.0,29.2329623,,,.07,,"2,011,862,560.","25,863,380.",,,,,,,,6.26,91.17,,,28.24,3.39,783.69,,,49.56,485.6,3.54,150.85,,,,"114,783,427,000."
N136980,A066110,한프,(주)한프,110111-1011561,301-81-20927,1994-02-16,2002-07-16,2022-04-06,일반,12.0,중소기업,,블랙힐1호투자목적회사,"N45202.기술하드웨어, 스토리지 & 주변기기",C00000.제조업(10~34),C29000.기타 기계 및 장비 제조업,코스닥,감사의견 거절(감사범위 제한),감사의견거절,2023,,,,,,,,,,,,,,,,,,,,,,,,,,,,,,,,,,,,,,,,,,,,,,,,,,,"41,606,404,000."
N136980,A066110,한프,(주)한프,110111-1011561,301-81-20927,1994-02-16,2002-07-16,2022-04-06,일반,12.0,중소기업,,블랙힐1호투자목적회사,"N45202.기술하드웨어, 스토리지 & 주변기기",C00000.제조업(10~34),C29000.기타 기계 및 장비 제조업,코스닥,감사의견 거절(감사범위 제한),감사의견거절,2024,,,,,,,,,,,,,,,,,,,,,,,,,,,,,,,,,,,,,,,,,,,,,,,,,,,
N129918,A066350,티에스엠텍,(주)티엔아이,110111-1513137,113-81-46733,1998-02-16,2003-01-21,2015-05-20,외감,12.0,중소기업,,열린공간이엔씨,N20106.기계,C00000.제조업(10~34),C29000.기타 기계 및 장비 제조업,코스닥,발행한 어음 또는 수표가 주거래은행에 의하여 최종부도로 결정되거나 거래은행에 의한 거래정지,최종부도,2014,-0.2887191,-0.1549549,-0.10392,-28.87,0.1592844,,3.5,-8.14,-11.2,-0.0595087,-0.0818998,-0.3483932,-47.95,4.12,109.82,12.96,.73,4.28,0.8816786,1.16570713,1.586063244,4.21,1.63,510.61,,"262,502,640.","36,838,950.","972,548.37",,,,-2456.6603857,,4230.3241592,782.55,14.01,92.6,68.06,1.49,,282.12,613.7,-1.97,-9.84,-13.68,-8.46,-11.72,,,,"327,209,072,000."
N129918,A066350,티에스엠텍,(주)티엔아이,110111-1513137,113-81-46733,1998-02-16,2003-01-21,2015-05-20,외감,12.0,중소기업,,열린공간이엔씨,N20106.기계,C00000.제조업(10~34),C29000.기타 기계 및 장비 제조업,코스닥,발행한 어음 또는 수표가 주거래은행에 의하여 최종부도로 결정되거나 거래은행에 의한 거래정지,최종부도,2015,,,,,,,0.47,-25.2,-45.02,,,,,6.75,134.88,-3.68,.41,,,0.93675403,1.292131742,,,-2.04,,"405,098,650.","45,895,510.",,,,,,,,-147.83,,,,5.55,,365.98,,,-21.95,-26.86,-22.41,-43.23,,,,"217,656,377,000."
N129918,A066350,티에스엠텍,(주)티엔아이,110111-1513137,113-81-46733,1998-02-16,2003-01-21,2015-05-20,외감,12.0,중소기업,,열린공간이엔씨,N20106.기계,C00000.제조업(10~34),C29000.기타 기계 및 장비 제조업,코스닥,발행한 어음 또는 수표가 주거래은행에 의하여 최종부도로 결정되거나 거래은행에 의한 거래정지,최종부도,2016,,,,,,,-9.5,-36.1,-21.49,,,,,13.05,116.73,11.39,.2,,,0.307992977,0.390576218,,,-1.1,,"519,525,420.","64,235,170.",,,,,,,,140.17,19.51,,,5.03,88.88,"2,568.38",,,-3.46,-9.55,-2.78,-11.85,,,,"155,073,996,000."
N129918,A066350,티에스엠텍,(주)티엔아이,110111-1513137,113-81-46733,1998-02-16,2003-01-21,2015-05-20,외감,12.0,중소기업,,열린공간이엔씨,N20106.기계,C00000.제조업(10~34),C29000.기타 기계 및 장비 제조업,코스닥,발행한 어음 또는 수표가 주거래은행에 의하여 최종부도로 결정되거나 거래은행에 의한 거래정지,최종부도,2017,,,,,,,-17.24,-47.59,-87.5,,,,-67.18,22.56,182.03,2.25,.13,,,0.186380353,0.240271771,,,.79,,"281,547,770.","47,843,950.",,,,,,,,21.68,12.62,,,2.78,131.71,"2,742.43",,,-11.86,-12.08,-10.37,-71.94,,,,"121,423,137,000."
N129918,A066350,티에스엠텍,(주)티엔아이,110111-1513137,113-81-46733,1998-02-16,2003-01-21,2015-05-20,외감,12.0,중소기업,,열린공간이엔씨,N20106.기계,C00000.제조업(10~34),C29000.기타 기계 및 장비 제조업,코스닥,발행한 어음 또는 수표가 주거래은행에 의하여 최종부도로 결정되거나 거래은행에 의한 거래정지,최종부도,2018,,,,,,,-26.4,-51.11,-98.73,,,,,19.7,185.67,-23.25,.19,,,0.461095017,0.871849069,,,1.07,,"289,963,230.","39,697,620.",,,,,,,,-114.42,,,,19.57,107.48,"1,044.",,,-25.83,-27.33,-26.58,-95.17,,,,"61,994,714,000."
N129918,A066350,티에스엠텍,(주)티엔아이,110111-1513137,113-81-46733,1998-02-16,2003-01-21,2015-05-20,외감,12.0,중소기업,,열린공간이엔씨,N20106.기계,C00000.제조업(10~34),C29000.기타 기계 및 장비 제조업,코스닥,발행한 어음 또는 수표가 주거래은행에 의하여 최종부도로 결정되거나 거래은행에 의한 거래정지,최종부도,2019,,,,,,,-0.34,-16.13,-33.52,,,,,20.77,130.64,-33.01,.24,,,0.402730712,0.843164235,,,1.09,,"343,597,100.","33,376,820.",,6.45,20.63,,,,,-154.45,,,,20.46,181.,"1,212.12",,,-5.2,-5.5,-5.8,-23.16,212.4,26.42,,"58,932,143,000."
N129918,A066350,티에스엠텍,(주)티엔아이,110111-1513137,113-81-46733,1998-02-16,2003-01-21,2015-05-20,외감,12.0,중소기업,,열린공간이엔씨,N20106.기계,C00000.제조업(10~34),C29000.기타 기계 및 장비 제조업,코스닥,발행한 어음 또는 수표가 주거래은행에 의하여 최종부도로 결정되거나 거래은행에 의한 거래정지,최종부도,2020,,,,,,,-12.83,-38.17,-80.29,,,,,38.25,174.73,-50.78,.18,,,0.295602239,0.729089702,,,1.7,,"310,926,320.","20,950,990.",,,,,,,,-215.03,,,,7.23,"1,444.55","1,281.01",,,-10.03,-11.2,-12.75,-66.51,,,,"53,335,061,000."
N129918,A066350,티에스엠텍,(주)티엔아이,110111-1513137,113-81-46733,1998-02-16,2003-01-21,2015-05-20,외감,12.0,중소기업,,열린공간이엔씨,N20106.기계,C00000.제조업(10~34),C29000.기타 기계 및 장비 제조업,코스닥,발행한 어음 또는 수표가 주거래은행에 의하여 최종부도로 결정되거나 거래은행에 의한 거래정지,최종부도,2021,,,,,,,-7.77,-29.06,-52.73,,,,,30.51,148.97,44.34,.21,,,0.371520116,1.396005266,,,.78,,"379,002,600.","35,764,690.",,4.38,13.92,,,,,152.99,73.32,,,118.61,81.52,249.28,,,-34.83,-46.15,-9.29,-40.3,147.51,21.22,,"43,128,425,000."
N129918,A066350,티에스엠텍,(주)티엔아이,110111-1513137,113-81-46733,1998-02-16,2003-01-21,2015-05-20,외감,12.0,중소기업,,열린공간이엔씨,N20106.기계,C00000.제조업(10~34),C29000.기타 기계 및 장비 제조업,코스닥,발행한 어음 또는 수표가 주거래은행에 의하여 최종부도로 결정되거나 거래은행에 의한 거래정지,최종부도,2022,,,,,,,14.6,-21.8,1.51,,,,0.89,1.92,98.8,47.44,.45,,,0.77304782,2.879658465,,,.86,,"261,423,440.","33,756,510.",,,,,,,,147.85,79.53,,,50.86,89.71,88.32,,,11.84,26.19,2.42,5.22,,,,"40,513,673,000."
N129918,A066350,티에스엠텍,(주)티엔아이,110111-1513137,113-81-46733,1998-02-16,2003-01-21,2015-05-20,외감,12.0,중소기업,,열린공간이엔씨,N20106.기계,C00000.제조업(10~34),C29000.기타 기계 및 장비 제조업,코스닥,발행한 어음 또는 수표가 주거래은행에 의하여 최종부도로 결정되거나 거래은행에 의한 거래정지,최종부도,2023,,,,,,,14.54,5.78,8.31,,,,9.12,.42,91.97,59.07,.95,,,1.619680081,5.868864704,,,1.82,,"215,959,440.","21,722,410.",,,,,,,,171.55,93.5,,,98.04,79.21,"1,264.84",,,172.65,"1,058.55",11.22,11.43,,,,"37,753,626,000."
N129918,A066350,티에스엠텍,(주)티엔아이,110111-1513137,113-81-46733,1998-02-16,2003-01-21,2015-05-20,외감,12.0,중소기업,,열린공간이엔씨,N20106.기계,C00000.제조업(10~34),C29000.기타 기계 및 장비 제조업,코스닥,발행한 어음 또는 수표가 주거래은행에 의하여 최종부도로 결정되거나 거래은행에 의한 거래정지,최종부도,2024,,,,,,,23.,3.29,5.13,,,,3.02,.79,95.03,43.78,.46,,,0.645298075,1.196306881,,,1.12,,"201,854,570.","11,057,390.",,,,,,,,180.7,68.01,,,3.18,89.83,"1,949.56",,,10.81,13.95,3.46,8.79,,,,"53,657,027,000."
N387789,A068060,KCW,케이씨더블류(주),170111-0033093,503-81-09421,1988-01-08,2003-01-28,2015-09-18,외감,12.0,중견기업,,경창,N25101.자동차 부품,L00000.부동산업(68),L68000.부동산업,코스닥,"기업의 계속성, 경영의 투명성 또는 그 밖에 코스닥시장의 건전성 등을 종합적으로 고려하여 상장폐지 기준에 해당한다고 결정",기업의계속성_경영의투명성종합판단,2014,0.0674203,0.1326014,-0.343152,6.74,0.0622721,-0.0221239,13.52,2.77,1.51,0.0356668,0.0194151,0.0932865,5.08,1.03,97.81,32.62,1.29,3.36,2.0812956,0.0,308.1779279,9.73,4.9,20.32,,"69,242,050.","17,663,250.","194,997.56",,,21391.785563,276.7277574,2266.399755,6951.7720588,"1,290.35",39.66,117.39,87.6,20.54,171.27,296.52,152.13,2.68,9.59,18.26,5.9,,,,,"108,588,848,000."
N387789,A068060,KCW,케이씨더블류(주),170111-0033093,503-81-09421,1988-01-08,2003-01-28,2015-09-18,외감,12.0,중견기업,,경창,N25101.자동차 부품,L00000.부동산업(68),L68000.부동산업,코스닥,"기업의 계속성, 경영의 투명성 또는 그 밖에 코스닥시장의 건전성 등을 종합적으로 고려하여 상장폐지 기준에 해당한다고 결정",기업의계속성_경영의투명성종합판단,2015,,,,,,,21.17,12.99,6.49,,,,6.64,2.23,96.46,42.17,0.46,,,0.0,787.235648,,,-13.24,,,,,,,,,,,"1,352.88",51.36,,,15.29,,133.94,,,3.06,3.08,1.27,170.49,,,,"107,594,535,000."
N387789,A068060,KCW,케이씨더블류(주),170111-0033093,503-81-09421,1988-01-08,2003-01-28,2015-09-18,외감,12.0,중견기업,,경창,N25101.자동차 부품,L00000.부동산업(68),L68000.부동산업,코스닥,"기업의 계속성, 경영의 투명성 또는 그 밖에 코스닥시장의 건전성 등을 종합적으로 고려하여 상장폐지 기준에 해당한다고 결정",기업의계속성_경영의투명성종합판단,2016,,,,,,,15.29,6.7,-38.16,,,,-30.94,.28,133.95,28.28,0.36,,,0.0,183.2518766,,,-1.74,,,,,,,,,,,916.79,37.26,,,9.75,,116.29,,,-47.23,-49.44,-29.58,,,,,"87,268,312,000."
N387789,A068060,KCW,케이씨더블류(주),170111-0033093,503-81-09421,1988-01-08,2003-01-28,2015-09-18,외감,12.0,중견기업,,경창,N25101.자동차 부품,L00000.부동산업(68),L68000.부동산업,코스닥,"기업의 계속성, 경영의 투명성 또는 그 밖에 코스닥시장의 건전성 등을 종합적으로 고려하여 상장폐지 기준에 해당한다고 결정",기업의계속성_경영의투명성종합판단,2017,,,,,,,10.06,0.08,-17.5,,,,-20.8,1.6,140.75,35.68,0.5,,,0.0,136.4492094,,,-3.35,,,,,,,,,,,760.31,49.34,,,8.39,,218.35,,,-154.5,-168.08,-65.46,,,,,"88,177,450,000."
N387789,A068060,KCW,케이씨더블류(주),170111-0033093,503-81-09421,1988-01-08,2003-01-28,2015-09-18,외감,12.0,중견기업,,경창,N25101.자동차 부품,L00000.부동산업(68),L68000.부동산업,코스닥,"기업의 계속성, 경영의 투명성 또는 그 밖에 코스닥시장의 건전성 등을 종합적으로 고려하여 상장폐지 기준에 해당한다고 결정",기업의계속성_경영의투명성종합판단,2018,,,,,,,10.23,-.66,-33.82,,,,-56.66,2.14,134.82,18.2,.74,,,0.0,231.5888638,,,-34.75,,,,,,,,,,,272.46,36.89,,,5.5,,254.87,,,-106.61,-117.51,-86.65,,,,,"57,959,794,000."
N387789,A068060,KCW,케이씨더블류(주),170111-0033093,503-81-09421,1988-01-08,2003-01-28,2015-09-18,외감,12.0,중견기업,,경창,N25101.자동차 부품,L00000.부동산업(68),L68000.부동산업,코스닥,"기업의 계속성, 경영의 투명성 또는 그 밖에 코스닥시장의 건전성 등을 종합적으로 고려하여 상장폐지 기준에 해당한다고 결정",기업의계속성_경영의투명성종합판단,2019,,,,,,,2.21,-9.95,-45.17,,,,-127.91,2.88,147.84,-4.1,.78,,,0.0,254.1718466,,,-10.23,,,,,,,,,,,-49.51,16.18,,,7.93,,155.49,,,-40.18,-46.09,-49.14,,,,,"40,717,036,000."
N387789,A068060,KCW,케이씨더블류(주),170111-0033093,503-81-09421,1988-01-08,2003-01-28,2015-09-18,외감,12.0,중견기업,,경창,N25101.자동차 부품,L00000.부동산업(68),L68000.부동산업,코스닥,"기업의 계속성, 경영의 투명성 또는 그 밖에 코스닥시장의 건전성 등을 종합적으로 고려하여 상장폐지 기준에 해당한다고 결정",기업의계속성_경영의투명성종합판단,2020,,,,,,,-1.01,-14.58,-21.67,,,,-109.05,4.41,125.15,-18.39,.65,,,0.0,335.3572189,,,-3.,,.,.,,,,,,,,-148.92,7.81,,,9.38,,295.06,,,-4.57,-5.39,-5.83,,,,,"32,876,431,000."
N387789,A068060,KCW,케이씨더블류(주),170111-0033093,503-81-09421,1988-01-08,2003-01-28,2015-09-18,외감,12.0,중견기업,,경창,N25101.자동차 부품,L00000.부동산업(68),L68000.부동산업,코스닥,"기업의 계속성, 경영의 투명성 또는 그 밖에 코스닥시장의 건전성 등을 종합적으로 고려하여 상장폐지 기준에 해당한다고 결정",기업의계속성_경영의투명성종합판단,2021,,,,,,,-5.28,-25.5,-39.96,,,,,8.09,142.8,-36.5,.48,,,0.0,277.9274942,,,-1.17,,,,,,,,,,,-245.,,,,10.94,,179.54,,,-4.73,-5.81,-6.31,,,,,"22,029,556,000."
N387789,A068060,KCW,케이씨더블류(주),170111-0033093,503-81-09421,1988-01-08,2003-01-28,2015-09-18,외감,12.0,중견기업,,경창,N25101.자동차 부품,L00000.부동산업(68),L68000.부동산업,코스닥,"기업의 계속성, 경영의 투명성 또는 그 밖에 코스닥시장의 건전성 등을 종합적으로 고려하여 상장폐지 기준에 해당한다고 결정",기업의계속성_경영의투명성종합판단,2022,,,,,,,-8.79,-31.19,50.81,,,,,9.37,81.,-5.4,.46,,,0.0,194.7314683,,,-1.24,,,,,,,,,,,-23.08,20.18,,,12.94,,211.51,,,143.68,,116.78,,,,,"18,259,011,000."
N387789,A068060,KCW,케이씨더블류(주),170111-0033093,503-81-09421,1988-01-08,2003-01-28,2015-09-18,외감,12.0,중견기업,,경창,N25101.자동차 부품,L00000.부동산업(68),L68000.부동산업,코스닥,"기업의 계속성, 경영의 투명성 또는 그 밖에 코스닥시장의 건전성 등을 종합적으로 고려하여 상장폐지 기준에 해당한다고 결정",기업의계속성_경영의투명성종합판단,2023,,,,,,,8.19,-13.78,-32.4,,,,-144.42,6.67,104.35,-18.05,.5,,,0.0,128.9324418,,,-2.67,,,,,,,,,,,-78.62,2.59,,,4.01,,168.46,,,-.43,,-.35,,,,,"11,635,695,000."
N387789,A068060,KCW,케이씨더블류(주),170111-0033093,503-81-09421,1988-01-08,2003-01-28,2015-09-18,외감,12.0,중견기업,,경창,N25101.자동차 부품,L00000.부동산업(68),L68000.부동산업,코스닥,"기업의 계속성, 경영의 투명성 또는 그 밖에 코스닥시장의 건전성 등을 종합적으로 고려하여 상장폐지 기준에 해당한다고 결정",기업의계속성_경영의투명성종합판단,2024,,,,,,,8.42,-11.24,3.11,,,,5.19,3.26,96.6,11.38,.43,,,0.0,94.3721355,,,32.43,,,,,,,,,,,53.06,47.06,,,15.64,76.9,217.8,,,-.59,,-.48,,,,,"11,846,978,000."
N991503,A068150,케이엔씨글로벌,(주)케이엔씨글로벌,110111-1473357,214-86-19534,1997-10-16,2003-07-21,2017-03-07,폐업,12.0,중소기업,,,N20103.건설 및 엔지니어링,F00000.건설업(41~42),F42000.전문직별 공사업,코스닥,기업의 계속성 및 경영의 투명성 등을 종합적으로 고려하여 상장폐지기준에 해당한다고 결정,기업의계속성_경영의투명성종합판단,2014,-0.2358936,-9.1519593,-2.9795491,-23.59,-0.4001287,,-0.72,-58.8,-98.32,-0.2880302,-0.4815688,-0.6442246,-107.71,11.93,197.53,-9.57,.49,1.1,0.8859066,,,47.18,2.4,-6.78,,,,"737,108.52",,,387.5991049,-434.1917174,,313.3276293,-16.27,36.09,54.07,52.98,4.6,,65.12,177.11,-4.93,,,,,,,,
N991503,A068150,케이엔씨글로벌,(주)케이엔씨글로벌,110111-1473357,214-86-19534,1997-10-16,2003-07-21,2017-03-07,폐업,12.0,중소기업,,,N20103.건설 및 엔지니어링,F00000.건설업(41~42),F42000.전문직별 공사업,코스닥,기업의 계속성 및 경영의 투명성 등을 종합적으로 고려하여 상장폐지기준에 해당한다고 결정,기업의계속성_경영의투명성종합판단,2015,0.5199266,0.5670143,0.4053919,51.99,-0.1779009,-0.4117647,41.02,-30.97,-71.11,-0.1134278,-0.2604335,-0.2555606,-58.68,12.03,165.11,-13.27,0.37,0.83,0.6585201,,,49.08,2.01,-2.61,,,,"1,405,112.33",,,265.4852625,-200.97996,,339.8115401,-17.,52.29,100.08,98.36,1.18,"2,139.9",56.97,91.23,-2.58,,,,,,,,
N991503,A068150,케이엔씨글로벌,(주)케이엔씨글로벌,110111-1473357,214-86-19534,1997-10-16,2003-07-21,2017-03-07,폐업,12.0,중소기업,,,N20103.건설 및 엔지니어링,F00000.건설업(41~42),F42000.전문직별 공사업,코스닥,기업의 계속성 및 경영의 투명성 등을 종합적으로 고려하여 상장폐지기준에 해당한다고 결정,기업의계속성_경영의투명성종합판단,2016,-0.5561461,0.0273084,-0.8428292,-55.61,-0.3755052,-0.3,,,,-0.1275939,-0.5550312,-0.2854376,,,,,,0.59,0.4783192,,,52.75,1.71,,,,,"1,765,045.1",,,128.9768282,-284.0499299,,135.7122914,,,21.96,21.88,,,,196.89,-3.64,,,,,,,,
N991503,A068150,케이엔씨글로벌,(주)케이엔씨글로벌,110111-1473357,214-86-19534,1997-10-16,2003-07-21,2017-03-07,폐업,12.0,중소기업,,,N20103.건설 및 엔지니어링,F00000.건설업(41~42),F42000.전문직별 공사업,코스닥,기업의 계속성 및 경영의 투명성 등을 종합적으로 고려하여 상장폐지기준에 해당한다고 결정,기업의계속성_경영의투명성종합판단,2017,,,,,,,,,,,,,,,,,,,,,,,,,,,,,,,,,,,,,,,,,,,,,,,,,,,
N991503,A068150,케이엔씨글로벌,(주)케이엔씨글로벌,110111-1473357,214-86-19534,1997-10-16,2003-07-21,2017-03-07,폐업,12.0,중소기업,,,N20103.건설 및 엔지니어링,F00000.건설업(41~42),F42000.전문직별 공사업,코스닥,기업의 계속성 및 경영의 투명성 등을 종합적으로 고려하여 상장폐지기준에 해당한다고 결정,기업의계속성_경영의투명성종합판단,2018,,,,,,,,,,,,,,,,,,,,,,,,,,,,,,,,,,,,,,,,,,,,,,,,,,,
N991503,A068150,케이엔씨글로벌,(주)케이엔씨글로벌,110111-1473357,214-86-19534,1997-10-16,2003-07-21,2017-03-07,폐업,12.0,중소기업,,,N20103.건설 및 엔지니어링,F00000.건설업(41~42),F42000.전문직별 공사업,코스닥,기업의 계속성 및 경영의 투명성 등을 종합적으로 고려하여 상장폐지기준에 해당한다고 결정,기업의계속성_경영의투명성종합판단,2019,,,,,,,,,,,,,,,,,,,,,,,,,,,,,,,,,,,,,,,,,,,,,,,,,,,
N991503,A068150,케이엔씨글로벌,(주)케이엔씨글로벌,110111-1473357,214-86-19534,1997-10-16,2003-07-21,2017-03-07,폐업,12.0,중소기업,,,N20103.건설 및 엔지니어링,F00000.건설업(41~42),F42000.전문직별 공사업,코스닥,기업의 계속성 및 경영의 투명성 등을 종합적으로 고려하여 상장폐지기준에 해당한다고 결정,기업의계속성_경영의투명성종합판단,2020,,,,,,,,,,,,,,,,,,,,,,,,,,,,,,,,,,,,,,,,,,,,,,,,,,,
N991503,A068150,케이엔씨글로벌,(주)케이엔씨글로벌,110111-1473357,214-86-19534,1997-10-16,2003-07-21,2017-03-07,폐업,12.0,중소기업,,,N20103.건설 및 엔지니어링,F00000.건설업(41~42),F42000.전문직별 공사업,코스닥,기업의 계속성 및 경영의 투명성 등을 종합적으로 고려하여 상장폐지기준에 해당한다고 결정,기업의계속성_경영의투명성종합판단,2021,,,,,,,,,,,,,,,,,,,,,,,,,,,,,,,,,,,,,,,,,,,,,,,,,,,
N991503,A068150,케이엔씨글로벌,(주)케이엔씨글로벌,110111-1473357,214-86-19534,1997-10-16,2003-07-21,2017-03-07,폐업,12.0,중소기업,,,N20103.건설 및 엔지니어링,F00000.건설업(41~42),F42000.전문직별 공사업,코스닥,기업의 계속성 및 경영의 투명성 등을 종합적으로 고려하여 상장폐지기준에 해당한다고 결정,기업의계속성_경영의투명성종합판단,2022,,,,,,,,,,,,,,,,,,,,,,,,,,,,,,,,,,,,,,,,,,,,,,,,,,,
N991503,A068150,케이엔씨글로벌,(주)케이엔씨글로벌,110111-1473357,214-86-19534,1997-10-16,2003-07-21,2017-03-07,폐업,12.0,중소기업,,,N20103.건설 및 엔지니어링,F00000.건설업(41~42),F42000.전문직별 공사업,코스닥,기업의 계속성 및 경영의 투명성 등을 종합적으로 고려하여 상장폐지기준에 해당한다고 결정,기업의계속성_경영의투명성종합판단,2023,,,,,,,,,,,,,,,,,,,,,,,,,,,,,,,,,,,,,,,,,,,,,,,,,,,
N991503,A068150,케이엔씨글로벌,(주)케이엔씨글로벌,110111-1473357,214-86-19534,1997-10-16,2003-07-21,2017-03-07,폐업,12.0,중소기업,,,N20103.건설 및 엔지니어링,F00000.건설업(41~42),F42000.전문직별 공사업,코스닥,기업의 계속성 및 경영의 투명성 등을 종합적으로 고려하여 상장폐지기준에 해당한다고 결정,기업의계속성_경영의투명성종합판단,2024,,,,,,,,,,,,,,,,,,,,,,,,,,,,,,,,,,,,,,,,,,,,,,,,,,,
N202551,A068870,LG생명과학,(주)LG생명과학,110111-2581183,107-86-21066,2002-08-02,2002-08-16,2017-01-17,폐업,12.0,대기업,,,N35202.제약,C00000.제조업(10~34),C21000.의료용 물질 및 의약품 제조업,코스피,해산 사유 발생,해산사유발생,2014,-0.0165977,0.1250924,-1.6061536,-1.66,0.0197762,-0.0234209,47.13,3.81,-0.47,0.0256032,-0.0031505,0.0643797,-.79,2.36,99.51,25.27,.67,1.69,1.1170594,,,4.2,4.08,3.69,,,,"457,229.08",,,25313.3225751,-124.9411326,1099.6257347,14816.6363918,196.33,38.19,268.62,163.04,51.64,62.61,365.31,161.82,1.61,,,,,,,,
N202551,A068870,LG생명과학,(주)LG생명과학,110111-2581183,107-86-21066,2002-08-02,2002-08-16,2017-01-17,폐업,12.0,대기업,,,N35202.제약,C00000.제조업(10~34),C21000.의료용 물질 및 의약품 제조업,코스피,해산 사유 발생,해산사유발생,2015,0.032727,0.5560997,6.706082,3.27,0.0585723,-0.0065407,48.57,5.59,2.52,0.0370585,0.0167214,0.0994001,4.49,2.29,96.96,24.52,0.66,1.78,1.0562873,,,4.05,4.35,3.5,,,,"494,645.85",,,26795.9813851,685.5657987,3189.7411475,15311.8549967,206.24,36.44,157.96,83.7,14.97,128.13,317.22,174.43,2.44,,,,,,,,
N202551,A068870,LG생명과학,(주)LG생명과학,110111-2581183,107-86-21066,2002-08-02,2002-08-16,2017-01-17,폐업,12.0,대기업,,,N35202.제약,C00000.제조업(10~34),C21000.의료용 물질 및 의약품 제조업,코스피,해산 사유 발생,해산사유발생,2016,-1.1674748,0.8732695,2.0880408,,0.1815761,0.0519386,,,,0.0598396,0.0445099,0.4402337,,,,,,,0.7808823,,,4.35,5.18,,,,,"546,011.8",,,31661.4921628,2085.4824476,5766.4389528,-3642.9747851,,,41.8,23.09,,,,,4.69,,,,,,,,
N202551,A068870,LG생명과학,(주)LG생명과학,110111-2581183,107-86-21066,2002-08-02,2002-08-16,2017-01-17,폐업,12.0,대기업,,,N35202.제약,C00000.제조업(10~34),C21000.의료용 물질 및 의약품 제조업,코스피,해산 사유 발생,해산사유발생,2017,,,,,,,,,,,,,,,,,,,,,,,,,,,,,,,,,,,,,,,,,,,,,,,,,,,
N202551,A068870,LG생명과학,(주)LG생명과학,110111-2581183,107-86-21066,2002-08-02,2002-08-16,2017-01-17,폐업,12.0,대기업,,,N35202.제약,C00000.제조업(10~34),C21000.의료용 물질 및 의약품 제조업,코스피,해산 사유 발생,해산사유발생,2018,,,,,,,,,,,,,,,,,,,,,,,,,,,,,,,,,,,,,,,,,,,,,,,,,,,
N202551,A068870,LG생명과학,(주)LG생명과학,110111-2581183,107-86-21066,2002-08-02,2002-08-16,2017-01-17,폐업,12.0,대기업,,,N35202.제약,C00000.제조업(10~34),C21000.의료용 물질 및 의약품 제조업,코스피,해산 사유 발생,해산사유발생,2019,,,,,,,,,,,,,,,,,,,,,,,,,,,,,,,,,,,,,,,,,,,,,,,,,,,
N202551,A068870,LG생명과학,(주)LG생명과학,110111-2581183,107-86-21066,2002-08-02,2002-08-16,2017-01-17,폐업,12.0,대기업,,,N35202.제약,C00000.제조업(10~34),C21000.의료용 물질 및 의약품 제조업,코스피,해산 사유 발생,해산사유발생,2020,,,,,,,,,,,,,,,,,,,,,,,,,,,,,,,,,,,,,,,,,,,,,,,,,,,
N202551,A068870,LG생명과학,(주)LG생명과학,110111-2581183,107-86-21066,2002-08-02,2002-08-16,2017-01-17,폐업,12.0,대기업,,,N35202.제약,C00000.제조업(10~34),C21000.의료용 물질 및 의약품 제조업,코스피,해산 사유 발생,해산사유발생,2021,,,,,,,,,,,,,,,,,,,,,,,,,,,,,,,,,,,,,,,,,,,,,,,,,,,
N202551,A068870,LG생명과학,(주)LG생명과학,110111-2581183,107-86-21066,2002-08-02,2002-08-16,2017-01-17,폐업,12.0,대기업,,,N35202.제약,C00000.제조업(10~34),C21000.의료용 물질 및 의약품 제조업,코스피,해산 사유 발생,해산사유발생,2022,,,,,,,,,,,,,,,,,,,,,,,,,,,,,,,,,,,,,,,,,,,,,,,,,,,
N202551,A068870,LG생명과학,(주)LG생명과학,110111-2581183,107-86-21066,2002-08-02,2002-08-16,2017-01-17,폐업,12.0,대기업,,,N35202.제약,C00000.제조업(10~34),C21000.의료용 물질 및 의약품 제조업,코스피,해산 사유 발생,해산사유발생,2023,,,,,,,,,,,,,,,,,,,,,,,,,,,,,,,,,,,,,,,,,,,,,,,,,,,
N202551,A068870,LG생명과학,(주)LG생명과학,110111-2581183,107-86-21066,2002-08-02,2002-08-16,2017-01-17,폐업,12.0,대기업,,,N35202.제약,C00000.제조업(10~34),C21000.의료용 물질 및 의약품 제조업,코스피,해산 사유 발생,해산사유발생,2024,,,,,,,,,,,,,,,,,,,,,,,,,,,,,,,,,,,,,,,,,,,,,,,,,,,
N163548,A069110,코스온,(주)유한코스메틱,110111-1823289,106-81-84011,1999-12-07,2003-10-14,2023-10-20,외감,12.0,중소기업,,유한양행,N15101.화학,C00000.제조업(10~34),C20000.화학 물질 및 화학제품 제조업,코스닥,감사의견 거절(감사범위 제한),감사의견거절,2014,1.3181143,6.764077,1.2002042,131.81,1.5005343,3.1111111,24.32,8.22,2.02,0.0684139,0.016785,0.1290127,3.17,4.87,98.,38.47,.83,1.57,1.7726061,1.019885813,1.285157194,6.75,3.43,1.76,,"83,149,610.","25,799,050.","429,818.89",,,,36.7036774,,1476.8389534,195.37,58.16,419.39,332.82,146.1,27.1,302.1,71.95,1.69,6.84,9.76,2.86,4.38,,,,"40,522,770,000."
N163548,A069110,코스온,(주)유한코스메틱,110111-1823289,106-81-84011,1999-12-07,2003-10-14,2023-10-20,외감,12.0,중소기업,,유한양행,N15101.화학,C00000.제조업(10~34),C20000.화학 물질 및 화학제품 제조업,코스닥,감사의견 거절(감사범위 제한),감사의견거절,2015,1.1739222,2.1800117,8.5720293,117.39,1.3381344,1.0135135,26.83,11.18,8.25,0.120266,0.0888166,0.1850211,13.66,1.37,90.83,56.8,1.08,1.66,3.0748905,1.211524338,1.509878085,8.01,3.58,2.31,,"86,386,940.","27,238,670.","386,154.73",,,,295.957644,,2882.0009582,476.4,68.72,297.09,238.38,88.83,29.79,241.55,45.52,8.18,26.98,54.75,8.44,10.16,,,,"74,551,340,000."
N163548,A069110,코스온,(주)유한코스메틱,110111-1823289,106-81-84011,1999-12-07,2003-10-14,2023-10-20,외감,12.0,중소기업,,유한양행,N15101.화학,C00000.제조업(10~34),C20000.화학 물질 및 화학제품 제조업,코스닥,감사의견 거절(감사범위 제한),감사의견거절,2016,0.199401,0.2234357,0.4501558,19.94,0.2481824,0.5234899,25.38,9.69,8.17,0.079066,0.0666735,0.1313203,11.07,1.04,91.17,51.34,0.82,1.35,2.0498381,0.0,0.0,3.46,2.62,2.45,,"78,587,550.","24,579,020.","379,510.5",23.65,114.21,4273.2864788,397.5559169,-701.5999596,3457.4018832,574.6,60.21,206.49,130.99,23.6,70.9,308.55,66.09,9.32,25.47,43.22,9.46,11.96,365.17,26.36,43.06,"97,746,429,000."
N163548,A069110,코스온,(주)유한코스메틱,110111-1823289,106-81-84011,1999-12-07,2003-10-14,2023-10-20,외감,12.0,중소기업,,유한양행,N15101.화학,C00000.제조업(10~34),C20000.화학 물질 및 화학제품 제조업,코스닥,감사의견 거절(감사범위 제한),감사의견거절,2017,0.1761021,-0.4149268,-0.7647113,17.61,0.2097147,0.092511,20.71,4.69,1.59,0.0390513,0.0132431,0.0706143,2.39,1.93,98.31,44.74,0.83,1.51,1.8635563,0.0,156.1347569,3.46,3.34,2.35,,"98,476,490.","26,078,120.","459,658.78",15.23,71.07,5041.4119512,63.7076443,59.5709485,3916.5984753,663.31,51.72,244.28,148.81,16.52,66.17,213.55,93.35,2.43,5.37,6.85,2.43,3.69,268.37,20.27,63.27,"101,838,339,000."
N163548,A069110,코스온,(주)유한코스메틱,110111-1823289,106-81-84011,1999-12-07,2003-10-14,2023-10-20,외감,12.0,중소기업,,유한양행,N15101.화학,C00000.제조업(10~34),C20000.화학 물질 및 화학제품 제조업,코스닥,감사의견 거절(감사범위 제한),감사의견거절,2018,0.5586798,-0.303439,-1.6205852,55.87,0.0980645,-0.0040323,20.05,2.97,-.9,0.018186,-0.0054946,0.0355689,-1.07,2.85,100.26,44.65,.61,1.2,1.2512586,0.0,102.728111,3.33,3.16,2.58,,"110,949,960.","26,320,960.","645,137.24",9.37,54.51,5374.6806067,-113.1696364,-332.9417416,5844.6329929,890.35,50.76,135.23,101.83,30.29,94.81,271.29,97.01,1.04,.12,.16,.05,.12,229.78,17.85,80.29,"139,432,991,000."
N163548,A069110,코스온,(주)유한코스메틱,110111-1823289,106-81-84011,1999-12-07,2003-10-14,2023-10-20,외감,12.0,중소기업,,유한양행,N15101.화학,C00000.제조업(10~34),C20000.화학 물질 및 화학제품 제조업,코스닥,감사의견 거절(감사범위 제한),감사의견거절,2019,-0.0397586,-0.8307852,-4.2139359,-3.98,-0.0096595,0.048583,18.0,.51,-4.73,0.0024069,-0.0224066,0.0050403,-4.69,4.02,106.15,39.92,.47,0.99,0.9065527,0.0,157.5935664,3.79,3.36,7.44,,"118,793,080.","20,809,660.","748,008.48",8.05,50.71,5844.4070199,-284.1079456,1505.6851144,5679.2650557,862.6,44.98,95.55,69.97,12.53,"4,588.65",149.49,122.33,.13,1.48,2.05,.68,1.54,289.51,17.85,81.48,"221,447,294,000."
N163548,A069110,코스온,(주)유한코스메틱,110111-1823289,106-81-84011,1999-12-07,2003-10-14,2023-10-20,외감,12.0,중소기업,,유한양행,N15101.화학,C00000.제조업(10~34),C20000.화학 물질 및 화학제품 제조업,코스닥,감사의견 거절(감사범위 제한),감사의견거절,2020,-0.1646418,-27.4288156,-5.8874814,-16.46,-0.1591879,-0.2471043,2.34,-15.97,-38.75,-0.0669694,-0.1624736,-0.1481645,-35.95,10.13,131.45,39.04,.42,0.93,0.765101,0.0,154.1332438,5.07,4.94,-15.93,,"170,199,980.","18,175,220.","981,112.16",,,4829.5817681,-1855.8233099,234.044772,3899.0132739,611.73,45.47,92.01,80.02,2.45,,52.76,119.94,-1.58,-34.26,-53.41,-17.35,-43.08,,,,"239,961,867,000."
N163548,A069110,코스온,(주)유한코스메틱,110111-1823289,106-81-84011,1999-12-07,2003-10-14,2023-10-20,외감,12.0,중소기업,,유한양행,N15101.화학,C00000.제조업(10~34),C20000.화학 물질 및 화학제품 제조업,코스닥,감사의견 거절(감사범위 제한),감사의견거절,2021,-0.776185,-0.020611,-1.0842108,,-0.6558552,-0.7794872,-2.12,-47.37,-234.68,-0.0905601,-0.4486681,-0.2714792,-134.5,19.02,312.4,5.4,.19,,0.2868789,0.0,168.326735,,,-1.15,,"698,236,880.","49,553,240.","3,378,083.91",,,,,,,54.26,15.23,,,5.74,,17.35,,,-81.28,-127.89,-70.48,-581.7,,,,"198,306,895,000."
N163548,A069110,코스온,(주)유한코스메틱,110111-1823289,106-81-84011,1999-12-07,2003-10-14,2023-10-20,외감,12.0,중소기업,,유한양행,N15101.화학,C00000.제조업(10~34),C20000.화학 물질 및 화학제품 제조업,코스닥,감사의견 거절(감사범위 제한),감사의견거절,2022,-3.3380049,0.3572371,0.0923648,,-0.6645174,-0.5348837,-30.51,-90.76,-634.92,-0.0941889,-0.6589441,0.7131097,,57.28,626.32,-82.76,.1,,0.091675,0.0,100.2946836,,,-.16,,"1,392,191,850.","101,731,980.","3,741,599.1",,,,,,,-451.8,,,,.64,,4.95,,,-70.48,-114.79,-167.54,"-3,194.68",,,,"132,473,590,000."
N163548,A069110,코스온,(주)유한코스메틱,110111-1823289,106-81-84011,1999-12-07,2003-10-14,2023-10-20,외감,12.0,중소기업,,유한양행,N15101.화학,C00000.제조업(10~34),C20000.화학 물질 및 화학제품 제조업,코스닥,감사의견 거절(감사범위 제한),감사의견거절,2023,,,,,,,-35.17,-94.04,-313.42,,,,,42.57,307.41,-94.44,.15,,,0.0,161.8645647,,,-.14,,"1,082,332,580.","93,444,750.",,,,,,,,-219.14,,,,1.43,,86.26,,,-27.9,-34.88,-47.71,-445.36,,,,"71,948,492,000."
N163548,A069110,코스온,(주)유한코스메틱,110111-1823289,106-81-84011,1999-12-07,2003-10-14,2023-10-20,외감,12.0,중소기업,,유한양행,N15101.화학,C00000.제조업(10~34),C20000.화학 물질 및 화학제품 제조업,코스닥,감사의견 거절(감사범위 제한),감사의견거절,2024,,,,,,,-60.93,-146.42,-332.13,,,,,65.81,380.01,-184.3,.2,,,2.030962847,2.908914251,,,-.3,,"661,610,580.","55,661,080.",,,,,,,,-182.5,,,,9.59,,"1,082.32",,,-36.12,-38.29,-68.84,-308.24,,,,"26,707,083,000."
N120709,A071460,위니아,(주)위니아,164811-0015300,312-81-38164,1999-10-06,2016-07-14,2025-06-18,외감,12.0,중견기업,,,"N45203.전자장비와 기기, 부품",C00000.제조업(10~34),C28000.전기장비 제조업,코스닥,감사의견 거절(감사범위 제한 및 계속기업가정 불확실성),감사의견거절,2014,,,,,,,22.12,-6.1,-5.47,,,,-42.08,.82,106.8,12.55,1.47,,,0.0,544.7037009,,,-232.97,,"139,946,270.","10,982,850.",,,,,,,,342.66,16.21,,,9.1,,69.42,,,-3.41,-23.12,-2.85,-1.76,,,,"278,406,798,000."
N120709,A071460,위니아,(주)위니아,164811-0015300,312-81-38164,1999-10-06,2016-07-14,2025-06-18,외감,12.0,중견기업,,,"N45203.전자장비와 기기, 부품",C00000.제조업(10~34),C28000.전기장비 제조업,코스닥,감사의견 거절(감사범위 제한 및 계속기업가정 불확실성),감사의견거절,2015,,,,,,,26.13,2.46,1.69,,,,17.18,.55,98.19,17.45,1.92,,,0.0,770.3807605,,,-27.23,,"127,846,740.","7,660,740.",,,,,,,,405.2,21.76,,,3.2,,69.28,,,12.93,132.54,10.09,4.85,,,,"229,262,058,000."
N120709,A071460,위니아,(주)위니아,164811-0015300,312-81-38164,1999-10-06,2016-07-14,2025-06-18,외감,12.0,중견기업,,,"N45203.전자장비와 기기, 부품",C00000.제조업(10~34),C28000.전기장비 제조업,코스닥,감사의견 거절(감사범위 제한 및 계속기업가정 불확실성),감사의견거절,2016,1.029967,-0.3469534,-0.7662543,103.,0.0759597,0.0377953,26.35,1.49,0.37,0.0270681,0.0066468,0.0994368,2.44,.68,99.61,26.88,1.81,6.66,2.4925686,0.0,510.2167042,6.38,8.25,-81.0,,"131,734,730.","5,428,390.","359,352.71",,,21538.0772711,78.9171841,-1134.8381606,3714.1023817,642.82,31.06,103.04,50.2,3.93,"1,739.99",81.77,221.96,2.18,9.59,54.91,6.45,4.01,,,,"202,719,503,000."
N120709,A071460,위니아,(주)위니아,164811-0015300,312-81-38164,1999-10-06,2016-07-14,2025-06-18,외감,12.0,중견기업,,,"N45203.전자장비와 기기, 부품",C00000.제조업(10~34),C28000.전기장비 제조업,코스닥,감사의견 거절(감사범위 제한 및 계속기업가정 불확실성),감사의견거절,2017,0.0170328,0.0110257,0.3665425,1.7,0.1112276,-0.016692,27.29,1.36,0.45,0.0212956,0.0070682,0.0743953,2.47,.89,99.62,21.92,1.57,5.48,2.1977429,0.0,551.2044644,5.36,7.74,319.43,,"168,605,480.","8,905,620.","457,192.66",,,17447.4792545,78.6171764,799.1076402,2560.7240303,417.73,26.58,99.,44.46,3.67,"1,365.93",66.82,276.28,1.52,7.42,25.41,5.26,3.45,,,,"288,320,113,000."
N120709,A071460,위니아,(주)위니아,164811-0015300,312-81-38164,1999-10-06,2016-07-14,2025-06-18,외감,12.0,중견기업,,,"N45203.전자장비와 기기, 부품",C00000.제조업(10~34),C28000.전기장비 제조업,코스닥,감사의견 거절(감사범위 제한 및 계속기업가정 불확실성),감사의견거절,2018,-0.1909503,-1.1816236,-6.9869804,-19.1,0.1261499,-0.0787037,21.89,-.22,-2.4,-0.0035425,-0.038758,-0.0148131,-16.21,1.14,102.35,16.12,1.62,6.77,2.1264927,0.0,638.207696,5.58,12.27,-52.32,,"198,287,680.","12,959,880.","513,184.24",,,15410.6276126,-403.6583791,168.238349,2017.5615267,310.3,21.28,90.14,39.21,5.57,,33.27,369.92,-.19,-1.56,-4.41,-1.19,-.68,,,,"342,705,319,000."
N120709,A071460,위니아,(주)위니아,164811-0015300,312-81-38164,1999-10-06,2016-07-14,2025-06-18,외감,12.0,중견기업,,,"N45203.전자장비와 기기, 부품",C00000.제조업(10~34),C28000.전기장비 제조업,코스닥,감사의견 거절(감사범위 제한 및 계속기업가정 불확실성),감사의견거절,2019,0.6200842,17.9175612,1.8283767,62.01,0.346486,-0.0251256,19.99,2.75,1.47,0.050539,0.0270751,0.2138667,11.46,1.11,98.53,14.9,1.84,7.77,2.405643,0.0,358.5294797,7.35,14.15,-32.31,,"188,408,240.","11,134,460.","528,963.03",26.96,75.68,20865.5779925,129.9708527,1102.6881226,2420.175473,389.93,25.36,90.57,54.39,5.39,,74.11,294.32,2.48,7.85,23.43,5.92,3.11,"1,280.57",13.65,59.24,"346,265,922,000."
N120709,A071460,위니아,(주)위니아,164811-0015300,312-81-38164,1999-10-06,2016-07-14,2025-06-18,외감,12.0,중견기업,,,"N45203.전자장비와 기기, 부품",C00000.제조업(10~34),C28000.전기장비 제조업,코스닥,감사의견 거절(감사범위 제한 및 계속기업가정 불확실성),감사의견거절,2020,-0.0408523,1.4092062,1.750811,-4.09,0.1667147,-0.0051546,20.77,5.68,3.47,0.0998333,0.0610669,0.4253315,26.02,.82,95.56,11.92,1.76,7.49,2.2964982,0.0,417.4476322,8.16,11.55,-28.25,,"176,719,740.","9,046,770.","569,032.18",29.9,96.26,24344.177231,344.1465087,1867.8068784,2210.7004764,348.5,21.78,89.25,55.16,17.34,,53.28,359.12,6.97,6.87,20.88,5.19,2.96,"1,880.43",16.51,64.93,"470,730,952,000."
N120709,A071460,위니아,(주)위니아,164811-0015300,312-81-38164,1999-10-06,2016-07-14,2025-06-18,외감,12.0,중견기업,,,"N45203.전자장비와 기기, 부품",C00000.제조업(10~34),C28000.전기장비 제조업,코스닥,감사의견 거절(감사범위 제한 및 계속기업가정 불확실성),감사의견거절,2021,-0.1188099,-0.1394773,-0.3826275,-11.88,0.2024899,0.1243523,20.84,4.07,1.78,0.0705602,0.0309653,0.3974101,17.44,.72,97.38,9.29,1.74,9.78,2.1104777,0.0,422.2238808,7.54,12.41,-18.22,,"169,700,060.","6,468,380.","631,673.52",,,29273.627166,183.2883457,-1202.8542875,2244.605585,355.21,14.68,82.34,45.48,8.95,,53.79,581.36,5.66,2.65,5.45,2.09,1.42,,,,"525,696,590,000."
N120709,A071460,위니아,(주)위니아,164811-0015300,312-81-38164,1999-10-06,2016-07-14,2025-06-18,외감,12.0,중견기업,,,"N45203.전자장비와 기기, 부품",C00000.제조업(10~34),C28000.전기장비 제조업,코스닥,감사의견 거절(감사범위 제한 및 계속기업가정 불확실성),감사의견거절,2022,0.2889701,-2.7193106,-4.839892,28.9,-0.2572082,-0.1044547,18.04,-9.41,-9.22,-0.1009332,-0.0989268,-0.6372594,-62.46,1.85,109.66,1.55,1.07,6.77,1.2745736,0.0,399.0363761,4.96,8.32,-8.35,,"211,015,650.","6,138,610.","856,681.31",,,21744.2100386,-2220.6636891,,784.0382014,66.34,16.88,79.38,50.96,15.05,,55.29,492.58,-5.1,-16.39,-35.35,-15.35,-13.98,,,,"687,479,963,000."
N120709,A071460,위니아,(주)위니아,164811-0015300,312-81-38164,1999-10-06,2016-07-14,2025-06-18,외감,12.0,중견기업,,,"N45203.전자장비와 기기, 부품",C00000.제조업(10~34),C28000.전기장비 제조업,코스닥,감사의견 거절(감사범위 제한 및 계속기업가정 불확실성),감사의견거절,2023,-3.080975,-2.8215232,-3.1859561,,-0.5484003,-0.2641509,-5.52,-79.62,-85.48,-0.5793256,-0.6219576,4.000685,,5.62,170.36,-143.11,.73,,0.6355524,0.0,2008.3795179,3.82,5.64,-1.51,,"212,762,020.","6,931,070.","800,851.22",,,9765.3782789,-7034.2700779,,-7605.4523967,"-1,592.9",,17.46,8.87,.34,,14.94,,-14.16,-72.11,-166.68,-187.36,-139.93,,,,"770,675,244,000."
N120709,A071460,위니아,(주)위니아,164811-0015300,312-81-38164,1999-10-06,2016-07-14,2025-06-18,외감,12.0,중견기업,,,"N45203.전자장비와 기기, 부품",C00000.제조업(10~34),C28000.전기장비 제조업,코스닥,감사의견 거절(감사범위 제한 및 계속기업가정 불확실성),감사의견거절,2024,0.6505412,0.6752275,0.4402669,,-0.706808,-0.2400932,-15.75,-88.2,-163.19,-0.6104642,-1.1295356,0.2546407,,9.34,237.87,-466.51,.69,,0.203729,0.0,2003.1146773,3.96,2.14,-.24,,"159,795,200.","6,191,140.","383,026.56",,,2863.1305991,-4687.3732373,153.9627169,-12542.9557125,"-2,569.41",,6.2,3.39,1.75,,5.55,,-9.45,-28.67,-78.19,-182.88,-138.9,,,,"200,173,569,000."
N000108,A071930,에이스하이텍,에이스하이텍(주),174811-0000664,515-81-00554,1978-06-23,2004-01-16,2015-07-10,폐업,12.0,중소기업,,,"N45203.전자장비와 기기, 부품",C00000.제조업(10~34),"C26000.전자 부품, 컴퓨터, 영상, 음향 및 통신장비 제조업",코스닥,감사의견거절(감사범위 제한),감사의견거절,2014,0.7092559,-4.4760171,-2.5733459,70.93,-0.5194095,0.0555556,-4.33,-60.81,-221.1,-0.1735238,-0.6308914,-0.3212611,-116.8,12.46,309.59,41.15,.29,0.53,0.6204856,,,15.42,2.54,-5.62,,,,"1,689,330.5",,,246.0211841,-551.5519866,-296.6867441,455.3815856,52.65,71.07,65.99,52.1,6.41,,124.73,40.7,-4.88,,,,,,,,
N000108,A071930,에이스하이텍,에이스하이텍(주),174811-0000664,515-81-00554,1978-06-23,2004-01-16,2015-07-10,폐업,12.0,중소기업,,,"N45203.전자장비와 기기, 부품",C00000.제조업(10~34),"C26000.전자 부품, 컴퓨터, 영상, 음향 및 통신장비 제조업",코스닥,감사의견거절(감사범위 제한),감사의견거절,2015,,,,,,,,,,,,,,,,,,,,,,,,,,,,,,,,,,,,,,,,,,,,,,,,,,,
N000108,A071930,에이스하이텍,에이스하이텍(주),174811-0000664,515-81-00554,1978-06-23,2004-01-16,2015-07-10,폐업,12.0,중소기업,,,"N45203.전자장비와 기기, 부품",C00000.제조업(10~34),"C26000.전자 부품, 컴퓨터, 영상, 음향 및 통신장비 제조업",코스닥,감사의견거절(감사범위 제한),감사의견거절,2016,,,,,,,,,,,,,,,,,,,,,,,,,,,,,,,,,,,,,,,,,,,,,,,,,,,
N000108,A071930,에이스하이텍,에이스하이텍(주),174811-0000664,515-81-00554,1978-06-23,2004-01-16,2015-07-10,폐업,12.0,중소기업,,,"N45203.전자장비와 기기, 부품",C00000.제조업(10~34),"C26000.전자 부품, 컴퓨터, 영상, 음향 및 통신장비 제조업",코스닥,감사의견거절(감사범위 제한),감사의견거절,2017,,,,,,,,,,,,,,,,,,,,,,,,,,,,,,,,,,,,,,,,,,,,,,,,,,,
N000108,A071930,에이스하이텍,에이스하이텍(주),174811-0000664,515-81-00554,1978-06-23,2004-01-16,2015-07-10,폐업,12.0,중소기업,,,"N45203.전자장비와 기기, 부품",C00000.제조업(10~34),"C26000.전자 부품, 컴퓨터, 영상, 음향 및 통신장비 제조업",코스닥,감사의견거절(감사범위 제한),감사의견거절,2018,,,,,,,,,,,,,,,,,,,,,,,,,,,,,,,,,,,,,,,,,,,,,,,,,,,
N000108,A071930,에이스하이텍,에이스하이텍(주),174811-0000664,515-81-00554,1978-06-23,2004-01-16,2015-07-10,폐업,12.0,중소기업,,,"N45203.전자장비와 기기, 부품",C00000.제조업(10~34),"C26000.전자 부품, 컴퓨터, 영상, 음향 및 통신장비 제조업",코스닥,감사의견거절(감사범위 제한),감사의견거절,2019,,,,,,,,,,,,,,,,,,,,,,,,,,,,,,,,,,,,,,,,,,,,,,,,,,,
N000108,A071930,에이스하이텍,에이스하이텍(주),174811-0000664,515-81-00554,1978-06-23,2004-01-16,2015-07-10,폐업,12.0,중소기업,,,"N45203.전자장비와 기기, 부품",C00000.제조업(10~34),"C26000.전자 부품, 컴퓨터, 영상, 음향 및 통신장비 제조업",코스닥,감사의견거절(감사범위 제한),감사의견거절,2020,,,,,,,,,,,,,,,,,,,,,,,,,,,,,,,,,,,,,,,,,,,,,,,,,,,
N000108,A071930,에이스하이텍,에이스하이텍(주),174811-0000664,515-81-00554,1978-06-23,2004-01-16,2015-07-10,폐업,12.0,중소기업,,,"N45203.전자장비와 기기, 부품",C00000.제조업(10~34),"C26000.전자 부품, 컴퓨터, 영상, 음향 및 통신장비 제조업",코스닥,감사의견거절(감사범위 제한),감사의견거절,2021,,,,,,,,,,,,,,,,,,,,,,,,,,,,,,,,,,,,,,,,,,,,,,,,,,,
N000108,A071930,에이스하이텍,에이스하이텍(주),174811-0000664,515-81-00554,1978-06-23,2004-01-16,2015-07-10,폐업,12.0,중소기업,,,"N45203.전자장비와 기기, 부품",C00000.제조업(10~34),"C26000.전자 부품, 컴퓨터, 영상, 음향 및 통신장비 제조업",코스닥,감사의견거절(감사범위 제한),감사의견거절,2022,,,,,,,,,,,,,,,,,,,,,,,,,,,,,,,,,,,,,,,,,,,,,,,,,,,
N000108,A071930,에이스하이텍,에이스하이텍(주),174811-0000664,515-81-00554,1978-06-23,2004-01-16,2015-07-10,폐업,12.0,중소기업,,,"N45203.전자장비와 기기, 부품",C00000.제조업(10~34),"C26000.전자 부품, 컴퓨터, 영상, 음향 및 통신장비 제조업",코스닥,감사의견거절(감사범위 제한),감사의견거절,2023,,,,,,,,,,,,,,,,,,,,,,,,,,,,,,,,,,,,,,,,,,,,,,,,,,,
N000108,A071930,에이스하이텍,에이스하이텍(주),174811-0000664,515-81-00554,1978-06-23,2004-01-16,2015-07-10,폐업,12.0,중소기업,,,"N45203.전자장비와 기기, 부품",C00000.제조업(10~34),"C26000.전자 부품, 컴퓨터, 영상, 음향 및 통신장비 제조업",코스닥,감사의견거절(감사범위 제한),감사의견거절,2024,,,,,,,,,,,,,,,,,,,,,,,,,,,,,,,,,,,,,,,,,,,,,,,,,,,
N100100,A072520,제넨바이오,(주)제넨바이오,170111-0150847,514-81-33009,1999-05-14,2004-10-29,2025-06-18,외감,12.0,중소기업,,제넨바이오,N25503.복합소매,"M00000.전문, 과학 및 기술 서비스업(70~73)",M70000.연구개발업,코스닥,감사의견 거절(감사범위 제한 및 계속기업 가정 불확실성),감사의견거절,2014,-0.5373905,-6.4166522,-14.8709773,-53.74,-0.4256123,-0.1984127,-11.64,-23.26,-25.47,-0.287402,-0.3147279,-0.8136684,-89.1,1.22,125.21,22.8,1.24,3.5,1.9103378,0.0,906.4114253,10.39,6.22,67.16,,"79,301,890.","26,375,360.","191,447.13",,,9991.4690179,-4532.9881333,-404.4483069,3255.998338,570.25,25.73,55.,39.29,3.37,,61.41,288.63,-19.09,-73.25,-116.4,-53.87,-40.63,,,,"122,241,525,000."
N100100,A072520,제넨바이오,(주)제넨바이오,170111-0150847,514-81-33009,1999-05-14,2004-10-29,2025-06-18,외감,12.0,중소기업,,제넨바이오,N25503.복합소매,"M00000.전문, 과학 및 기술 서비스업(70~73)",M70000.연구개발업,코스닥,감사의견 거절(감사범위 제한 및 계속기업 가정 불확실성),감사의견거절,2015,-0.6010878,0.7553529,0.0089567,-60.11,-0.6778061,-0.3920792,-0.05,-17.66,-78.35,-0.0966654,-0.428814,-0.4498948,-199.58,3.79,129.62,0.99,0.55,2.55,0.6970772,0.0,512.1120633,5.25,3.48,-1.78,,"108,035,710.","22,347,940.","204,877.97",,,3107.6510924,-4222.4586085,-793.0086345,483.518553,6.26,15.2,62.82,50.84,19.84,,64.73,557.89,-4.66,-76.29,-129.67,-71.07,-209.92,,,,"93,801,667,000."
N100100,A072520,제넨바이오,(주)제넨바이오,170111-0150847,514-81-33009,1999-05-14,2004-10-29,2025-06-18,외감,12.0,중소기업,,제넨바이오,N25503.복합소매,"M00000.전문, 과학 및 기술 서비스업(70~73)",M70000.연구개발업,코스닥,감사의견 거절(감사범위 제한 및 계속기업 가정 불확실성),감사의견거절,2016,1.7435214,0.3255706,0.6861583,174.35,-0.8461659,-0.7068404,-39.51,-77.43,-159.85,-0.082144,-0.1695696,-0.2842368,-58.67,10.98,166.93,37.8,0.11,0.37,0.1492029,0.0,355.1815146,1.41,0.92,-0.34,,"263,497,820.","22,301,230.","563,783.37",,,84.3025965,-145.6255179,-164.3320868,790.8007248,551.09,43.04,43.8,34.63,8.42,,77.35,132.35,-7.05,-34.9,-44.78,-22.11,-177.98,,,,"63,342,944,000."
N100100,A072520,제넨바이오,(주)제넨바이오,170111-0150847,514-81-33009,1999-05-14,2004-10-29,2025-06-18,외감,12.0,중소기업,,제넨바이오,N25503.복합소매,"M00000.전문, 과학 및 기술 서비스업(70~73)",M70000.연구개발업,코스닥,감사의견 거절(감사범위 제한 및 계속기업 가정 불확실성),감사의견거절,2017,-0.4503319,1.9238572,-0.4387166,-45.03,1.7486643,0.2444444,63.52,26.03,-83.67,0.086435,-0.2778637,0.2312163,-74.33,11.56,87.45,22.69,0.33,0.89,0.5303763,0.0,212.3982805,11.34,5.18,-0.8,,"244,369,110.","8,155,820.","444,317.91",,,375.3926601,-356.8083014,101.4624065,331.6708165,254.24,30.17,10.86,10.86,2.04,,"2,121.6",231.46,2.25,-11.05,-13.83,-7.92,-27.48,,,,"61,375,633,000."
N100100,A072520,제넨바이오,(주)제넨바이오,170111-0150847,514-81-33009,1999-05-14,2004-10-29,2025-06-18,외감,12.0,중소기업,,제넨바이오,N25503.복합소매,"M00000.전문, 과학 및 기술 서비스업(70~73)",M70000.연구개발업,코스닥,감사의견 거절(감사범위 제한 및 계속기업 가정 불확실성),감사의견거절,2018,1.2968786,-1.5023116,0.6644796,129.69,-0.6126499,-0.6696429,46.76,-33.75,-72.47,-0.0393025,-0.0843934,-0.0993178,-21.33,35.9,158.8,38.15,.12,0.29,0.1927101,0.0,79.5359752,15.56,3.02,-.47,,"817,081,030.","1,972,040.","1,577,476.38",,,121.9549868,-98.3732296,-30.1376223,528.9195695,444.13,45.79,85.24,81.99,62.6,,"2,528.97",118.41,-.94,-7.55,-11.57,-4.14,-41.39,,,,"48,126,470,000."
N100100,A072520,제넨바이오,(주)제넨바이오,170111-0150847,514-81-33009,1999-05-14,2004-10-29,2025-06-18,외감,12.0,중소기업,,제넨바이오,N25503.복합소매,"M00000.전문, 과학 및 기술 서비스업(70~73)",M70000.연구개발업,코스닥,감사의견 거절(감사범위 제한 및 계속기업 가정 불확실성),감사의견거절,2019,-0.2768501,-4.327794,-8.1576124,-27.69,0.684354,1.7027027,6.43,-106.76,-394.02,-0.1555245,-0.574013,-0.4407742,-162.68,29.14,409.41,20.61,.15,0.41,0.22511,0.0,19.7916725,12.48,2.75,-1.,,"177,186,370.","3,019,440.","772,221.66",-35.27,-153.73,173.1548019,-661.1690292,-166.1980959,322.304712,234.56,26.79,65.12,63.35,35.98,,337.64,273.3,-3.66,-71.59,-119.82,-49.66,-358.12,"-9,020.9",-233.88,-22.98,"72,840,014,000."
N100100,A072520,제넨바이오,(주)제넨바이오,170111-0150847,514-81-33009,1999-05-14,2004-10-29,2025-06-18,외감,12.0,중소기업,,제넨바이오,N25503.복합소매,"M00000.전문, 과학 및 기술 서비스업(70~73)",M70000.연구개발업,코스닥,감사의견 거절(감사범위 제한 및 계속기업 가정 불확실성),감사의견거절,2020,0.9958604,0.0596618,0.5296126,99.59,-0.0014899,-0.03,15.89,-100.54,-185.62,-0.1265384,-0.2336237,-0.3296654,-60.87,5.3,221.8,39.32,.13,0.33,0.2042686,0.0,47.8991222,23.55,2.34,-.68,,"57,077,420.","6,416,140.","934,051.21",-10.24,-167.56,126.9011459,-228.2737324,-118.2257982,468.7064306,377.3,49.01,62.14,62.12,32.8,,575.37,104.02,-18.97,-36.73,-64.12,-17.96,-147.41,"-1,490.61",-78.32,-79.65,"90,027,263,000."
N100100,A072520,제넨바이오,(주)제넨바이오,170111-0150847,514-81-33009,1999-05-14,2004-10-29,2025-06-18,외감,12.0,중소기업,,제넨바이오,N25503.복합소매,"M00000.전문, 과학 및 기술 서비스업(70~73)",M70000.연구개발업,코스닥,감사의견 거절(감사범위 제한 및 계속기업 가정 불확실성),감사의견거절,2021,0.8717468,0.0454134,-0.5758922,87.17,-0.2981759,-0.1958763,10.09,-136.75,-416.79,-0.0948751,-0.2891731,-0.1644879,-50.13,.18,375.36,53.1,.07,0.12,0.1639393,0.0,70.2372542,192.73,1.8,-.41,,"304,706,290.","8,095,210.","1,490,307.42",,,43.9474819,-162.8450648,-66.6555031,454.4222342,359.05,63.7,39.66,39.48,8.93,,599.7,57.,-739.7,-69.96,-190.66,-23.66,-385.01,,,,"98,205,112,000."
N100100,A072520,제넨바이오,(주)제넨바이오,170111-0150847,514-81-33009,1999-05-14,2004-10-29,2025-06-18,외감,12.0,중소기업,,제넨바이오,N25503.복합소매,"M00000.전문, 과학 및 기술 서비스업(70~73)",M70000.연구개발업,코스닥,감사의견 거절(감사범위 제한 및 계속기업 가정 불확실성),감사의견거절,2022,-0.3117615,-0.2634185,-0.1055518,-31.18,0.127394,-0.0512821,7.39,-153.24,-408.72,-0.1031982,-0.2752388,-0.1888628,-50.37,32.66,304.43,31.94,.07,0.12,0.1484676,0.0,28.6899324,85.74,1.61,-.37,,"885,858,630.","18,378,300.","1,764,933.68",,,219.4438722,-884.8532866,,1457.5204432,196.05,45.29,54.1,53.83,4.,,739.29,120.81,-4.69,-51.45,-73.33,-26.43,-355.14,,,,"141,446,247,000."
N100100,A072520,제넨바이오,(주)제넨바이오,170111-0150847,514-81-33009,1999-05-14,2004-10-29,2025-06-18,외감,12.0,중소기업,,제넨바이오,N25503.복합소매,"M00000.전문, 과학 및 기술 서비스업(70~73)",M70000.연구개발업,코스닥,감사의견 거절(감사범위 제한 및 계속기업 가정 불확실성),감사의견거절,2023,0.1552049,-0.1511616,0.5796951,15.52,-0.4357331,-0.3918919,12.35,-312.63,-304.44,-0.1294144,-0.1260226,-0.2474509,-24.1,182.9,184.12,33.34,.04,0.08,0.0867798,0.0,43.5355883,73.76,.91,-.36,,"1,950,327,820.","54,012,200.","2,710,026.72",,,97.9518068,-325.5372996,,1019.3297363,106.64,60.39,82.04,82.04,.03,,279.64,65.59,-1.71,-25.84,-40.56,-10.1,-225.18,,,,"136,913,997,000."
N100100,A072520,제넨바이오,(주)제넨바이오,170111-0150847,514-81-33009,1999-05-14,2004-10-29,2025-06-18,외감,12.0,중소기업,,제넨바이오,N25503.복합소매,"M00000.전문, 과학 및 기술 서비스업(70~73)",M70000.연구개발업,코스닥,감사의견 거절(감사범위 제한 및 계속기업 가정 불확실성),감사의견거절,2024,-0.1540304,0.6528075,0.3131415,-15.4,-0.9959631,-0.8222222,"-1,252.02","-26,887.97","-51,798.92",-0.0516614,-0.0995242,-0.0868289,-16.73,"15,892.67","3,006.96",27.56,.,,0.0004744,0.0,24.5921293,,0.01,-.01,,"10,024,187,940.","285,887,250.","13,811,720.56",,,0.2668035,-148.4465192,-36.7269424,871.175796,77.02,58.48,94.49,94.49,.04,,254.15,71.01,-1.69,-18.59,-34.86,-7.63,"-36,807.63",,,,"118,610,712,000."
N047268,A073070,에이팸,에이팸(주),180111-0152057,605-81-18906,1994-02-01,2004-01-28,2021-06-04,외감,12.0,중소기업,,에이팸,N25101.자동차 부품,C00000.제조업(10~34),C30000.자동차 및 트레일러 제조업,코스닥,기업의 계속성 및 경영의 투명성 등을 종합적으로 고려하여 상장폐지기준에 해당,기업의계속성_경영의투명성종합판단,2014,0.0662578,0.829667,2.0420489,6.63,0.2183956,,11.98,5.0,8.59,0.0626406,0.1075677,0.0868957,14.92,.13,90.26,57.16,1.25,1.74,4.4860432,0.0,235.5915433,5.18,5.77,3.45,,"87,599,870.","8,778,250.","398,931.22",24.6,112.03,4913.2665154,426.6442069,-278.2977746,2950.8648276,490.17,68.82,231.06,137.74,31.94,71.2,153.61,45.3,38.71,29.89,190.8,9.1,7.65,"1,117.95",19.46,48.27,"52,851,847,000."
N047268,A073070,에이팸,에이팸(주),180111-0152057,605-81-18906,1994-02-01,2004-01-28,2021-06-04,외감,12.0,중소기업,,에이팸,N25101.자동차 부품,C00000.제조업(10~34),C30000.자동차 및 트레일러 제조업,코스닥,기업의 계속성 및 경영의 투명성 등을 종합적으로 고려하여 상장폐지기준에 해당,기업의계속성_경영의투명성종합판단,2015,0.0570102,0.2810376,-0.4209632,5.7,0.2968326,-0.0833333,12.07,4.94,3.84,0.0751895,0.0583617,0.1048687,8.14,.05,94.96,62.68,1.52,2.12,5.3763191,0.0,263.6082517,6.15,5.69,3.73,,"92,195,980.","8,569,580.","458,990.45",18.27,90.96,6371.6839204,247.0426897,492.3386155,3119.0942759,523.82,74.65,281.97,189.24,38.38,50.96,179.08,33.96,98.67,16.5,602.17,4.56,2.91,978.64,11.75,61.97,"62,170,393,000."
N047268,A073070,에이팸,에이팸(주),180111-0152057,605-81-18906,1994-02-01,2004-01-28,2021-06-04,외감,12.0,중소기업,,에이팸,N25101.자동차 부품,C00000.제조업(10~34),C30000.자동차 및 트레일러 제조업,코스닥,기업의 계속성 및 경영의 투명성 등을 종합적으로 고려하여 상장폐지기준에 해당,기업의계속성_경영의투명성종합판단,2016,0.0766604,0.1332231,0.4730599,7.67,-0.1253283,-0.0984849,14.87,6.4,6.46,0.0818,0.0825332,0.1113661,11.24,.,92.16,61.6,1.28,1.74,4.8125596,0.0,249.685345,6.72,4.96,2.86,,"97,430,320.","7,257,610.","522,580.24",20.95,112.38,5573.1316515,363.9086897,779.0328428,3358.2053103,571.64,72.37,275.34,213.15,52.24,35.47,184.54,38.17,"1,292.27",23.37,"2,310.13",6.75,5.29,"1,508.64",15.9,54.96,"60,585,507,000."
N047268,A073070,에이팸,에이팸(주),180111-0152057,605-81-18906,1994-02-01,2004-01-28,2021-06-04,외감,12.0,중소기업,,에이팸,N25101.자동차 부품,C00000.제조업(10~34),C30000.자동차 및 트레일러 제조업,코스닥,기업의 계속성 및 경영의 투명성 등을 종합적으로 고려하여 상장폐지기준에 해당,기업의계속성_경영의투명성종합판단,2017,0.555081,0.4577218,0.498698,55.51,0.007839,0.3361345,19.55,9.26,9.61,0.0802945,0.0832915,0.122549,12.71,.48,88.81,54.62,0.87,1.32,2.5147968,0.0,88.6747999,7.33,4.39,1.85,,"71,334,710.","4,143,100.","577,255.01",21.24,171.85,4984.5323146,496.4911376,157.9744558,5222.2814483,765.32,61.76,228.47,203.04,90.48,19.8,243.08,61.92,19.28,15.26,24.22,6.04,8.84,"2,958.88",23.92,52.39,"67,282,421,000."
N047268,A073070,에이팸,에이팸(주),180111-0152057,605-81-18906,1994-02-01,2004-01-28,2021-06-04,외감,12.0,중소기업,,에이팸,N25101.자동차 부품,C00000.제조업(10~34),C30000.자동차 및 트레일러 제조업,코스닥,기업의 계속성 및 경영의 투명성 등을 종합적으로 고려하여 상장폐지기준에 해당,기업의계속성_경영의투명성종합판단,2018,0.0340622,-1.111359,-1.1512996,3.41,-0.0743815,-0.1572327,20.65,-1.11,-1.57,-0.0064724,-0.009122,-0.0110236,-1.55,2.57,99.63,49.51,.58,0.99,1.4071661,0.0,120.2346622,6.34,4.68,1.85,,"83,115,060.","3,903,940.","953,295.03",14.29,163.95,869.2466047,-3.7698677,24.8771475,890.5021377,790.5,56.04,141.9,120.,46.78,52.28,155.33,78.44,-.43,9.79,13.07,4.13,7.89,"3,490.48",25.63,52.78,"122,608,332,000."
N047268,A073070,에이팸,에이팸(주),180111-0152057,605-81-18906,1994-02-01,2004-01-28,2021-06-04,외감,12.0,중소기업,,에이팸,N25101.자동차 부품,C00000.제조업(10~34),C30000.자동차 및 트레일러 제조업,코스닥,기업의 계속성 및 경영의 투명성 등을 종합적으로 고려하여 상장폐지기준에 해당,기업의계속성_경영의투명성종합판단,2019,-0.4243742,-9.3098535,-47.1872329,-42.44,-0.3361468,-0.1641791,13.97,-17.3,-113.97,-0.0674925,-0.4445925,-0.141886,-93.46,5.55,207.33,29.4,.39,0.82,0.7439884,0.0,178.9699336,4.64,4.35,18.22,,"101,326,130.","4,797,330.","1,132,951.22",-32.32,-361.34,571.8927995,-646.8354265,-70.6027068,3118.0733793,350.44,37.67,73.86,60.63,12.06,,178.01,165.44,-3.12,-76.97,-91.88,-43.76,-107.58,"-7,631.99",-85.75,-22.3,"139,724,108,000."
N047268,A073070,에이팸,에이팸(주),180111-0152057,605-81-18906,1994-02-01,2004-01-28,2021-06-04,외감,12.0,중소기업,,에이팸,N25101.자동차 부품,C00000.제조업(10~34),C30000.자동차 및 트레일러 제조업,코스닥,기업의 계속성 및 경영의 투명성 등을 종합적으로 고려하여 상장폐지기준에 해당,기업의계속성_경영의투명성종합판단,2020,0.4232117,-0.2459547,0.8450136,42.32,-0.6354229,-0.0982143,-19.93,-59.13,-48.45,-0.0979512,-0.0802616,-0.1996932,-16.36,11.41,116.09,49.69,.17,0.34,0.3251366,0.0,389.2653643,2.,1.84,-1.13,,"113,937,550.","5,572,850.","1,059,313.42",-0.54,-5.03,753.8656722,-314.1256844,-262.0618633,2283.2352121,356.64,62.26,60.7,35.61,6.21,,115.76,60.61,-5.18,-33.29,-43.53,-9.66,-60.85,-102.81,-3.78,-915.94,"119,641,377,000."
N047268,A073070,에이팸,에이팸(주),180111-0152057,605-81-18906,1994-02-01,2004-01-28,2021-06-04,외감,12.0,중소기업,,에이팸,N25101.자동차 부품,C00000.제조업(10~34),C30000.자동차 및 트레일러 제조업,코스닥,기업의 계속성 및 경영의 투명성 등을 종합적으로 고려하여 상장폐지기준에 해당,기업의계속성_경영의투명성종합판단,2021,,,,,,,-7.55,-22.33,-58.92,,,,-21.15,5.72,135.3,52.23,.26,,,1.367219474,2.217875487,,,-2.72,,"164,424,180.","7,119,790.",,-3.37,-25.77,,,,,252.87,72.86,,,1.9,,214.08,,,-64.24,-111.87,-17.43,-56.7,-595.22,-13.09,,"103,027,880,000."
N047268,A073070,에이팸,에이팸(주),180111-0152057,605-81-18906,1994-02-01,2004-01-28,2021-06-04,외감,12.0,중소기업,,에이팸,N25101.자동차 부품,C00000.제조업(10~34),C30000.자동차 및 트레일러 제조업,코스닥,기업의 계속성 및 경영의 투명성 등을 종합적으로 고려하여 상장폐지기준에 해당,기업의계속성_경영의투명성종합판단,2022,,,,,,,13.45,3.79,-1.17,,,,-0.87,1.63,105.88,44.13,.55,,,1.621514724,2.462729434,,,6.94,,"142,056,180.","5,960,460.",,5.88,41.22,,,,,135.05,76.78,,,4.17,66.84,404.78,,,-2.23,-6.13,-0.52,-.73,982.36,10.7,,"43,930,867,000."
N047268,A073070,에이팸,에이팸(주),180111-0152057,605-81-18906,1994-02-01,2004-01-28,2021-06-04,외감,12.0,중소기업,,에이팸,N25101.자동차 부품,C00000.제조업(10~34),C30000.자동차 및 트레일러 제조업,코스닥,기업의 계속성 및 경영의 투명성 등을 종합적으로 고려하여 상장폐지기준에 해당,기업의계속성_경영의투명성종합판단,2023,,,,,,,-.88,-10.83,-4.62,,,,-2.81,1.03,103.92,43.58,.5,,,1.035495796,1.440089434,,,1.72,,"50,899,560.","3,718,820.",,,,,,,,102.48,86.07,,,.84,38.5,602.87,,,-54.,"-4,291.82",-7.52,-14.87,,,,"42,224,261,000."
N047268,A073070,에이팸,에이팸(주),180111-0152057,605-81-18906,1994-02-01,2004-01-28,2021-06-04,외감,12.0,중소기업,,에이팸,N25101.자동차 부품,C00000.제조업(10~34),C30000.자동차 및 트레일러 제조업,코스닥,기업의 계속성 및 경영의 투명성 등을 종합적으로 고려하여 상장폐지기준에 해당,기업의계속성_경영의투명성종합판단,2024,,,,,,,-12.02,-23.55,-20.94,,,,-9.52,.48,119.43,35.37,.38,,,0.762035216,1.026308424,,,1.12,,"5,595,190.","3,562,820.",,,,,,,,75.2,82.37,,,.93,39.06,727.81,,,-56.52,"-1,342.12",-9.96,-26.08,,,,"42,428,666,000."
N112293,A074000,주식회사 엠텍비젼에셋,(주)에스지피엠,110111-1640930,214-86-29309,1999-01-26,2015-04-24,2017-05-25,폐업,12.0,중견기업,,,N45301.반도체 및 반도체장비,L00000.부동산업(68),L68000.부동산업,코스닥,최근 5사업연도 연속 영업손실 발생 등,재무부실,2014,,,,,,,,,,,,,,,,,,,,,,,,,,,,,,,,,,,,,,,,,,,,,,,,,,,
N112293,A074000,주식회사 엠텍비젼에셋,(주)에스지피엠,110111-1640930,214-86-29309,1999-01-26,2015-04-24,2017-05-25,폐업,12.0,중견기업,,,N45301.반도체 및 반도체장비,L00000.부동산업(68),L68000.부동산업,코스닥,최근 5사업연도 연속 영업손실 발생 등,재무부실,2015,4.0202425,9.6422004,1.0094257,402.02,-0.3065857,5.0,,,,0.0358827,0.0006572,0.0628527,,,,,,0.14,0.1924834,,,,,,,,,"6,125,260.44",,,,0.8823249,,10336567.1524222,,,319.68,319.68,,,,6.23,.99,,,,,,,,
N112293,A074000,주식회사 엠텍비젼에셋,(주)에스지피엠,110111-1640930,214-86-29309,1999-01-26,2015-04-24,2017-05-25,폐업,12.0,중견기업,,,N45301.반도체 및 반도체장비,L00000.부동산업(68),L68000.부동산업,코스닥,최근 5사업연도 연속 영업손실 발생 등,재무부실,2016,0.0519217,0.1384962,63.5297048,5.19,0.1131548,-0.1666667,,,,0.0395365,0.041045,0.04182,,,,,,0.09,1.6295664,,,,150.05,,,,,"7,594,938.27",,,,457043.8862281,,10793550.5815658,,,"1,935.93","1,935.93",,,,5.35,"2,127.62",,,,,,,,
N112293,A074000,주식회사 엠텍비젼에셋,(주)에스지피엠,110111-1640930,214-86-29309,1999-01-26,2015-04-24,2017-05-25,폐업,12.0,중견기업,,,N45301.반도체 및 반도체장비,L00000.부동산업(68),L68000.부동산업,코스닥,최근 5사업연도 연속 영업손실 발생 등,재무부실,2017,,,,,,,,,,,,,,,,,,,,,,,,,,,,,,,,,,,,,,,,,,,,,,,,,,,
N112293,A074000,주식회사 엠텍비젼에셋,(주)에스지피엠,110111-1640930,214-86-29309,1999-01-26,2015-04-24,2017-05-25,폐업,12.0,중견기업,,,N45301.반도체 및 반도체장비,L00000.부동산업(68),L68000.부동산업,코스닥,최근 5사업연도 연속 영업손실 발생 등,재무부실,2018,,,,,,,,,,,,,,,,,,,,,,,,,,,,,,,,,,,,,,,,,,,,,,,,,,,
N112293,A074000,주식회사 엠텍비젼에셋,(주)에스지피엠,110111-1640930,214-86-29309,1999-01-26,2015-04-24,2017-05-25,폐업,12.0,중견기업,,,N45301.반도체 및 반도체장비,L00000.부동산업(68),L68000.부동산업,코스닥,최근 5사업연도 연속 영업손실 발생 등,재무부실,2019,,,,,,,,,,,,,,,,,,,,,,,,,,,,,,,,,,,,,,,,,,,,,,,,,,,
N112293,A074000,주식회사 엠텍비젼에셋,(주)에스지피엠,110111-1640930,214-86-29309,1999-01-26,2015-04-24,2017-05-25,폐업,12.0,중견기업,,,N45301.반도체 및 반도체장비,L00000.부동산업(68),L68000.부동산업,코스닥,최근 5사업연도 연속 영업손실 발생 등,재무부실,2020,,,,,,,,,,,,,,,,,,,,,,,,,,,,,,,,,,,,,,,,,,,,,,,,,,,
N112293,A074000,주식회사 엠텍비젼에셋,(주)에스지피엠,110111-1640930,214-86-29309,1999-01-26,2015-04-24,2017-05-25,폐업,12.0,중견기업,,,N45301.반도체 및 반도체장비,L00000.부동산업(68),L68000.부동산업,코스닥,최근 5사업연도 연속 영업손실 발생 등,재무부실,2021,,,,,,,,,,,,,,,,,,,,,,,,,,,,,,,,,,,,,,,,,,,,,,,,,,,
N112293,A074000,주식회사 엠텍비젼에셋,(주)에스지피엠,110111-1640930,214-86-29309,1999-01-26,2015-04-24,2017-05-25,폐업,12.0,중견기업,,,N45301.반도체 및 반도체장비,L00000.부동산업(68),L68000.부동산업,코스닥,최근 5사업연도 연속 영업손실 발생 등,재무부실,2022,,,,,,,,,,,,,,,,,,,,,,,,,,,,,,,,,,,,,,,,,,,,,,,,,,,
N112293,A074000,주식회사 엠텍비젼에셋,(주)에스지피엠,110111-1640930,214-86-29309,1999-01-26,2015-04-24,2017-05-25,폐업,12.0,중견기업,,,N45301.반도체 및 반도체장비,L00000.부동산업(68),L68000.부동산업,코스닥,최근 5사업연도 연속 영업손실 발생 등,재무부실,2023,,,,,,,,,,,,,,,,,,,,,,,,,,,,,,,,,,,,,,,,,,,,,,,,,,,
N112293,A074000,주식회사 엠텍비젼에셋,(주)에스지피엠,110111-1640930,214-86-29309,1999-01-26,2015-04-24,2017-05-25,폐업,12.0,중견기업,,,N45301.반도체 및 반도체장비,L00000.부동산업(68),L68000.부동산업,코스닥,최근 5사업연도 연속 영업손실 발생 등,재무부실,2024,,,,,,,,,,,,,,,,,,,,,,,,,,,,,,,,,,,,,,,,,,,,,,,,,,,
N123309,A074130,디아이디,(주)디아이디,161511-0027677,312-81-31050,1998-08-29,2005-07-27,2015-07-23,폐업,12.0,중소기업,,,"N45203.전자장비와 기기, 부품",C00000.제조업(10~34),"C26000.전자 부품, 컴퓨터, 영상, 음향 및 통신장비 제조업",코스닥,"기업의 계속성, 경영의 투명성 또는 그 밖에 코스닥시장의 건전성 등을 종합적으로 고려하여 상장폐지 기준에 해당한다고 결정",기업의계속성_경영의투명성종합판단,2014,-0.7424856,0.572078,0.7609547,-74.25,-0.7334827,,-3.07,-9.12,-6.02,-0.0925126,-0.0610746,-0.7570251,-49.98,7.95,100.23,0.73,1.01,8.3,1.155049,,,44.92,12.54,-11.47,,,,"203,248.26",,,9699.9113505,-557.6573022,-1230.2184446,493.4040503,8.79,7.99,60.71,59.15,38.02,,119.26,"1,151.84",-1.15,,,,,,,,
N123309,A074130,디아이디,(주)디아이디,161511-0027677,312-81-31050,1998-08-29,2005-07-27,2015-07-23,폐업,12.0,중소기업,,,"N45203.전자장비와 기기, 부품",C00000.제조업(10~34),"C26000.전자 부품, 컴퓨터, 영상, 음향 및 통신장비 제조업",코스닥,"기업의 계속성, 경영의 투명성 또는 그 밖에 코스닥시장의 건전성 등을 종합적으로 고려하여 상장폐지 기준에 해당한다고 결정",기업의계속성_경영의투명성종합판단,2015,,,,,,,,,,,,,,,,,,,,,,,,,,,,,,,,,,,,,,,,,,,,,,,,,,,
N123309,A074130,디아이디,(주)디아이디,161511-0027677,312-81-31050,1998-08-29,2005-07-27,2015-07-23,폐업,12.0,중소기업,,,"N45203.전자장비와 기기, 부품",C00000.제조업(10~34),"C26000.전자 부품, 컴퓨터, 영상, 음향 및 통신장비 제조업",코스닥,"기업의 계속성, 경영의 투명성 또는 그 밖에 코스닥시장의 건전성 등을 종합적으로 고려하여 상장폐지 기준에 해당한다고 결정",기업의계속성_경영의투명성종합판단,2016,,,,,,,,,,,,,,,,,,,,,,,,,,,,,,,,,,,,,,,,,,,,,,,,,,,
N123309,A074130,디아이디,(주)디아이디,161511-0027677,312-81-31050,1998-08-29,2005-07-27,2015-07-23,폐업,12.0,중소기업,,,"N45203.전자장비와 기기, 부품",C00000.제조업(10~34),"C26000.전자 부품, 컴퓨터, 영상, 음향 및 통신장비 제조업",코스닥,"기업의 계속성, 경영의 투명성 또는 그 밖에 코스닥시장의 건전성 등을 종합적으로 고려하여 상장폐지 기준에 해당한다고 결정",기업의계속성_경영의투명성종합판단,2017,,,,,,,,,,,,,,,,,,,,,,,,,,,,,,,,,,,,,,,,,,,,,,,,,,,
N123309,A074130,디아이디,(주)디아이디,161511-0027677,312-81-31050,1998-08-29,2005-07-27,2015-07-23,폐업,12.0,중소기업,,,"N45203.전자장비와 기기, 부품",C00000.제조업(10~34),"C26000.전자 부품, 컴퓨터, 영상, 음향 및 통신장비 제조업",코스닥,"기업의 계속성, 경영의 투명성 또는 그 밖에 코스닥시장의 건전성 등을 종합적으로 고려하여 상장폐지 기준에 해당한다고 결정",기업의계속성_경영의투명성종합판단,2018,,,,,,,,,,,,,,,,,,,,,,,,,,,,,,,,,,,,,,,,,,,,,,,,,,,
N123309,A074130,디아이디,(주)디아이디,161511-0027677,312-81-31050,1998-08-29,2005-07-27,2015-07-23,폐업,12.0,중소기업,,,"N45203.전자장비와 기기, 부품",C00000.제조업(10~34),"C26000.전자 부품, 컴퓨터, 영상, 음향 및 통신장비 제조업",코스닥,"기업의 계속성, 경영의 투명성 또는 그 밖에 코스닥시장의 건전성 등을 종합적으로 고려하여 상장폐지 기준에 해당한다고 결정",기업의계속성_경영의투명성종합판단,2019,,,,,,,,,,,,,,,,,,,,,,,,,,,,,,,,,,,,,,,,,,,,,,,,,,,
N123309,A074130,디아이디,(주)디아이디,161511-0027677,312-81-31050,1998-08-29,2005-07-27,2015-07-23,폐업,12.0,중소기업,,,"N45203.전자장비와 기기, 부품",C00000.제조업(10~34),"C26000.전자 부품, 컴퓨터, 영상, 음향 및 통신장비 제조업",코스닥,"기업의 계속성, 경영의 투명성 또는 그 밖에 코스닥시장의 건전성 등을 종합적으로 고려하여 상장폐지 기준에 해당한다고 결정",기업의계속성_경영의투명성종합판단,2020,,,,,,,,,,,,,,,,,,,,,,,,,,,,,,,,,,,,,,,,,,,,,,,,,,,
N123309,A074130,디아이디,(주)디아이디,161511-0027677,312-81-31050,1998-08-29,2005-07-27,2015-07-23,폐업,12.0,중소기업,,,"N45203.전자장비와 기기, 부품",C00000.제조업(10~34),"C26000.전자 부품, 컴퓨터, 영상, 음향 및 통신장비 제조업",코스닥,"기업의 계속성, 경영의 투명성 또는 그 밖에 코스닥시장의 건전성 등을 종합적으로 고려하여 상장폐지 기준에 해당한다고 결정",기업의계속성_경영의투명성종합판단,2021,,,,,,,,,,,,,,,,,,,,,,,,,,,,,,,,,,,,,,,,,,,,,,,,,,,
N123309,A074130,디아이디,(주)디아이디,161511-0027677,312-81-31050,1998-08-29,2005-07-27,2015-07-23,폐업,12.0,중소기업,,,"N45203.전자장비와 기기, 부품",C00000.제조업(10~34),"C26000.전자 부품, 컴퓨터, 영상, 음향 및 통신장비 제조업",코스닥,"기업의 계속성, 경영의 투명성 또는 그 밖에 코스닥시장의 건전성 등을 종합적으로 고려하여 상장폐지 기준에 해당한다고 결정",기업의계속성_경영의투명성종합판단,2022,,,,,,,,,,,,,,,,,,,,,,,,,,,,,,,,,,,,,,,,,,,,,,,,,,,
N123309,A074130,디아이디,(주)디아이디,161511-0027677,312-81-31050,1998-08-29,2005-07-27,2015-07-23,폐업,12.0,중소기업,,,"N45203.전자장비와 기기, 부품",C00000.제조업(10~34),"C26000.전자 부품, 컴퓨터, 영상, 음향 및 통신장비 제조업",코스닥,"기업의 계속성, 경영의 투명성 또는 그 밖에 코스닥시장의 건전성 등을 종합적으로 고려하여 상장폐지 기준에 해당한다고 결정",기업의계속성_경영의투명성종합판단,2023,,,,,,,,,,,,,,,,,,,,,,,,,,,,,,,,,,,,,,,,,,,,,,,,,,,
N123309,A074130,디아이디,(주)디아이디,161511-0027677,312-81-31050,1998-08-29,2005-07-27,2015-07-23,폐업,12.0,중소기업,,,"N45203.전자장비와 기기, 부품",C00000.제조업(10~34),"C26000.전자 부품, 컴퓨터, 영상, 음향 및 통신장비 제조업",코스닥,"기업의 계속성, 경영의 투명성 또는 그 밖에 코스닥시장의 건전성 등을 종합적으로 고려하여 상장폐지 기준에 해당한다고 결정",기업의계속성_경영의투명성종합판단,2024,,,,,,,,,,,,,,,,,,,,,,,,,,,,,,,,,,,,,,,,,,,,,,,,,,,
N164107,A074150,엠제이비,(주)큐페이,110111-2080276,214-86-69413,2000-09-29,2005-07-08,2016-09-05,일반,12.0,중소기업,,,N20103.건설 및 엔지니어링,F00000.건설업(41~42),F42000.전문직별 공사업,코스닥,감사의견거절(감사범위 제한),감사의견거절,2014,1.488118,-2.2194673,2.183202,148.81,-0.5580879,-0.3076923,,,,-0.0134922,0.3144994,-0.024735,,,,,,0.23,0.2706246,,,220.02,1.97,,,,,"2,594,422.33",,,,660.4913786,,1335.2195684,,,191.18,191.13,,,,96.89,-1.58,,,,,,,,
N164107,A074150,엠제이비,(주)큐페이,110111-2080276,214-86-69413,2000-09-29,2005-07-08,2016-09-05,일반,12.0,중소기업,,,N20103.건설 및 엔지니어링,F00000.건설업(41~42),F42000.전문직별 공사업,코스닥,감사의견거절(감사범위 제한),감사의견거절,2015,-0.0674461,-1.2066585,-1.3568593,-6.74,-0.2263187,0.0,,,,-0.0191834,-0.0723145,-0.0395945,,,,,,0.13,0.1189512,,,323.9,3.18,,,,,"4,026,542.44",,,,-190.0965234,,1183.390757,,,245.43,245.4,,,,116.6,-2.25,,,,,,,,
N164107,A074150,엠제이비,(주)큐페이,110111-2080276,214-86-69413,2000-09-29,2005-07-08,2016-09-05,일반,12.0,중소기업,,,N20103.건설 및 엔지니어링,F00000.건설업(41~42),F42000.전문직별 공사업,코스닥,감사의견거절(감사범위 제한),감사의견거절,2016,,,,,,,,,,,,,,,,,,,,,,,,,,,,,,,,,,,,,,,,,,,,,,,,,,,
N164107,A074150,엠제이비,(주)큐페이,110111-2080276,214-86-69413,2000-09-29,2005-07-08,2016-09-05,일반,12.0,중소기업,,,N20103.건설 및 엔지니어링,F00000.건설업(41~42),F42000.전문직별 공사업,코스닥,감사의견거절(감사범위 제한),감사의견거절,2017,,,,,,,,,,,,,,,,,,,,,,,,,,,,,,,,,,,,,,,,,,,,,,,,,,,
N164107,A074150,엠제이비,(주)큐페이,110111-2080276,214-86-69413,2000-09-29,2005-07-08,2016-09-05,일반,12.0,중소기업,,,N20103.건설 및 엔지니어링,F00000.건설업(41~42),F42000.전문직별 공사업,코스닥,감사의견거절(감사범위 제한),감사의견거절,2018,,,,,,,,,,,,,,,,,,,,,,,,,,,,,,,,,,,,,,,,,,,,,,,,,,,
N164107,A074150,엠제이비,(주)큐페이,110111-2080276,214-86-69413,2000-09-29,2005-07-08,2016-09-05,일반,12.0,중소기업,,,N20103.건설 및 엔지니어링,F00000.건설업(41~42),F42000.전문직별 공사업,코스닥,감사의견거절(감사범위 제한),감사의견거절,2019,,,,,,,,,,,,,,,,,,,,,,,,,,,,,,,,,,,,,,,,,,,,,,,,,,,
N164107,A074150,엠제이비,(주)큐페이,110111-2080276,214-86-69413,2000-09-29,2005-07-08,2016-09-05,일반,12.0,중소기업,,,N20103.건설 및 엔지니어링,F00000.건설업(41~42),F42000.전문직별 공사업,코스닥,감사의견거절(감사범위 제한),감사의견거절,2020,,,,,,,,,,,,,,,,,,,,,,,,,,,,,,,,,,,,,,,,,,,,,,,,,,,
N164107,A074150,엠제이비,(주)큐페이,110111-2080276,214-86-69413,2000-09-29,2005-07-08,2016-09-05,일반,12.0,중소기업,,,N20103.건설 및 엔지니어링,F00000.건설업(41~42),F42000.전문직별 공사업,코스닥,감사의견거절(감사범위 제한),감사의견거절,2021,,,,,,,,,,,,,,,,,,,,,,,,,,,,,,,,,,,,,,,,,,,,,,,,,,,
N164107,A074150,엠제이비,(주)큐페이,110111-2080276,214-86-69413,2000-09-29,2005-07-08,2016-09-05,일반,12.0,중소기업,,,N20103.건설 및 엔지니어링,F00000.건설업(41~42),F42000.전문직별 공사업,코스닥,감사의견거절(감사범위 제한),감사의견거절,2022,,,,,,,,,,,,,,,,,,,,,,,,,,,,,,,,,,,,,,,,,,,,,,,,,,,
N164107,A074150,엠제이비,(주)큐페이,110111-2080276,214-86-69413,2000-09-29,2005-07-08,2016-09-05,일반,12.0,중소기업,,,N20103.건설 및 엔지니어링,F00000.건설업(41~42),F42000.전문직별 공사업,코스닥,감사의견거절(감사범위 제한),감사의견거절,2023,,,,,,,,,,,,,,,,,,,,,,,,,,,,,,,,,,,,,,,,,,,,,,,,,,,
N164107,A074150,엠제이비,(주)큐페이,110111-2080276,214-86-69413,2000-09-29,2005-07-08,2016-09-05,일반,12.0,중소기업,,,N20103.건설 및 엔지니어링,F00000.건설업(41~42),F42000.전문직별 공사업,코스닥,감사의견거절(감사범위 제한),감사의견거절,2024,,,,,,,,,,,,,,,,,,,,,,,,,,,,,,,,,,,,,,,,,,,,,,,,,,,
N174515,A078650,지나인제약,지나인제약(주),131111-0043776,129-81-30916,1999-11-03,2010-10-22,2023-07-21,외감,12.0,중소기업,,,N35101.헬스케어 장비와 용품,C00000.제조업(10~34),"C27000.의료, 정밀, 광학 기기 및 시계 제조업",코스닥,감사의견 거절(감사범위 제한 및 계속기업가정 불확실성),감사의견거절,2014,-0.1309577,-1.467231,-1.7882998,-13.1,-0.3697935,-0.0555556,1.79,-8.36,-8.97,-0.0545102,-0.0584387,-0.1903352,-20.41,4.21,110.78,23.34,.65,2.28,0.9131768,0.0,915.071456,6.54,7.92,-2.18,,"231,248,660.","86,264,210.","518,159.55",,,9687.667293,-892.0841276,1268.2785651,3946.1903389,688.37,26.13,37.18,19.11,3.8,,103.59,282.63,-1.99,1.13,1.43,0.81,1.17,,,,"122,426,330,000."
N174515,A078650,지나인제약,지나인제약(주),131111-0043776,129-81-30916,1999-11-03,2010-10-22,2023-07-21,외감,12.0,중소기업,,,N35101.헬스케어 장비와 용품,C00000.제조업(10~34),"C27000.의료, 정밀, 광학 기기 및 시계 제조업",코스닥,감사의견 거절(감사범위 제한 및 계속기업가정 불확실성),감사의견거절,2015,-0.2387461,0.4358953,-0.8282577,-23.87,0.0703531,0.3991597,8.5,-4.41,-15.32,-0.0298171,-0.1036016,-0.1311098,-45.55,3.55,112.56,15.63,0.68,2.97,0.8754442,0.0,725.6355066,6.08,10.43,-1.69,,"150,742,290.","51,657,520.","357,449.56",,,8725.1989745,-1366.5585791,1596.3238214,2555.0619373,411.01,19.43,31.94,13.5,1.,,70.81,414.7,-1.24,-6.33,-8.69,-5.02,-6.58,,,,"127,177,631,000."
N174515,A078650,지나인제약,지나인제약(주),131111-0043776,129-81-30916,1999-11-03,2010-10-22,2023-07-21,외감,12.0,중소기업,,,N35101.헬스케어 장비와 용품,C00000.제조업(10~34),"C27000.의료, 정밀, 광학 기기 및 시계 제조업",코스닥,감사의견 거절(감사범위 제한 및 계속기업가정 불확실성),감사의견거절,2016,-0.0511295,-1.3290661,-0.1684195,-5.11,0.0686822,0.0930931,5.68,-9.61,-16.75,-0.0731191,-0.1274525,-0.3625153,-63.19,3.49,115.84,14.96,0.76,3.77,0.9533151,0.0,545.0950282,7.51,8.15,-1.67,,"128,160,370.","44,922,990.","297,618.25",,,8386.5784797,-1432.8699335,911.1590953,1736.5689457,247.31,21.01,31.66,19.87,.71,,97.53,375.86,-2.76,-15.49,-23.98,-12.61,-13.16,,,,"130,230,821,000."
N174515,A078650,지나인제약,지나인제약(주),131111-0043776,129-81-30916,1999-11-03,2010-10-22,2023-07-21,외감,12.0,중소기업,,,N35101.헬스케어 장비와 용품,C00000.제조업(10~34),"C27000.의료, 정밀, 광학 기기 및 시계 제조업",코스닥,감사의견 거절(감사범위 제한 및 계속기업가정 불확실성),감사의견거절,2017,0.0727576,-0.2369671,-0.4543646,7.28,-0.1182101,-0.2142857,0.93,-13.48,-27.62,-0.1155989,-0.2369117,-0.4443366,-91.06,3.5,126.28,13.92,0.86,3.3,1.1592992,0.0,606.5787221,8.32,6.92,-2.14,,"119,542,470.","50,006,990.","288,989.8",,,4447.2904648,-1243.2147213,88.286974,856.4756277,71.3,33.43,53.99,32.37,9.24,,98.3,199.1,-3.85,-23.49,-41.78,-15.22,-12.02,,,,"114,247,137,000."
N174515,A078650,지나인제약,지나인제약(주),131111-0043776,129-81-30916,1999-11-03,2010-10-22,2023-07-21,외감,12.0,중소기업,,,N35101.헬스케어 장비와 용품,C00000.제조업(10~34),"C27000.의료, 정밀, 광학 기기 및 시계 제조업",코스닥,감사의견 거절(감사범위 제한 및 계속기업가정 불확실성),감사의견거절,2018,0.2502104,1.3944311,1.2769222,25.02,-0.050859,-0.7132867,16.91,5.6,8.06,0.0573411,0.082506,0.1504898,21.65,2.87,92.65,22.87,1.02,2.69,1.6539997,0.0,466.854628,8.66,9.99,-5.71,,"257,621,400.","127,001,320.","813,776.88",,,2570.3758407,208.6577674,634.4468384,1070.774722,114.15,42.9,82.25,57.08,20.23,242.41,88.9,133.13,1.95,37.67,80.84,20.09,16.97,,,,"77,035,216,000."
N174515,A078650,지나인제약,지나인제약(주),131111-0043776,129-81-30916,1999-11-03,2010-10-22,2023-07-21,외감,12.0,중소기업,,,N35101.헬스케어 장비와 용품,C00000.제조업(10~34),"C27000.의료, 정밀, 광학 기기 및 시계 제조업",코스닥,감사의견 거절(감사범위 제한 및 계속기업가정 불확실성),감사의견거절,2019,0.5662158,-0.2564943,-2.3829529,56.62,-0.1299662,-0.1829268,16.45,4.79,-12.81,0.0376272,-0.1007033,0.0784762,-21.,3.08,111.44,29.89,.79,1.64,1.5102461,0.0,768.9896637,6.45,10.95,-5.97,,"429,100,530.","260,322,720.","1,149,864.81",,,1799.043105,-231.8096996,286.8305664,1180.7098059,136.14,51.85,57.59,24.93,.14,,64.09,92.88,1.56,-3.75,-6.6,-1.63,-2.02,,,,"75,066,308,000."
N174515,A078650,지나인제약,지나인제약(주),131111-0043776,129-81-30916,1999-11-03,2010-10-22,2023-07-21,외감,12.0,중소기업,,,N35101.헬스케어 장비와 용품,C00000.제조업(10~34),"C27000.의료, 정밀, 광학 기기 및 시계 제조업",코스닥,감사의견 거절(감사범위 제한 및 계속기업가정 불확실성),감사의견거절,2020,-0.5896222,-10.8317022,-4.2471164,-58.96,-0.3866104,0.1044776,-55.79,-76.72,-109.58,-0.3637323,-0.5195368,-0.8963405,-128.03,4.76,196.62,-17.68,.47,1.17,0.7978941,0.0,254.8149704,4.92,7.65,-2.82,,"534,664,610.","362,233,650.","1,051,065.49",,,858.1762278,-934.7808145,-414.9022213,300.0504108,-39.99,26.53,71.25,62.69,11.02,,52.13,276.92,-16.12,-74.94,-122.47,-49.43,-81.,,,,"97,272,382,000."
N174515,A078650,지나인제약,지나인제약(주),131111-0043776,129-81-30916,1999-11-03,2010-10-22,2023-07-21,외감,12.0,중소기업,,,N35101.헬스케어 장비와 용품,C00000.제조업(10~34),"C27000.의료, 정밀, 광학 기기 및 시계 제조업",코스닥,감사의견 거절(감사범위 제한 및 계속기업가정 불확실성),감사의견거절,2021,-1.3049224,0.3161992,0.1817453,-98.94,-0.4265091,-0.4324324,-59.13,-91.48,-156.35,-0.3322671,-0.5679116,-3.030546,-282.44,6.14,227.26,-15.7,.36,1.95,0.407959,0.0,229.0632215,6.51,7.67,-1.45,,"734,334,550.","494,883,460.","1,370,409.81",,,400.4003307,-626.026409,-95.9983612,-1547.2042232,-409.44,0.54,51.43,42.73,0.26,,13.1,"18,561.8",-14.9,-54.74,-106.31,-54.45,-109.38,,,,"78,007,063,000."
N174515,A078650,지나인제약,지나인제약(주),131111-0043776,129-81-30916,1999-11-03,2010-10-22,2023-07-21,외감,12.0,중소기업,,,N35101.헬스케어 장비와 용품,C00000.제조업(10~34),"C27000.의료, 정밀, 광학 기기 및 시계 제조업",코스닥,감사의견 거절(감사범위 제한 및 계속기업가정 불확실성),감사의견거절,2022,4.1809915,0.6459387,-0.0365601,,-0.9714849,-0.8571429,-106.36,"-1,135.82","-5,683.53",-0.2638895,-1.3204789,0.3957175,,362.12,313.73,-656.25,.02,,0.0139384,0.0,884.623963,.37,0.52,-.02,,"1,866,632,830.","1,211,397,920.","4,305,979.75",,,166.5913581,-9468.2638938,,-8016.0518705,"-1,703.21",,7.12,7.12,4.86,,.51,,-3.14,-113.25,-177.06,-814.24,"-9,408.76",,,,"53,199,362,000."
N174515,A078650,지나인제약,지나인제약(주),131111-0043776,129-81-30916,1999-11-03,2010-10-22,2023-07-21,외감,12.0,중소기업,,,N35101.헬스케어 장비와 용품,C00000.제조업(10~34),"C27000.의료, 정밀, 광학 기기 및 시계 제조업",코스닥,감사의견 거절(감사범위 제한 및 계속기업가정 불확실성),감사의견거절,2023,,,,,,,8.0,"-3,795.73","-13,778.41",,,,,"9,866.68",419.89,"-1,008.2",.01,,,0.0,55.2111383,,,.,,"18,872,130.",.,,,,,,,,"-1,871.32",,,,1.63,,.46,,,-9.62,-15.78,-101.41,"-15,351.49",,,,"5,292,958,000."
N174515,A078650,지나인제약,지나인제약(주),131111-0043776,129-81-30916,1999-11-03,2010-10-22,2023-07-21,외감,12.0,중소기업,,,N35101.헬스케어 장비와 용품,C00000.제조업(10~34),"C27000.의료, 정밀, 광학 기기 및 시계 제조업",코스닥,감사의견 거절(감사범위 제한 및 계속기업가정 불확실성),감사의견거절,2024,,,,,,,,,,,,,,,,,,,,,,,,,,,,,,,,,,,,,,,,,,,,,,,,,,,"3,785,297,000."
N136122,A078780,아이디에스,(주)아이디에스,180111-0283951,621-81-33781,1999-04-14,2005-11-29,2016-04-28,폐업,12.0,중견기업,,,N45201.통신장비,C00000.제조업(10~34),"C26000.전자 부품, 컴퓨터, 영상, 음향 및 통신장비 제조업",코스닥,'14사업연도 자본잠식률 50%이상 사유로 관리종목 지정 후 '15사업연도 반기 감사의견 거절,감사의견거절,2014,-0.7915972,-0.1896686,-0.3548255,-79.16,-0.5074125,,-1.24,-11.48,-21.73,-0.1823356,-0.3452494,-0.9284079,-175.79,2.11,118.75,3.13,1.59,8.09,1.9771144,,,35.78,10.86,-3.54,,,,"1,638,361.31",,,6249.1904838,-1389.7645868,-386.0941435,247.4976586,15.92,8.76,24.37,22.25,8.96,,161.63,"1,041.18",-5.43,,,,,,,,
N136122,A078780,아이디에스,(주)아이디에스,180111-0283951,621-81-33781,1999-04-14,2005-11-29,2016-04-28,폐업,12.0,중견기업,,,N45201.통신장비,C00000.제조업(10~34),"C26000.전자 부품, 컴퓨터, 영상, 음향 및 통신장비 제조업",코스닥,'14사업연도 자본잠식률 50%이상 사유로 관리종목 지정 후 '15사업연도 반기 감사의견 거절,감사의견거절,2015,1.1351743,0.7255562,0.7103396,113.52,-0.7382771,,10.11,-12.03,-24.05,-0.0588542,-0.1176183,-0.4712363,-94.18,10.93,97.07,22.23,0.49,3.92,0.5588659,,,42.75,6.61,-0.94,,,,,,,2204.0463298,-537.2694064,-2238.6030089,1622.7004368,437.59,15.6,50.8,50.1,16.99,,85.81,541.21,-1.1,,,,,,,,
N136122,A078780,아이디에스,(주)아이디에스,180111-0283951,621-81-33781,1999-04-14,2005-11-29,2016-04-28,폐업,12.0,중견기업,,,N45201.통신장비,C00000.제조업(10~34),"C26000.전자 부품, 컴퓨터, 영상, 음향 및 통신장비 제조업",코스닥,'14사업연도 자본잠식률 50%이상 사유로 관리종목 지정 후 '15사업연도 반기 감사의견 거절,감사의견거절,2016,,,,,,,,,,,,,,,,,,,,,,,,,,,,,,,,,,,,,,,,,,,,,,,,,,,
N136122,A078780,아이디에스,(주)아이디에스,180111-0283951,621-81-33781,1999-04-14,2005-11-29,2016-04-28,폐업,12.0,중견기업,,,N45201.통신장비,C00000.제조업(10~34),"C26000.전자 부품, 컴퓨터, 영상, 음향 및 통신장비 제조업",코스닥,'14사업연도 자본잠식률 50%이상 사유로 관리종목 지정 후 '15사업연도 반기 감사의견 거절,감사의견거절,2017,,,,,,,,,,,,,,,,,,,,,,,,,,,,,,,,,,,,,,,,,,,,,,,,,,,
N136122,A078780,아이디에스,(주)아이디에스,180111-0283951,621-81-33781,1999-04-14,2005-11-29,2016-04-28,폐업,12.0,중견기업,,,N45201.통신장비,C00000.제조업(10~34),"C26000.전자 부품, 컴퓨터, 영상, 음향 및 통신장비 제조업",코스닥,'14사업연도 자본잠식률 50%이상 사유로 관리종목 지정 후 '15사업연도 반기 감사의견 거절,감사의견거절,2018,,,,,,,,,,,,,,,,,,,,,,,,,,,,,,,,,,,,,,,,,,,,,,,,,,,
N136122,A078780,아이디에스,(주)아이디에스,180111-0283951,621-81-33781,1999-04-14,2005-11-29,2016-04-28,폐업,12.0,중견기업,,,N45201.통신장비,C00000.제조업(10~34),"C26000.전자 부품, 컴퓨터, 영상, 음향 및 통신장비 제조업",코스닥,'14사업연도 자본잠식률 50%이상 사유로 관리종목 지정 후 '15사업연도 반기 감사의견 거절,감사의견거절,2019,,,,,,,,,,,,,,,,,,,,,,,,,,,,,,,,,,,,,,,,,,,,,,,,,,,
N136122,A078780,아이디에스,(주)아이디에스,180111-0283951,621-81-33781,1999-04-14,2005-11-29,2016-04-28,폐업,12.0,중견기업,,,N45201.통신장비,C00000.제조업(10~34),"C26000.전자 부품, 컴퓨터, 영상, 음향 및 통신장비 제조업",코스닥,'14사업연도 자본잠식률 50%이상 사유로 관리종목 지정 후 '15사업연도 반기 감사의견 거절,감사의견거절,2020,,,,,,,,,,,,,,,,,,,,,,,,,,,,,,,,,,,,,,,,,,,,,,,,,,,
N136122,A078780,아이디에스,(주)아이디에스,180111-0283951,621-81-33781,1999-04-14,2005-11-29,2016-04-28,폐업,12.0,중견기업,,,N45201.통신장비,C00000.제조업(10~34),"C26000.전자 부품, 컴퓨터, 영상, 음향 및 통신장비 제조업",코스닥,'14사업연도 자본잠식률 50%이상 사유로 관리종목 지정 후 '15사업연도 반기 감사의견 거절,감사의견거절,2021,,,,,,,,,,,,,,,,,,,,,,,,,,,,,,,,,,,,,,,,,,,,,,,,,,,
N136122,A078780,아이디에스,(주)아이디에스,180111-0283951,621-81-33781,1999-04-14,2005-11-29,2016-04-28,폐업,12.0,중견기업,,,N45201.통신장비,C00000.제조업(10~34),"C26000.전자 부품, 컴퓨터, 영상, 음향 및 통신장비 제조업",코스닥,'14사업연도 자본잠식률 50%이상 사유로 관리종목 지정 후 '15사업연도 반기 감사의견 거절,감사의견거절,2022,,,,,,,,,,,,,,,,,,,,,,,,,,,,,,,,,,,,,,,,,,,,,,,,,,,
N136122,A078780,아이디에스,(주)아이디에스,180111-0283951,621-81-33781,1999-04-14,2005-11-29,2016-04-28,폐업,12.0,중견기업,,,N45201.통신장비,C00000.제조업(10~34),"C26000.전자 부품, 컴퓨터, 영상, 음향 및 통신장비 제조업",코스닥,'14사업연도 자본잠식률 50%이상 사유로 관리종목 지정 후 '15사업연도 반기 감사의견 거절,감사의견거절,2023,,,,,,,,,,,,,,,,,,,,,,,,,,,,,,,,,,,,,,,,,,,,,,,,,,,
N136122,A078780,아이디에스,(주)아이디에스,180111-0283951,621-81-33781,1999-04-14,2005-11-29,2016-04-28,폐업,12.0,중견기업,,,N45201.통신장비,C00000.제조업(10~34),"C26000.전자 부품, 컴퓨터, 영상, 음향 및 통신장비 제조업",코스닥,'14사업연도 자본잠식률 50%이상 사유로 관리종목 지정 후 '15사업연도 반기 감사의견 거절,감사의견거절,2024,,,,,,,,,,,,,,,,,,,,,,,,,,,,,,,,,,,,,,,,,,,,,,,,,,,
N293501,A078940,퀀타피아,퀀타피아(주),120111-0350124,121-81-67699,2004-07-02,2004-08-27,2025-02-19,외감,12.0,중소기업,,,N20104.전기장비,G00000.도매 및 소매업(45~47),G46000.도매 및 상품 중개업,코스닥,기업의 계속성 및 경영의 투명성 등을 종합적으로 고려하여 상장폐지기준에 해당한다고 결정,기업의계속성_경영의투명성종합판단,2014,-0.3017368,1.698793,-0.7478392,-30.17,2.1738298,,9.15,1.63,-74.99,0.0047335,-0.2172747,0.0158148,-72.59,4.62,201.87,6.6,.29,0.97,0.4134892,0.0,79.0658949,206.25,6.31,-.67,,"27,900,270.","640,230.","2,028,562.7",,,745.9260434,-658.1344555,-117.9816496,648.7842673,29.77,28.77,24.74,24.74,.77,,19.02,247.61,.35,-54.56,-116.91,-35.93,-105.75,,,,"35,049,237,000."
N293501,A078940,퀀타피아,퀀타피아(주),120111-0350124,121-81-67699,2004-07-02,2004-08-27,2025-02-19,외감,12.0,중소기업,,,N20104.전기장비,G00000.도매 및 소매업(45~47),G46000.도매 및 상품 중개업,코스닥,기업의 계속성 및 경영의 투명성 등을 종합적으로 고려하여 상장폐지기준에 해당한다고 결정,기업의계속성_경영의투명성종합판단,2015,0.4415659,-1.4973994,0.9598862,44.16,0.2297523,0.1333333,10.2,-0.66,-2.45,-0.0026157,-0.0096829,-0.0078358,-2.9,5.25,102.33,11.99,0.4,1.19,0.5941791,0.0,146.7840504,,31.62,-1.47,,"2,390,590.",.,"1,618,245.",,,673.1538453,-18.5041443,-86.3889987,734.4817941,46.9,37.56,59.45,59.45,6.21,,.,166.24,-.13,-5.35,-8.24,-3.21,-8.51,,,,"26,202,426,000."
N293501,A078940,퀀타피아,퀀타피아(주),120111-0350124,121-81-67699,2004-07-02,2004-08-27,2025-02-19,외감,12.0,중소기업,,,N20104.전기장비,G00000.도매 및 소매업(45~47),G46000.도매 및 상품 중개업,코스닥,기업의 계속성 및 경영의 투명성 등을 종합적으로 고려하여 상장폐지기준에 해당한다고 결정,기업의계속성_경영의투명성종합판단,2016,2.238434,-21.9683799,-53.2725849,223.84,-0.2234298,-0.4117647,9.68,-19.54,-170.96,-0.0332791,-0.2910996,-0.0719191,-62.91,13.07,267.5,28.97,0.17,0.37,0.316925,0.0,72.6716965,28.16,2.11,-1.5,,"2,826,250.",.,"4,200,198.9",-29.21,"-43,408.64",479.2170457,-821.1631015,-22.3154199,1169.2048737,135.92,49.84,68.48,65.84,1.4,,344.04,100.63,-1.5,-76.67,-136.65,-25.49,-306.09,,-267.42,-6.14,"28,930,869,000."
N293501,A078940,퀀타피아,퀀타피아(주),120111-0350124,121-81-67699,2004-07-02,2004-08-27,2025-02-19,외감,12.0,중소기업,,,N20104.전기장비,G00000.도매 및 소매업(45~47),G46000.도매 및 상품 중개업,코스닥,기업의 계속성 및 경영의 투명성 등을 종합적으로 고려하여 상장폐지기준에 해당한다고 결정,기업의계속성_경영의투명성종합판단,2017,-0.8686797,-3.0863173,-1.3518366,-86.87,1.19916,-0.2,18.58,-36.32,-182.83,-0.11696,-0.5888193,-0.3399861,-171.16,11.76,280.94,-26.19,0.32,0.94,0.4909583,0.0,100.7900911,48.86,2.5,-1.12,,"1,224,500.",.,"5,575,138.56",-61.91,"-281,884.48",559.8261959,-1081.5082714,-46.561824,140.5446069,-71.87,10.24,24.8,24.33,.92,,347.4,876.48,-3.09,-123.41,-212.8,-86.87,"-1,824.18",,"-1,700.15",-2.61,"70,600,453,000."
N293501,A078940,퀀타피아,퀀타피아(주),120111-0350124,121-81-67699,2004-07-02,2004-08-27,2025-02-19,외감,12.0,중소기업,,,N20104.전기장비,G00000.도매 및 소매업(45~47),G46000.도매 및 상품 중개업,코스닥,기업의 계속성 및 경영의 투명성 등을 종합적으로 고려하여 상장폐지기준에 해당한다고 결정,기업의계속성_경영의투명성종합판단,2018,-0.0768105,0.6908702,0.5868863,-7.68,-0.0099717,1.125,21.4,-11.34,-76.29,-0.0521243,-0.3506818,-0.470797,-316.74,8.57,169.34,-51.55,.46,4.15,0.5169009,0.0,205.3577157,45.23,2.64,-.98,,"73,760.",.,"1,996,645.97",-31.48,"-840,957.02",443.0321812,-337.9872153,-100.741372,95.2749365,-80.93,12.14,45.27,42.22,.58,,592.18,723.87,-1.32,-58.7,-121.74,-39.44,-443.98,,-360.84,-15.05,"45,124,362,000."
N293501,A078940,퀀타피아,퀀타피아(주),120111-0350124,121-81-67699,2004-07-02,2004-08-27,2025-02-19,외감,12.0,중소기업,,,N20104.전기장비,G00000.도매 및 소매업(45~47),G46000.도매 및 상품 중개업,코스닥,기업의 계속성 및 경영의 투명성 등을 종합적으로 고려하여 상장폐지기준에 해당한다고 결정,기업의계속성_경영의투명성종합판단,2019,3.4673028,1.7182255,0.6754796,346.73,1.3016867,0.2941177,16.06,3.54,-10.76,0.0393757,-0.119697,0.1288406,-39.17,3.33,108.71,9.69,1.11,3.64,1.6025901,0.0,84.0522027,65.03,4.06,-7.87,,"5,238,840.",.,"1,593,278.75",-14.16,"-4,251.03",897.8086297,-96.5705349,-143.4023783,632.1298718,26.46,46.29,104.52,101.51,12.48,66.6,266.85,116.03,1.06,-55.53,-114.66,-21.86,-25.81,,-15.93,-34.23,"35,147,791,000."
N293501,A078940,퀀타피아,퀀타피아(주),120111-0350124,121-81-67699,2004-07-02,2004-08-27,2025-02-19,외감,12.0,중소기업,,,N20104.전기장비,G00000.도매 및 소매업(45~47),G46000.도매 및 상품 중개업,코스닥,기업의 계속성 및 경영의 투명성 등을 종합적으로 고려하여 상장폐지기준에 해당한다고 결정,기업의계속성_경영의투명성종합판단,2020,-0.0123562,-2.7674283,0.2946502,-1.24,-0.0981795,0.3181818,11.43,-6.93,-8.41,-0.0636381,-0.077203,-0.1402115,-17.01,2.61,108.22,6.68,.92,2.02,1.6803303,0.0,201.9835228,40.69,2.22,20.99,,"6,035,660.",.,"1,319,035.83",2.13,466.46,1266.903797,-106.583245,-183.7447199,588.0792032,17.65,44.51,113.64,107.35,4.41,46.09,784.02,124.68,-2.65,-11.26,-14.52,-4.84,-7.28,,3.05,224.13,"41,171,992,000."
N293501,A078940,퀀타피아,퀀타피아(주),120111-0350124,121-81-67699,2004-07-02,2004-08-27,2025-02-19,외감,12.0,중소기업,,,N20104.전기장비,G00000.도매 및 소매업(45~47),G46000.도매 및 상품 중개업,코스닥,기업의 계속성 및 경영의 투명성 등을 종합적으로 고려하여 상장폐지기준에 해당한다고 결정,기업의계속성_경영의투명성종합판단,2021,-0.2318103,-0.6533304,-0.927543,-23.18,-0.6506803,-0.1034483,2.23,-32.82,-46.42,-0.1103785,-0.1561156,-0.2638472,-37.32,14.15,138.31,-4.49,.34,0.8,0.5781659,0.0,261.9905041,3.8,0.77,9.84,,"6,172,790.",.,"1,374,801.81",-0.89,-197.16,414.2975438,-190.8793347,39.0769776,448.217222,-10.32,38.8,100.24,71.73,3.67,"12,046.41",225.14,157.74,-2.32,-39.93,-74.79,-14.19,-33.14,,-2.36,-716.2,"42,290,322,000."
N293501,A078940,퀀타피아,퀀타피아(주),120111-0350124,121-81-67699,2004-07-02,2004-08-27,2025-02-19,외감,12.0,중소기업,,,N20104.전기장비,G00000.도매 및 소매업(45~47),G46000.도매 및 상품 중개업,코스닥,기업의 계속성 및 경영의 투명성 등을 종합적으로 고려하여 상장폐지기준에 해당한다고 결정,기업의계속성_경영의투명성종합판단,2022,0.6173734,-1.7876922,-0.7869195,61.74,-0.6740048,0.3461539,-83.6,-280.67,-254.46,-0.3033647,-0.2750344,-0.6468328,-58.64,25.73,386.11,2.51,.11,0.23,0.2035507,0.0,81.312023,1.32,0.38,9.89,,"66,082,160.","3,706,500.","1,043,473.1",,,118.6297479,-303.2027071,,593.4144561,4.88,53.85,105.07,100.08,54.1,98.34,887.55,85.7,-10.91,-86.65,-123.32,-32.52,-409.3,,,,"37,267,463,000."
N293501,A078940,퀀타피아,퀀타피아(주),120111-0350124,121-81-67699,2004-07-02,2004-08-27,2025-02-19,외감,12.0,중소기업,,,N20104.전기장비,G00000.도매 및 소매업(45~47),G46000.도매 및 상품 중개업,코스닥,기업의 계속성 및 경영의 투명성 등을 종합적으로 고려하여 상장폐지기준에 해당한다고 결정,기업의계속성_경영의투명성종합판단,2023,0.1615497,0.3893062,-0.4706347,16.15,0.4312254,0.3142857,17.83,-119.76,-261.47,-0.171206,-0.3737853,-0.295737,-64.57,26.86,309.36,1.6,.14,0.25,0.339495,0.0,21.8772385,7.64,.72,1.82,,"101,052,570.","5,245,400.","910,095.05",,,125.8387157,-338.7876127,,513.113121,2.64,61.89,140.99,135.45,29.61,13.5,481.19,61.58,-4.46,-128.48,-181.77,-34.87,-302.,,,,"43,427,570,000."
N293501,A078940,퀀타피아,퀀타피아(주),120111-0350124,121-81-67699,2004-07-02,2004-08-27,2025-02-19,외감,12.0,중소기업,,,N20104.전기장비,G00000.도매 및 소매업(45~47),G46000.도매 및 상품 중개업,코스닥,기업의 계속성 및 경영의 투명성 등을 종합적으로 고려하여 상장폐지기준에 해당한다고 결정,기업의계속성_경영의투명성종합판단,2024,-0.3464846,-0.3066986,0.5391369,-34.65,-0.2218096,-0.3695652,12.23,-186.77,-186.24,-0.2108228,-0.210215,-0.2786408,-27.78,7.7,293.67,-26.31,.11,0.15,0.4637692,0.328063869,0.353954151,4.77,0.65,.4,,"142,488,620.","5,488,760.","1,152,910.69",,,,-132.3760914,,376.6294376,-24.65,80.4,261.78,242.63,6.03,11.84,279.46,24.38,-24.24,-130.7,-271.66,-25.62,-168.86,,,,"43,892,977,000."
N293658,A079660,사조해표,(주)사조해표,110111-3076779,105-86-70770,2004-09-01,2004-09-21,2019-06-26,폐업,12.0,중견기업,,,N30202.식품,C00000.제조업(10~34),C10000.식료품 제조업,코스피,해산 사유 발생,해산사유발생,2014,0.1591756,2.5852431,1.6785701,15.92,0.0370347,0.0324484,14.6,2.45,1.76,0.0525345,0.0378085,0.152712,10.99,.47,98.27,24.85,2.14,6.23,3.2682936,,,7.52,11.31,-20.92,,,,"825,300.12",,,72084.9462024,1588.0886872,2324.3908825,15517.6688307,210.38,36.65,84.52,36.21,1.41,,100.1,172.82,5.19,,,,,,,,
N293658,A079660,사조해표,(주)사조해표,110111-3076779,105-86-70770,2004-09-01,2004-09-21,2019-06-26,폐업,12.0,중견기업,,,N30202.식품,C00000.제조업(10~34),C10000.식료품 제조업,코스피,해산 사유 발생,해산사유발생,2015,0.2116365,0.1609459,0.7864638,21.16,0.0306418,0.0457143,16.45,2.76,3.06,0.0580047,0.0642377,0.1493173,16.54,.37,96.25,30.0,2.1,5.41,3.436462,,,7.68,11.94,-26.75,,,,"803,659.81",,,74293.7560775,2837.0629888,2444.3427966,18801.7734485,276.05,40.86,86.66,34.73,.99,,81.33,144.71,7.36,,,,,,,,
N293658,A079660,사조해표,(주)사조해표,110111-3076779,105-86-70770,2004-09-01,2004-09-21,2019-06-26,폐업,12.0,중견기업,,,N30202.식품,C00000.제조업(10~34),C10000.식료품 제조업,코스피,해산 사유 발생,해산사유발생,2016,-0.0052047,-0.745132,-0.9417072,-.52,0.0140917,0.0027322,,,,0.0133784,0.0033887,0.0348232,,,,,,5.02,3.1317249,,,7.41,11.51,,,,,"870,915.21",,,75340.6843241,165.3804469,-38.4236653,18703.9166844,,,74.43,32.23,,,,175.95,1.54,,,,,,,,
N293658,A079660,사조해표,(주)사조해표,110111-3076779,105-86-70770,2004-09-01,2004-09-21,2019-06-26,폐업,12.0,중견기업,,,N30202.식품,C00000.제조업(10~34),C10000.식료품 제조업,코스피,해산 사유 발생,해산사유발생,2017,0.1115333,-1.352791,10.8963884,11.15,-0.0304535,-0.0163488,,,,-0.0043993,0.0375761,-0.0116668,,,,,,4.62,2.7979307,,,7.26,11.47,,,,,"932,007.96",,,73046.2969319,1967.4300279,2383.0994588,20790.0270552,,,73.86,31.56,,,,155.52,-.42,,,,,,,,
N293658,A079660,사조해표,(주)사조해표,110111-3076779,105-86-70770,2004-09-01,2004-09-21,2019-06-26,폐업,12.0,중견기업,,,N30202.식품,C00000.제조업(10~34),C10000.식료품 제조업,코스피,해산 사유 발생,해산사유발생,2018,0.0439944,9.8288403,-0.4404545,4.4,-0.0383457,0.0221607,,,,0.0373165,0.0202003,0.0957309,,,,,,4.13,2.6389528,,,6.07,11.95,,,,,"922,772.32",,,70245.2868284,1100.8666201,-2753.5965484,21704.6724074,,,81.99,26.84,,,,157.52,3.21,,,,,,,,
N293658,A079660,사조해표,(주)사조해표,110111-3076779,105-86-70770,2004-09-01,2004-09-21,2019-06-26,폐업,12.0,중견기업,,,N30202.식품,C00000.제조업(10~34),C10000.식료품 제조업,코스피,해산 사유 발생,해산사유발생,2019,,,,,,,,,,,,,,,,,,,,,,,,,,,,,,,,,,,,,,,,,,,,,,,,,,,
N293658,A079660,사조해표,(주)사조해표,110111-3076779,105-86-70770,2004-09-01,2004-09-21,2019-06-26,폐업,12.0,중견기업,,,N30202.식품,C00000.제조업(10~34),C10000.식료품 제조업,코스피,해산 사유 발생,해산사유발생,2020,,,,,,,,,,,,,,,,,,,,,,,,,,,,,,,,,,,,,,,,,,,,,,,,,,,
N293658,A079660,사조해표,(주)사조해표,110111-3076779,105-86-70770,2004-09-01,2004-09-21,2019-06-26,폐업,12.0,중견기업,,,N30202.식품,C00000.제조업(10~34),C10000.식료품 제조업,코스피,해산 사유 발생,해산사유발생,2021,,,,,,,,,,,,,,,,,,,,,,,,,,,,,,,,,,,,,,,,,,,,,,,,,,,
N293658,A079660,사조해표,(주)사조해표,110111-3076779,105-86-70770,2004-09-01,2004-09-21,2019-06-26,폐업,12.0,중견기업,,,N30202.식품,C00000.제조업(10~34),C10000.식료품 제조업,코스피,해산 사유 발생,해산사유발생,2022,,,,,,,,,,,,,,,,,,,,,,,,,,,,,,,,,,,,,,,,,,,,,,,,,,,
N293658,A079660,사조해표,(주)사조해표,110111-3076779,105-86-70770,2004-09-01,2004-09-21,2019-06-26,폐업,12.0,중견기업,,,N30202.식품,C00000.제조업(10~34),C10000.식료품 제조업,코스피,해산 사유 발생,해산사유발생,2023,,,,,,,,,,,,,,,,,,,,,,,,,,,,,,,,,,,,,,,,,,,,,,,,,,,
N293658,A079660,사조해표,(주)사조해표,110111-3076779,105-86-70770,2004-09-01,2004-09-21,2019-06-26,폐업,12.0,중견기업,,,N30202.식품,C00000.제조업(10~34),C10000.식료품 제조업,코스피,해산 사유 발생,해산사유발생,2024,,,,,,,,,,,,,,,,,,,,,,,,,,,,,,,,,,,,,,,,,,,,,,,,,,,
N541826,A080440,에스제이케이,(주)에스제이케이,161511-0016357,312-81-19788,1995-02-09,2005-05-13,2021-09-13,폐업,12.0,중소기업,,,N25501.판매업체,G00000.도매 및 소매업(45~47),G46000.도매 및 상품 중개업,코스닥,해산사유 발생(파산선고),해산사유발생,2014,-0.5834009,0.104922,0.1716796,-58.34,-0.2844542,-0.25,3.98,-14.34,-32.3,-0.0909886,-0.2049218,-0.3825137,-86.15,4.26,131.52,5.87,.63,2.67,0.832359,,,5.24,3.51,-1.85,,,,"645,054.18",,,3284.0651047,-977.3905214,99.5305362,773.2557965,54.65,15.44,43.14,27.1,1.47,,45.17,547.61,-3.37,,,,,,,-65.62,
N541826,A080440,에스제이케이,(주)에스제이케이,161511-0016357,312-81-19788,1995-02-09,2005-05-13,2021-09-13,폐업,12.0,중소기업,,,N25501.판매업체,G00000.도매 및 소매업(45~47),G46000.도매 및 상품 중개업,코스닥,해산사유 발생(파산선고),해산사유발생,2015,0.0993559,0.7788514,0.7797834,9.94,-0.5252726,-0.6583333,13.08,-6.68,-14.98,-0.0243099,-0.0545193,-0.1370168,-30.73,5.96,96.3,8.06,0.36,2.05,0.4423021,,,3.69,1.94,-0.85,,,,"1,585,766.1",,,1265.3076426,-126.7192304,-313.4686285,761.6473731,48.78,20.52,35.85,24.91,2.24,,90.08,387.23,-1.12,,,,,,,118.82,
N541826,A080440,에스제이케이,(주)에스제이케이,161511-0016357,312-81-19788,1995-02-09,2005-05-13,2021-09-13,폐업,12.0,중소기업,,,N25501.판매업체,G00000.도매 및 소매업(45~47),G46000.도매 및 상품 중개업,코스닥,해산사유 발생(파산선고),해산사유발생,2016,0.1137218,-2.4487182,-1.1571166,11.37,-0.507983,0.6097561,,,,-0.1066517,-0.1496067,-0.4269051,,,,,,0.91,0.3035574,,,3.94,1.78,,,,,"856,058.46",,,480.4930673,-302.1608507,-216.6605635,508.1119895,,,24.15,18.18,,,,222.21,-4.43,,,,,,,-71.08,
N541826,A080440,에스제이케이,(주)에스제이케이,161511-0016357,312-81-19788,1995-02-09,2005-05-13,2021-09-13,폐업,12.0,중소기업,,,N25501.판매업체,G00000.도매 및 소매업(45~47),G46000.도매 및 상품 중개업,코스닥,해산사유 발생(파산선고),해산사유발생,2017,-0.1094553,0.1958028,0.1181357,-10.95,-0.3205087,-0.530303,,,,-0.1038774,-0.1597878,-0.3446498,,,,,,0.62,0.2682558,,,7.06,6.55,,,,,"1,632,173.95",,,260.1821924,-240.0529027,-152.8718801,391.5559603,,,9.36,6.32,,,,242.54,-4.79,,,,,,,-274.1,
N541826,A080440,에스제이케이,(주)에스제이케이,161511-0016357,312-81-19788,1995-02-09,2005-05-13,2021-09-13,폐업,12.0,중소기업,,,N25501.판매업체,G00000.도매 및 소매업(45~47),G46000.도매 및 상품 중개업,코스닥,해산사유 발생(파산선고),해산사유발생,2018,-0.0170865,-0.6832899,-0.4539127,-1.71,-0.2842128,0.0645161,,,,-0.1556703,-0.2068271,-0.6211042,,,,,,0.48,0.1593654,,,5.9,4.69,,,,,"1,733,310.5",,,216.0127074,-410.2052793,-218.054577,1815.871808,,,27.42,24.28,,,,356.42,-3.61,,,,,,,-330.05,
N541826,A080440,에스제이케이,(주)에스제이케이,161511-0016357,312-81-19788,1995-02-09,2005-05-13,2021-09-13,폐업,12.0,중소기업,,,N25501.판매업체,G00000.도매 및 소매업(45~47),G46000.도매 및 상품 중개업,코스닥,해산사유 발생(파산선고),해산사유발생,2019,0.0165998,0.3293891,-0.0045796,1.66,-0.3430003,,,,,-0.0954773,-0.1900272,-0.4166812,,,,,,0.31,0.0930893,,,3.85,2.14,,,,,,,,203.9048631,-1086.3536669,-324.2001645,996.7243201,,,17.48,14.97,,,,316.75,-1.57,,,,,,,,
N541826,A080440,에스제이케이,(주)에스제이케이,161511-0016357,312-81-19788,1995-02-09,2005-05-13,2021-09-13,폐업,12.0,중소기업,,,N25501.판매업체,G00000.도매 및 소매업(45~47),G46000.도매 및 상품 중개업,코스닥,해산사유 발생(파산선고),해산사유발생,2020,,,,,,,,,,,,,,,,,,,,,,,,,,,,,,,,,,,,,,,,,,,,,,,,,,,
N541826,A080440,에스제이케이,(주)에스제이케이,161511-0016357,312-81-19788,1995-02-09,2005-05-13,2021-09-13,폐업,12.0,중소기업,,,N25501.판매업체,G00000.도매 및 소매업(45~47),G46000.도매 및 상품 중개업,코스닥,해산사유 발생(파산선고),해산사유발생,2021,,,,,,,,,,,,,,,,,,,,,,,,,,,,,,,,,,,,,,,,,,,,,,,,,,,
N541826,A080440,에스제이케이,(주)에스제이케이,161511-0016357,312-81-19788,1995-02-09,2005-05-13,2021-09-13,폐업,12.0,중소기업,,,N25501.판매업체,G00000.도매 및 소매업(45~47),G46000.도매 및 상품 중개업,코스닥,해산사유 발생(파산선고),해산사유발생,2022,,,,,,,,,,,,,,,,,,,,,,,,,,,,,,,,,,,,,,,,,,,,,,,,,,,
N541826,A080440,에스제이케이,(주)에스제이케이,161511-0016357,312-81-19788,1995-02-09,2005-05-13,2021-09-13,폐업,12.0,중소기업,,,N25501.판매업체,G00000.도매 및 소매업(45~47),G46000.도매 및 상품 중개업,코스닥,해산사유 발생(파산선고),해산사유발생,2023,,,,,,,,,,,,,,,,,,,,,,,,,,,,,,,,,,,,,,,,,,,,,,,,,,,
N541826,A080440,에스제이케이,(주)에스제이케이,161511-0016357,312-81-19788,1995-02-09,2005-05-13,2021-09-13,폐업,12.0,중소기업,,,N25501.판매업체,G00000.도매 및 소매업(45~47),G46000.도매 및 상품 중개업,코스닥,해산사유 발생(파산선고),해산사유발생,2024,,,,,,,,,,,,,,,,,,,,,,,,,,,,,,,,,,,,,,,,,,,,,,,,,,,
N189401,A081970,넥스지,(주)케이엑스넥스지,110111-2359572,220-86-22617,2001-10-24,2007-08-20,2018-10-11,외감,12.0,중소기업,,케이엑스이노베이션,N45101.인터넷소프트웨어 및 서비스,J00000.정보통신업(58~63),J58000.출판업,코스닥,감사의견거절(감사범위제한),감사의견거절,2014,0.0280533,-0.4939903,-0.284803,2.81,0.2389304,0.2844037,41.29,3.94,4.74,0.0232044,0.0278582,0.0255387,3.07,.01,94.95,80.82,.59,0.65,6.4358764,0.859108841,0.980202991,7.16,3.28,1.05,,"15,619,490.",.,"266,439.88",,,,180.4086806,,5965.4498264,"1,093.09",88.21,588.33,515.64,324.09,14.88,364.23,13.36,550.26,44.58,,5.25,9.33,,,,"35,613,760,000."
N189401,A081970,넥스지,(주)케이엑스넥스지,110111-2359572,220-86-22617,2001-10-24,2007-08-20,2018-10-11,외감,12.0,중소기업,,케이엑스이노베이션,N45101.인터넷소프트웨어 및 서비스,J00000.정보통신업(58~63),J58000.출판업,코스닥,감사의견거절(감사범위제한),감사의견거절,2015,0.0180413,-0.6389756,-0.5739101,1.8,0.0441299,0.1214286,42.82,1.36,1.93,0.0080944,0.0114691,0.009013,1.28,.01,97.72,83.91,.59,0.66,5.8225357,0.988204446,1.118033578,7.84,3.08,1.11,,"15,759,090.","2,134,920.","245,896.87",21.09,329.08,,76.8703125,,6073.0744792,"1,114.61",91.43,718.82,635.35,396.12,13.49,"1,560.94",9.37,194.94,49.31,,4.22,7.05,"2,429.15",35.54,73.42,"38,258,576,000."
N189401,A081970,넥스지,(주)케이엑스넥스지,110111-2359572,220-86-22617,2001-10-24,2007-08-20,2018-10-11,외감,12.0,중소기업,,케이엑스이노베이션,N45101.인터넷소프트웨어 및 서비스,J00000.정보통신업(58~63),J58000.출판업,코스닥,감사의견거절(감사범위제한),감사의견거절,2016,0.0182763,-2.3102157,0.0346995,1.83,0.0891468,-0.0191083,39.09,-1.64,1.84,-0.0106321,0.011897,-0.0115983,1.3,.01,99.76,84.47,.65,0.71,7.7784,1.045752587,1.138098997,10.78,3.56,1.21,,"17,338,510.","3,556,980.","250,055.8",21.62,311.75,,79.5376736,,6184.0678819,"1,136.81",91.9,887.11,815.13,544.68,9.14,"1,221.32",8.81,-229.76,50.77,,4.11,6.39,"1,519.63",33.36,77.8,"38,758,610,000."
N189401,A081970,넥스지,(주)케이엑스넥스지,110111-2359572,220-86-22617,2001-10-24,2007-08-20,2018-10-11,외감,12.0,중소기업,,케이엑스이노베이션,N45101.인터넷소프트웨어 및 서비스,J00000.정보통신업(58~63),J58000.출판업,코스닥,감사의견거절(감사범위제한),감사의견거절,2017,0.0444217,0.5971673,4.1337809,4.44,-0.1288015,-0.2597403,45.93,-.76,10.82,-0.0041393,0.0590275,-0.0045296,6.46,.29,89.94,83.85,.55,0.6,6.3305974,0.884749,0.985362788,9.78,3.55,1.02,,"18,459,370.","1,864,850.","349,520.92",,,,408.3289931,,6458.7744792,"1,191.75",90.89,744.32,668.32,203.2,11.8,525.78,10.03,-2.63,63.06,,5.75,10.82,,,,"40,932,160,000."
N189401,A081970,넥스지,(주)케이엑스넥스지,110111-2359572,220-86-22617,2001-10-24,2007-08-20,2018-10-11,외감,12.0,중소기업,,케이엑스이노베이션,N45101.인터넷소프트웨어 및 서비스,J00000.정보통신업(58~63),J58000.출판업,코스닥,감사의견거절(감사범위제한),감사의견거절,2018,,,,,,,52.98,-28.99,-177.33,,,,-119.37,.05,255.28,63.94,.58,,,1.188491022,1.340612184,,,1.17,,,,,,,,,,,396.78,80.05,,,35.59,15.69,"1,133.22",,,-666.36,,-132.94,-172.77,,,,"25,043,448,000."
N189401,A081970,넥스지,(주)케이엑스넥스지,110111-2359572,220-86-22617,2001-10-24,2007-08-20,2018-10-11,외감,12.0,중소기업,,케이엑스이노베이션,N45101.인터넷소프트웨어 및 서비스,J00000.정보통신업(58~63),J58000.출판업,코스닥,감사의견거절(감사범위제한),감사의견거절,2019,,,,,,,46.78,2.2,-162.58,,,,-200.22,1.2,243.53,-1.12,.7,,,1.774023004,2.16415882,,,2.52,,"11,430,990.",.,,-85.04,"-1,974.33",,,,,-5.43,19.46,,,37.2,,,,,-181.79,-342.,-146.42,-157.99,,-120.99,,"15,296,833,000."
N189401,A081970,넥스지,(주)케이엑스넥스지,110111-2359572,220-86-22617,2001-10-24,2007-08-20,2018-10-11,외감,12.0,중소기업,,케이엑스이노베이션,N45101.인터넷소프트웨어 및 서비스,J00000.정보통신업(58~63),J58000.출판업,코스닥,감사의견거절(감사범위제한),감사의견거절,2020,,,,,,,55.14,16.91,23.44,,,,69.53,1.68,78.54,33.18,1.2,,,1.877839078,2.370885877,,,5.67,,"12,001,260.","1,156,950.",,64.13,994.12,,,,,115.24,61.17,,,169.37,29.19,,,,78.55,"1,010.83",30.51,25.62,"10,312.18",53.37,,"15,584,333,000."
N189401,A081970,넥스지,(주)케이엑스넥스지,110111-2359572,220-86-22617,2001-10-24,2007-08-20,2018-10-11,외감,12.0,중소기업,,케이엑스이노베이션,N45101.인터넷소프트웨어 및 서비스,J00000.정보통신업(58~63),J58000.출판업,코스닥,감사의견거절(감사범위제한),감사의견거절,2021,,,,,,,55.98,18.11,42.52,,,,60.82,.8,81.46,58.46,1.01,,,1.587448876,2.027125149,,,2.41,,"12,304,730.","1,656,100.",,45.94,714.99,,,,,315.89,76.44,,,163.71,28.58,"2,545.25",,,164.37,"4,347.63",38.72,46.79,"5,312.35",45.58,,"24,249,761,000."
N189401,A081970,넥스지,(주)케이엑스넥스지,110111-2359572,220-86-22617,2001-10-24,2007-08-20,2018-10-11,외감,12.0,중소기업,,케이엑스이노베이션,N45101.인터넷소프트웨어 및 서비스,J00000.정보통신업(58~63),J58000.출판업,코스닥,감사의견거절(감사범위제한),감사의견거절,2022,,,,,,,53.84,19.36,16.54,,,,18.14,.67,80.14,63.94,.86,,,1.529483271,1.991506663,,,2.08,,"24,425,350.","1,134,420.",,,,,,,,376.06,80.46,,,235.78,29.17,"1,167.12",,,87.35,947.41,17.07,20.66,,,,"26,395,096,000."
N189401,A081970,넥스지,(주)케이엑스넥스지,110111-2359572,220-86-22617,2001-10-24,2007-08-20,2018-10-11,외감,12.0,중소기업,,케이엑스이노베이션,N45101.인터넷소프트웨어 및 서비스,J00000.정보통신업(58~63),J58000.출판업,코스닥,감사의견거절(감사범위제한),감사의견거절,2023,,,,,,,52.33,9.13,.97,,,,0.93,.75,96.57,65.86,.78,,,1.299269938,1.873441217,,,1.65,,"42,862,850.","739,210.",,,,,,,,372.94,83.03,,,261.03,36.09,,,,26.57,171.34,4.51,5.65,,,,"25,409,881,000."
N189401,A081970,넥스지,(주)케이엑스넥스지,110111-2359572,220-86-22617,2001-10-24,2007-08-20,2018-10-11,외감,12.0,중소기업,,케이엑스이노베이션,N45101.인터넷소프트웨어 및 서비스,J00000.정보통신업(58~63),J58000.출판업,코스닥,감사의견거절(감사범위제한),감사의견거절,2024,,,,,,,44.59,9.5,6.87,,,,6.97,.64,90.17,64.25,.82,,,1.137087251,1.374430074,,,1.56,,"39,520,260.","352,620.",,,,,,,,406.93,79.6,,,236.13,22.19,"17,514.47",,,50.85,409.23,10.38,13.29,,,,"28,420,900,000."
N136096,A082390,피엘에이,(주)피엘에이,160111-0098255,314-81-33340,2000-05-13,2005-07-26,2016-07-25,폐업,12.0,중소기업,,,"N45203.전자장비와 기기, 부품",C00000.제조업(10~34),"C26000.전자 부품, 컴퓨터, 영상, 음향 및 통신장비 제조업",코스닥,기업의 계속성 및 경영의 투명성 등을 종합적으로 고려하여 상장폐지기준에 해당한다고 결정,기업의계속성_경영의투명성종합판단,2014,-0.3372571,-1.4899016,-3.8806756,-33.73,-0.6083904,-0.6415094,-92.62,-137.97,-414.84,-0.1845529,-0.5548921,-0.2876806,-86.5,10.71,421.4,-28.46,.13,0.21,0.3731307,,,22.68,6.94,-.48,,,,"483,905.75",,,91.1438188,-378.1028532,-147.9739232,304.5171498,-28.73,60.13,16.13,15.37,9.94,,67.6,66.3,-12.89,,,,,,,,
N136096,A082390,피엘에이,(주)피엘에이,160111-0098255,314-81-33340,2000-05-13,2005-07-26,2016-07-25,폐업,12.0,중소기업,,,"N45203.전자장비와 기기, 부품",C00000.제조업(10~34),"C26000.전자 부품, 컴퓨터, 영상, 음향 및 통신장비 제조업",코스닥,기업의 계속성 및 경영의 투명성 등을 종합적으로 고려하여 상장폐지기준에 해당한다고 결정,기업의계속성_경영의투명성종합판단,2015,-1.0171684,0.0584306,-0.0063495,,-0.570355,0.245614,-207.54,-302.37,-971.68,-0.251753,-0.8090193,-0.691455,,40.22,766.19,-167.73,0.08,,0.130931,,,40.99,9.62,-0.17,,,,"271,295.29",,,31.8009875,-309.0028292,-63.9584693,-4.0165458,-101.,,19.2,19.12,.65,,61.89,,-7.52,,,,,,,,
N136096,A082390,피엘에이,(주)피엘에이,160111-0098255,314-81-33340,2000-05-13,2005-07-26,2016-07-25,폐업,12.0,중소기업,,,"N45203.전자장비와 기기, 부품",C00000.제조업(10~34),"C26000.전자 부품, 컴퓨터, 영상, 음향 및 통신장비 제조업",코스닥,기업의 계속성 및 경영의 투명성 등을 종합적으로 고려하여 상장폐지기준에 해당한다고 결정,기업의계속성_경영의투명성종합판단,2016,,,,,,,,,,,,,,,,,,,,,,,,,,,,,,,,,,,,,,,,,,,,,,,,,,,
N136096,A082390,피엘에이,(주)피엘에이,160111-0098255,314-81-33340,2000-05-13,2005-07-26,2016-07-25,폐업,12.0,중소기업,,,"N45203.전자장비와 기기, 부품",C00000.제조업(10~34),"C26000.전자 부품, 컴퓨터, 영상, 음향 및 통신장비 제조업",코스닥,기업의 계속성 및 경영의 투명성 등을 종합적으로 고려하여 상장폐지기준에 해당한다고 결정,기업의계속성_경영의투명성종합판단,2017,,,,,,,,,,,,,,,,,,,,,,,,,,,,,,,,,,,,,,,,,,,,,,,,,,,
N136096,A082390,피엘에이,(주)피엘에이,160111-0098255,314-81-33340,2000-05-13,2005-07-26,2016-07-25,폐업,12.0,중소기업,,,"N45203.전자장비와 기기, 부품",C00000.제조업(10~34),"C26000.전자 부품, 컴퓨터, 영상, 음향 및 통신장비 제조업",코스닥,기업의 계속성 및 경영의 투명성 등을 종합적으로 고려하여 상장폐지기준에 해당한다고 결정,기업의계속성_경영의투명성종합판단,2018,,,,,,,,,,,,,,,,,,,,,,,,,,,,,,,,,,,,,,,,,,,,,,,,,,,
N136096,A082390,피엘에이,(주)피엘에이,160111-0098255,314-81-33340,2000-05-13,2005-07-26,2016-07-25,폐업,12.0,중소기업,,,"N45203.전자장비와 기기, 부품",C00000.제조업(10~34),"C26000.전자 부품, 컴퓨터, 영상, 음향 및 통신장비 제조업",코스닥,기업의 계속성 및 경영의 투명성 등을 종합적으로 고려하여 상장폐지기준에 해당한다고 결정,기업의계속성_경영의투명성종합판단,2019,,,,,,,,,,,,,,,,,,,,,,,,,,,,,,,,,,,,,,,,,,,,,,,,,,,
N136096,A082390,피엘에이,(주)피엘에이,160111-0098255,314-81-33340,2000-05-13,2005-07-26,2016-07-25,폐업,12.0,중소기업,,,"N45203.전자장비와 기기, 부품",C00000.제조업(10~34),"C26000.전자 부품, 컴퓨터, 영상, 음향 및 통신장비 제조업",코스닥,기업의 계속성 및 경영의 투명성 등을 종합적으로 고려하여 상장폐지기준에 해당한다고 결정,기업의계속성_경영의투명성종합판단,2020,,,,,,,,,,,,,,,,,,,,,,,,,,,,,,,,,,,,,,,,,,,,,,,,,,,
N136096,A082390,피엘에이,(주)피엘에이,160111-0098255,314-81-33340,2000-05-13,2005-07-26,2016-07-25,폐업,12.0,중소기업,,,"N45203.전자장비와 기기, 부품",C00000.제조업(10~34),"C26000.전자 부품, 컴퓨터, 영상, 음향 및 통신장비 제조업",코스닥,기업의 계속성 및 경영의 투명성 등을 종합적으로 고려하여 상장폐지기준에 해당한다고 결정,기업의계속성_경영의투명성종합판단,2021,,,,,,,,,,,,,,,,,,,,,,,,,,,,,,,,,,,,,,,,,,,,,,,,,,,
N136096,A082390,피엘에이,(주)피엘에이,160111-0098255,314-81-33340,2000-05-13,2005-07-26,2016-07-25,폐업,12.0,중소기업,,,"N45203.전자장비와 기기, 부품",C00000.제조업(10~34),"C26000.전자 부품, 컴퓨터, 영상, 음향 및 통신장비 제조업",코스닥,기업의 계속성 및 경영의 투명성 등을 종합적으로 고려하여 상장폐지기준에 해당한다고 결정,기업의계속성_경영의투명성종합판단,2022,,,,,,,,,,,,,,,,,,,,,,,,,,,,,,,,,,,,,,,,,,,,,,,,,,,
N136096,A082390,피엘에이,(주)피엘에이,160111-0098255,314-81-33340,2000-05-13,2005-07-26,2016-07-25,폐업,12.0,중소기업,,,"N45203.전자장비와 기기, 부품",C00000.제조업(10~34),"C26000.전자 부품, 컴퓨터, 영상, 음향 및 통신장비 제조업",코스닥,기업의 계속성 및 경영의 투명성 등을 종합적으로 고려하여 상장폐지기준에 해당한다고 결정,기업의계속성_경영의투명성종합판단,2023,,,,,,,,,,,,,,,,,,,,,,,,,,,,,,,,,,,,,,,,,,,,,,,,,,,
N136096,A082390,피엘에이,(주)피엘에이,160111-0098255,314-81-33340,2000-05-13,2005-07-26,2016-07-25,폐업,12.0,중소기업,,,"N45203.전자장비와 기기, 부품",C00000.제조업(10~34),"C26000.전자 부품, 컴퓨터, 영상, 음향 및 통신장비 제조업",코스닥,기업의 계속성 및 경영의 투명성 등을 종합적으로 고려하여 상장폐지기준에 해당한다고 결정,기업의계속성_경영의투명성종합판단,2024,,,,,,,,,,,,,,,,,,,,,,,,,,,,,,,,,,,,,,,,,,,,,,,,,,,
N172476,A086200,제이앤유글로벌,(주)제이앤유글로벌,110111-1737688,107-81-69236,1999-07-20,2006-06-07,2016-05-09,폐업,12.0,중소기업,,,N45201.통신장비,C00000.제조업(10~34),"C26000.전자 부품, 컴퓨터, 영상, 음향 및 통신장비 제조업",코스닥,감사의견거절(감사범위 제한),감사의견거절,2014,-0.2172696,-0.2238998,-0.4683554,-21.73,-0.2734752,-0.2021858,13.73,-23.71,-30.69,-0.1267415,-0.1640634,-0.2052015,-26.56,3.37,128.65,53.63,.53,0.87,1.3982868,,,3.56,5.57,1.22,,,,"561,787.64",,,3842.7845221,-1387.0409409,-378.0781495,4682.0632581,841.83,59.75,169.95,133.39,47.2,52.26,240.78,67.35,-7.04,,,,,,,,
N172476,A086200,제이앤유글로벌,(주)제이앤유글로벌,110111-1737688,107-81-69236,1999-07-20,2006-06-07,2016-05-09,폐업,12.0,중소기업,,,N45201.통신장비,C00000.제조업(10~34),"C26000.전자 부품, 컴퓨터, 영상, 음향 및 통신장비 제조업",코스닥,감사의견거절(감사범위 제한),감사의견거절,2015,-0.1375987,-0.2351221,-0.1515014,-13.76,-0.1267681,0.0,26.96,-33.53,-40.47,-0.1597371,-0.1927761,-0.3099493,-37.41,3.03,136.7,37.66,0.48,0.92,0.9830052,,,2.93,3.67,1.63,,,,"576,256.55",,,3306.3833995,-1629.0788143,-1420.2133312,3258.1199998,559.42,44.45,181.29,134.04,20.76,58.13,220.22,124.98,-11.07,,,,,,,,
N172476,A086200,제이앤유글로벌,(주)제이앤유글로벌,110111-1737688,107-81-69236,1999-07-20,2006-06-07,2016-05-09,폐업,12.0,중소기업,,,N45201.통신장비,C00000.제조업(10~34),"C26000.전자 부품, 컴퓨터, 영상, 음향 및 통신장비 제조업",코스닥,감사의견거절(감사범위 제한),감사의견거절,2016,,,,,,,,,,,,,,,,,,,,,,,,,,,,,,,,,,,,,,,,,,,,,,,,,,,
N172476,A086200,제이앤유글로벌,(주)제이앤유글로벌,110111-1737688,107-81-69236,1999-07-20,2006-06-07,2016-05-09,폐업,12.0,중소기업,,,N45201.통신장비,C00000.제조업(10~34),"C26000.전자 부품, 컴퓨터, 영상, 음향 및 통신장비 제조업",코스닥,감사의견거절(감사범위 제한),감사의견거절,2017,,,,,,,,,,,,,,,,,,,,,,,,,,,,,,,,,,,,,,,,,,,,,,,,,,,
N172476,A086200,제이앤유글로벌,(주)제이앤유글로벌,110111-1737688,107-81-69236,1999-07-20,2006-06-07,2016-05-09,폐업,12.0,중소기업,,,N45201.통신장비,C00000.제조업(10~34),"C26000.전자 부품, 컴퓨터, 영상, 음향 및 통신장비 제조업",코스닥,감사의견거절(감사범위 제한),감사의견거절,2018,,,,,,,,,,,,,,,,,,,,,,,,,,,,,,,,,,,,,,,,,,,,,,,,,,,
N172476,A086200,제이앤유글로벌,(주)제이앤유글로벌,110111-1737688,107-81-69236,1999-07-20,2006-06-07,2016-05-09,폐업,12.0,중소기업,,,N45201.통신장비,C00000.제조업(10~34),"C26000.전자 부품, 컴퓨터, 영상, 음향 및 통신장비 제조업",코스닥,감사의견거절(감사범위 제한),감사의견거절,2019,,,,,,,,,,,,,,,,,,,,,,,,,,,,,,,,,,,,,,,,,,,,,,,,,,,
N172476,A086200,제이앤유글로벌,(주)제이앤유글로벌,110111-1737688,107-81-69236,1999-07-20,2006-06-07,2016-05-09,폐업,12.0,중소기업,,,N45201.통신장비,C00000.제조업(10~34),"C26000.전자 부품, 컴퓨터, 영상, 음향 및 통신장비 제조업",코스닥,감사의견거절(감사범위 제한),감사의견거절,2020,,,,,,,,,,,,,,,,,,,,,,,,,,,,,,,,,,,,,,,,,,,,,,,,,,,
N172476,A086200,제이앤유글로벌,(주)제이앤유글로벌,110111-1737688,107-81-69236,1999-07-20,2006-06-07,2016-05-09,폐업,12.0,중소기업,,,N45201.통신장비,C00000.제조업(10~34),"C26000.전자 부품, 컴퓨터, 영상, 음향 및 통신장비 제조업",코스닥,감사의견거절(감사범위 제한),감사의견거절,2021,,,,,,,,,,,,,,,,,,,,,,,,,,,,,,,,,,,,,,,,,,,,,,,,,,,
N172476,A086200,제이앤유글로벌,(주)제이앤유글로벌,110111-1737688,107-81-69236,1999-07-20,2006-06-07,2016-05-09,폐업,12.0,중소기업,,,N45201.통신장비,C00000.제조업(10~34),"C26000.전자 부품, 컴퓨터, 영상, 음향 및 통신장비 제조업",코스닥,감사의견거절(감사범위 제한),감사의견거절,2022,,,,,,,,,,,,,,,,,,,,,,,,,,,,,,,,,,,,,,,,,,,,,,,,,,,
N172476,A086200,제이앤유글로벌,(주)제이앤유글로벌,110111-1737688,107-81-69236,1999-07-20,2006-06-07,2016-05-09,폐업,12.0,중소기업,,,N45201.통신장비,C00000.제조업(10~34),"C26000.전자 부품, 컴퓨터, 영상, 음향 및 통신장비 제조업",코스닥,감사의견거절(감사범위 제한),감사의견거절,2023,,,,,,,,,,,,,,,,,,,,,,,,,,,,,,,,,,,,,,,,,,,,,,,,,,,
N172476,A086200,제이앤유글로벌,(주)제이앤유글로벌,110111-1737688,107-81-69236,1999-07-20,2006-06-07,2016-05-09,폐업,12.0,중소기업,,,N45201.통신장비,C00000.제조업(10~34),"C26000.전자 부품, 컴퓨터, 영상, 음향 및 통신장비 제조업",코스닥,감사의견거절(감사범위 제한),감사의견거절,2024,,,,,,,,,,,,,,,,,,,,,,,,,,,,,,,,,,,,,,,,,,,,,,,,,,,
N389994,A086250,이노와이즈,(주)화신테크,170111-0021080,503-81-08155,1985-05-06,2006-11-10,2021-08-31,외감,12.0,중소기업,,KH,N25101.자동차 부품,C00000.제조업(10~34),C29000.기타 기계 및 장비 제조업,코스닥,감사의견 거절(감사범위 제한),감사의견거절,2014,0.3536621,-2.1819773,-1.1303211,35.37,0.3762479,,7.2,-4.72,-2.46,-0.0282464,-0.0147103,-0.0456163,-2.38,1.02,101.87,40.24,.6,0.97,1.572122,0.0,128.1593278,"1,218.28",11.48,5.97,,"183,091,100.","40,179,920.","642,028.87",16.81,58.94,4947.6284146,83.3723711,-796.8127351,4163.0347423,763.91,62.25,117.94,117.67,10.89,1.5,78.87,60.64,-4.61,10.44,15.58,4.44,7.4,268.58,26.74,65.38,"68,865,475,000."
N389994,A086250,이노와이즈,(주)화신테크,170111-0021080,503-81-08155,1985-05-06,2006-11-10,2021-08-31,외감,12.0,중소기업,,KH,N25101.자동차 부품,C00000.제조업(10~34),C29000.기타 기계 및 장비 제조업,코스닥,감사의견 거절(감사범위 제한),감사의견거절,2015,-0.1458492,-2.2579954,-5.6483787,-14.58,0.0789539,0.0619469,-3.05,-14.25,-15.14,-0.0790663,-0.0840262,-0.1393667,-14.81,1.49,114.21,34.7,0.55,0.98,1.2825726,0.0,146.1615218,850.73,8.55,15.31,,"210,082,730.","60,862,980.","658,093.25",13.27,41.58,5338.263007,-361.5193814,-938.5269176,3751.0523711,681.51,51.4,108.64,108.44,8.27,2.28,77.25,94.56,-9.58,2.78,3.52,1.32,2.23,143.52,21.62,79.65,"92,065,464,000."
N389994,A086250,이노와이즈,(주)화신테크,170111-0021080,503-81-08155,1985-05-06,2006-11-10,2021-08-31,외감,12.0,중소기업,,KH,N25101.자동차 부품,C00000.제조업(10~34),C29000.기타 기계 및 장비 제조업,코스닥,감사의견 거절(감사범위 제한),감사의견거절,2016,-0.2816277,1.0229985,-0.7617047,-28.16,-0.4389882,-0.05,20.63,0.58,-47.55,0.001898,-0.1545113,0.004049,-32.96,4.24,104.53,29.89,0.32,0.69,0.6116982,0.0,151.8959388,712.33,4.86,12.97,,"157,597,710.","61,707,770.","665,294.87",-3.71,-15.65,2994.8286086,-807.445567,-529.2870047,3149.2411241,518.91,41.76,105.77,105.7,13.73,1.18,143.99,139.45,.14,-30.92,-36.92,-17.93,-38.16,-39.96,-8.57,-306.4,"95,244,947,000."
N389994,A086250,이노와이즈,(주)화신테크,170111-0021080,503-81-08155,1985-05-06,2006-11-10,2021-08-31,외감,12.0,중소기업,,KH,N25101.자동차 부품,C00000.제조업(10~34),C29000.기타 기계 및 장비 제조업,코스닥,감사의견 거절(감사범위 제한),감사의견거절,2017,-0.0887336,-3.8602197,0.7749175,-8.87,0.1501285,0.1052632,16.63,-1.45,-9.31,-0.0059936,-0.0383958,-0.0144943,-9.29,4.74,102.47,30.46,0.41,1.0,0.7035508,0.0,102.0172372,"2,471.41",7.76,-50.02,,"163,456,700.","57,780,690.","541,724.7",14.3,47.4,3365.1175402,-130.1909278,112.9194757,3004.7877767,491.96,40.91,89.91,89.89,9.2,.06,36.89,144.44,-.31,-3.08,-4.07,-1.81,-3.52,134.09,28.41,83.83,"84,207,635,000."
N389994,A086250,이노와이즈,(주)화신테크,170111-0021080,503-81-08155,1985-05-06,2006-11-10,2021-08-31,외감,12.0,중소기업,,KH,N25101.자동차 부품,C00000.제조업(10~34),C29000.기타 기계 및 장비 제조업,코스닥,감사의견 거절(감사범위 제한),감사의견거절,2018,-0.2311179,-36.7303769,-2.9804258,-23.11,-0.2467406,-0.0079365,-1.59,-19.96,-29.02,-0.0847158,-0.1231899,-0.2128367,-30.95,6.87,131.74,29.41,.42,1.07,0.705068,1.325038759,1.325515196,"4,292.65",11.46,12.35,,"237,322,000.","60,306,060.","487,856.72",8.77,18.02,,-774.4718557,,2175.4017526,335.08,38.19,81.2,81.17,.71,,53.62,161.88,-2.9,-23.95,-43.53,-14.81,-31.61,70.91,20.65,167.65,"78,335,178,000."
N389994,A086250,이노와이즈,(주)화신테크,170111-0021080,503-81-08155,1985-05-06,2006-11-10,2021-08-31,외감,12.0,중소기업,,KH,N25101.자동차 부품,C00000.제조업(10~34),C29000.기타 기계 및 장비 제조업,코스닥,감사의견 거절(감사범위 제한),감사의견거절,2019,,,,,,,,,,,,,,,,,,,,,,,,,,,,,,,,,,,,,,,,,,,,,,,,,,,
N389994,A086250,이노와이즈,(주)화신테크,170111-0021080,503-81-08155,1985-05-06,2006-11-10,2021-08-31,외감,12.0,중소기업,,KH,N25101.자동차 부품,C00000.제조업(10~34),C29000.기타 기계 및 장비 제조업,코스닥,감사의견 거절(감사범위 제한),감사의견거절,2020,,,,,,,5.08,-130.51,-142.33,-0.1524372,-0.1662376,-0.3465036,-37.79,74.76,125.43,13.17,.12,0.27,0.2085417,0.0,0.0,122.41,1.47,-.33,,"1,567,385,860.","295,642,550.","2,131,061.55",,,193.8982981,-281.0536403,-231.7483487,705.8599539,41.17,43.99,36.32,36.15,11.41,,287.08,127.31,-1.75,,,,,,,,"46,883,354,000."
N389994,A086250,이노와이즈,(주)화신테크,170111-0021080,503-81-08155,1985-05-06,2006-11-10,2021-08-31,외감,12.0,중소기업,,KH,N25101.자동차 부품,C00000.제조업(10~34),C29000.기타 기계 및 장비 제조업,코스닥,감사의견 거절(감사범위 제한),감사의견거절,2021,,,,,,,9.26,-250.06,-637.42,,,,-44.24,67.88,263.85,-5.59,.03,,,0.0372911111,0.0372911111,,,1.37,,"1,725,346,850.","325,206,800.",,,,,,,,-10.38,48.28,,,38.63,.,,,,-40.17,-60.7,-20.78,-566.07,,,,"48,160,760,000."
N389994,A086250,이노와이즈,(주)화신테크,170111-0021080,503-81-08155,1985-05-06,2006-11-10,2021-08-31,외감,12.0,중소기업,,KH,N25101.자동차 부품,C00000.제조업(10~34),C29000.기타 기계 및 장비 제조업,코스닥,감사의견 거절(감사범위 제한),감사의견거절,2022,,,,,,,100.0,"-12,455.22","-26,888.76",,,,-27.94,"7,633.37",758.46,-19.16,.,,,0.000633096441,0.000633096441,,,.,,"1,740,630.",.,,,,,,,,-28.79,47.39,,,22.64,.,,,,-25.51,-37.2,-13.42,"-26,778.76",,,,"38,171,152,000."
N389994,A086250,이노와이즈,(주)화신테크,170111-0021080,503-81-08155,1985-05-06,2006-11-10,2021-08-31,외감,12.0,중소기업,,KH,N25101.자동차 부품,C00000.제조업(10~34),C29000.기타 기계 및 장비 제조업,코스닥,감사의견 거절(감사범위 제한),감사의견거절,2023,,,,,,,,,,,,,-62.57,,"2,190.57",-51.97,.,,,0.0,0.0,,,.,,"212,630.",.,,,,,,,,-61.97,31.89,,,18.25,.,,,,-41.43,-74.05,-28.22,,,,,"31,009,317,000."
N389994,A086250,이노와이즈,(주)화신테크,170111-0021080,503-81-08155,1985-05-06,2006-11-10,2021-08-31,외감,12.0,중소기업,,KH,N25101.자동차 부품,C00000.제조업(10~34),C29000.기타 기계 및 장비 제조업,코스닥,감사의견 거절(감사범위 제한),감사의견거절,2024,,,,,,,,,,,,,-57.2,,242.65,-110.32,.,,,0.0,0.0,,,.,,.,.,,,,,,,,-78.89,29.53,,,23.32,.,,,,-33.57,-171.89,-23.66,,,,,"18,595,396,000."
N128554,A086830,신양오라컴,(주)신양오라컴디스플레이,124311-0027113,130-81-28064,1990-02-17,2006-12-27,2017-05-08,폐업,6.0,중소기업,,,"N45203.전자장비와 기기, 부품",C00000.제조업(10~34),C22000.고무 및 플라스틱제품 제조업,코스닥,감사의견 거절(감사범위 제한 및 계속기업 존속능력에 대한 불확실성),감사의견거절,2014,1.2147694,0.8312217,0.8276201,121.48,-0.4234122,-0.6163683,3.33,-3.09,-3.32,-0.0517784,-0.055579,-0.4150935,-44.56,1.27,103.97,7.1,1.68,13.43,1.9143752,,,5.13,35.58,-7.79,,,,"421,634.92",,,15280.7778955,-506.864548,-1337.5611826,815.4036164,63.08,18.36,77.29,30.96,1.18,,15.49,444.56,-2.43,,,,,,,,
N128554,A086830,신양오라컴,(주)신양오라컴디스플레이,124311-0027113,130-81-28064,1990-02-17,2006-12-27,2017-05-08,폐업,6.0,중소기업,,,"N45203.전자장비와 기기, 부품",C00000.제조업(10~34),C22000.고무 및 플라스틱제품 제조업,코스닥,감사의견 거절(감사범위 제한 및 계속기업 존속능력에 대한 불확실성),감사의견거절,2015,-0.4471932,-0.7936526,-2.0601537,-44.72,-0.3591472,-0.2866667,-0.28,-8.65,-15.84,-0.1222714,-0.2239199,-0.6959662,-127.45,1.01,109.15,-13.7,1.41,8.05,1.7150171,,,4.68,15.78,-6.27,,,,"409,167.94",,,3897.1173769,-617.2696378,105.5390909,271.6130764,-45.68,16.29,60.32,31.43,5.64,,21.47,513.77,-8.57,,,,,,,,
N128554,A086830,신양오라컴,(주)신양오라컴디스플레이,124311-0027113,130-81-28064,1990-02-17,2006-12-27,2017-05-08,폐업,6.0,중소기업,,,"N45203.전자장비와 기기, 부품",C00000.제조업(10~34),C22000.고무 및 플라스틱제품 제조업,코스닥,감사의견 거절(감사범위 제한 및 계속기업 존속능력에 대한 불확실성),감사의견거절,2016,0.1593126,0.6902911,0.1254258,15.93,-0.3171419,-0.8317757,,,,-0.0496041,-0.2565243,-0.280395,,,,,,7.15,1.5363231,,,4.87,10.09,,,,,"1,583,580.69",,,1667.4406978,-338.2579578,-363.6205415,167.551972,,,100.67,63.34,,,,423.43,-4.96,,,,,,,,
N128554,A086830,신양오라컴,(주)신양오라컴디스플레이,124311-0027113,130-81-28064,1990-02-17,2006-12-27,2017-05-08,폐업,6.0,중소기업,,,"N45203.전자장비와 기기, 부품",C00000.제조업(10~34),C22000.고무 및 플라스틱제품 제조업,코스닥,감사의견 거절(감사범위 제한 및 계속기업 존속능력에 대한 불확실성),감사의견거절,2017,,,,,,,,,,,,,,,,,,,,,,,,,,,,,,,,,,,,,,,,,,,,,,,,,,,
N128554,A086830,신양오라컴,(주)신양오라컴디스플레이,124311-0027113,130-81-28064,1990-02-17,2006-12-27,2017-05-08,폐업,6.0,중소기업,,,"N45203.전자장비와 기기, 부품",C00000.제조업(10~34),C22000.고무 및 플라스틱제품 제조업,코스닥,감사의견 거절(감사범위 제한 및 계속기업 존속능력에 대한 불확실성),감사의견거절,2018,,,,,,,,,,,,,,,,,,,,,,,,,,,,,,,,,,,,,,,,,,,,,,,,,,,
N128554,A086830,신양오라컴,(주)신양오라컴디스플레이,124311-0027113,130-81-28064,1990-02-17,2006-12-27,2017-05-08,폐업,6.0,중소기업,,,"N45203.전자장비와 기기, 부품",C00000.제조업(10~34),C22000.고무 및 플라스틱제품 제조업,코스닥,감사의견 거절(감사범위 제한 및 계속기업 존속능력에 대한 불확실성),감사의견거절,2019,,,,,,,,,,,,,,,,,,,,,,,,,,,,,,,,,,,,,,,,,,,,,,,,,,,
N128554,A086830,신양오라컴,(주)신양오라컴디스플레이,124311-0027113,130-81-28064,1990-02-17,2006-12-27,2017-05-08,폐업,6.0,중소기업,,,"N45203.전자장비와 기기, 부품",C00000.제조업(10~34),C22000.고무 및 플라스틱제품 제조업,코스닥,감사의견 거절(감사범위 제한 및 계속기업 존속능력에 대한 불확실성),감사의견거절,2020,,,,,,,,,,,,,,,,,,,,,,,,,,,,,,,,,,,,,,,,,,,,,,,,,,,
N128554,A086830,신양오라컴,(주)신양오라컴디스플레이,124311-0027113,130-81-28064,1990-02-17,2006-12-27,2017-05-08,폐업,6.0,중소기업,,,"N45203.전자장비와 기기, 부품",C00000.제조업(10~34),C22000.고무 및 플라스틱제품 제조업,코스닥,감사의견 거절(감사범위 제한 및 계속기업 존속능력에 대한 불확실성),감사의견거절,2021,,,,,,,,,,,,,,,,,,,,,,,,,,,,,,,,,,,,,,,,,,,,,,,,,,,
N128554,A086830,신양오라컴,(주)신양오라컴디스플레이,124311-0027113,130-81-28064,1990-02-17,2006-12-27,2017-05-08,폐업,6.0,중소기업,,,"N45203.전자장비와 기기, 부품",C00000.제조업(10~34),C22000.고무 및 플라스틱제품 제조업,코스닥,감사의견 거절(감사범위 제한 및 계속기업 존속능력에 대한 불확실성),감사의견거절,2022,,,,,,,,,,,,,,,,,,,,,,,,,,,,,,,,,,,,,,,,,,,,,,,,,,,
N128554,A086830,신양오라컴,(주)신양오라컴디스플레이,124311-0027113,130-81-28064,1990-02-17,2006-12-27,2017-05-08,폐업,6.0,중소기업,,,"N45203.전자장비와 기기, 부품",C00000.제조업(10~34),C22000.고무 및 플라스틱제품 제조업,코스닥,감사의견 거절(감사범위 제한 및 계속기업 존속능력에 대한 불확실성),감사의견거절,2023,,,,,,,,,,,,,,,,,,,,,,,,,,,,,,,,,,,,,,,,,,,,,,,,,,,
N128554,A086830,신양오라컴,(주)신양오라컴디스플레이,124311-0027113,130-81-28064,1990-02-17,2006-12-27,2017-05-08,폐업,6.0,중소기업,,,"N45203.전자장비와 기기, 부품",C00000.제조업(10~34),C22000.고무 및 플라스틱제품 제조업,코스닥,감사의견 거절(감사범위 제한 및 계속기업 존속능력에 대한 불확실성),감사의견거절,2024,,,,,,,,,,,,,,,,,,,,,,,,,,,,,,,,,,,,,,,,,,,,,,,,,,,
N088928,A087220,스틸플라워,(주)스틸플라워,180111-0311083,603-81-40872,2000-01-18,2009-10-27,2018-05-08,폐업,12.0,중소기업,,,N15104.금속과 채광,C00000.제조업(10~34),C24000.1차 금속 제조업,코스닥,감사의견거절(감사범위 제한 및 계속기업 존속능력에 대한 불확실성),감사의견거절,2014,-0.1328345,-1.6669121,-1.2966264,-13.28,0.2345862,-0.0273973,1.84,-11.3,-13.51,-0.0705078,-0.0842995,-0.2203948,-26.35,4.36,114.37,29.36,.62,1.95,0.917364,,,6.34,3.58,-14.23,,,,"1,973,877.02",,,13579.9093076,-1752.0543151,-2899.8513398,6796.6188518,"1,257.57",30.53,74.73,55.12,2.14,,371.21,227.58,-2.59,,,,,,,-520.01,
N088928,A087220,스틸플라워,(주)스틸플라워,180111-0311083,603-81-40872,2000-01-18,2009-10-27,2018-05-08,폐업,12.0,중소기업,,,N15104.금속과 채광,C00000.제조업(10~34),C24000.1차 금속 제조업,코스닥,감사의견거절(감사범위 제한 및 계속기업 존속능력에 대한 불확실성),감사의견거절,2015,-0.1569157,0.0043842,-0.3019905,-15.69,-0.3126419,-0.2887324,3.59,-16.37,-25.59,-0.0782222,-0.1223021,-0.2563473,-40.08,6.45,123.84,26.09,0.48,1.57,0.6876889,,,5.11,2.95,-2.44,,,,"2,378,631.",,,5204.3811132,-1310.9973619,949.3945607,2584.8059184,427.91,30.5,54.74,41.84,4.36,,235.,227.88,-2.54,,,,,,,-56.94,
N088928,A087220,스틸플라워,(주)스틸플라워,180111-0311083,603-81-40872,2000-01-18,2009-10-27,2018-05-08,폐업,12.0,중소기업,,,N15104.금속과 채광,C00000.제조업(10~34),C24000.1차 금속 제조업,코스닥,감사의견거절(감사범위 제한 및 계속기업 존속능력에 대한 불확실성),감사의견거절,2016,-0.2242034,0.0166985,-0.3733376,-22.42,-0.3257321,-0.2772277,,,,-0.0901676,-0.1968995,-0.3103105,,,,,,1.3,0.5324096,,,5.26,2.62,,,,,"2,691,545.68",,,2142.8566567,-1090.3970139,-208.7622625,910.243381,,,50.24,39.74,,,,265.11,-2.58,,,,,,,-15.18,
N088928,A087220,스틸플라워,(주)스틸플라워,180111-0311083,603-81-40872,2000-01-18,2009-10-27,2018-05-08,폐업,12.0,중소기업,,,N15104.금속과 채광,C00000.제조업(10~34),C24000.1차 금속 제조업,코스닥,감사의견거절(감사범위 제한 및 계속기업 존속능력에 대한 불확실성),감사의견거절,2017,-0.744191,-0.7660606,0.038233,-74.42,-0.4368245,-0.369863,,,,-0.197748,-0.2351639,-0.9989041,,,,,,1.33,0.3293524,,,5.28,1.5,,,,,"3,237,516.42",,,723.1686351,-640.3375099,-9.2046918,267.6039617,,,21.55,18.58,,,,952.52,-5.25,,,,,,,,
N088928,A087220,스틸플라워,(주)스틸플라워,180111-0311083,603-81-40872,2000-01-18,2009-10-27,2018-05-08,폐업,12.0,중소기업,,,N15104.금속과 채광,C00000.제조업(10~34),C24000.1차 금속 제조업,코스닥,감사의견거절(감사범위 제한 및 계속기업 존속능력에 대한 불확실성),감사의견거절,2018,,,,,,,,,,,,,,,,,,,,,,,,,,,,,,,,,,,,,,,,,,,,,,,,,,,
N088928,A087220,스틸플라워,(주)스틸플라워,180111-0311083,603-81-40872,2000-01-18,2009-10-27,2018-05-08,폐업,12.0,중소기업,,,N15104.금속과 채광,C00000.제조업(10~34),C24000.1차 금속 제조업,코스닥,감사의견거절(감사범위 제한 및 계속기업 존속능력에 대한 불확실성),감사의견거절,2019,,,,,,,,,,,,,,,,,,,,,,,,,,,,,,,,,,,,,,,,,,,,,,,,,,,
N088928,A087220,스틸플라워,(주)스틸플라워,180111-0311083,603-81-40872,2000-01-18,2009-10-27,2018-05-08,폐업,12.0,중소기업,,,N15104.금속과 채광,C00000.제조업(10~34),C24000.1차 금속 제조업,코스닥,감사의견거절(감사범위 제한 및 계속기업 존속능력에 대한 불확실성),감사의견거절,2020,,,,,,,,,,,,,,,,,,,,,,,,,,,,,,,,,,,,,,,,,,,,,,,,,,,
N088928,A087220,스틸플라워,(주)스틸플라워,180111-0311083,603-81-40872,2000-01-18,2009-10-27,2018-05-08,폐업,12.0,중소기업,,,N15104.금속과 채광,C00000.제조업(10~34),C24000.1차 금속 제조업,코스닥,감사의견거절(감사범위 제한 및 계속기업 존속능력에 대한 불확실성),감사의견거절,2021,,,,,,,,,,,,,,,,,,,,,,,,,,,,,,,,,,,,,,,,,,,,,,,,,,,
N088928,A087220,스틸플라워,(주)스틸플라워,180111-0311083,603-81-40872,2000-01-18,2009-10-27,2018-05-08,폐업,12.0,중소기업,,,N15104.금속과 채광,C00000.제조업(10~34),C24000.1차 금속 제조업,코스닥,감사의견거절(감사범위 제한 및 계속기업 존속능력에 대한 불확실성),감사의견거절,2022,,,,,,,,,,,,,,,,,,,,,,,,,,,,,,,,,,,,,,,,,,,,,,,,,,,
N088928,A087220,스틸플라워,(주)스틸플라워,180111-0311083,603-81-40872,2000-01-18,2009-10-27,2018-05-08,폐업,12.0,중소기업,,,N15104.금속과 채광,C00000.제조업(10~34),C24000.1차 금속 제조업,코스닥,감사의견거절(감사범위 제한 및 계속기업 존속능력에 대한 불확실성),감사의견거절,2023,,,,,,,,,,,,,,,,,,,,,,,,,,,,,,,,,,,,,,,,,,,,,,,,,,,
N088928,A087220,스틸플라워,(주)스틸플라워,180111-0311083,603-81-40872,2000-01-18,2009-10-27,2018-05-08,폐업,12.0,중소기업,,,N15104.금속과 채광,C00000.제조업(10~34),C24000.1차 금속 제조업,코스닥,감사의견거절(감사범위 제한 및 계속기업 존속능력에 대한 불확실성),감사의견거절,2024,,,,,,,,,,,,,,,,,,,,,,,,,,,,,,,,,,,,,,,,,,,,,,,,,,,
N164826,A087730,이엠네트웍스,(주)썬힐네트웍크,214911-0013377,403-81-20392,2000-02-10,2008-04-04,2021-10-08,일반,12.0,중소기업,,,N15101.화학,C00000.제조업(10~34),C20000.화학 물질 및 화학제품 제조업,코스닥,기업의 계속성 및 경영의 투명성 등을 종합적으로 고려하여 상장폐지기준에 해당한다고 결정,기업의계속성_경영의투명성종합판단,2014,0.3104694,0.8733376,0.6829004,31.05,0.1948285,0.1585366,39.0,16.73,14.31,0.2376226,0.2032425,0.3499124,29.93,.08,84.5,58.2,1.42,2.09,4.4257306,2.463579007,3.155478502,11.51,7.41,4.42,,"54,289,380.","18,826,850.","184,058.87",66.59,225.75,,1242.593007,,4709.7660839,841.95,65.11,184.78,144.26,65.62,47.79,444.94,53.58,212.18,57.94,455.64,20.21,16.84,650.99,46.88,58.61,"20,687,703,000."
N164826,A087730,이엠네트웍스,(주)썬힐네트웍크,214911-0013377,403-81-20392,2000-02-10,2008-04-04,2021-10-08,일반,12.0,중소기업,,,N15101.화학,C00000.제조업(10~34),C20000.화학 물질 및 화학제품 제조업,코스닥,기업의 계속성 및 경영의 투명성 등을 종합적으로 고려하여 상장폐지기준에 해당한다고 결정,기업의계속성_경영의투명성종합판단,2015,0.1180691,-0.4081297,-0.3099556,11.81,-0.0859288,0.031579,35.87,10.83,10.8,0.1109186,0.1106068,0.1723928,17.19,.44,89.2,57.62,1.02,1.59,2.8711977,1.767298835,2.18346244,9.75,6.93,3.18,,"84,354,880.","19,811,050.","226,237.16",50.49,135.42,,857.4444056,,5265.8440559,953.17,63.67,400.99,324.57,223.4,25.39,629.98,57.07,24.37,37.19,83.76,13.51,14.08,576.62,49.32,67.51,"23,654,780,000."
N164826,A087730,이엠네트웍스,(주)썬힐네트웍크,214911-0013377,403-81-20392,2000-02-10,2008-04-04,2021-10-08,일반,12.0,중소기업,,,N15101.화학,C00000.제조업(10~34),C20000.화학 물질 및 화학제품 제조업,코스닥,기업의 계속성 및 경영의 투명성 등을 종합적으로 고려하여 상장폐지기준에 해당한다고 결정,기업의계속성_경영의투명성종합판단,2016,-0.0507792,-1.8087857,-1.2748226,-5.08,-0.1937057,0.0306122,20.77,-10.87,-3.68,-0.0864076,-0.0292785,-0.1355074,-4.59,.59,107.87,57.48,.8,1.25,2.1944562,1.685463043,2.035947004,8.48,6.34,2.11,,"83,207,510.","17,128,670.","227,905.53",31.52,86.34,,-235.6451049,,4998.4489511,899.69,63.87,343.62,284.47,189.3,24.28,459.37,56.57,-18.57,.54,1.2,.19,.24,419.44,39.65,105.06,"22,382,137,000."
N164826,A087730,이엠네트웍스,(주)썬힐네트웍크,214911-0013377,403-81-20392,2000-02-10,2008-04-04,2021-10-08,일반,12.0,중소기업,,,N15101.화학,C00000.제조업(10~34),C20000.화학 물질 및 화학제품 제조업,코스닥,기업의 계속성 및 경영의 투명성 등을 종합적으로 고려하여 상장폐지기준에 해당한다고 결정,기업의계속성_경영의투명성종합판단,2017,-0.127957,0.2637738,-2.1319648,-12.8,-0.1074301,-0.0990099,20.81,-8.96,-12.92,-0.0696761,-0.1004352,-0.109434,-15.77,.55,108.68,56.16,.78,1.22,2.1396148,1.812769038,2.211167677,9.35,6.57,2.42,,"89,125,280.","16,714,700.","230,947.97",31.17,80.77,,-738.0321678,,4358.8625874,771.77,63.44,279.36,229.02,144.32,28.06,444.06,57.63,-16.21,-19.28,-46.41,-7.05,-8.48,430.66,40.1,105.76,"19,650,394,000."
N164826,A087730,이엠네트웍스,(주)썬힐네트웍크,214911-0013377,403-81-20392,2000-02-10,2008-04-04,2021-10-08,일반,12.0,중소기업,,,N15101.화학,C00000.제조업(10~34),C20000.화학 물질 및 화학제품 제조업,코스닥,기업의 계속성 및 경영의 투명성 등을 종합적으로 고려하여 상장폐지기준에 해당한다고 결정,기업의계속성_경영의투명성종합판단,2018,1.2858854,-1.4896393,-2.6706935,128.59,-0.1848853,0.043956,8.66,-27.38,-58.18,-0.0760852,-0.1617015,-0.1779976,-37.83,21.48,160.88,35.1,.28,0.65,0.485392,0.28170655,0.29061874,8.67,6.56,2.8,,"83,540,560.","15,273,960.","504,373.12",0.28,1.72,,-2413.461689,,8105.4527116,"1,521.09",37.41,108.56,105.23,1.9,38.89,358.73,167.33,-1.27,-15.04,-17.1,-9.41,-53.84,9.39,1.02,"4,039.47","76,180,499,000."
N164826,A087730,이엠네트웍스,(주)썬힐네트웍크,214911-0013377,403-81-20392,2000-02-10,2008-04-04,2021-10-08,일반,12.0,중소기업,,,N15101.화학,C00000.제조업(10~34),C20000.화학 물질 및 화학제품 제조업,코스닥,기업의 계속성 및 경영의 투명성 등을 종합적으로 고려하여 상장폐지기준에 해당한다고 결정,기업의계속성_경영의투명성종합판단,2019,-0.7998102,-0.3178193,-10.5765836,-79.98,0.0107271,0.0842105,-0.8,-66.81,-723.92,-0.147518,-1.5983117,-1.7175386,"-1,860.9",83.64,681.23,-3.56,.22,2.57,0.241532,0.0,0.0,1.04,5.54,-1.57,,"116,932,790.","14,466,150.","646,662.94",,,722.6754542,-5173.914752,-1101.6421234,99.4028164,-42.94,8.59,82.74,56.49,4.54,,230.71,"1,064.29",-.8,-172.72,-223.69,-155.44,-658.68,,,,"57,032,067,000."
N164826,A087730,이엠네트웍스,(주)썬힐네트웍크,214911-0013377,403-81-20392,2000-02-10,2008-04-04,2021-10-08,일반,12.0,중소기업,,,N15101.화학,C00000.제조업(10~34),C20000.화학 물질 및 화학제품 제조업,코스닥,기업의 계속성 및 경영의 투명성 등을 종합적으로 고려하여 상장폐지기준에 해당한다고 결정,기업의계속성_경영의투명성종합판단,2020,-2.1977694,-0.0142052,0.8112217,,0.3691493,,-8.5,-49.49,-99.81,-0.1837998,-0.3706702,17.6158332,,31.01,190.53,-29.59,.37,,0.3675281,0.0,98.1906599,1.72,6.38,-1.31,,,,,,,1821.2303766,-1817.8334959,-620.7770802,-619.7691026,-223.86,,53.07,32.94,3.1,,282.37,,-1.6,-45.15,-51.18,-51.81,-107.26,,,,"58,841,584,000."
N164826,A087730,이엠네트웍스,(주)썬힐네트웍크,214911-0013377,403-81-20392,2000-02-10,2008-04-04,2021-10-08,일반,12.0,중소기업,,,N15101.화학,C00000.제조업(10~34),C20000.화학 물질 및 화학제품 제조업,코스닥,기업의 계속성 및 경영의 투명성 등을 종합적으로 고려하여 상장폐지기준에 해당한다고 결정,기업의계속성_경영의투명성종합판단,2021,,,,,,,7.87,-21.84,-104.63,,,,,42.1,196.2,-97.79,.51,,,0.0,257.1239658,,,-.6,,"746,584,880.","41,288,540.",,,,,,,,"-1,462.27",,,,2.98,,46.9,,,-33.55,-35.18,-62.52,-100.63,,,,"36,952,833,000."
N164826,A087730,이엠네트웍스,(주)썬힐네트웍크,214911-0013377,403-81-20392,2000-02-10,2008-04-04,2021-10-08,일반,12.0,중소기업,,,N15101.화학,C00000.제조업(10~34),C20000.화학 물질 및 화학제품 제조업,코스닥,기업의 계속성 및 경영의 투명성 등을 종합적으로 고려하여 상장폐지기준에 해당한다고 결정,기업의계속성_경영의투명성종합판단,2022,,,,,,,13.06,-5.36,-34.61,,,,,32.99,121.39,56.23,.77,,,0.0,379.1197015,,,-.74,,"561,923,070.","3,420,210.",,,,,,,,244.43,79.24,,,"1,035.01",.,,,,-528.99,"-4,455.5",-109.83,-41.8,,,,"24,346,264,000."
N164826,A087730,이엠네트웍스,(주)썬힐네트웍크,214911-0013377,403-81-20392,2000-02-10,2008-04-04,2021-10-08,일반,12.0,중소기업,,,N15101.화학,C00000.제조업(10~34),C20000.화학 물질 및 화학제품 제조업,코스닥,기업의 계속성 및 경영의 투명성 등을 종합적으로 고려하여 상장폐지기준에 해당한다고 결정,기업의계속성_경영의투명성종합판단,2023,,,,,,,,,,,,,,,,,,,,,,,,,,,,,,,,,,,,,,,,,,,,,,,,,,,"4,179,963,000."
N164826,A087730,이엠네트웍스,(주)썬힐네트웍크,214911-0013377,403-81-20392,2000-02-10,2008-04-04,2021-10-08,일반,12.0,중소기업,,,N15101.화학,C00000.제조업(10~34),C20000.화학 물질 및 화학제품 제조업,코스닥,기업의 계속성 및 경영의 투명성 등을 종합적으로 고려하여 상장폐지기준에 해당한다고 결정,기업의계속성_경영의투명성종합판단,2024,,,,,,,,,,,,,,,,,,,,,,,,,,,,,,,,,,,,,,,,,,,,,,,,,,,
N211895,A089530,에이티세미콘,(주)제이에이치코스,134411-0022747,126-81-55539,2002-12-27,2011-11-11,2024-09-06,외감,12.0,중견기업,,제이에이치코스,N45301.반도체 및 반도체장비,"M00000.전문, 과학 및 기술 서비스업(70~73)","M73000.기타 전문, 과학 및 기술 서비스업",코스닥,기업의 계속성 및 경영의 투명성 등을 종합적으로 고려하여 상장폐지 기준에 해당한다고 결정,기업의계속성_경영의투명성종합판단,2014,-0.2093453,4.9424539,-0.5401308,-20.93,1.1384596,0.9970149,14.98,5.51,-13.71,0.0447413,-0.11122,0.1365535,-33.95,4.61,112.79,16.1,.81,2.48,1.2067534,3.668881302,4.026057401,82.71,7.19,-2.74,,"191,594,850.","143,127,450.","277,270.17",,,,-411.6840784,,1058.9042347,126.8,26.88,37.9,34.54,.47,,211.19,271.96,1.19,6.03,7.31,4.41,5.85,,,,"239,912,342,000."
N211895,A089530,에이티세미콘,(주)제이에이치코스,134411-0022747,126-81-55539,2002-12-27,2011-11-11,2024-09-06,외감,12.0,중견기업,,제이에이치코스,N45301.반도체 및 반도체장비,"M00000.전문, 과학 및 기술 서비스업(70~73)","M73000.기타 전문, 과학 및 기술 서비스업",코스닥,기업의 계속성 및 경영의 투명성 등을 종합적으로 고려하여 상장폐지 기준에 해당한다고 결정,기업의계속성_경영의투명성종합판단,2015,-0.3910061,-1.4067202,-0.8904752,-39.1,-0.1612057,-0.180867,9.06,-2.67,-30.89,-0.0198361,-0.2291959,-0.0781752,-90.33,4.77,125.41,2.64,.74,2.92,0.9941089,5.671895078,7.204166796,30.15,7.79,-1.94,,"225,848,530.","151,153,210.","310,524.46",,,,-755.066158,,564.2034143,12.84,23.23,26.17,20.6,2.04,,140.22,330.46,-.56,-13.26,-16.21,-10.18,-11.34,,,,"140,697,492,000."
N211895,A089530,에이티세미콘,(주)제이에이치코스,134411-0022747,126-81-55539,2002-12-27,2011-11-11,2024-09-06,외감,12.0,중견기업,,제이에이치코스,N45301.반도체 및 반도체장비,"M00000.전문, 과학 및 기술 서비스업(70~73)","M73000.기타 전문, 과학 및 기술 서비스업",코스닥,기업의 계속성 및 경영의 투명성 등을 종합적으로 고려하여 상장폐지 기준에 해당한다고 결정,기업의계속성_경영의투명성종합판단,2016,-0.3018823,-1.3763662,0.6710228,-30.19,-0.292735,-0.1514599,4.22,-8.98,-14.37,-0.0647778,-0.1036163,-0.2890388,-46.23,4.73,113.78,-6.57,.72,3.22,0.9293179,4.48714797,5.487644213,21.36,8.34,-1.54,,"210,832,790.","123,955,720.","266,298.06",,,,-221.4601584,,393.880368,-23.54,21.33,27.13,22.19,.91,,132.95,368.75,-1.9,3.06,4.04,2.41,2.88,,,,"106,959,703,000."
N211895,A089530,에이티세미콘,(주)제이에이치코스,134411-0022747,126-81-55539,2002-12-27,2011-11-11,2024-09-06,외감,12.0,중견기업,,제이에이치코스,N45301.반도체 및 반도체장비,"M00000.전문, 과학 및 기술 서비스업(70~73)","M73000.기타 전문, 과학 및 기술 서비스업",코스닥,기업의 계속성 및 경영의 투명성 등을 종합적으로 고려하여 상장폐지 기준에 해당한다고 결정,기업의계속성_경영의투명성종합판단,2017,0.3899274,1.7699561,1.4719511,38.99,0.156283,-0.0688172,14.23,5.98,5.87,0.0609861,0.0597948,0.2265043,22.21,3.24,94.37,-.63,1.02,3.79,1.3950683,6.058831894,8.218739405,25.47,10.69,-2.23,,"184,992,810.","101,824,940.","233,880.65",49.96,63.16,,97.9717529,,509.539548,-1.88,33.18,30.26,22.31,4.6,,116.56,201.37,1.85,27.35,37.86,18.28,16.92,114.75,49.,47.84,"95,580,943,000."
N211895,A089530,에이티세미콘,(주)제이에이치코스,134411-0022747,126-81-55539,2002-12-27,2011-11-11,2024-09-06,외감,12.0,중견기업,,제이에이치코스,N45301.반도체 및 반도체장비,"M00000.전문, 과학 및 기술 서비스업(70~73)","M73000.기타 전문, 과학 및 기술 서비스업",코스닥,기업의 계속성 및 경영의 투명성 등을 종합적으로 고려하여 상장폐지 기준에 해당한다고 결정,기업의계속성_경영의투명성종합판단,2018,0.1752159,0.1410848,-0.344769,17.52,0.1583952,0.3787529,15.78,5.69,3.11,0.0676735,0.0369875,0.1837896,10.05,2.12,96.9,1.44,1.19,3.23,1.8826521,0.0,0.0,25.97,13.6,-3.58,,"129,198,110.","70,435,090.","164,465.8",54.61,69.51,1818.0871437,56.5363802,275.4344052,520.3925786,4.08,36.82,33.41,24.24,8.11,,106.52,171.58,2.69,28.47,40.86,17.94,15.12,127.51,44.83,54.52,"100,791,222,000."
N211895,A089530,에이티세미콘,(주)제이에이치코스,134411-0022747,126-81-55539,2002-12-27,2011-11-11,2024-09-06,외감,12.0,중견기업,,제이에이치코스,N45301.반도체 및 반도체장비,"M00000.전문, 과학 및 기술 서비스업(70~73)","M73000.기타 전문, 과학 및 기술 서비스업",코스닥,기업의 계속성 및 경영의 투명성 등을 종합적으로 고려하여 상장폐지 기준에 해당한다고 결정,기업의계속성_경영의투명성종합판단,2019,0.0353997,-0.6506385,-3.5514351,3.54,0.0709449,-0.0435511,14.61,1.86,-7.41,0.0187851,-0.0749822,0.0630923,-25.18,2.97,107.29,-3.04,1.01,3.4,1.4412155,0.0,608.0675162,23.43,12.12,-2.63,,"159,513,140.","84,765,840.","218,117.17",39.22,53.62,1797.1236933,-136.8034886,233.185695,443.9074984,-11.22,25.13,28.9,21.87,6.14,,142.35,297.95,.62,8.75,12.61,6.57,7.73,100.91,38.79,67.08,"100,545,397,000."
N211895,A089530,에이티세미콘,(주)제이에이치코스,134411-0022747,126-81-55539,2002-12-27,2011-11-11,2024-09-06,외감,12.0,중견기업,,제이에이치코스,N45301.반도체 및 반도체장비,"M00000.전문, 과학 및 기술 서비스업(70~73)","M73000.기타 전문, 과학 및 기술 서비스업",코스닥,기업의 계속성 및 경영의 투명성 등을 종합적으로 고려하여 상장폐지 기준에 해당한다고 결정,기업의계속성_경영의투명성종합판단,2020,0.0178792,-4.9666747,-2.2646155,1.79,0.0109003,0.0035026,7.32,-7.28,-23.93,-0.0585978,-0.1925007,-0.2438088,-80.09,4.34,121.2,-14.85,.8,3.35,1.0591571,0.0,992.0817074,19.42,10.91,-1.75,,"204,565,190.","94,175,870.","274,885.34",21.84,29.34,1383.7610763,-322.112029,166.4548556,301.4652625,-39.71,23.05,19.13,12.4,2.18,,87.79,333.88,-1.68,-5.94,-9.37,-4.5,-5.91,63.74,27.09,98.48,"152,543,768,000."
N211895,A089530,에이티세미콘,(주)제이에이치코스,134411-0022747,126-81-55539,2002-12-27,2011-11-11,2024-09-06,외감,12.0,중견기업,,제이에이치코스,N45301.반도체 및 반도체장비,"M00000.전문, 과학 및 기술 서비스업(70~73)","M73000.기타 전문, 과학 및 기술 서비스업",코스닥,기업의 계속성 및 경영의 투명성 등을 종합적으로 고려하여 상장폐지 기준에 해당한다고 결정,기업의계속성_경영의투명성종합판단,2021,1.4101971,-0.0119236,-0.3471352,141.02,-0.8644263,-0.0296684,-4.28,-54.36,-237.73,-0.0423536,-0.1852274,-0.1434223,-62.72,17.69,213.78,9.03,.08,0.26,0.1105644,0.0,129.2263362,2.11,1.54,-.36,,"224,734,270.","89,699,340.","322,228.46",12.99,18.63,331.1390303,-829.7618589,-310.5545026,1320.1326266,163.99,33.43,88.5,80.77,13.62,,96.47,199.11,-3.07,-11.8,-20.06,-8.99,-99.35,46.67,134.31,115.09,"169,289,806,000."
N211895,A089530,에이티세미콘,(주)제이에이치코스,134411-0022747,126-81-55539,2002-12-27,2011-11-11,2024-09-06,외감,12.0,중견기업,,제이에이치코스,N45301.반도체 및 반도체장비,"M00000.전문, 과학 및 기술 서비스업(70~73)","M73000.기타 전문, 과학 및 기술 서비스업",코스닥,기업의 계속성 및 경영의 투명성 등을 종합적으로 고려하여 상장폐지 기준에 해당한다고 결정,기업의계속성_경영의투명성종합판단,2022,-0.2337226,0.2476503,-1.1940457,-23.37,-0.0288203,-0.0359712,-5.03,-42.11,-537.08,-0.0378779,-0.4830883,-0.0864379,-110.24,8.69,196.33,9.71,.09,0.21,0.1601091,0.0,28.6841609,2.79,2.31,1.37,,"136,736,450.","47,101,180.","269,033.68",22.86,44.98,339.1249233,-1335.8669886,73.1363387,612.0385246,26.25,73.71,257.91,247.35,69.65,6.69,"273,111.99",35.66,-4.85,-118.57,-151.05,-25.15,-142.81,130.58,193.38,74.61,"281,287,722,000."
N211895,A089530,에이티세미콘,(주)제이에이치코스,134411-0022747,126-81-55539,2002-12-27,2011-11-11,2024-09-06,외감,12.0,중견기업,,제이에이치코스,N45301.반도체 및 반도체장비,"M00000.전문, 과학 및 기술 서비스업(70~73)","M73000.기타 전문, 과학 및 기술 서비스업",코스닥,기업의 계속성 및 경영의 투명성 등을 종합적으로 고려하여 상장폐지 기준에 해당한다고 결정,기업의계속성_경영의투명성종합판단,2023,-0.6314939,-1.1487382,0.8237418,-63.15,-0.1766551,-0.7425373,-20.6,-109.9,-114.98,-0.2336915,-0.2444834,-0.312834,-32.73,6.99,380.87,-21.06,.21,0.28,0.8405235,0.0,237.7827595,10.75,4.18,.7,,"160,584,600.","14,082,030.","474,427.34",,,156.8866251,-223.2704976,,375.7209689,-19.96,77.52,115.87,115.87,20.15,.,,28.99,-15.73,-623.25,"-1,016.53",-138.41,-413.65,,,,"97,760,032,000."
N211895,A089530,에이티세미콘,(주)제이에이치코스,134411-0022747,126-81-55539,2002-12-27,2011-11-11,2024-09-06,외감,12.0,중견기업,,제이에이치코스,N45301.반도체 및 반도체장비,"M00000.전문, 과학 및 기술 서비스업(70~73)","M73000.기타 전문, 과학 및 기술 서비스업",코스닥,기업의 계속성 및 경영의 투명성 등을 종합적으로 고려하여 상장폐지 기준에 해당한다고 결정,기업의계속성_경영의투명성종합판단,2024,,,,,,,18.95,-61.86,-251.6,,,,-226.36,8.24,194.,-329.72,.64,,,0.0,240.3889412,,,13.25,,"2,663,902,380.","11,904,880.",,,,,,,,-81.62,54.4,,,9.1,.,,,,-708.55,"-6,999.95",-347.73,-255.65,,,,"34,254,122,000."
N222290,A090740,연이비앤티,(주)와이앤넥스트,161511-0057153,312-81-61684,2003-05-14,2007-09-19,2022-10-17,외감,12.0,중소기업,,대양홀딩스컴퍼니,"N45203.전자장비와 기기, 부품",C00000.제조업(10~34),"C26000.전자 부품, 컴퓨터, 영상, 음향 및 통신장비 제조업",코스닥,기업의 계속성 및 경영의 투명성 등을 종합적으로 고려하여 상장폐지기준에 해당한다고 결정,기업의계속성_경영의투명성종합판단,2014,0.02297,-0.4060538,-0.5303828,2.3,0.0169199,-0.2580645,3.51,1.06,0.62,0.0270069,0.0157276,0.0638925,3.72,.17,99.06,36.07,2.54,6.01,4.3995984,0.0,412.3646544,23.57,8.16,135.26,,"152,428,230.","70,887,300.","640,924.66",,,27547.7017551,173.098125,1371.2292938,5527.1358297,922.71,36.79,103.6,87.34,8.13,451.55,90.82,171.83,6.26,24.71,167.03,7.99,3.74,,,,"147,557,886,000."
N222290,A090740,연이비앤티,(주)와이앤넥스트,161511-0057153,312-81-61684,2003-05-14,2007-09-19,2022-10-17,외감,12.0,중소기업,,대양홀딩스컴퍼니,"N45203.전자장비와 기기, 부품",C00000.제조업(10~34),"C26000.전자 부품, 컴퓨터, 영상, 음향 및 통신장비 제조업",코스닥,기업의 계속성 및 경영의 투명성 등을 종합적으로 고려하여 상장폐지기준에 해당한다고 결정,기업의계속성_경영의투명성종합판단,2015,0.0243872,-0.0619534,0.4067227,2.44,0.0197364,-0.1242236,3.48,0.98,0.85,0.0231797,0.0202432,0.0585474,5.11,.22,98.78,43.45,2.37,5.99,3.9229984,0.0,636.7291772,20.22,6.53,235.26,,"160,392,450.","55,108,520.","770,734.98",,,28091.3948792,243.5010625,-426.9531152,6169.23568,979.22,42.77,99.46,73.15,5.46,127.45,128.2,133.79,4.54,23.03,142.28,7.45,4.31,,,,"204,634,248,000."
N222290,A090740,연이비앤티,(주)와이앤넥스트,161511-0057153,312-81-61684,2003-05-14,2007-09-19,2022-10-17,외감,12.0,중소기업,,대양홀딩스컴퍼니,"N45203.전자장비와 기기, 부품",C00000.제조업(10~34),"C26000.전자 부품, 컴퓨터, 영상, 음향 및 통신장비 제조업",코스닥,기업의 계속성 및 경영의 투명성 등을 종합적으로 고려하여 상장폐지기준에 해당한다고 결정,기업의계속성_경영의투명성종합판단,2016,-0.0426943,0.688495,-1.2150804,-4.27,-0.1273339,-0.1560284,4.61,1.89,-0.21,0.045711,-0.005085,0.0998109,-1.11,.29,99.59,50.27,2.42,5.27,4.456157,0.0,788.9395933,17.28,7.85,231.22,,"173,715,720.","42,160,240.","861,670.95",,,24514.4074826,-52.3723125,771.8707364,5905.84432,938.06,49.45,105.31,77.43,8.57,525.31,135.1,102.23,6.57,-12.78,-80.46,-3.24,-2.15,,,,"180,285,966,000."
N222290,A090740,연이비앤티,(주)와이앤넥스트,161511-0057153,312-81-61684,2003-05-14,2007-09-19,2022-10-17,외감,12.0,중소기업,,대양홀딩스컴퍼니,"N45203.전자장비와 기기, 부품",C00000.제조업(10~34),"C26000.전자 부품, 컴퓨터, 영상, 음향 및 통신장비 제조업",코스닥,기업의 계속성 및 경영의 투명성 등을 종합적으로 고려하여 상장폐지기준에 해당한다고 결정,기업의계속성_경영의투명성종합판단,2017,-0.2836208,-2.7419483,-20.8884119,-28.36,-0.316727,-0.2605042,0.57,-4.82,-6.74,-0.0953899,-0.1333383,-0.2071133,-28.95,.49,106.33,43.73,1.98,4.29,3.6650786,0.0,822.8519844,15.62,6.97,198.22,,"211,045,810.","34,239,270.","1,014,180.39",,,8194.9375809,-998.90325,344.9209534,4303.5708,687.71,42.03,98.08,76.05,16.9,38.49,125.36,137.91,-9.76,-37.92,-122.82,-10.22,-20.52,,,,"149,291,311,000."
N222290,A090740,연이비앤티,(주)와이앤넥스트,161511-0057153,312-81-61684,2003-05-14,2007-09-19,2022-10-17,외감,12.0,중소기업,,대양홀딩스컴퍼니,"N45203.전자장비와 기기, 부품",C00000.제조업(10~34),"C26000.전자 부품, 컴퓨터, 영상, 음향 및 통신장비 제조업",코스닥,기업의 계속성 및 경영의 투명성 등을 종합적으로 고려하여 상장폐지기준에 해당한다고 결정,기업의계속성_경영의투명성종합판단,2018,0.1039905,1.4448099,1.062663,10.4,0.0564856,-0.3181818,5.57,2.03,.4,0.0449577,0.0088531,0.1049081,2.07,.48,98.55,42.4,2.21,5.16,3.8728149,0.0,508.7302004,19.9,7.93,"-2,796.39",,"318,330,380.","28,807,590.","1,523,841.48",,,8657.8334618,122.8851875,277.9080402,4441.32952,709.23,43.63,101.51,79.43,12.45,"1,466.25",183.1,129.21,4.27,3.4,9.85,1.2,10.14,,,,"125,821,571,000."
N222290,A090740,연이비앤티,(주)와이앤넥스트,161511-0057153,312-81-61684,2003-05-14,2007-09-19,2022-10-17,외감,12.0,중소기업,,대양홀딩스컴퍼니,"N45203.전자장비와 기기, 부품",C00000.제조업(10~34),"C26000.전자 부품, 컴퓨터, 영상, 음향 및 통신장비 제조업",코스닥,기업의 계속성 및 경영의 투명성 등을 종합적으로 고려하여 상장폐지기준에 해당한다고 결정,기업의계속성_경영의투명성종합판단,2019,0.7582052,0.987761,4.6103989,75.82,0.1003081,-0.3166667,6.73,3.67,2.04,0.0624619,0.0347164,0.144087,8.01,.52,96.67,34.39,1.7,3.93,3.004505,0.0,284.0317662,21.64,8.31,69.05,,"382,107,720.","24,143,260.","2,857,844.87",,,19564.4910861,399.0748161,1094.9494977,5280.2130483,865.,43.19,107.58,94.22,15.79,176.26,202.59,131.51,7.1,-0.32,-.61,-.13,-1.89,,,,"133,825,838,000."
N222290,A090740,연이비앤티,(주)와이앤넥스트,161511-0057153,312-81-61684,2003-05-14,2007-09-19,2022-10-17,외감,12.0,중소기업,,대양홀딩스컴퍼니,"N45203.전자장비와 기기, 부품",C00000.제조업(10~34),"C26000.전자 부품, 컴퓨터, 영상, 음향 및 통신장비 제조업",코스닥,기업의 계속성 및 경영의 투명성 등을 종합적으로 고려하여 상장폐지기준에 해당한다고 결정,기업의계속성_경영의투명성종합판단,2020,-0.8529324,-0.8543281,-15.3223558,-85.29,-0.4924137,-0.0731707,6.27,1.05,-57.55,0.0090466,-0.4943604,0.0287057,-156.87,1.21,104.25,5.8,.86,2.73,1.2542401,0.0,479.1187,10.5,4.32,-12.82,,"254,321,000.","20,564,450.","2,680,675.66",,,8487.3869158,-4081.5135209,-402.1611421,560.382425,82.44,11.1,71.25,57.2,7.26,,272.32,800.68,0.87,-131.52,-408.44,-92.39,"-1,153.49",,,,"237,655,059,000."
N222290,A090740,연이비앤티,(주)와이앤넥스트,161511-0057153,312-81-61684,2003-05-14,2007-09-19,2022-10-17,외감,12.0,중소기업,,대양홀딩스컴퍼니,"N45203.전자장비와 기기, 부품",C00000.제조업(10~34),"C26000.전자 부품, 컴퓨터, 영상, 음향 및 통신장비 제조업",코스닥,기업의 계속성 및 경영의 투명성 등을 종합적으로 고려하여 상장폐지기준에 해당한다고 결정,기업의계속성_경영의투명성종합판단,2021,2.2827958,0.6616581,1.2717179,228.28,0.1575272,-0.0263158,6.73,1.51,13.51,0.024386,0.2179089,0.086867,77.62,.64,87.35,40.32,1.61,5.75,2.2424725,0.0,384.2607479,15.19,7.33,-14.67,,"218,761,430.","15,349,650.","1,759,955.39",,,9711.6575679,1370.686793,654.1561413,2488.9696129,397.79,52.53,118.63,99.07,47.92,104.97,332.55,90.36,2.37,4.13,7.44,2.1,17.29,,,,"135,975,087,000."
N222290,A090740,연이비앤티,(주)와이앤넥스트,161511-0057153,312-81-61684,2003-05-14,2007-09-19,2022-10-17,외감,12.0,중소기업,,대양홀딩스컴퍼니,"N45203.전자장비와 기기, 부품",C00000.제조업(10~34),"C26000.전자 부품, 컴퓨터, 영상, 음향 및 통신장비 제조업",코스닥,기업의 계속성 및 경영의 투명성 등을 종합적으로 고려하여 상장폐지기준에 해당한다고 결정,기업의계속성_경영의투명성종합판단,2022,,,,,,,29.02,-29.27,-115.02,,,,-30.89,5.73,161.5,38.47,.15,,,0.0,618.6789998,,,.83,,"375,898,870.","15,453,030.",,,,,,,,158.21,62.78,,,.42,4.19,39.19,,,-92.54,-130.79,-40.6,-285.09,,,,"94,343,479,000."
N222290,A090740,연이비앤티,(주)와이앤넥스트,161511-0057153,312-81-61684,2003-05-14,2007-09-19,2022-10-17,외감,12.0,중소기업,,대양홀딩스컴퍼니,"N45203.전자장비와 기기, 부품",C00000.제조업(10~34),"C26000.전자 부품, 컴퓨터, 영상, 음향 및 통신장비 제조업",코스닥,기업의 계속성 및 경영의 투명성 등을 종합적으로 고려하여 상장폐지기준에 해당한다고 결정,기업의계속성_경영의투명성종합판단,2023,,,,,,,51.64,-231.43,-432.15,,,,-26.96,21.23,61.44,40.14,.04,,,0.0,64.5440122,,,.1,,"1,140,988,170.","13,310,000.",,,,,,,,96.83,80.81,,,30.54,.,.,,,-236.33,-737.47,-67.4,"-1,309.16",,,,"46,185,545,000."
N222290,A090740,연이비앤티,(주)와이앤넥스트,161511-0057153,312-81-61684,2003-05-14,2007-09-19,2022-10-17,외감,12.0,중소기업,,대양홀딩스컴퍼니,"N45203.전자장비와 기기, 부품",C00000.제조업(10~34),"C26000.전자 부품, 컴퓨터, 영상, 음향 및 통신장비 제조업",코스닥,기업의 계속성 및 경영의 투명성 등을 종합적으로 고려하여 상장폐지기준에 해당한다고 결정,기업의계속성_경영의투명성종합판단,2024,,,,,,,,,,,,,-11.35,,"2,100.75",68.34,.,,,0.0,9.9236279,,,.,,"176,719,000.",.,,,,,,,,"1,660.47",71.41,,,.8,.,,,,-1.42,-40.89,-.54,,,,,"27,088,476,000."
N390129,A091090,세원이앤씨,세원이앤씨(주),110111-3489609,107-86-80236,2006-07-05,2006-07-31,,외감,12.0,중견기업,,,N15104.금속과 채광,C00000.제조업(10~34),C25000.금속 가공제품 제조업,코스피,감사의견 의견거절 2년 계속,감사의견거절,2014,-0.199732,-0.0729622,0.0719125,-19.97,0.0897119,,7.54,-6.66,-10.23,-0.0444814,-0.0683123,-0.1469339,-22.57,4.11,109.5,19.99,.67,2.21,0.9573671,0.0,152.6571548,16.,4.69,-4.39,,"294,255,260.","25,487,620.","583,879.82",,,4978.0805326,-512.7795482,-53.1634546,2020.4100556,304.1,26.56,65.38,59.54,1.18,,55.07,276.49,-1.62,-6.65,-10.11,-4.75,-7.43,,,,"298,596,250,000."
N390129,A091090,세원이앤씨,세원이앤씨(주),110111-3489609,107-86-80236,2006-07-05,2006-07-31,,외감,12.0,중견기업,,,N15104.금속과 채광,C00000.제조업(10~34),C25000.금속 가공제품 제조업,코스피,감사의견 의견거절 2년 계속,감사의견거절,2015,0.6816576,1.0665439,1.2350449,68.17,0.3627036,0.0037736,9.47,0.33,1.77,0.0027379,0.0148518,0.0082022,4.45,2.9,98.4,31.08,0.84,2.52,1.263013,0.0,124.0922191,20.87,7.57,-6.06,,"285,391,970.","20,363,150.","632,885.41",,,6052.5227359,107.4599347,-493.4028825,2369.377732,373.89,39.39,89.79,82.46,1.32,,70.48,153.84,.11,1.28,2.21,0.75,0.98,,,,"306,644,621,000."
N390129,A091090,세원이앤씨,세원이앤씨(주),110111-3489609,107-86-80236,2006-07-05,2006-07-31,,외감,12.0,중견기업,,,N15104.금속과 채광,C00000.제조업(10~34),C25000.금속 가공제품 제조업,코스피,감사의견 의견거절 2년 계속,감사의견거절,2016,0.4339403,-1.1168735,-2.8396196,43.39,-0.1929236,-0.1710526,7.59,-0.05,-4.02,-0.0002898,-0.0247399,-0.0006281,-5.36,2.88,103.58,44.31,0.61,1.33,1.1415678,0.0,255.498416,18.32,6.02,-12.34,,"445,161,300.","19,276,180.","847,637.84",,,3698.9585343,-149.4805517,427.076837,3241.4771847,548.3,52.38,88.11,80.77,3.02,,101.97,90.9,-.02,-2.31,-3.76,-1.06,-1.86,,,,"347,686,361,000."
N390129,A091090,세원이앤씨,세원이앤씨(주),110111-3489609,107-86-80236,2006-07-05,2006-07-31,,외감,12.0,중견기업,,,N15104.금속과 채광,C00000.제조업(10~34),C25000.금속 가공제품 제조업,코스피,감사의견 의견거절 2년 계속,감사의견거절,2017,-0.0291003,37.1178252,0.1345677,-2.91,-0.2882241,-0.0975057,8.35,2.39,-4.89,0.0103884,-0.0212537,0.0195361,-4.0,3.43,104.27,45.38,0.43,0.82,0.9278788,0.0,251.2855563,16.11,5.75,-8.79,,"601,124,980.","16,026,490.","947,806.21",,,2596.8746423,-127.5909028,336.5463144,3126.6316006,525.33,54.02,82.99,74.68,12.08,,132.23,85.13,.7,-3.03,-4.81,-1.35,-3.12,,,,"374,930,308,000."
N390129,A091090,세원이앤씨,세원이앤씨(주),110111-3489609,107-86-80236,2006-07-05,2006-07-31,,외감,12.0,중견기업,,,N15104.금속과 채광,C00000.제조업(10~34),C25000.금속 가공제품 제조업,코스피,감사의견 의견거절 2년 계속,감사의견거절,2018,-0.1199253,-3.5716349,-1.1861782,-11.99,-0.1537144,-0.1080402,6.48,-7.27,-12.64,-0.0284945,-0.049559,-0.0542452,-9.43,3.91,114.36,41.68,.39,0.75,0.8261404,0.0,181.8193077,7.76,3.58,-9.39,,"617,233,340.","12,626,990.","997,777.33",,,2184.7613015,-277.2873813,44.4953364,2751.6694211,450.34,50.94,93.03,72.49,6.18,,264.22,96.33,-1.86,-7.27,-12.29,-3.43,-8.8,,,,"353,022,768,000."
N390129,A091090,세원이앤씨,세원이앤씨(주),110111-3489609,107-86-80236,2006-07-05,2006-07-31,,외감,12.0,중견기업,,,N15104.금속과 채광,C00000.제조업(10~34),C25000.금속 가공제품 제조업,코스피,감사의견 의견거절 2년 계속,감사의견거절,2019,0.0525893,1.1633026,0.663426,5.26,0.3594646,-0.0028169,10.69,.87,-3.13,0.0046147,-0.0165423,0.0092195,-3.3,3.61,103.07,40.75,.53,1.06,1.0586261,0.0,100.0951378,10.49,2.78,16.96,,"564,965,310.","7,956,780.","990,798.46",,,2797.9423017,-93.3277272,-384.8277715,2896.3778427,479.28,49.24,126.18,117.37,14.56,33.65,327.46,103.07,.24,-9.07,-14.9,-4.61,-9.08,,,,"329,475,571,000."
N390129,A091090,세원이앤씨,세원이앤씨(주),110111-3489609,107-86-80236,2006-07-05,2006-07-31,,외감,12.0,중견기업,,,N15104.금속과 채광,C00000.제조업(10~34),C25000.금속 가공제품 제조업,코스피,감사의견 의견거절 2년 계속,감사의견거절,2020,-0.0370814,-4.7553049,-3.6664267,-3.71,-0.3961956,-0.1525424,10.31,-5.43,-24.18,-0.0174502,-0.0777302,-0.0343949,-15.32,6.39,127.02,41.73,.32,0.63,0.6525435,0.0,203.7160948,9.65,1.62,47.69,,"658,044,100.","6,231,120.","1,138,405.09",,,1662.9654553,-428.2465511,109.5318237,2457.2821523,391.47,52.38,80.19,70.18,7.85,,560.62,90.91,-0.85,-15.16,-23.36,-7.23,-21.34,,,,"358,714,548,000."
N390129,A091090,세원이앤씨,세원이앤씨(주),110111-3489609,107-86-80236,2006-07-05,2006-07-31,,외감,12.0,중견기업,,,N15104.금속과 채광,C00000.제조업(10~34),C25000.금속 가공제품 제조업,코스피,감사의견 의견거절 2년 계속,감사의견거절,2021,0.0002221,-0.6158323,0.907999,0.02,-0.2430934,-0.3233333,3.75,-11.59,-2.94,-0.0312126,-0.0079162,-0.0566402,-1.44,8.98,103.76,33.2,.27,0.49,0.5999894,0.0,118.477147,6.36,2.05,-7.46,,"854,251,890.","6,248,580.","1,523,079.57",,,760.0920722,-23.1941233,176.9860871,1165.7228236,133.15,58.13,102.82,89.84,4.95,460.16,234.4,72.03,-1.29,-8.88,-15.5,-3.71,-13.79,,,,"324,723,875,000."
N390129,A091090,세원이앤씨,세원이앤씨(주),110111-3489609,107-86-80236,2006-07-05,2006-07-31,,외감,12.0,중견기업,,,N15104.금속과 채광,C00000.제조업(10~34),C25000.금속 가공제품 제조업,코스피,감사의견 의견거절 2년 계속,감사의견거절,2022,-0.0160596,1.188701,-34.3458663,-1.61,0.5228856,0.0788177,13.0,1.44,-68.21,0.00632,-0.300239,0.0107734,-51.18,6.16,162.48,21.03,.44,0.75,1.0647976,0.0,94.3271064,8.21,3.96,19.74,,"684,261,140.","3,931,730.","1,315,952.88",,,730.0614951,-498.4515396,,775.371258,55.08,59.21,110.36,92.14,13.65,175.79,214.1,68.88,.23,-76.29,-164.05,-30.84,-69.07,,,,"292,675,905,000."
N390129,A091090,세원이앤씨,세원이앤씨(주),110111-3489609,107-86-80236,2006-07-05,2006-07-31,,외감,12.0,중견기업,,,N15104.금속과 채광,C00000.제조업(10~34),C25000.금속 가공제품 제조업,코스피,감사의견 의견거절 2년 계속,감사의견거절,2023,0.1341203,-4.3405452,0.7918021,13.41,0.0315628,0.0776256,3.95,-4.65,-13.77,-0.0193949,-0.0574244,-0.0340024,-10.07,7.73,110.3,47.58,.42,0.73,0.9709256,0.0,146.4463792,3.79,3.03,9.87,,"724,304,370.","5,267,600.","1,326,121.62",,,817.9801115,-108.3815555,,3599.3707495,619.83,55.25,113.63,71.23,1.51,311.01,260.15,80.99,-0.6,-9.52,-26.06,-4.26,-11.21,,,,"282,702,160,000."
N390129,A091090,세원이앤씨,세원이앤씨(주),110111-3489609,107-86-80236,2006-07-05,2006-07-31,,외감,12.0,중견기업,,,N15104.금속과 채광,C00000.제조업(10~34),C25000.금속 가공제품 제조업,코스피,감사의견 의견거절 2년 계속,감사의견거절,2024,-0.1349907,-1.3037028,-1.7124285,-13.5,0.0799713,-0.1398305,-.57,-9.92,-34.58,-0.0453006,-0.1579225,-0.0790343,-27.55,5.92,138.27,45.57,.46,0.8,1.0700539,0.0,246.2873835,3.57,3.24,32.03,,"927,724,420.","4,007,890.","1,520,317.13",,,1952.6912021,-776.9411693,-71.9326881,2088.6670783,317.78,59.91,91.24,59.99,2.96,,310.22,66.92,-1.68,-44.32,-80.89,-17.84,-34.63,,,,"343,623,738,000."
N164833,A091690,디지텍시스템,(주)디지텍시스템스,135011-0106093,134-81-59929,2000-09-06,2007-07-04,2015-01-21,폐업,12.0,중견기업,,,"N45202.기술하드웨어, 스토리지 & 주변기기",C00000.제조업(10~34),"C26000.전자 부품, 컴퓨터, 영상, 음향 및 통신장비 제조업",코스닥,감사의견 거절(감사범위 제한 및 계속기업 존속능력에 대한 불확실성),감사의견거절,2014,,,,,,,,,,,,,,,,,,,,,,,,,,,,,,,,,,,,,,,,,,,,,,,,,,,
N164833,A091690,디지텍시스템,(주)디지텍시스템스,135011-0106093,134-81-59929,2000-09-06,2007-07-04,2015-01-21,폐업,12.0,중견기업,,,"N45202.기술하드웨어, 스토리지 & 주변기기",C00000.제조업(10~34),"C26000.전자 부품, 컴퓨터, 영상, 음향 및 통신장비 제조업",코스닥,감사의견 거절(감사범위 제한 및 계속기업 존속능력에 대한 불확실성),감사의견거절,2015,,,,,,,,,,,,,,,,,,,,,,,,,,,,,,,,,,,,,,,,,,,,,,,,,,,
N164833,A091690,디지텍시스템,(주)디지텍시스템스,135011-0106093,134-81-59929,2000-09-06,2007-07-04,2015-01-21,폐업,12.0,중견기업,,,"N45202.기술하드웨어, 스토리지 & 주변기기",C00000.제조업(10~34),"C26000.전자 부품, 컴퓨터, 영상, 음향 및 통신장비 제조업",코스닥,감사의견 거절(감사범위 제한 및 계속기업 존속능력에 대한 불확실성),감사의견거절,2016,,,,,,,,,,,,,,,,,,,,,,,,,,,,,,,,,,,,,,,,,,,,,,,,,,,
N164833,A091690,디지텍시스템,(주)디지텍시스템스,135011-0106093,134-81-59929,2000-09-06,2007-07-04,2015-01-21,폐업,12.0,중견기업,,,"N45202.기술하드웨어, 스토리지 & 주변기기",C00000.제조업(10~34),"C26000.전자 부품, 컴퓨터, 영상, 음향 및 통신장비 제조업",코스닥,감사의견 거절(감사범위 제한 및 계속기업 존속능력에 대한 불확실성),감사의견거절,2017,,,,,,,,,,,,,,,,,,,,,,,,,,,,,,,,,,,,,,,,,,,,,,,,,,,
N164833,A091690,디지텍시스템,(주)디지텍시스템스,135011-0106093,134-81-59929,2000-09-06,2007-07-04,2015-01-21,폐업,12.0,중견기업,,,"N45202.기술하드웨어, 스토리지 & 주변기기",C00000.제조업(10~34),"C26000.전자 부품, 컴퓨터, 영상, 음향 및 통신장비 제조업",코스닥,감사의견 거절(감사범위 제한 및 계속기업 존속능력에 대한 불확실성),감사의견거절,2018,,,,,,,,,,,,,,,,,,,,,,,,,,,,,,,,,,,,,,,,,,,,,,,,,,,
N164833,A091690,디지텍시스템,(주)디지텍시스템스,135011-0106093,134-81-59929,2000-09-06,2007-07-04,2015-01-21,폐업,12.0,중견기업,,,"N45202.기술하드웨어, 스토리지 & 주변기기",C00000.제조업(10~34),"C26000.전자 부품, 컴퓨터, 영상, 음향 및 통신장비 제조업",코스닥,감사의견 거절(감사범위 제한 및 계속기업 존속능력에 대한 불확실성),감사의견거절,2019,,,,,,,,,,,,,,,,,,,,,,,,,,,,,,,,,,,,,,,,,,,,,,,,,,,
N164833,A091690,디지텍시스템,(주)디지텍시스템스,135011-0106093,134-81-59929,2000-09-06,2007-07-04,2015-01-21,폐업,12.0,중견기업,,,"N45202.기술하드웨어, 스토리지 & 주변기기",C00000.제조업(10~34),"C26000.전자 부품, 컴퓨터, 영상, 음향 및 통신장비 제조업",코스닥,감사의견 거절(감사범위 제한 및 계속기업 존속능력에 대한 불확실성),감사의견거절,2020,,,,,,,,,,,,,,,,,,,,,,,,,,,,,,,,,,,,,,,,,,,,,,,,,,,
N164833,A091690,디지텍시스템,(주)디지텍시스템스,135011-0106093,134-81-59929,2000-09-06,2007-07-04,2015-01-21,폐업,12.0,중견기업,,,"N45202.기술하드웨어, 스토리지 & 주변기기",C00000.제조업(10~34),"C26000.전자 부품, 컴퓨터, 영상, 음향 및 통신장비 제조업",코스닥,감사의견 거절(감사범위 제한 및 계속기업 존속능력에 대한 불확실성),감사의견거절,2021,,,,,,,,,,,,,,,,,,,,,,,,,,,,,,,,,,,,,,,,,,,,,,,,,,,
N164833,A091690,디지텍시스템,(주)디지텍시스템스,135011-0106093,134-81-59929,2000-09-06,2007-07-04,2015-01-21,폐업,12.0,중견기업,,,"N45202.기술하드웨어, 스토리지 & 주변기기",C00000.제조업(10~34),"C26000.전자 부품, 컴퓨터, 영상, 음향 및 통신장비 제조업",코스닥,감사의견 거절(감사범위 제한 및 계속기업 존속능력에 대한 불확실성),감사의견거절,2022,,,,,,,,,,,,,,,,,,,,,,,,,,,,,,,,,,,,,,,,,,,,,,,,,,,
N164833,A091690,디지텍시스템,(주)디지텍시스템스,135011-0106093,134-81-59929,2000-09-06,2007-07-04,2015-01-21,폐업,12.0,중견기업,,,"N45202.기술하드웨어, 스토리지 & 주변기기",C00000.제조업(10~34),"C26000.전자 부품, 컴퓨터, 영상, 음향 및 통신장비 제조업",코스닥,감사의견 거절(감사범위 제한 및 계속기업 존속능력에 대한 불확실성),감사의견거절,2023,,,,,,,,,,,,,,,,,,,,,,,,,,,,,,,,,,,,,,,,,,,,,,,,,,,
N164833,A091690,디지텍시스템,(주)디지텍시스템스,135011-0106093,134-81-59929,2000-09-06,2007-07-04,2015-01-21,폐업,12.0,중견기업,,,"N45202.기술하드웨어, 스토리지 & 주변기기",C00000.제조업(10~34),"C26000.전자 부품, 컴퓨터, 영상, 음향 및 통신장비 제조업",코스닥,감사의견 거절(감사범위 제한 및 계속기업 존속능력에 대한 불확실성),감사의견거절,2024,,,,,,,,,,,,,,,,,,,,,,,,,,,,,,,,,,,,,,,,,,,,,,,,,,,
N085061,A093230,이아이디,(주)이아이디,175211-0014707,513-81-27033,2002-06-27,2007-11-01,,외감,12.0,중소기업,,이화전기공업,N25501.판매업체,G00000.도매 및 소매업(45~47),G46000.도매 및 상품 중개업,코스피,"기업의 계속성, 경영의 투명성 및 기타 공익과 투자자 보호 등을 종합적으로 고려하여 상장폐지 기준에 해당한다고 결정",기업의계속성_경영의투명성종합판단,2014,-0.1534982,-0.4056731,-0.4305625,-15.35,0.5265894,,1.26,-29.07,-88.97,-0.1606885,-0.4917681,-0.4508927,-137.99,11.5,181.5,18.28,.55,1.55,0.8588355,0.0,0.0,82.95,15.52,-1.82,,"184,592,170.","5,618,560.","768,002.65",,,852.8687656,-742.6681045,-155.3995296,427.8418344,113.92,35.64,42.17,42.17,7.75,,427.15,180.6,-2.53,-151.98,-165.03,-71.31,-239.89,,,,"31,139,361,000."
N085061,A093230,이아이디,(주)이아이디,175211-0014707,513-81-27033,2002-06-27,2007-11-01,,외감,12.0,중소기업,,이화전기공업,N25501.판매업체,G00000.도매 및 소매업(45~47),G46000.도매 및 상품 중개업,코스피,"기업의 계속성, 경영의 투명성 및 기타 공익과 투자자 보호 등을 종합적으로 고려하여 상장폐지 기준에 해당한다고 결정",기업의계속성_경영의투명성종합판단,2015,1.2901339,0.3702905,0.8892246,129.01,0.5564458,0.52,1.86,-11.76,-6.33,-0.0747655,-0.0402513,-0.1725956,-9.29,4.73,104.67,31.56,0.64,1.47,1.1215214,0.0,151.0296271,122.92,13.28,-3.6,,"180,488,770.","2,023,030.","612,745.43",,,805.779567,-38.9057601,-81.3264231,588.6379592,194.32,47.82,68.56,66.04,9.58,.,147.44,109.13,-2.49,-9.85,-11.35,-3.8,-6.28,,,,"46,246,160,000."
N085061,A093230,이아이디,(주)이아이디,175211-0014707,513-81-27033,2002-06-27,2007-11-01,,외감,12.0,중소기업,,이화전기공업,N25501.판매업체,G00000.도매 및 소매업(45~47),G46000.도매 및 상품 중개업,코스피,"기업의 계속성, 경영의 투명성 및 기타 공익과 투자자 보호 등을 종합적으로 고려하여 상장폐지 기준에 해당한다고 결정",기업의계속성_경영의투명성종합판단,2016,-0.2492523,0.4041267,-4.5907271,-24.93,-0.0939529,-0.6578947,1.42,-7.73,-39.07,-0.0474125,-0.2394889,-0.0843943,-42.63,3.6,120.46,34.52,0.61,1.09,1.3988258,0.0,375.2954305,111.37,12.7,-9.44,,"605,930,710.","1,518,850.","1,948,116.87",,,536.2910018,-206.2533412,-34.9140303,383.7159476,91.86,73.24,104.11,104.11,66.67,.,,36.54,-2.15,-123.14,-168.48,-35.84,-39.07,,,,"78,932,300,000."
N085061,A093230,이아이디,(주)이아이디,175211-0014707,513-81-27033,2002-06-27,2007-11-01,,외감,12.0,중소기업,,이화전기공업,N25501.판매업체,G00000.도매 및 소매업(45~47),G46000.도매 및 상품 중개업,코스피,"기업의 계속성, 경영의 투명성 및 기타 공익과 투자자 보호 등을 종합적으로 고려하여 상장폐지 기준에 해당한다고 결정",기업의계속성_경영의투명성종합판단,2017,1.4378842,-0.6136617,1.0503642,143.79,1.3406739,0.6538462,1.09,-5.33,0.84,-0.0649618,0.0102414,-0.092377,1.46,2.4,99.24,44.18,1.22,1.73,4.1049273,0.0,81.9861943,10.19,54.5,5.5,,"381,689,600.","477,570.","1,627,904.85",,,730.1437088,6.2232273,-170.6048473,559.5106337,179.76,69.19,199.98,145.25,31.03,54.74,361.07,44.52,-2.22,3.75,4.14,1.19,1.42,,,,"38,690,689,000."
N085061,A093230,이아이디,(주)이아이디,175211-0014707,513-81-27033,2002-06-27,2007-11-01,,외감,12.0,중소기업,,이화전기공업,N25501.판매업체,G00000.도매 및 소매업(45~47),G46000.도매 및 상품 중개업,코스피,"기업의 계속성, 경영의 투명성 및 기타 공익과 투자자 보호 등을 종합적으로 고려하여 상장폐지 기준에 해당한다고 결정",기업의계속성_경영의투명성종합판단,2018,0.0693451,0.2340368,-10.4542076,6.93,0.4380499,-0.2325581,1.05,-2.84,-5.53,-0.0383284,-0.0745832,-0.0482188,-9.38,2.92,105.3,31.25,1.35,1.7,6.5790555,0.0,432.0010418,7.67,50.88,4.1,,"537,238,550.","195,230.","2,751,492.85",,,650.5185753,-35.9326601,-40.9727457,303.2375301,51.62,92.34,606.14,342.03,68.01,52.18,"1,656.97",8.3,-.97,-133.64,-210.99,-11.99,-8.,,,,"99,837,832,000."
N085061,A093230,이아이디,(주)이아이디,175211-0014707,513-81-27033,2002-06-27,2007-11-01,,외감,12.0,중소기업,,이화전기공업,N25501.판매업체,G00000.도매 및 소매업(45~47),G46000.도매 및 상품 중개업,코스피,"기업의 계속성, 경영의 투명성 및 기타 공익과 투자자 보호 등을 종합적으로 고려하여 상장폐지 기준에 해당한다고 결정",기업의계속성_경영의투명성종합판단,2019,0.8672086,1.4308138,1.0694491,86.72,0.1621651,-0.1818182,7.59,1.05,.33,0.0104103,0.0032656,0.0140205,.44,1.49,98.82,13.56,.99,1.33,3.8399089,0.0,125.8394861,6.87,10.28,3.26,,"704,994,240.",150.,"4,783,294.81",3.06,20.76,389.8634636,1.2876276,-18.5487244,250.759621,25.38,67.2,189.2,149.09,29.5,44.97,169.,48.81,.71,-1.02,-1.1,-.22,-.56,"98,804,475.",5.72,,"80,001,294,000."
N085061,A093230,이아이디,(주)이아이디,175211-0014707,513-81-27033,2002-06-27,2007-11-01,,외감,12.0,중소기업,,이화전기공업,N25501.판매업체,G00000.도매 및 소매업(45~47),G46000.도매 및 상품 중개업,코스피,"기업의 계속성, 경영의 투명성 및 기타 공익과 투자자 보호 등을 종합적으로 고려하여 상장폐지 기준에 해당한다고 결정",기업의계속성_경영의투명성종합판단,2020,0.06728,-2.1693729,-49.1886598,6.73,0.1715627,-0.1481482,11.1,-1.05,-13.58,-0.008055,-0.1041246,-0.0121782,-15.74,2.98,112.04,-0.37,.77,1.16,2.2638406,0.0,171.1309808,7.6,5.21,3.55,,"435,866,390.",90.,"7,255,820.54",-8.77,-145.97,291.7407755,-38.1372509,-35.0512252,198.8590338,-.57,65.18,154.61,127.47,22.72,49.69,272.3,53.42,-0.35,-220.64,-328.55,-12.52,-25.1,"-731,672,600.",-18.76,,"205,252,079,000."
N085061,A093230,이아이디,(주)이아이디,175211-0014707,513-81-27033,2002-06-27,2007-11-01,,외감,12.0,중소기업,,이화전기공업,N25501.판매업체,G00000.도매 및 소매업(45~47),G46000.도매 및 상품 중개업,코스피,"기업의 계속성, 경영의 투명성 및 기타 공익과 투자자 보호 등을 종합적으로 고려하여 상장폐지 기준에 해당한다고 결정",기업의계속성_경영의투명성종합판단,2021,0.7505676,-10.81225,1.2628563,75.06,0.3463146,0.1304348,0.35,-9.22,2.65,-0.0550456,0.0158342,-0.101301,2.91,1.91,97.75,12.15,.6,1.1,1.3074344,0.0,96.5364599,18.53,5.17,-11.51,,"47,613,250.",.,"11,577,781.46",6.23,"1,514.51",275.3145365,5.9584794,-13.553821,267.0917052,33.55,49.62,70.6,68.03,16.6,,230.17,101.52,-4.83,8.3,8.55,3.31,12.04,,15.33,11.1,"225,852,507,000."
N085061,A093230,이아이디,(주)이아이디,175211-0014707,513-81-27033,2002-06-27,2007-11-01,,외감,12.0,중소기업,,이화전기공업,N25501.판매업체,G00000.도매 및 소매업(45~47),G46000.도매 및 상품 중개업,코스피,"기업의 계속성, 경영의 투명성 및 기타 공익과 투자자 보호 등을 종합적으로 고려하여 상장폐지 기준에 해당한다고 결정",기업의계속성_경영의투명성종합판단,2022,-0.2945967,0.3739613,-17.8610917,,0.2101474,0.2307692,4.75,-4.77,-36.96,-0.0236558,-0.1832722,-0.0584294,-45.27,6.75,134.82,25.78,.5,,0.8333026,0.0,193.2578709,,,-1.83,,"48,571,030.",.,"13,340,393.47",,,,,,,691.61,32.11,,,5.8,,104.33,,,-46.07,-60.15,-26.59,-76.2,,,,"519,321,207,000."
N085061,A093230,이아이디,(주)이아이디,175211-0014707,513-81-27033,2002-06-27,2007-11-01,,외감,12.0,중소기업,,이화전기공업,N25501.판매업체,G00000.도매 및 소매업(45~47),G46000.도매 및 상품 중개업,코스피,"기업의 계속성, 경영의 투명성 및 기타 공익과 투자자 보호 등을 종합적으로 고려하여 상장폐지 기준에 해당한다고 결정",기업의계속성_경영의투명성종합판단,2023,0.2348487,0.4626149,0.0638268,23.48,0.0387425,-0.40625,6.5,-2.47,-33.31,-0.0133453,-0.180118,-0.0339671,-45.84,5.63,129.71,34.28,.54,1.38,0.8907679,0.0,178.3463607,8.17,5.36,-1.96,,"76,274,180.",.,"17,599,553.5",,,1632.3109688,-544.1434614,,830.5649119,315.24,47.98,72.66,62.81,25.41,,145.85,108.41,-0.44,-176.88,-206.94,-45.05,-100.95,,,,"566,212,896,000."
N085061,A093230,이아이디,(주)이아이디,175211-0014707,513-81-27033,2002-06-27,2007-11-01,,외감,12.0,중소기업,,이화전기공업,N25501.판매업체,G00000.도매 및 소매업(45~47),G46000.도매 및 상품 중개업,코스피,"기업의 계속성, 경영의 투명성 및 기타 공익과 투자자 보호 등을 종합적으로 고려하여 상장폐지 기준에 해당한다고 결정",기업의계속성_경영의투명성종합판단,2024,-0.1090397,1.4055808,0.8811018,-10.9,-0.0986657,0.0,8.01,1.11,-4.39,0.0072791,-0.0288007,0.0131852,-5.22,3.62,103.22,48.99,.66,1.19,1.4634297,0.0,1139.0290574,19.53,6.92,-3.68,,"58,722,870.",.,"12,390,203.87",,,990.6888733,-48.6871559,-126.8004252,779.9014232,289.91,66.43,27.21,25.03,5.33,,754.7,50.53,0.31,-52.6,-67.18,-8.26,-11.67,,,,"467,831,375,000."
N168789,A094190,이엘케이,이엘케이(주),160111-0081614,306-81-35105,1999-04-28,2007-10-29,2020-05-22,폐업,12.0,중소기업,,이엘케이,N45301.반도체 및 반도체장비,C00000.제조업(10~34),"C26000.전자 부품, 컴퓨터, 영상, 음향 및 통신장비 제조업",코스닥,감사의견 거절(감사범위 제한 및 계속기업 존속능력에 대한 불확실성),감사의견거절,2014,0.105103,1.2751555,1.0369397,10.51,0.2008453,-0.0697674,8.51,3.38,0.44,0.0380789,0.0049772,0.1175673,1.54,2.28,99.28,32.87,1.13,3.47,1.6642381,0.0,457.0702968,4.49,9.35,-9.25,,"219,154,460.","84,224,940.","652,097.32",,,19648.094608,86.9112004,2043.7513596,5935.5965656,"1,087.12",35.9,80.31,38.92,10.04,,214.87,178.58,1.49,5.51,6.61,3.22,2.76,,,,"323,294,269,000."
N168789,A094190,이엘케이,이엘케이(주),160111-0081614,306-81-35105,1999-04-28,2007-10-29,2020-05-22,폐업,12.0,중소기업,,이엘케이,N45301.반도체 및 반도체장비,C00000.제조업(10~34),"C26000.전자 부품, 컴퓨터, 영상, 음향 및 통신장비 제조업",코스닥,감사의견 거절(감사범위 제한 및 계속기업 존속능력에 대한 불확실성),감사의견거절,2015,-0.317775,-2.2517996,-23.7596914,-31.78,-0.3579226,-0.1645833,0.39,-6.6,-15.68,-0.0561893,-0.1335332,-0.166651,-39.6,2.92,113.52,27.77,0.85,2.53,1.2848458,0.0,494.1002209,4.12,6.77,-10.41,,"228,524,880.","82,229,730.","669,155.13",,,11265.9757423,-1977.2528176,1266.8309312,4143.6104355,726.34,30.96,91.14,57.57,13.59,,267.01,222.99,-2.26,-17.63,-21.92,-11.12,-12.0,,,,"290,942,661,000."
N168789,A094190,이엘케이,이엘케이(주),160111-0081614,306-81-35105,1999-04-28,2007-10-29,2020-05-22,폐업,12.0,중소기업,,이엘케이,N45301.반도체 및 반도체장비,C00000.제조업(10~34),"C26000.전자 부품, 컴퓨터, 영상, 음향 및 통신장비 제조업",코스닥,감사의견 거절(감사범위 제한 및 계속기업 존속능력에 대한 불확실성),감사의견거절,2016,-0.7628341,-2.4770375,-1.0615355,-76.28,-0.2133256,-0.1571072,-18.41,-29.16,-41.09,-0.2461355,-0.3468099,-1.1549037,-162.73,3.36,135.94,1.55,0.84,3.96,1.0726401,0.0,318.0379314,5.16,5.42,-5.18,,"193,100,450.","67,120,150.","616,452.56",,,6600.6087259,-2946.0699552,-518.7395294,551.9697686,18.31,9.21,63.08,45.53,5.02,,124.4,985.76,-8.67,-45.74,-63.88,-38.87,-39.72,,,,"230,133,595,000."
N168789,A094190,이엘케이,이엘케이(주),160111-0081614,306-81-35105,1999-04-28,2007-10-29,2020-05-22,폐업,12.0,중소기업,,이엘케이,N45301.반도체 및 반도체장비,C00000.제조업(10~34),"C26000.전자 부품, 컴퓨터, 영상, 음향 및 통신장비 제조업",코스닥,감사의견 거절(감사범위 제한 및 계속기업 존속능력에 대한 불확실성),감사의견거절,2017,1.3436609,0.9564258,0.8943632,134.37,0.4378507,0.1065089,5.39,-0.88,-3.02,-0.0128958,-0.0440506,-0.0785106,-26.82,2.23,102.79,5.01,1.46,8.88,1.7460114,0.0,375.4174573,7.15,7.32,-6.0,,"129,068,230.","35,529,740.","450,024.05",,,4870.9717206,-153.290746,-265.1055025,603.5836738,24.37,24.67,76.86,39.8,1.28,,138.48,305.3,-.4,-4.61,-6.52,-3.22,-2.04,,,,"183,475,255,000."
N168789,A094190,이엘케이,이엘케이(주),160111-0081614,306-81-35105,1999-04-28,2007-10-29,2020-05-22,폐업,12.0,중소기업,,이엘케이,N45301.반도체 및 반도체장비,C00000.제조업(10~34),"C26000.전자 부품, 컴퓨터, 영상, 음향 및 통신장비 제조업",코스닥,감사의견 거절(감사범위 제한 및 계속기업 존속능력에 대한 불확실성),감사의견거절,2018,-0.5235555,-6.4270294,-3.0208857,-52.36,-0.2189206,-0.3903743,-0.74,-8.4,-15.54,-0.1146858,-0.2120897,-0.5634481,-104.2,2.74,115.11,-12.7,1.36,6.71,1.7135586,0.0,996.4177613,4.64,8.1,-6.48,,"159,499,540.","26,647,330.","577,904.69",,,2830.7722519,-453.6645296,129.0295882,253.2331753,-45.54,14.89,66.53,25.22,1.96,,61.67,571.8,-3.07,-42.01,-56.64,-39.11,-22.45,,,,"160,513,687,000."
N168789,A094190,이엘케이,이엘케이(주),160111-0081614,306-81-35105,1999-04-28,2007-10-29,2020-05-22,폐업,12.0,중소기업,,이엘케이,N45301.반도체 및 반도체장비,C00000.제조업(10~34),"C26000.전자 부품, 컴퓨터, 영상, 음향 및 통신장비 제조업",코스닥,감사의견 거절(감사범위 제한 및 계속기업 존속능력에 대한 불확실성),감사의견거절,2019,-3.6204436,-2.1687713,-1.120171,,-0.7449141,-0.5614035,-81.58,-104.39,-129.16,-0.5726522,-0.708567,3.4144102,,3.29,222.23,-151.19,.55,,0.4697869,0.0,1186.9037954,2.17,4.91,-.92,,"277,474,570.","15,989,860.","733,354.77",,,693.1632896,-892.690839,31.3124526,-684.9078241,-232.22,,21.93,17.,3.05,,12.78,,-31.74,-63.97,-85.04,-146.98,-118.04,,,,"126,761,952,000."
N168789,A094190,이엘케이,이엘케이(주),160111-0081614,306-81-35105,1999-04-28,2007-10-29,2020-05-22,폐업,12.0,중소기업,,이엘케이,N45301.반도체 및 반도체장비,C00000.제조업(10~34),"C26000.전자 부품, 컴퓨터, 영상, 음향 및 통신장비 제조업",코스닥,감사의견 거절(감사범위 제한 및 계속기업 존속능력에 대한 불확실성),감사의견거절,2020,,,,,,,-14.33,-37.93,-20.66,,,,,.,116.5,-302.98,.5,,,4.008130575,5.405164386,,,-.23,,"333,935,420.","12,386,610.",,,,,,,,-254.01,,,,1.88,,4.63,,,-3.48,-4.51,-10.21,-17.26,,,,"55,547,184,000."
N168789,A094190,이엘케이,이엘케이(주),160111-0081614,306-81-35105,1999-04-28,2007-10-29,2020-05-22,폐업,12.0,중소기업,,이엘케이,N45301.반도체 및 반도체장비,C00000.제조업(10~34),"C26000.전자 부품, 컴퓨터, 영상, 음향 및 통신장비 제조업",코스닥,감사의견 거절(감사범위 제한 및 계속기업 존속능력에 대한 불확실성),감사의견거절,2021,,,,,,,-11.46,-54.12,-48.72,,,,,.,141.25,-347.96,.25,,,0.269217513,0.27830802,,,-.1,,"186,231,830.","7,579,880.",,,,,,,,-263.66,,,,1.03,,2.01,,,-3.54,-4.6,-11.56,-44.23,,,,"27,402,336,000."
N168789,A094190,이엘케이,이엘케이(주),160111-0081614,306-81-35105,1999-04-28,2007-10-29,2020-05-22,폐업,12.0,중소기업,,이엘케이,N45301.반도체 및 반도체장비,C00000.제조업(10~34),"C26000.전자 부품, 컴퓨터, 영상, 음향 및 통신장비 제조업",코스닥,감사의견 거절(감사범위 제한 및 계속기업 존속능력에 대한 불확실성),감사의견거절,2022,,,,,,,-5.7,-20.,208.41,,,,,50.75,59.46,-288.23,.84,,,0.0,0.0,,,-.44,,"9,038,570.","7,959,200.",,,,,,,,"-1,460.8",,,,1.66,61.84,13.54,,,109.31,118.3,345.42,224.91,,,,"2,492,713,000."
N168789,A094190,이엘케이,이엘케이(주),160111-0081614,306-81-35105,1999-04-28,2007-10-29,2020-05-22,폐업,12.0,중소기업,,이엘케이,N45301.반도체 및 반도체장비,C00000.제조업(10~34),"C26000.전자 부품, 컴퓨터, 영상, 음향 및 통신장비 제조업",코스닥,감사의견 거절(감사범위 제한 및 계속기업 존속능력에 대한 불확실성),감사의견거절,2023,,,,,,,9.95,-27.11,3.87,,,,,1.45,97.19,-262.31,.95,,,0.0,135.4539137,,,-.52,,"13,566,310.","12,434,630.",,,,,,,,"-1,441.11",,,,1.15,115.12,15.4,,,2.08,2.31,6.09,3.68,,,,"4,537,903,000."
N168789,A094190,이엘케이,이엘케이(주),160111-0081614,306-81-35105,1999-04-28,2007-10-29,2020-05-22,폐업,12.0,중소기업,,이엘케이,N45301.반도체 및 반도체장비,C00000.제조업(10~34),"C26000.전자 부품, 컴퓨터, 영상, 음향 및 통신장비 제조업",코스닥,감사의견 거절(감사범위 제한 및 계속기업 존속능력에 대한 불확실성),감사의견거절,2024,,,,,,,15.85,-10.3,-8.28,,,,,3.08,107.79,-156.74,2.23,,,4.590038841,9.108351308,,,10.46,,"14,199,100.","13,397,800.",,,,,,,,-416.7,,,,7.22,125.04,349.69,,,-3.72,-4.1,-12.61,-5.29,,,,"4,919,025,000."
N413208,A095300,엔에스브이,(주)엔에스브이,180111-0158419,601-81-24992,1994-06-15,2009-04-17,2017-09-12,폐업,12.0,중소기업,,,N20106.기계,C00000.제조업(10~34),C29000.기타 기계 및 장비 제조업,코스닥,"감사의견 거절(내부회계관리제도상의 취약점, 계속기업가정의 불확실성 및 재고자산 관련 감사범위 제한)",감사의견거절,2014,-0.0264458,0.6133349,0.5065722,-2.64,-0.1793028,-0.0670732,,,,-0.0473249,-0.0783455,-0.1281387,,,,,,2.11,1.2339864,,,2.32,3.68,,,,,"342,029.71",,,,-464.3829346,,2230.9104917,,,124.36,50.3,,,,174.3,-1.76,,,,,,,,
N413208,A095300,엔에스브이,(주)엔에스브이,180111-0158419,601-81-24992,1994-06-15,2009-04-17,2017-09-12,폐업,12.0,중소기업,,,N20106.기계,C00000.제조업(10~34),C29000.기타 기계 및 장비 제조업,코스닥,"감사의견 거절(내부회계관리제도상의 취약점, 계속기업가정의 불확실성 및 재고자산 관련 감사범위 제한)",감사의견거절,2015,-0.2846388,-2.8800669,-1.8287807,-28.46,-0.3129705,-0.1372549,-11.58,-34.34,-41.45,-0.2504349,-0.3022587,-0.7044547,-85.02,4.03,141.34,23.03,0.73,2.05,1.1314491,,,3.19,4.06,-3.86,,,,"343,461.19",,,2652.3437439,-1165.6910277,77.8010546,1204.3858258,152.27,35.55,67.72,28.74,.6,,167.54,181.29,-8.52,,,,,,,,
N413208,A095300,엔에스브이,(주)엔에스브이,180111-0158419,601-81-24992,1994-06-15,2009-04-17,2017-09-12,폐업,12.0,중소기업,,,N20106.기계,C00000.제조업(10~34),C29000.기타 기계 및 장비 제조업,코스닥,"감사의견 거절(내부회계관리제도상의 취약점, 계속기업가정의 불확실성 및 재고자산 관련 감사범위 제한)",감사의견거절,2016,0.2073117,0.9957646,0.9424093,20.73,-0.3958376,-0.1893939,,,,-0.0010834,-0.0177789,-0.0027035,,,,,,1.12,0.7508638,,,1.79,3.21,,,,,"351,100.25",,,,-55.8690362,,1320.0216226,,,89.36,33.86,,,,123.25,-.06,,,,,,,,
N413208,A095300,엔에스브이,(주)엔에스브이,180111-0158419,601-81-24992,1994-06-15,2009-04-17,2017-09-12,폐업,12.0,중소기업,,,N20106.기계,C00000.제조업(10~34),C29000.기타 기계 및 장비 제조업,코스닥,"감사의견 거절(내부회계관리제도상의 취약점, 계속기업가정의 불확실성 및 재고자산 관련 감사범위 제한)",감사의견거절,2017,,,,,,,,,,,,,,,,,,,,,,,,,,,,,,,,,,,,,,,,,,,,,,,,,,,
N413208,A095300,엔에스브이,(주)엔에스브이,180111-0158419,601-81-24992,1994-06-15,2009-04-17,2017-09-12,폐업,12.0,중소기업,,,N20106.기계,C00000.제조업(10~34),C29000.기타 기계 및 장비 제조업,코스닥,"감사의견 거절(내부회계관리제도상의 취약점, 계속기업가정의 불확실성 및 재고자산 관련 감사범위 제한)",감사의견거절,2018,,,,,,,,,,,,,,,,,,,,,,,,,,,,,,,,,,,,,,,,,,,,,,,,,,,
N413208,A095300,엔에스브이,(주)엔에스브이,180111-0158419,601-81-24992,1994-06-15,2009-04-17,2017-09-12,폐업,12.0,중소기업,,,N20106.기계,C00000.제조업(10~34),C29000.기타 기계 및 장비 제조업,코스닥,"감사의견 거절(내부회계관리제도상의 취약점, 계속기업가정의 불확실성 및 재고자산 관련 감사범위 제한)",감사의견거절,2019,,,,,,,,,,,,,,,,,,,,,,,,,,,,,,,,,,,,,,,,,,,,,,,,,,,
N413208,A095300,엔에스브이,(주)엔에스브이,180111-0158419,601-81-24992,1994-06-15,2009-04-17,2017-09-12,폐업,12.0,중소기업,,,N20106.기계,C00000.제조업(10~34),C29000.기타 기계 및 장비 제조업,코스닥,"감사의견 거절(내부회계관리제도상의 취약점, 계속기업가정의 불확실성 및 재고자산 관련 감사범위 제한)",감사의견거절,2020,,,,,,,,,,,,,,,,,,,,,,,,,,,,,,,,,,,,,,,,,,,,,,,,,,,
N413208,A095300,엔에스브이,(주)엔에스브이,180111-0158419,601-81-24992,1994-06-15,2009-04-17,2017-09-12,폐업,12.0,중소기업,,,N20106.기계,C00000.제조업(10~34),C29000.기타 기계 및 장비 제조업,코스닥,"감사의견 거절(내부회계관리제도상의 취약점, 계속기업가정의 불확실성 및 재고자산 관련 감사범위 제한)",감사의견거절,2021,,,,,,,,,,,,,,,,,,,,,,,,,,,,,,,,,,,,,,,,,,,,,,,,,,,
N413208,A095300,엔에스브이,(주)엔에스브이,180111-0158419,601-81-24992,1994-06-15,2009-04-17,2017-09-12,폐업,12.0,중소기업,,,N20106.기계,C00000.제조업(10~34),C29000.기타 기계 및 장비 제조업,코스닥,"감사의견 거절(내부회계관리제도상의 취약점, 계속기업가정의 불확실성 및 재고자산 관련 감사범위 제한)",감사의견거절,2022,,,,,,,,,,,,,,,,,,,,,,,,,,,,,,,,,,,,,,,,,,,,,,,,,,,
N413208,A095300,엔에스브이,(주)엔에스브이,180111-0158419,601-81-24992,1994-06-15,2009-04-17,2017-09-12,폐업,12.0,중소기업,,,N20106.기계,C00000.제조업(10~34),C29000.기타 기계 및 장비 제조업,코스닥,"감사의견 거절(내부회계관리제도상의 취약점, 계속기업가정의 불확실성 및 재고자산 관련 감사범위 제한)",감사의견거절,2023,,,,,,,,,,,,,,,,,,,,,,,,,,,,,,,,,,,,,,,,,,,,,,,,,,,
N413208,A095300,엔에스브이,(주)엔에스브이,180111-0158419,601-81-24992,1994-06-15,2009-04-17,2017-09-12,폐업,12.0,중소기업,,,N20106.기계,C00000.제조업(10~34),C29000.기타 기계 및 장비 제조업,코스닥,"감사의견 거절(내부회계관리제도상의 취약점, 계속기업가정의 불확실성 및 재고자산 관련 감사범위 제한)",감사의견거절,2024,,,,,,,,,,,,,,,,,,,,,,,,,,,,,,,,,,,,,,,,,,,,,,,,,,,
N159784,A096040,이트론,이트론(주),110111-1803976,105-86-04644,1999-11-08,2008-01-25,,외감,12.0,중소기업,,이화전기공업,N25501.판매업체,G00000.도매 및 소매업(45~47),G46000.도매 및 상품 중개업,코스닥,기업의 계속성 및 경영의 투명성 등을 종합적으로 고려하여 상장폐지기준에 해당한다고 결정,기업의계속성_경영의투명성종합판단,2014,0.3146994,-0.9154086,-4.9892914,31.47,0.0494867,,21.56,.58,-8.79,0.0035442,-0.0535079,0.0050452,-7.62,2.2,104.4,48.63,.61,0.87,2.0452756,0.899023519,0.997142046,10.29,3.35,1.49,,"31,763,980.",.,"788,716.48",7.52,186.83,,-59.8567081,,555.5252442,177.76,75.99,537.05,484.21,214.21,12.09,139.31,31.59,.26,-19.44,-39.15,-4.67,-8.05,,12.37,118.35,"49,133,950,000."
N159784,A096040,이트론,이트론(주),110111-1803976,105-86-04644,1999-11-08,2008-01-25,,외감,12.0,중소기업,,이화전기공업,N25501.판매업체,G00000.도매 및 소매업(45~47),G46000.도매 및 상품 중개업,코스닥,기업의 계속성 및 경영의 투명성 등을 종합적으로 고려하여 상장폐지기준에 해당한다고 결정,기업의계속성_경영의투명성종합판단,2015,0.0936201,-38.3211558,-2.9323109,9.36,0.097125,-0.0204082,6.69,-19.81,-31.52,-0.1190531,-0.1893783,-0.1583434,-25.19,1.15,130.09,30.22,.6,0.8,2.4214419,0.855982604,0.95013248,9.28,3.61,1.29,,"32,140,050.","2,916,670.","894,563.5",-9.99,-278.06,,-110.5847989,,336.600864,68.3,74.46,261.5,235.59,112.66,16.04,130.15,34.29,-17.18,-68.66,-157.74,-17.53,-30.78,"-3,064.1",-16.63,-82.36,"45,294,013,000."
N159784,A096040,이트론,이트론(주),110111-1803976,105-86-04644,1999-11-08,2008-01-25,,외감,12.0,중소기업,,이화전기공업,N25501.판매업체,G00000.도매 및 소매업(45~47),G46000.도매 및 상품 중개업,코스닥,기업의 계속성 및 경영의 투명성 등을 종합적으로 고려하여 상장폐지기준에 해당한다고 결정,기업의계속성_경영의투명성종합판단,2016,0.4964603,0.5482828,-0.2048076,49.65,-0.0638684,0.1041667,6.39,-9.56,-40.57,-0.0447457,-0.1898419,-0.0548496,-23.27,.59,132.9,24.52,.47,0.57,2.540544,0.512560014,0.543005335,8.58,2.72,.83,,"30,384,580.","2,641,510.","973,716.12",-11.25,-360.65,,-87.4261818,,278.3081984,39.15,87.14,635.37,599.75,370.71,6.65,153.31,14.75,-16.26,-127.91,,-16.45,-39.44,"-4,148.47",-24.05,-37.07,"57,919,896,000."
N159784,A096040,이트론,이트론(주),110111-1803976,105-86-04644,1999-11-08,2008-01-25,,외감,12.0,중소기업,,이화전기공업,N25501.판매업체,G00000.도매 및 소매업(45~47),G46000.도매 및 상품 중개업,코스닥,기업의 계속성 및 경영의 투명성 등을 종합적으로 고려하여 상장폐지기준에 해당한다고 결정,기업의계속성_경영의투명성종합판단,2017,-0.0346081,1.0927888,0.8097661,-3.46,-0.3556091,-0.5471698,12.26,1.38,-11.98,0.0038597,-0.0335724,0.00432,-3.76,.,95.8,23.45,.28,0.31,2.6310811,0.325653977,0.33092311,9.15,1.82,.37,,"58,443,790.",.,"2,313,104.27",1.89,74.62,,-10.2767721,,268.6764891,34.34,91.75,"1,094.33","1,076.9",769.48,1.75,179.74,9.,,-38.91,,-3.21,-10.96,,6.73,99.79,"53,109,109,000."
N159784,A096040,이트론,이트론(주),110111-1803976,105-86-04644,1999-11-08,2008-01-25,,외감,12.0,중소기업,,이화전기공업,N25501.판매업체,G00000.도매 및 소매업(45~47),G46000.도매 및 상품 중개업,코스닥,기업의 계속성 및 경영의 투명성 등을 종합적으로 고려하여 상장폐지기준에 해당한다고 결정,기업의계속성_경영의투명성종합판단,2018,-0.0842334,-21.6902976,-2.3448263,-8.42,-0.4557246,0.7916667,5.86,-52.34,-73.59,-0.0885429,-0.124507,-0.0949836,-13.36,.,168.5,-7.16,.17,0.18,2.4949709,0.529939732,0.546027746,13.75,1.61,.3,,"27,104,380.",.,"1,164,393.26",-7.27,-312.27,,-28.9859434,,185.9627202,-7.02,94.88,669.62,649.89,338.4,3.46,151.6,5.39,,-256.46,,-13.13,-72.88,,-42.97,-77.94,"47,028,711,000."
N159784,A096040,이트론,이트론(주),110111-1803976,105-86-04644,1999-11-08,2008-01-25,,외감,12.0,중소기업,,이화전기공업,N25501.판매업체,G00000.도매 및 소매업(45~47),G46000.도매 및 상품 중개업,코스닥,기업의 계속성 및 경영의 투명성 등을 종합적으로 고려하여 상장폐지기준에 해당한다고 결정,기업의계속성_경영의투명성종합판단,2019,0.4653553,0.4731578,0.4939324,46.54,2.4213445,0.3023256,9.22,-8.06,-26.1,-0.0222645,-0.0300978,-0.0357216,-11.59,1.28,123.86,-4.42,.28,0.44,0.7333346,0.0,0.0,8.6,2.39,.69,,"21,202,090.",.,"1,356,535.81",-4.59,-293.41,101.3632529,-11.0431235,-37.3716807,187.0259284,-6.62,62.29,622.87,580.71,264.19,8.06,195.09,60.44,-6.28,-19.08,-23.87,-7.19,-26.02,,-12.02,301.69,"104,806,863,000."
N159784,A096040,이트론,이트론(주),110111-1803976,105-86-04644,1999-11-08,2008-01-25,,외감,12.0,중소기업,,이화전기공업,N25501.판매업체,G00000.도매 및 소매업(45~47),G46000.도매 및 상품 중개업,코스닥,기업의 계속성 및 경영의 투명성 등을 종합적으로 고려하여 상장폐지기준에 해당한다고 결정,기업의계속성_경영의투명성종합판단,2020,0.1017443,1.1927375,-1.8960028,10.17,0.4267655,0.1785714,12.67,1.09,-36.82,0.0041533,-0.0843614,0.0065516,-22.19,8.82,136.35,-20.52,.38,0.6,1.0421314,0.0,50.4533106,8.59,3.4,1.26,,"23,324,810.",.,"1,650,272.48",,,117.8750492,-26.0663163,7.6343933,151.7839503,-24.17,64.37,160.12,144.4,35.76,26.15,93.21,55.3,0.12,-37.65,-65.76,-13.29,-36.27,,,,"104,807,009,000."
N159784,A096040,이트론,이트론(주),110111-1803976,105-86-04644,1999-11-08,2008-01-25,,외감,12.0,중소기업,,이화전기공업,N25501.판매업체,G00000.도매 및 소매업(45~47),G46000.도매 및 상품 중개업,코스닥,기업의 계속성 및 경영의 투명성 등을 종합적으로 고려하여 상장폐지기준에 해당한다고 결정,기업의계속성_경영의투명성종합판단,2021,-0.0327399,-9.4650837,0.4301082,-3.27,-0.0322035,0.1212121,11.63,-9.52,-40.74,-0.0295514,-0.0404104,-0.0537794,-22.95,4.22,132.04,-24.24,.31,0.56,0.6888495,0.0,54.9822554,5.81,3.87,2.64,,"25,391,930.","1,476,130.","1,755,927.53",,,76.5212695,-9.9643346,-4.5781815,131.9849766,-33.62,47.86,108.4,98.56,22.33,117.16,96.44,109.58,-2.26,-18.47,-24.17,-9.57,-35.25,,,,"111,812,007,000."
N159784,A096040,이트론,이트론(주),110111-1803976,105-86-04644,1999-11-08,2008-01-25,,외감,12.0,중소기업,,이화전기공업,N25501.판매업체,G00000.도매 및 소매업(45~47),G46000.도매 및 상품 중개업,코스닥,기업의 계속성 및 경영의 투명성 등을 종합적으로 고려하여 상장폐지기준에 해당한다고 결정,기업의계속성_경영의투명성종합판단,2022,0.0886533,0.9753208,-4.8018954,8.87,0.7883097,-0.0540541,14.63,-1.01,-64.2,-0.0005717,-0.183782,-0.0012924,-66.53,8.23,158.34,-36.27,.44,0.98,0.7800713,0.0,59.7331952,8.1,6.12,-20.8,,"31,007,920.","2,733,070.","2,184,930.18",,,121.3673296,-51.8997628,,113.0431364,-49.59,38.8,90.94,79.9,12.96,,91.63,141.23,-.02,-56.19,-101.42,-32.01,-87.83,,,,"146,434,778,000."
N159784,A096040,이트론,이트론(주),110111-1803976,105-86-04644,1999-11-08,2008-01-25,,외감,12.0,중소기업,,이화전기공업,N25501.판매업체,G00000.도매 및 소매업(45~47),G46000.도매 및 상품 중개업,코스닥,기업의 계속성 및 경영의 투명성 등을 종합적으로 고려하여 상장폐지기준에 해당한다고 결정,기업의계속성_경영의투명성종합판단,2023,0.4214619,-6.763561,0.3520016,42.15,-0.586314,-0.0571429,8.01,-18.89,-100.56,-0.0375661,-0.1999965,-0.0678981,-36.15,17.06,142.09,-72.04,.2,0.36,0.4451969,0.0,299.9458733,3.44,2.65,35.25,,"18,353,480.","1,243,950.","1,973,273.21",,,37.5653498,-37.308048,,102.6803728,-48.66,78.99,192.11,146.78,66.37,49.22,117.82,26.6,-1.11,-200.88,"-2,295.95",-25.11,-92.36,,,,"175,302,853,000."
N159784,A096040,이트론,이트론(주),110111-1803976,105-86-04644,1999-11-08,2008-01-25,,외감,12.0,중소기업,,이화전기공업,N25501.판매업체,G00000.도매 및 소매업(45~47),G46000.도매 및 상품 중개업,코스닥,기업의 계속성 및 경영의 투명성 등을 종합적으로 고려하여 상장폐지기준에 해당한다고 결정,기업의계속성_경영의투명성종합판단,2024,-0.0069839,0.00606,0.9228821,-0.7,-0.4504992,-0.0909091,15.87,-34.17,-14.11,-0.04595,-0.0189804,-0.0576832,-2.38,.48,118.38,-75.91,.13,0.17,0.661186,0.0,56.5050293,2.8,2.81,.58,,"5,140.",570.,"1,712,644.36",,,17.9491838,-2.887022,-0.6578676,99.8875881,-50.06,80.34,354.56,327.87,28.38,10.49,117.57,24.47,-70.89,-74.82,-389.67,-4.6,-27.33,,,,"122,410,210,000."
N171045,A096640,멜파스,(주)멜파스,110111-1870347,119-81-35461,2000-02-02,2009-12-18,2023-07-17,외감,12.0,중소기업,,,N45301.반도체 및 반도체장비,C00000.제조업(10~34),"C26000.전자 부품, 컴퓨터, 영상, 음향 및 통신장비 제조업",코스닥,기업의 계속성 및 경영의 투명성 등을 종합적으로 고려하여 상장폐지기준에 해당한다고 결정,기업의계속성_경영의투명성종합판단,2014,-0.188766,-7.7271044,-0.7136678,-18.88,-0.6577114,-0.2706271,1.64,-7.89,-10.13,-0.0792749,-0.1017817,-0.1620645,-20.81,1.2,111.88,52.38,1.,2.05,1.9662883,2.768421499,4.723878043,4.36,10.48,23.08,,"417,130,040.","105,002,360.","1,224,739.5",,,,-1532.4448796,,6597.2710581,"1,271.53",54.36,99.11,58.08,32.85,,80.3,83.97,-6.56,-17.01,-21.08,-7.76,-6.23,,,,"218,188,128,000."
N171045,A096640,멜파스,(주)멜파스,110111-1870347,119-81-35461,2000-02-02,2009-12-18,2023-07-17,외감,12.0,중소기업,,,N45301.반도체 및 반도체장비,C00000.제조업(10~34),"C26000.전자 부품, 컴퓨터, 영상, 음향 및 통신장비 제조업",코스닥,기업의 계속성 및 경영의 투명성 등을 종합적으로 고려하여 상장폐지기준에 해당한다고 결정,기업의계속성_경영의투명성종합판단,2015,-0.3571815,0.4273141,-0.4465253,-35.72,-0.4709163,-0.1719457,6.37,-8.54,-27.7,-0.0660088,-0.2140651,-0.1261372,-40.91,1.87,126.13,48.61,.77,1.48,1.6209652,2.513398776,5.055100929,4.14,12.85,-186.4,,"356,808,520.","49,305,520.","1,017,266.48",-8.1,-23.1,,-2216.720269,,4240.8476182,833.59,49.46,98.86,49.15,13.07,,117.54,102.17,-4.57,-45.69,-53.14,-23.09,-24.74,-167.16,-10.49,-82.54,"154,131,402,000."
N171045,A096640,멜파스,(주)멜파스,110111-1870347,119-81-35461,2000-02-02,2009-12-18,2023-07-17,외감,12.0,중소기업,,,N45301.반도체 및 반도체장비,C00000.제조업(10~34),"C26000.전자 부품, 컴퓨터, 영상, 음향 및 통신장비 제조업",코스닥,기업의 계속성 및 경영의 투명성 등을 종합적으로 고려하여 상장폐지기준에 해당한다고 결정,기업의계속성_경영의투명성종합판단,2016,0.2440872,1.0777887,1.033676,24.41,-0.4207207,0.0,23.58,1.15,1.61,0.006237,0.0087564,0.0111743,1.57,2.4,100.33,60.3,.54,0.97,1.2305248,1.602266362,3.013569864,3.14,7.97,12.07,,"291,662,430.","18,632,490.","837,481.23",11.39,32.71,,67.4542019,,4461.8943997,864.62,62.24,138.54,73.66,7.88,168.36,144.96,60.67,.48,8.59,10.28,3.24,5.93,512.07,20.95,65.83,"152,386,728,000."
N171045,A096640,멜파스,(주)멜파스,110111-1870347,119-81-35461,2000-02-02,2009-12-18,2023-07-17,외감,12.0,중소기업,,,N45301.반도체 및 반도체장비,C00000.제조업(10~34),"C26000.전자 부품, 컴퓨터, 영상, 음향 및 통신장비 제조업",코스닥,기업의 계속성 및 경영의 투명성 등을 종합적으로 고려하여 상장폐지기준에 해당한다고 결정,기업의계속성_경영의투명성종합판단,2017,-0.2710714,-29.9740721,-24.502563,-27.11,-0.3298484,-0.3169399,-19.73,-49.6,-56.48,-0.2030644,-0.231253,-0.3377866,-38.47,3.01,155.86,54.98,.41,0.68,1.0265496,1.343484332,1.519480697,3.83,7.06,22.86,,"303,340,770.","5,539,870.","1,091,113.73",-13.53,-48.69,,-1483.7555607,,3252.4025915,622.72,57.43,81.27,71.86,2.62,,84.56,74.14,-16.5,-56.89,-66.27,-24.22,-52.22,"-2,665.81",-33.06,-61.03,"120,391,705,000."
N171045,A096640,멜파스,(주)멜파스,110111-1870347,119-81-35461,2000-02-02,2009-12-18,2023-07-17,외감,12.0,중소기업,,,N45301.반도체 및 반도체장비,C00000.제조업(10~34),"C26000.전자 부품, 컴퓨터, 영상, 음향 및 통신장비 제조업",코스닥,기업의 계속성 및 경영의 투명성 등을 종합적으로 고려하여 상장폐지기준에 해당한다고 결정,기업의계속성_경영의투명성종합판단,2018,-0.4534916,0.5306281,0.0203078,-45.35,-0.0905334,-0.512,-2.28,-25.6,-60.84,-0.1523182,-0.3620578,-0.3440525,-81.78,4.7,134.7,40.81,.6,1.34,1.0677979,0.0,0.0,20.02,10.41,-1.54,,"390,312,060.",.,"1,686,368.28",-8.11,-35.02,2346.5242179,-1453.6238182,-375.9755116,1777.465428,327.73,44.27,30.44,25.1,9.86,,69.21,125.88,-5.44,-63.77,-91.65,-35.54,-59.72,,-16.42,-89.86,"85,345,225,000."
N171045,A096640,멜파스,(주)멜파스,110111-1870347,119-81-35461,2000-02-02,2009-12-18,2023-07-17,외감,12.0,중소기업,,,N45301.반도체 및 반도체장비,C00000.제조업(10~34),"C26000.전자 부품, 컴퓨터, 영상, 음향 및 통신장비 제조업",코스닥,기업의 계속성 및 경영의 투명성 등을 종합적으로 고려하여 상장폐지기준에 해당한다고 결정,기업의계속성_경영의투명성종합판단,2019,-0.241704,1.3067107,0.6195482,-24.17,0.4963164,-0.1311475,16.15,5.25,-15.47,0.0487211,-0.1436528,0.1200305,-35.39,5.36,115.12,31.91,.93,2.29,1.5630364,0.0,430.7875476,15.05,15.92,-2.41,,"372,384,920.",.,"1,543,962.62",,,3302.8848333,-532.5566905,-19.6613627,1263.5918179,220.44,36.58,39.17,23.86,5.76,,44.32,173.38,.98,-23.05,-37.01,-14.62,-15.06,,,,"85,345,225,000."
N171045,A096640,멜파스,(주)멜파스,110111-1870347,119-81-35461,2000-02-02,2009-12-18,2023-07-17,외감,12.0,중소기업,,,N45301.반도체 및 반도체장비,C00000.제조업(10~34),"C26000.전자 부품, 컴퓨터, 영상, 음향 및 통신장비 제조업",코스닥,기업의 계속성 및 경영의 투명성 등을 종합적으로 고려하여 상장폐지기준에 해당한다고 결정,기업의계속성_경영의투명성종합판단,2020,0.151986,-0.701735,-0.0193419,15.2,-0.3389327,-0.3018868,15.96,2.37,-23.85,0.0165559,-0.1668277,0.0385752,-38.87,9.2,122.14,36.58,.7,1.63,1.2252081,0.0,913.3217129,9.38,15.53,-1.98,,"477,359,040.",.,"1,941,166.74",,,1910.4886366,-459.4529098,355.2129856,983.15688,142.37,50.52,35.71,25.9,11.8,,13.47,97.95,0.26,-37.5,-70.31,-18.56,-24.13,,,,"78,326,126,000."
N171045,A096640,멜파스,(주)멜파스,110111-1870347,119-81-35461,2000-02-02,2009-12-18,2023-07-17,외감,12.0,중소기업,,,N45301.반도체 및 반도체장비,C00000.제조업(10~34),"C26000.전자 부품, 컴퓨터, 영상, 음향 및 통신장비 제조업",코스닥,기업의 계속성 및 경영의 투명성 등을 종합적으로 고려하여 상장폐지기준에 해당한다고 결정,기업의계속성_경영의투명성종합판단,2021,0.1084032,-0.2196145,-0.1155639,10.84,-0.5221866,-0.2162162,24.56,3.87,-55.69,0.0146049,-0.2103774,0.026672,-38.42,10.13,151.82,40.95,.38,0.69,0.8349343,0.0,835.1823684,3.49,16.08,-1.66,,"715,502,020.",.,"2,191,037.41",,,675.0177079,-375.9372879,-551.6468599,986.1490466,133.29,59.24,67.01,24.23,8.85,,49.94,68.8,.38,-51.18,-63.76,-20.86,-53.66,,,,"65,334,719,000."
N171045,A096640,멜파스,(주)멜파스,110111-1870347,119-81-35461,2000-02-02,2009-12-18,2023-07-17,외감,12.0,중소기업,,,N45301.반도체 및 반도체장비,C00000.제조업(10~34),"C26000.전자 부품, 컴퓨터, 영상, 음향 및 통신장비 제조업",코스닥,기업의 계속성 및 경영의 투명성 등을 종합적으로 고려하여 상장폐지기준에 해당한다고 결정,기업의계속성_경영의투명성종합판단,2022,-0.2270231,-10.9527655,-0.1057541,-22.7,-0.561536,-0.3448276,-38.98,-87.76,-140.45,-0.1624208,-0.2599299,-0.284808,-45.58,24.06,234.59,9.66,.19,0.32,0.430673,0.0,316.5530156,1.61,15.69,46.06,,"1,253,665,160.",.,"2,992,726.74",,,275.3104861,-386.6763975,,607.9089786,21.58,54.4,732.92,555.12,368.7,28.09,20.17,83.83,-3.65,-60.27,-64.86,-27.48,-135.7,,,,"61,752,566,000."
N171045,A096640,멜파스,(주)멜파스,110111-1870347,119-81-35461,2000-02-02,2009-12-18,2023-07-17,외감,12.0,중소기업,,,N45301.반도체 및 반도체장비,C00000.제조업(10~34),"C26000.전자 부품, 컴퓨터, 영상, 음향 및 통신장비 제조업",코스닥,기업의 계속성 및 경영의 투명성 등을 종합적으로 고려하여 상장폐지기준에 해당한다고 결정,기업의계속성_경영의투명성종합판단,2023,,,,,,,-0.1,-74.69,-203.22,,,,-49.69,34.37,276.69,-15.51,.13,,,0.0,29.3193521,,,.46,,"491,551,320.","1,862,380.",,,,,,,,-22.46,53.53,,,14.7,.02,38.65,,,-64.66,-98.3,-30.05,-197.54,,,,"51,984,866,000."
N171045,A096640,멜파스,(주)멜파스,110111-1870347,119-81-35461,2000-02-02,2009-12-18,2023-07-17,외감,12.0,중소기업,,,N45301.반도체 및 반도체장비,C00000.제조업(10~34),"C26000.전자 부품, 컴퓨터, 영상, 음향 및 통신장비 제조업",코스닥,기업의 계속성 및 경영의 투명성 등을 종합적으로 고려하여 상장폐지기준에 해당한다고 결정,기업의계속성_경영의투명성종합판단,2024,,,,,,,-.7,-208.03,-359.43,,,,-31.91,87.32,361.3,55.51,.05,,,0.0587806019,0.0589361118,,,.11,,"18,335,620.","2,142,790.",,,,,,,,907.84,61.62,,,2.53,.47,27.46,,,-44.88,-54.1,-17.22,-338.7,,,,"39,898,382,000."
N174719,A099660,신텍,(주)신텍,194211-0046004,609-81-46175,2001-02-16,2009-04-30,2018-07-09,일반,12.0,중소기업,,,N20106.기계,C00000.제조업(10~34),C25000.금속 가공제품 제조업,코스닥,발행한 어음 또는 수표가 주거래은행에 의하여 최종부도로 결정되거나 거래은행에 의한 거래정지,최종부도,2014,-0.3692157,-3.74063,-1.3707811,-36.92,-0.4312001,,-7.75,-19.89,-26.72,-0.1266155,-0.1701092,-0.6434806,-86.45,5.32,134.32,10.5,.64,3.24,0.7925241,,,24.99,1.74,-4.24,,,,"696,835.47",,,6386.1352627,-1902.3206526,1556.7916844,1138.1430631,136.14,17.59,48.8,45.74,1.92,,290.04,468.39,-3.74,,,,,,,-110.46,
N174719,A099660,신텍,(주)신텍,194211-0046004,609-81-46175,2001-02-16,2009-04-30,2018-07-09,일반,12.0,중소기업,,,N20106.기계,C00000.제조업(10~34),C25000.금속 가공제품 제조업,코스닥,발행한 어음 또는 수표가 주거래은행에 의하여 최종부도로 결정되거나 거래은행에 의한 거래정지,최종부도,2015,1.0715619,1.378504,1.0268328,107.16,0.0279618,-0.0662021,20.2,7.32,0.7,0.0481046,0.0045817,0.205004,1.95,5.37,98.71,17.25,0.66,2.8,0.8582262,,,32.51,1.81,-5.08,,,,"742,763.01",,,3182.9278964,23.4320893,-562.5160557,1248.4068081,154.15,27.97,113.48,109.44,10.48,29.99,233.13,257.51,1.36,,,,,,,,
N174719,A099660,신텍,(주)신텍,194211-0046004,609-81-46175,2001-02-16,2009-04-30,2018-07-09,일반,12.0,중소기업,,,N20106.기계,C00000.제조업(10~34),C25000.금속 가공제품 제조업,코스닥,발행한 어음 또는 수표가 주거래은행에 의하여 최종부도로 결정되거나 거래은행에 의한 거래정지,최종부도,2016,0.3217877,0.0604524,1.1458193,32.18,0.2297563,0.0820896,,,,0.0443564,0.0085486,0.1388329,,,,,,2.2,1.0321101,,,28.85,1.69,,,,,"788,031.33",,,2829.6350613,37.3162013,93.974681,1300.9584348,,,110.8,104.56,,,,179.32,1.41,,,,,,,,
N174719,A099660,신텍,(주)신텍,194211-0046004,609-81-46175,2001-02-16,2009-04-30,2018-07-09,일반,12.0,중소기업,,,N20106.기계,C00000.제조업(10~34),C25000.금속 가공제품 제조업,코스닥,발행한 어음 또는 수표가 주거래은행에 의하여 최종부도로 결정되거나 거래은행에 의한 거래정지,최종부도,2017,-0.4730375,-4.0174674,-24.4320805,-47.3,-0.2059794,-0.1,,,,-0.1397623,-0.2091688,-0.4819116,,,,,,2.01,0.8202246,,,15.23,1.45,,,,,"835,357.05",,,1930.9669018,-715.7845671,47.0284767,685.3860895,,,81.03,73.89,,,,369.08,-4.71,,,,,,,,
N174719,A099660,신텍,(주)신텍,194211-0046004,609-81-46175,2001-02-16,2009-04-30,2018-07-09,일반,12.0,중소기업,,,N20106.기계,C00000.제조업(10~34),C25000.금속 가공제품 제조업,코스닥,발행한 어음 또는 수표가 주거래은행에 의하여 최종부도로 결정되거나 거래은행에 의한 거래정지,최종부도,2018,,,,,,,,,,,,,,,,,,,,,,,,,,,,,,,,,,,,,,,,,,,,,,,,,,,
N174719,A099660,신텍,(주)신텍,194211-0046004,609-81-46175,2001-02-16,2009-04-30,2018-07-09,일반,12.0,중소기업,,,N20106.기계,C00000.제조업(10~34),C25000.금속 가공제품 제조업,코스닥,발행한 어음 또는 수표가 주거래은행에 의하여 최종부도로 결정되거나 거래은행에 의한 거래정지,최종부도,2019,,,,,,,,,,,,,,,,,,,,,,,,,,,,,,,,,,,,,,,,,,,,,,,,,,,
N174719,A099660,신텍,(주)신텍,194211-0046004,609-81-46175,2001-02-16,2009-04-30,2018-07-09,일반,12.0,중소기업,,,N20106.기계,C00000.제조업(10~34),C25000.금속 가공제품 제조업,코스닥,발행한 어음 또는 수표가 주거래은행에 의하여 최종부도로 결정되거나 거래은행에 의한 거래정지,최종부도,2020,,,,,,,,,,,,,,,,,,,,,,,,,,,,,,,,,,,,,,,,,,,,,,,,,,,
N174719,A099660,신텍,(주)신텍,194211-0046004,609-81-46175,2001-02-16,2009-04-30,2018-07-09,일반,12.0,중소기업,,,N20106.기계,C00000.제조업(10~34),C25000.금속 가공제품 제조업,코스닥,발행한 어음 또는 수표가 주거래은행에 의하여 최종부도로 결정되거나 거래은행에 의한 거래정지,최종부도,2021,,,,,,,,,,,,,,,,,,,,,,,,,,,,,,,,,,,,,,,,,,,,,,,,,,,
N174719,A099660,신텍,(주)신텍,194211-0046004,609-81-46175,2001-02-16,2009-04-30,2018-07-09,일반,12.0,중소기업,,,N20106.기계,C00000.제조업(10~34),C25000.금속 가공제품 제조업,코스닥,발행한 어음 또는 수표가 주거래은행에 의하여 최종부도로 결정되거나 거래은행에 의한 거래정지,최종부도,2022,,,,,,,,,,,,,,,,,,,,,,,,,,,,,,,,,,,,,,,,,,,,,,,,,,,
N174719,A099660,신텍,(주)신텍,194211-0046004,609-81-46175,2001-02-16,2009-04-30,2018-07-09,일반,12.0,중소기업,,,N20106.기계,C00000.제조업(10~34),C25000.금속 가공제품 제조업,코스닥,발행한 어음 또는 수표가 주거래은행에 의하여 최종부도로 결정되거나 거래은행에 의한 거래정지,최종부도,2023,,,,,,,14.75,-84.53,-125.83,,,,-3.89,24.59,193.35,72.42,.03,,,,,,,.04,,,,,,,,,,,616.06,84.17,,,5.77,.,,,,-24.31,-24.55,-3.85,-145.18,,,,
N174719,A099660,신텍,(주)신텍,194211-0046004,609-81-46175,2001-02-16,2009-04-30,2018-07-09,일반,12.0,중소기업,,,N20106.기계,C00000.제조업(10~34),C25000.금속 가공제품 제조업,코스닥,발행한 어음 또는 수표가 주거래은행에 의하여 최종부도로 결정되거나 거래은행에 의한 거래정지,최종부도,2024,,,,,,,,,,,,,,,,,,,,,,,,,,,,,,,,,,,,,,,,,,,,,,,,,,,
N272574,A099830,씨그널엔터테인먼트그룹,(주)씨그널엔터테인먼트그룹,110111-0744139,211-81-61514,1991-01-18,2011-01-24,2018-05-04,일반,12.0,중소기업,,씨그널엔터테인먼트그룹,N25401.미디어,J00000.정보통신업(58~63),J59000.영상ㆍ오디오 기록물 제작 및 배급업,코스닥,감사의견거절(감사범위 제한),감사의견거절,2014,0.2367831,-1.9816464,-2.0134725,23.68,-0.5239211,-0.2330097,-6.69,-40.31,-48.26,-0.0662801,-0.079359,-0.1214899,-14.55,9.62,132.1,28.99,.16,0.3,0.3618634,,,2.56,3.16,-1.15,,,,"699,070.61",,,437.4865336,-226.5403895,-125.8150893,1048.8785793,111.29,54.56,62.8,46.13,8.66,,120.62,83.3,-4.19,,,,,,,,
N272574,A099830,씨그널엔터테인먼트그룹,(주)씨그널엔터테인먼트그룹,110111-0744139,211-81-61514,1991-01-18,2011-01-24,2018-05-04,일반,12.0,중소기업,,씨그널엔터테인먼트그룹,N25401.미디어,J00000.정보통신업(58~63),J59000.영상ㆍ오디오 기록물 제작 및 배급업,코스닥,감사의견거절(감사범위 제한),감사의견거절,2015,-0.2247559,-0.206526,-3.9277474,-22.48,0.2397424,0.1898734,-9.39,-39.23,-191.82,-0.0750197,-0.3668599,-0.1651387,-80.76,18.47,238.3,-6.05,0.19,0.42,0.3504615,,,3.79,3.75,-1.4,,,,"776,863.72",,,301.5201539,-601.1135092,-236.383577,426.5110459,-13.8,37.36,76.96,70.25,9.15,,108.,167.63,-2.12,,,,,,,,
N272574,A099830,씨그널엔터테인먼트그룹,(주)씨그널엔터테인먼트그룹,110111-0744139,211-81-61514,1991-01-18,2011-01-24,2018-05-04,일반,12.0,중소기업,,씨그널엔터테인먼트그룹,N25401.미디어,J00000.정보통신업(58~63),J59000.영상ㆍ오디오 기록물 제작 및 배급업,코스닥,감사의견거절(감사범위 제한),감사의견거절,2016,0.0491185,0.1930574,-0.2400086,4.91,0.6867589,-0.5638298,,,,-0.0693517,-0.5211509,-0.1489169,,,,,,0.79,0.6917031,,,15.88,7.51,,,,,"1,588,734.44",,,289.7403829,-417.5754197,-14.8646112,340.2505712,,,70.41,70.41,,,,64.3,-2.64,,,,,,,,
N272574,A099830,씨그널엔터테인먼트그룹,(주)씨그널엔터테인먼트그룹,110111-0744139,211-81-61514,1991-01-18,2011-01-24,2018-05-04,일반,12.0,중소기업,,씨그널엔터테인먼트그룹,N25401.미디어,J00000.정보통신업(58~63),J59000.영상ㆍ오디오 기록물 제작 및 배급업,코스닥,감사의견거절(감사범위 제한),감사의견거절,2017,-0.044963,0.3286301,0.7097112,-4.5,0.3055407,-0.7804878,,,,-0.0605765,-0.1968246,-0.0998834,,,,,,1.04,1.5951424,,,89.41,13.82,,,,,"5,732,160.78",,,385.0647842,-120.7363124,-75.6683151,2878.1446482,,,132.97,129.31,,,,65.51,-2.83,,,,,,,,
N272574,A099830,씨그널엔터테인먼트그룹,(주)씨그널엔터테인먼트그룹,110111-0744139,211-81-61514,1991-01-18,2011-01-24,2018-05-04,일반,12.0,중소기업,,씨그널엔터테인먼트그룹,N25401.미디어,J00000.정보통신업(58~63),J59000.영상ㆍ오디오 기록물 제작 및 배급업,코스닥,감사의견거절(감사범위 제한),감사의견거절,2018,,,,,,,,,,,,,,,,,,,,,,,,,,,,,,,,,,,,,,,,,,,,,,,,,,,
N272574,A099830,씨그널엔터테인먼트그룹,(주)씨그널엔터테인먼트그룹,110111-0744139,211-81-61514,1991-01-18,2011-01-24,2018-05-04,일반,12.0,중소기업,,씨그널엔터테인먼트그룹,N25401.미디어,J00000.정보통신업(58~63),J59000.영상ㆍ오디오 기록물 제작 및 배급업,코스닥,감사의견거절(감사범위 제한),감사의견거절,2019,,,,,,,,,,,,,,,,,,,,,,,,,,,,,,,,,,,,,,,,,,,,,,,,,,,
N272574,A099830,씨그널엔터테인먼트그룹,(주)씨그널엔터테인먼트그룹,110111-0744139,211-81-61514,1991-01-18,2011-01-24,2018-05-04,일반,12.0,중소기업,,씨그널엔터테인먼트그룹,N25401.미디어,J00000.정보통신업(58~63),J59000.영상ㆍ오디오 기록물 제작 및 배급업,코스닥,감사의견거절(감사범위 제한),감사의견거절,2020,,,,,,,,,,,,,,,,,,,,,,,,,,,,,,,,,,,,,,,,,,,,,,,,,,,
N272574,A099830,씨그널엔터테인먼트그룹,(주)씨그널엔터테인먼트그룹,110111-0744139,211-81-61514,1991-01-18,2011-01-24,2018-05-04,일반,12.0,중소기업,,씨그널엔터테인먼트그룹,N25401.미디어,J00000.정보통신업(58~63),J59000.영상ㆍ오디오 기록물 제작 및 배급업,코스닥,감사의견거절(감사범위 제한),감사의견거절,2021,,,,,,,,,,,,,,,,,,,,,,,,,,,,,,,,,,,,,,,,,,,,,,,,,,,
N272574,A099830,씨그널엔터테인먼트그룹,(주)씨그널엔터테인먼트그룹,110111-0744139,211-81-61514,1991-01-18,2011-01-24,2018-05-04,일반,12.0,중소기업,,씨그널엔터테인먼트그룹,N25401.미디어,J00000.정보통신업(58~63),J59000.영상ㆍ오디오 기록물 제작 및 배급업,코스닥,감사의견거절(감사범위 제한),감사의견거절,2022,,,,,,,,,,,,,,,,,,,,,,,,,,,,,,,,,,,,,,,,,,,,,,,,,,,
N272574,A099830,씨그널엔터테인먼트그룹,(주)씨그널엔터테인먼트그룹,110111-0744139,211-81-61514,1991-01-18,2011-01-24,2018-05-04,일반,12.0,중소기업,,씨그널엔터테인먼트그룹,N25401.미디어,J00000.정보통신업(58~63),J59000.영상ㆍ오디오 기록물 제작 및 배급업,코스닥,감사의견거절(감사범위 제한),감사의견거절,2023,,,,,,,,,,,,,,,,,,,,,,,,,,,,,,,,,,,,,,,,,,,,,,,,,,,
N272574,A099830,씨그널엔터테인먼트그룹,(주)씨그널엔터테인먼트그룹,110111-0744139,211-81-61514,1991-01-18,2011-01-24,2018-05-04,일반,12.0,중소기업,,씨그널엔터테인먼트그룹,N25401.미디어,J00000.정보통신업(58~63),J59000.영상ㆍ오디오 기록물 제작 및 배급업,코스닥,감사의견거절(감사범위 제한),감사의견거절,2024,,,,,,,,,,,,,,,,,,,,,,,,,,,,,,,,,,,,,,,,,,,,,,,,,,,
NC07096,A101060,SBS미디어홀딩스,SBS미디어홀딩스(주),110111-3852856,117-81-64510,2008-03-04,2008-03-24,2022-01-18,폐업,12.0,중견기업,,,N25400.미디어,J00000.정보통신업(58~63),J60000.방송 및 영상ㆍ오디오물 제공 서비스업,코스피,해산 사유 발생,해산사유발생,2014,0.0272032,-0.2726055,-0.5167005,2.72,0.010699,-0.125,19.51,6.5,4.48,0.0340632,0.023488,0.0400013,2.76,.03,93.16,68.95,.52,0.62,3.5303266,,,"1,983.27",4.34,2.11,,,,"25,528,846.71",,,3197.6779593,118.4159054,,4732.0078124,846.4,86.23,325.74,325.53,135.85,.09,222.96,15.97,233.83,,,,,,,,
NC07096,A101060,SBS미디어홀딩스,SBS미디어홀딩스(주),110111-3852856,117-81-64510,2008-03-04,2008-03-24,2022-01-18,폐업,12.0,중견기업,,,N25400.미디어,J00000.정보통신업(58~63),J60000.방송 및 영상ㆍ오디오물 제공 서비스업,코스피,해산 사유 발생,해산사유발생,2015,0.0253896,-0.20407,0.2518752,2.54,0.0531377,-0.6666667,16.18,4.91,5.33,0.0267328,0.0289929,0.0310228,3.36,.,91.9,69.14,0.54,0.63,3.9353596,,,"2,211.72",4.02,1.92,,,,"76,740,093.79",,,3367.5951411,161.1611939,,4857.4214995,871.48,86.12,329.5,329.31,88.46,.08,383.32,16.12,"14,200.74",,,,,,,,
NC07096,A101060,SBS미디어홀딩스,SBS미디어홀딩스(주),110111-3852856,117-81-64510,2008-03-04,2008-03-24,2022-01-18,폐업,12.0,중견기업,,,N25400.미디어,J00000.정보통신업(58~63),J60000.방송 및 영상ㆍ오디오물 제공 서비스업,코스피,해산 사유 발생,해산사유발생,2016,0.010094,-0.0803655,-0.4736735,1.01,0.0654382,-0.5714286,,,,0.0239362,0.0148574,0.028035,,,,,,0.66,3.861337,,,"2,923.2",4.17,,,,,"178,513,307.",,,3587.9645472,90.1922275,,4916.5501434,,,315.77,315.66,,,,18.11,143.26,,,,,,,,
NC07096,A101060,SBS미디어홀딩스,SBS미디어홀딩스(주),110111-3852856,117-81-64510,2008-03-04,2008-03-24,2022-01-18,폐업,12.0,중견기업,,,N25400.미디어,J00000.정보통신업(58~63),J60000.방송 및 영상ㆍ오디오물 제공 서비스업,코스피,해산 사유 발생,해산사유발생,2017,-0.0115889,-1.2019105,-0.9621117,-1.16,-0.1638322,0.3333333,,,,-0.004869,0.0005671,-0.0056651,,,,,,0.55,3.3841028,,,"3,750.94",3.91,,,,,"133,335,826.13",,,3000.1403226,34.3855111,,4955.0702203,,,365.46,365.38,,,,14.57,-15.76,,,,,,,,
NC07096,A101060,SBS미디어홀딩스,SBS미디어홀딩스(주),110111-3852856,117-81-64510,2008-03-04,2008-03-24,2022-01-18,폐업,12.0,중견기업,,,N25400.미디어,J00000.정보통신업(58~63),J60000.방송 및 영상ㆍ오디오물 제공 서비스업,코스피,해산 사유 발생,해산사유발생,2018,0.0220836,1.4080871,28.7500149,2.21,-0.4509904,0.25,,,,0.002016,0.0171184,0.0023,,,,,,0.3,2.1454598,,,"2,243.32",2.5,,,,,"106,955,353.9",,,1647.1057237,81.1656415,,5050.209223,,,369.97,369.84,,,,13.62,,,,,,,,,
NC07096,A101060,SBS미디어홀딩스,SBS미디어홀딩스(주),110111-3852856,117-81-64510,2008-03-04,2008-03-24,2022-01-18,폐업,12.0,중견기업,,,N25400.미디어,J00000.정보통신업(58~63),J60000.방송 및 영상ㆍ오디오물 제공 서비스업,코스피,해산 사유 발생,해산사유발생,2019,-0.2249587,-4.2673222,-8.0030323,-22.5,-0.2418422,0.4,,,,-0.0074105,-0.1348675,-0.0083758,,,,,,0.26,1.9604693,,,105.41,2.52,,,,,"74,178,376.79",,,1248.7660838,-752.5536257,,4377.4763537,,,415.02,409.09,,,,12.27,-22.05,,,,,,,,
NC07096,A101060,SBS미디어홀딩스,SBS미디어홀딩스(주),110111-3852856,117-81-64510,2008-03-04,2008-03-24,2022-01-18,폐업,12.0,중견기업,,,N25400.미디어,J00000.정보통신업(58~63),J60000.방송 및 영상ㆍ오디오물 제공 서비스업,코스피,해산 사유 발생,해산사유발생,2020,-0.1297128,-0.0312607,0.3645599,-12.97,-0.058274,0.1428571,,,,-0.008543,-0.0958028,-0.0105772,,,,,,0.29,1.2368223,,,54.65,3.7,,,,,"65,600,706.88",,,1151.6396022,-464.0122508,,3979.3514385,,,198.41,196.79,,,,37.08,-6.36,,,,,,,,
NC07096,A101060,SBS미디어홀딩스,SBS미디어홀딩스(주),110111-3852856,117-81-64510,2008-03-04,2008-03-24,2022-01-18,폐업,12.0,중견기업,,,N25400.미디어,J00000.정보통신업(58~63),J60000.방송 및 영상ㆍ오디오물 제공 서비스업,코스피,해산 사유 발생,해산사유발생,2021,,,,,,,,,,,,,,,,,,,,,,,,,,,,,,,,,,,,,,,,,,,,,,,,,,,
NC07096,A101060,SBS미디어홀딩스,SBS미디어홀딩스(주),110111-3852856,117-81-64510,2008-03-04,2008-03-24,2022-01-18,폐업,12.0,중견기업,,,N25400.미디어,J00000.정보통신업(58~63),J60000.방송 및 영상ㆍ오디오물 제공 서비스업,코스피,해산 사유 발생,해산사유발생,2022,,,,,,,,,,,,,,,,,,,,,,,,,,,,,,,,,,,,,,,,,,,,,,,,,,,
NC07096,A101060,SBS미디어홀딩스,SBS미디어홀딩스(주),110111-3852856,117-81-64510,2008-03-04,2008-03-24,2022-01-18,폐업,12.0,중견기업,,,N25400.미디어,J00000.정보통신업(58~63),J60000.방송 및 영상ㆍ오디오물 제공 서비스업,코스피,해산 사유 발생,해산사유발생,2023,,,,,,,,,,,,,,,,,,,,,,,,,,,,,,,,,,,,,,,,,,,,,,,,,,,
NC07096,A101060,SBS미디어홀딩스,SBS미디어홀딩스(주),110111-3852856,117-81-64510,2008-03-04,2008-03-24,2022-01-18,폐업,12.0,중견기업,,,N25400.미디어,J00000.정보통신업(58~63),J60000.방송 및 영상ㆍ오디오물 제공 서비스업,코스피,해산 사유 발생,해산사유발생,2024,,,,,,,,,,,,,,,,,,,,,,,,,,,,,,,,,,,,,,,,,,,,,,,,,,,
NC12467,A101990,파브코,(주)파브코,170111-0355257,514-81-64841,2008-05-08,2008-06-09,2014-05-21,폐업,12.0,중견기업,,,N25101.자동차 부품,C00000.제조업(10~34),C30000.자동차 및 트레일러 제조업,코스피,해산 사유 발생,해산사유발생,2014,,,,,,,,,,,,,,,,,,,,,,,,,,,,,,,,,,,,,,,,,,,,,,,,,,,
NC12467,A101990,파브코,(주)파브코,170111-0355257,514-81-64841,2008-05-08,2008-06-09,2014-05-21,폐업,12.0,중견기업,,,N25101.자동차 부품,C00000.제조업(10~34),C30000.자동차 및 트레일러 제조업,코스피,해산 사유 발생,해산사유발생,2015,,,,,,,,,,,,,,,,,,,,,,,,,,,,,,,,,,,,,,,,,,,,,,,,,,,
NC12467,A101990,파브코,(주)파브코,170111-0355257,514-81-64841,2008-05-08,2008-06-09,2014-05-21,폐업,12.0,중견기업,,,N25101.자동차 부품,C00000.제조업(10~34),C30000.자동차 및 트레일러 제조업,코스피,해산 사유 발생,해산사유발생,2016,,,,,,,,,,,,,,,,,,,,,,,,,,,,,,,,,,,,,,,,,,,,,,,,,,,
NC12467,A101990,파브코,(주)파브코,170111-0355257,514-81-64841,2008-05-08,2008-06-09,2014-05-21,폐업,12.0,중견기업,,,N25101.자동차 부품,C00000.제조업(10~34),C30000.자동차 및 트레일러 제조업,코스피,해산 사유 발생,해산사유발생,2017,,,,,,,,,,,,,,,,,,,,,,,,,,,,,,,,,,,,,,,,,,,,,,,,,,,
NC12467,A101990,파브코,(주)파브코,170111-0355257,514-81-64841,2008-05-08,2008-06-09,2014-05-21,폐업,12.0,중견기업,,,N25101.자동차 부품,C00000.제조업(10~34),C30000.자동차 및 트레일러 제조업,코스피,해산 사유 발생,해산사유발생,2018,,,,,,,,,,,,,,,,,,,,,,,,,,,,,,,,,,,,,,,,,,,,,,,,,,,
NC12467,A101990,파브코,(주)파브코,170111-0355257,514-81-64841,2008-05-08,2008-06-09,2014-05-21,폐업,12.0,중견기업,,,N25101.자동차 부품,C00000.제조업(10~34),C30000.자동차 및 트레일러 제조업,코스피,해산 사유 발생,해산사유발생,2019,,,,,,,,,,,,,,,,,,,,,,,,,,,,,,,,,,,,,,,,,,,,,,,,,,,
NC12467,A101990,파브코,(주)파브코,170111-0355257,514-81-64841,2008-05-08,2008-06-09,2014-05-21,폐업,12.0,중견기업,,,N25101.자동차 부품,C00000.제조업(10~34),C30000.자동차 및 트레일러 제조업,코스피,해산 사유 발생,해산사유발생,2020,,,,,,,,,,,,,,,,,,,,,,,,,,,,,,,,,,,,,,,,,,,,,,,,,,,
NC12467,A101990,파브코,(주)파브코,170111-0355257,514-81-64841,2008-05-08,2008-06-09,2014-05-21,폐업,12.0,중견기업,,,N25101.자동차 부품,C00000.제조업(10~34),C30000.자동차 및 트레일러 제조업,코스피,해산 사유 발생,해산사유발생,2021,,,,,,,,,,,,,,,,,,,,,,,,,,,,,,,,,,,,,,,,,,,,,,,,,,,
NC12467,A101990,파브코,(주)파브코,170111-0355257,514-81-64841,2008-05-08,2008-06-09,2014-05-21,폐업,12.0,중견기업,,,N25101.자동차 부품,C00000.제조업(10~34),C30000.자동차 및 트레일러 제조업,코스피,해산 사유 발생,해산사유발생,2022,,,,,,,,,,,,,,,,,,,,,,,,,,,,,,,,,,,,,,,,,,,,,,,,,,,
NC12467,A101990,파브코,(주)파브코,170111-0355257,514-81-64841,2008-05-08,2008-06-09,2014-05-21,폐업,12.0,중견기업,,,N25101.자동차 부품,C00000.제조업(10~34),C30000.자동차 및 트레일러 제조업,코스피,해산 사유 발생,해산사유발생,2023,,,,,,,,,,,,,,,,,,,,,,,,,,,,,,,,,,,,,,,,,,,,,,,,,,,
NC12467,A101990,파브코,(주)파브코,170111-0355257,514-81-64841,2008-05-08,2008-06-09,2014-05-21,폐업,12.0,중견기업,,,N25101.자동차 부품,C00000.제조업(10~34),C30000.자동차 및 트레일러 제조업,코스피,해산 사유 발생,해산사유발생,2024,,,,,,,,,,,,,,,,,,,,,,,,,,,,,,,,,,,,,,,,,,,,,,,,,,,
N005397,A102210,에이치디,(주)트레스,180111-0124923,609-81-16351,1992-04-13,2009-05-21,2021-04-19,외감,12.0,중소기업,,,N20106.기계,C00000.제조업(10~34),C31000.기타 운송장비 제조업,코스닥,기업의 계속성 및 경영의 투명성 등을 종합적으로 고려하여 상장폐지기준에 해당한다고 결정,기업의계속성_경영의투명성종합판단,2014,-0.0065547,1.3207604,-0.1623774,-0.66,0.2377837,,18.71,13.98,6.17,0.0423482,0.0186811,0.0814865,3.59,3.93,90.74,48.09,.3,0.58,0.6308078,0.435011504,0.484811245,5.71,5.46,1.05,,,,,,,,386.1097254,,10925.7625988,"2,076.09",49.59,140.79,126.33,21.55,35.46,94.32,101.64,3.55,4.51,5.72,2.27,7.83,,,,"214,641,351,000."
N005397,A102210,에이치디,(주)트레스,180111-0124923,609-81-16351,1992-04-13,2009-05-21,2021-04-19,외감,12.0,중소기업,,,N20106.기계,C00000.제조업(10~34),C31000.기타 운송장비 제조업,코스닥,기업의 계속성 및 경영의 투명성 등을 종합적으로 고려하여 상장폐지기준에 해당한다고 결정,기업의계속성_경영의투명성종합판단,2015,0.0799644,-0.2391552,1.0265641,8.,0.0287681,,19.06,11.86,7.92,0.0588262,0.0392876,0.1191563,7.96,2.19,90.6,45.56,0.5,1.0,0.9799043,0.0,0.0,3.33,5.75,2.33,,"317,421,070.","42,067,320.","1,728,953.35",,,11436.9043133,771.1466924,312.3973632,11526.7526847,"2,194.13",49.37,151.05,115.27,17.,70.09,180.08,102.56,5.41,10.81,13.38,4.5,13.82,,,,"196,849,546,000."
N005397,A102210,에이치디,(주)트레스,180111-0124923,609-81-16351,1992-04-13,2009-05-21,2021-04-19,외감,12.0,중소기업,,,N20106.기계,C00000.제조업(10~34),C31000.기타 운송장비 제조업,코스닥,기업의 계속성 및 경영의 투명성 등을 종합적으로 고려하여 상장폐지기준에 해당한다고 결정,기업의계속성_경영의투명성종합판단,2016,0.0112638,-0.5419832,-0.7623509,1.13,-0.1492734,-0.1764706,14.16,6.38,2.21,0.0275827,0.0095582,0.0542699,1.88,2.19,96.22,48.15,0.43,0.85,0.8786772,0.0,95.2488401,4.03,6.98,1.99,,"432,177,190.","53,783,120.","1,989,535.27",,,9653.0011295,169.1628778,2954.734861,11613.0487989,"2,211.05",52.35,157.51,141.21,12.8,28.34,143.1,91.02,2.92,3.5,4.16,1.4,4.88,,,,"244,946,636,000."
N005397,A102210,에이치디,(주)트레스,180111-0124923,609-81-16351,1992-04-13,2009-05-21,2021-04-19,외감,12.0,중소기업,,,N20106.기계,C00000.제조업(10~34),C31000.기타 운송장비 제조업,코스닥,기업의 계속성 및 경영의 투명성 등을 종합적으로 고려하여 상장폐지기준에 해당한다고 결정,기업의계속성_경영의투명성종합판단,2017,-0.0233675,-1.2186624,-1.8777329,-2.34,-0.5968672,0.0,8.05,-3.46,-4.82,-0.0063079,-0.0087742,-0.0119402,-1.66,5.18,106.06,49.03,0.18,0.34,0.386204,0.0,76.7023755,3.62,6.71,0.82,,"439,006,760.","65,252,680.","1,959,376.74",,,3891.441293,-174.7065042,506.1003706,11345.99661,"2,158.69",53.33,153.03,144.18,12.62,16.69,93.33,87.52,-.67,-.46,-.55,-.19,-1.31,,,,"233,592,761,000."
N005397,A102210,에이치디,(주)트레스,180111-0124923,609-81-16351,1992-04-13,2009-05-21,2021-04-19,외감,12.0,중소기업,,,N20106.기계,C00000.제조업(10~34),C31000.기타 운송장비 제조업,코스닥,기업의 계속성 및 경영의 투명성 등을 종합적으로 고려하여 상장폐지기준에 해당한다고 결정,기업의계속성_경영의투명성종합판단,2018,0.0487755,-1.7185174,-2.8070347,4.88,-0.2266863,-0.0918367,8.0,-12.17,-23.71,-0.017809,-0.0346914,-0.032066,-6.25,4.74,111.55,56.61,.15,0.26,0.3290719,0.0,34.0238476,3.01,5.47,.62,,"491,539,210.","84,949,860.","2,186,914.66",,,1774.7410839,-116.0506818,-205.3938564,10202.0401396,"1,663.88",57.83,168.67,152.32,25.65,23.81,32.78,72.93,-2.57,-8.54,-10.23,-3.14,-19.35,,,,"223,964,802,000."
N005397,A102210,에이치디,(주)트레스,180111-0124923,609-81-16351,1992-04-13,2009-05-21,2021-04-19,외감,12.0,중소기업,,,N20106.기계,C00000.제조업(10~34),C31000.기타 운송장비 제조업,코스닥,기업의 계속성 및 경영의 투명성 등을 종합적으로 고려하여 상장폐지기준에 해당한다고 결정,기업의계속성_경영의투명성종합판단,2019,-0.1076019,0.2952003,-0.7555473,-10.76,0.1721328,-0.0674157,7.22,-7.32,-35.51,-0.0142151,-0.068973,-0.0233297,-11.32,2.72,112.16,63.3,.19,0.32,0.4971277,0.0,29.8207369,3.43,4.91,.68,,"522,510,110.","80,963,360.","2,079,235.81",1.39,5.52,506.0925309,-182.0449179,-32.6688432,1568.5508061,"1,480.99",64.83,193.81,179.05,4.57,15.73,35.91,54.24,-2.69,-35.48,-45.56,-8.47,-32.91,35.59,6.33,260.43,"216,611,504,000."
N005397,A102210,에이치디,(주)트레스,180111-0124923,609-81-16351,1992-04-13,2009-05-21,2021-04-19,외감,12.0,중소기업,,,N20106.기계,C00000.제조업(10~34),C31000.기타 운송장비 제조업,코스닥,기업의 계속성 및 경영의 투명성 등을 종합적으로 고려하여 상장폐지기준에 해당한다고 결정,기업의계속성_경영의투명성종합판단,2020,-0.1606439,0.5816932,-0.3397573,-16.06,-0.0869844,-0.1566265,7.64,-3.35,-52.11,-0.007702,-0.1196916,-0.011251,-17.48,.92,140.49,71.28,.23,0.34,0.7281397,0.0,50.4008635,3.89,4.64,.65,,"574,680,980.","75,977,940.","1,962,513.47",-6.23,-21.28,468.0309033,-243.8960082,2.6417028,1316.5727406,"1,237.33",73.34,250.2,223.81,5.21,17.57,52.42,36.35,-3.65,-48.47,-61.55,-12.92,-47.93,-160.92,-24.81,-59.43,"172,411,884,000."
N005397,A102210,에이치디,(주)트레스,180111-0124923,609-81-16351,1992-04-13,2009-05-21,2021-04-19,외감,12.0,중소기업,,,N20106.기계,C00000.제조업(10~34),C31000.기타 운송장비 제조업,코스닥,기업의 계속성 및 경영의 투명성 등을 종합적으로 고려하여 상장폐지기준에 해당한다고 결정,기업의계속성_경영의투명성종합판단,2021,,,,,,,10.96,1.89,-15.57,,,,-5.34,.78,106.35,78.18,.26,,,0.430134727,0.491182022,,,.62,,"673,495,070.","62,031,740.",,2.48,8.,,,,,"1,180.13",80.08,,,24.13,17.62,74.85,,,-24.12,-38.15,-4.8,-17.02,86.81,9.43,,"127,931,074,000."
N005397,A102210,에이치디,(주)트레스,180111-0124923,609-81-16351,1992-04-13,2009-05-21,2021-04-19,외감,12.0,중소기업,,,N20106.기계,C00000.제조업(10~34),C31000.기타 운송장비 제조업,코스닥,기업의 계속성 및 경영의 투명성 등을 종합적으로 고려하여 상장폐지기준에 해당한다고 결정,기업의계속성_경영의투명성종합판단,2022,,,,,,,15.23,7.23,21.87,,,,7.61,1.26,81.04,81.25,.28,,,0.413169971,0.484736769,,,.59,,"606,628,690.","40,047,810.",,9.65,29.64,,,,,"1,280.46",83.08,,,5.12,19.72,82.95,,,38.95,54.4,6.59,23.72,448.96,33.99,,"116,134,874,000."
N005397,A102210,에이치디,(주)트레스,180111-0124923,609-81-16351,1992-04-13,2009-05-21,2021-04-19,외감,12.0,중소기업,,,N20106.기계,C00000.제조업(10~34),C31000.기타 운송장비 제조업,코스닥,기업의 계속성 및 경영의 투명성 등을 종합적으로 고려하여 상장폐지기준에 해당한다고 결정,기업의계속성_경영의투명성종합판단,2023,,,,,,,16.35,7.35,31.28,,,,11.43,.01,73.88,92.99,.32,,,0.444806801,0.503256139,,,.55,,"597,895,180.","45,766,400.",,13.37,49.46,,,,,"1,437.45",94.85,,,76.81,12.49,121.76,,,162.33,"38,910.63",8.37,25.52,646.2,41.17,,"113,925,631,000."
N005397,A102210,에이치디,(주)트레스,180111-0124923,609-81-16351,1992-04-13,2009-05-21,2021-04-19,외감,12.0,중소기업,,,N20106.기계,C00000.제조업(10~34),C31000.기타 운송장비 제조업,코스닥,기업의 계속성 및 경영의 투명성 등을 종합적으로 고려하여 상장폐지기준에 해당한다고 결정,기업의계속성_경영의투명성종합판단,2024,,,,,,,17.47,9.35,19.83,,,,7.19,.,80.42,92.52,.34,,,0.0,0.0,,,.51,,"423,043,310.","35,882,520.",,,,,,,,"1,551.04",93.86,,,113.31,10.4,150.51,,,90.68,,5.66,16.36,,,,"121,395,154,000."
NC13116,A102280,쌍방울,(주)쌍방울,110111-3891169,120-87-27416,2008-05-02,2008-06-10,2025-11-28,외감,12.0,중소기업,,차AI헬스케어,"N25203.섬유, 의류, 사치품",C00000.제조업(10~34),"C14000.의복, 의복 액세서리 및 모피제품 제조업",코스피,"기업의 계속성, 경영의 투명성 및 기타 공익과 투자자 보호 등을 종합적으로 고려하여 상장폐지 기준에 해당한다고 결정",기업의계속성_경영의투명성종합판단,2014,0.0266912,2.1322408,0.3517958,2.67,0.0204031,0.0275689,30.64,0.2,-0.9,0.0020177,-0.009159,0.0036286,-1.65,1.49,100.84,23.75,1.02,1.83,2.2977487,0.0,319.7744534,2.6,5.42,2.74,,"26,126,950.","156,550.","306,921.04",,,1536.8937755,-14.8150056,,875.9507842,75.18,55.34,219.87,97.44,13.04,102.13,319.84,80.71,.13,-.21,-.27,-0.08,-.08,,,,"133,752,804,000."
NC13116,A102280,쌍방울,(주)쌍방울,110111-3891169,120-87-27416,2008-05-02,2008-06-10,2025-11-28,외감,12.0,중소기업,,차AI헬스케어,"N25203.섬유, 의류, 사치품",C00000.제조업(10~34),"C14000.의복, 의복 액세서리 및 모피제품 제조업",코스피,"기업의 계속성, 경영의 투명성 및 기타 공익과 투자자 보호 등을 종합적으로 고려하여 상장폐지 기준에 해당한다고 결정",기업의계속성_경영의투명성종합판단,2015,1.3052305,2.7634906,0.5857082,130.52,0.0265399,-0.0292683,32.34,0.73,-0.36,0.0058102,-0.0029034,0.008156,-0.41,1.38,99.92,51.68,0.8,1.12,2.7857452,0.0,113.6280832,2.77,4.42,1.52,,"26,626,750.","68,240.","422,902.14",,,1401.8637359,-5.2709805,,1370.1528461,174.01,81.38,474.48,337.71,164.23,36.52,"4,431.8",22.88,.52,4.45,6.78,0.65,1.11,,,,"138,676,424,000."
NC13116,A102280,쌍방울,(주)쌍방울,110111-3891169,120-87-27416,2008-05-02,2008-06-10,2025-11-28,외감,12.0,중소기업,,차AI헬스케어,"N25203.섬유, 의류, 사치품",C00000.제조업(10~34),"C14000.의복, 의복 액세서리 및 모피제품 제조업",코스피,"기업의 계속성, 경영의 투명성 및 기타 공익과 투자자 보호 등을 종합적으로 고려하여 상장폐지 기준에 해당한다고 결정",기업의계속성_경영의투명성종합판단,2016,-0.0146274,-15.5878877,-30.5438835,-1.46,-0.2023943,-0.09799,26.81,-13.26,-14.33,-0.0684794,-0.0739934,-0.0859238,-9.28,1.45,114.5,48.93,0.52,0.65,2.5431793,81.0300379,159.459963,2.07,3.38,0.9,,"29,690,410.","34,390.","590,510.27",,,856.6031593,-125.4031651,,1346.3271007,169.25,78.06,468.25,279.28,108.58,51.32,288.31,28.11,-9.13,-38.67,-72.05,-6.08,-13.32,,,,"217,372,239,000."
NC13116,A102280,쌍방울,(주)쌍방울,110111-3891169,120-87-27416,2008-05-02,2008-06-10,2025-11-28,외감,12.0,중소기업,,차AI헬스케어,"N25203.섬유, 의류, 사치품",C00000.제조업(10~34),"C14000.의복, 의복 액세서리 및 모피제품 제조업",코스피,"기업의 계속성, 경영의 투명성 및 기타 공익과 투자자 보호 등을 종합적으로 고려하여 상장폐지 기준에 해당한다고 결정",기업의계속성_경영의투명성종합판단,2017,0.7320836,-0.4320099,9.7943105,73.21,-0.0362966,-0.3203343,22.42,-19.71,130.78,-0.0510045,0.3384521,-0.0907417,60.21,1.39,42.68,38.04,0.26,0.46,0.590983,19.0601783,23.0984583,1.99,4.59,0.56,,"43,272,760.","28,500.","1,707,269.58",,,825.5113715,1111.2822039,,2338.5052904,367.67,48.39,203.5,184.78,3.42,18.08,193.21,106.66,-14.15,46.84,538.66,23.45,149.48,,,,"223,316,431,000."
NC13116,A102280,쌍방울,(주)쌍방울,110111-3891169,120-87-27416,2008-05-02,2008-06-10,2025-11-28,외감,12.0,중소기업,,차AI헬스케어,"N25203.섬유, 의류, 사치품",C00000.제조업(10~34),"C14000.의복, 의복 액세서리 및 모피제품 제조업",코스피,"기업의 계속성, 경영의 투명성 및 기타 공익과 투자자 보호 등을 종합적으로 고려하여 상장폐지 기준에 해당한다고 결정",기업의계속성_경영의투명성종합판단,2018,-0.3242102,1.0261245,-1.6644571,-32.42,-0.0728051,-0.2008197,34.31,.56,-93.72,0.0011244,-0.1897617,0.0022313,-37.66,1.73,154.54,36.69,.2,0.4,0.4081387,45.5782417,231.1708009,2.17,4.98,.91,,"52,763,750.","20,730.","2,571,923.49",,,765.409957,-737.8292559,,1580.3380848,216.05,53.67,63.26,32.81,4.11,,260.27,86.31,.32,-53.22,-269.49,-23.11,-92.97,,,,"623,968,394,000."
NC13116,A102280,쌍방울,(주)쌍방울,110111-3891169,120-87-27416,2008-05-02,2008-06-10,2025-11-28,외감,12.0,중소기업,,차AI헬스케어,"N25203.섬유, 의류, 사치품",C00000.제조업(10~34),"C14000.의복, 의복 액세서리 및 모피제품 제조업",코스피,"기업의 계속성, 경영의 투명성 및 기타 공익과 투자자 보호 등을 종합적으로 고려하여 상장폐지 기준에 해당한다고 결정",기업의계속성_경영의투명성종합판단,2019,-0.1862416,-19.4280197,0.6178975,-18.62,-0.0605424,0.0307692,23.27,-10.89,-38.12,-0.0288751,-0.1010494,-0.0562169,-19.67,3.7,133.23,29.79,.27,0.52,0.5450592,39.4575473,244.2288505,2.27,4.29,-1.6,,"68,408,790.","11,100.","1,805,334.7",,,739.6100867,-281.965552,,1285.1997708,157.03,48.78,55.21,28.14,3.95,,227.69,104.99,-2.95,-21.03,-73.86,-10.16,-39.49,,,,"380,150,026,000."
NC13116,A102280,쌍방울,(주)쌍방울,110111-3891169,120-87-27416,2008-05-02,2008-06-10,2025-11-28,외감,12.0,중소기업,,차AI헬스케어,"N25203.섬유, 의류, 사치품",C00000.제조업(10~34),"C14000.의복, 의복 액세서리 및 모피제품 제조업",코스피,"기업의 계속성, 경영의 투명성 및 기타 공익과 투자자 보호 등을 종합적으로 고려하여 상장폐지 기준에 해당한다고 결정",기업의계속성_경영의투명성종합판단,2020,0.2971803,0.8787505,0.5574379,29.72,0.0181542,0.0746269,31.42,-1.3,-16.57,-0.0036512,-0.0466382,-0.0066136,-8.45,4.72,112.25,27.3,.28,0.51,0.6284217,38.8968194,153.4250592,2.6,5.06,-2.61,,"73,303,350.","14,617,700.","1,576,723.83",,,555.5857137,-92.1769197,,899.8787567,79.97,61.45,92.08,59.01,14.55,,214.03,62.74,-0.27,-22.61,-112.24,-8.57,-32.41,,,,"340,359,626,000."
NC13116,A102280,쌍방울,(주)쌍방울,110111-3891169,120-87-27416,2008-05-02,2008-06-10,2025-11-28,외감,12.0,중소기업,,차AI헬스케어,"N25203.섬유, 의류, 사치품",C00000.제조업(10~34),"C14000.의복, 의복 액세서리 및 모피제품 제조업",코스피,"기업의 계속성, 경영의 투명성 및 기타 공익과 투자자 보호 등을 종합적으로 고려하여 상장폐지 기준에 해당한다고 결정",기업의계속성_경영의투명성종합판단,2021,0.0600291,-0.8286779,-0.1520097,6.0,-0.0023321,0.0324074,27.0,-2.38,-19.13,-0.0061822,-0.049747,-0.0103967,-8.37,1.75,108.78,24.52,.26,0.44,0.6414428,12.7140566,41.9833702,2.6,5.5,1.64,,"49,450,740.","14,155,810.","1,630,124.17",,,384.0897731,-73.4841387,,869.4989448,73.9,57.71,187.27,159.87,5.97,31.39,260.17,73.29,-1.36,-5.35,-51.71,-2.24,-9.45,,,,"350,525,095,000."
NC13116,A102280,쌍방울,(주)쌍방울,110111-3891169,120-87-27416,2008-05-02,2008-06-10,2025-11-28,외감,12.0,중소기업,,차AI헬스케어,"N25203.섬유, 의류, 사치품",C00000.제조업(10~34),"C14000.의복, 의복 액세서리 및 모피제품 제조업",코스피,"기업의 계속성, 경영의 투명성 및 기타 공익과 투자자 보호 등을 종합적으로 고려하여 상장폐지 기준에 해당한다고 결정",기업의계속성_경영의투명성종합판단,2022,-0.3927084,1.2784355,-4.171955,-39.27,0.0645895,-0.0358744,28.37,.62,-92.95,0.0022798,-0.3407608,0.0035001,-52.32,.85,171.66,4.39,.37,0.56,1.0515518,0.0,210.6207972,2.36,5.69,1.03,,"35,216,600.",.,"1,224,597.59",,,393.2904326,-365.5500238,,528.0394307,5.61,82.66,484.53,237.69,43.94,64.19,270.92,20.98,.73,-516.56,-953.04,-80.36,-112.93,,,,"395,643,690,000."
NC13116,A102280,쌍방울,(주)쌍방울,110111-3891169,120-87-27416,2008-05-02,2008-06-10,2025-11-28,외감,12.0,중소기업,,차AI헬스케어,"N25203.섬유, 의류, 사치품",C00000.제조업(10~34),"C14000.의복, 의복 액세서리 및 모피제품 제조업",코스피,"기업의 계속성, 경영의 투명성 및 기타 공익과 투자자 보호 등을 종합적으로 고려하여 상장폐지 기준에 해당한다고 결정",기업의계속성_경영의투명성종합판단,2023,-0.1810012,-0.4282046,0.7279785,-18.1,-0.0826671,0.055814,31.21,.39,-27.56,0.0023572,-0.1676145,0.002912,-20.71,.99,126.86,-12.33,.61,0.75,3.1921173,0.0,216.4431446,1.95,5.05,1.28,,"33,186,810.",.,"561,765.38",,,356.4454031,-99.4374664,,432.4636765,-13.51,78.96,418.82,205.93,43.64,66.78,288.83,26.65,0.39,-100.38,-156.19,-19.32,-25.48,,,,"167,746,018,000."
NC13116,A102280,쌍방울,(주)쌍방울,110111-3891169,120-87-27416,2008-05-02,2008-06-10,2025-11-28,외감,12.0,중소기업,,차AI헬스케어,"N25203.섬유, 의류, 사치품",C00000.제조업(10~34),"C14000.의복, 의복 액세서리 및 모피제품 제조업",코스피,"기업의 계속성, 경영의 투명성 및 기타 공익과 투자자 보호 등을 종합적으로 고려하여 상장폐지 기준에 해당한다고 결정",기업의계속성_경영의투명성종합판단,2024,-0.1073543,-7.2370899,0.6042666,-10.74,-0.0290058,-0.2511013,30.96,-2.49,-11.23,-0.0169206,-0.07634,-0.0213131,-9.62,1.18,109.58,78.05,.68,0.86,3.2975362,0.0,224.5534768,1.91,4.62,1.25,,"44,196,280.",.,"639,644.01",,,423.3900215,-48.2685316,16.5887973,19345.2738381,"3,771.54",79.88,576.26,273.17,48.61,63.64,275.21,25.19,-2.12,-98.53,-195.86,-17.87,-21.03,,,,"143,820,156,000."
N493854,A103130,웅진에너지,웅진에너지(주),160111-0214702,314-81-85611,2006-11-17,2010-06-30,2020-06-01,폐업,12.0,중소기업,,,"N45203.전자장비와 기기, 부품",C00000.제조업(10~34),"C26000.전자 부품, 컴퓨터, 영상, 음향 및 통신장비 제조업",코스피,감사의견 의견거절 2년 계속,감사의견거절,2014,-0.2221554,0.5805556,0.3042519,-22.22,0.3620787,,,,,-0.0378956,-0.1032055,-0.1597552,,,,,,1.99,0.619194,,,3.15,4.17,,,,,"807,735.55",,,,-501.2293638,,969.9288672,,,41.48,19.74,,,,373.45,-1.07,,,,,,,,
N493854,A103130,웅진에너지,웅진에너지(주),160111-0214702,314-81-85611,2006-11-17,2010-06-30,2020-06-01,폐업,12.0,중소기업,,,"N45203.전자장비와 기기, 부품",C00000.제조업(10~34),"C26000.전자 부품, 컴퓨터, 영상, 음향 및 통신장비 제조업",코스피,감사의견 의견거절 2년 계속,감사의견거절,2015,-0.3056076,1.0393857,0.3258738,-30.56,0.0063673,-0.067757,,,,0.0015568,-0.0725692,0.0084875,,,,,,2.7,0.607155,,,3.14,3.59,,,,,"830,676.1",,,,-325.1035771,,673.5112666,,,55.94,30.83,,,,548.5,.05,,,,,,,,
N493854,A103130,웅진에너지,웅진에너지(주),160111-0214702,314-81-85611,2006-11-17,2010-06-30,2020-06-01,폐업,12.0,중소기업,,,"N45203.전자장비와 기기, 부품",C00000.제조업(10~34),"C26000.전자 부품, 컴퓨터, 영상, 음향 및 통신장비 제조업",코스피,감사의견 의견거절 2년 계속,감사의견거절,2016,0.7715727,-104.2163384,-2.5044855,77.16,0.0583892,0.0426065,,,,-0.1687647,-0.2671006,-0.7712791,,,,,,2.52,0.7054791,,,3.71,4.09,,,,,"758,600.58",,,,-6559.6353052,,3856.9776304,,,56.91,26.91,,,,248.93,-6.01,,,,,,,,
N493854,A103130,웅진에너지,웅진에너지(주),160111-0214702,314-81-85611,2006-11-17,2010-06-30,2020-06-01,폐업,12.0,중소기업,,,"N45203.전자장비와 기기, 부품",C00000.제조업(10~34),"C26000.전자 부품, 컴퓨터, 영상, 음향 및 통신장비 제조업",코스피,감사의견 의견거절 2년 계속,감사의견거절,2017,0.2397909,1.0708512,1.0161566,23.98,0.397534,0.2211539,,,,0.0116922,0.0042198,0.0381697,,,,,,2.46,1.08571,,,4.2,6.38,,,,,"635,292.63",,,,55.34637,,4280.5050627,,,87.21,30.7,,,,208.33,.32,,,,,,,,
N493854,A103130,웅진에너지,웅진에너지(주),160111-0214702,314-81-85611,2006-11-17,2010-06-30,2020-06-01,폐업,12.0,중소기업,,,"N45203.전자장비와 기기, 부품",C00000.제조업(10~34),"C26000.전자 부품, 컴퓨터, 영상, 음향 및 통신장비 제조업",코스피,감사의견 의견거절 2년 계속,감사의견거절,2018,-0.6235401,-15.8584855,-83.0655181,-62.35,-0.3177007,-0.3976378,,,,-0.1952931,-0.3892853,-0.7443698,,,,,,2.2,0.7830989,,,3.29,4.99,,,,,"938,213.12",,,,-3781.5577962,,1333.6691822,,,30.51,13.29,,,,474.61,-3.93,,,,,,,,
N493854,A103130,웅진에너지,웅진에너지(주),160111-0214702,314-81-85611,2006-11-17,2010-06-30,2020-06-01,폐업,12.0,중소기업,,,"N45203.전자장비와 기기, 부품",C00000.제조업(10~34),"C26000.전자 부품, 컴퓨터, 영상, 음향 및 통신장비 제조업",코스피,감사의견 의견거절 2년 계속,감사의견거절,2019,-3.2605857,-0.057986,-0.3935884,,-0.7482401,-0.6372549,,,,-0.318998,-0.8375748,2.2842367,,,,,,,0.1970136,,,2.41,1.65,,,,,"1,675,247.07",,,,-5032.9005343,,-3009.8167474,,,5.92,3.97,,,,,-3.52,,,,,,,,
N493854,A103130,웅진에너지,웅진에너지(주),160111-0214702,314-81-85611,2006-11-17,2010-06-30,2020-06-01,폐업,12.0,중소기업,,,"N45203.전자장비와 기기, 부품",C00000.제조업(10~34),"C26000.전자 부품, 컴퓨터, 영상, 음향 및 통신장비 제조업",코스피,감사의견 의견거절 2년 계속,감사의견거절,2020,,,,,,,,,,,,,,,,,,,,,,,,,,,,,,,,,,,,,,,,,,,,,,,,,,,
N493854,A103130,웅진에너지,웅진에너지(주),160111-0214702,314-81-85611,2006-11-17,2010-06-30,2020-06-01,폐업,12.0,중소기업,,,"N45203.전자장비와 기기, 부품",C00000.제조업(10~34),"C26000.전자 부품, 컴퓨터, 영상, 음향 및 통신장비 제조업",코스피,감사의견 의견거절 2년 계속,감사의견거절,2021,,,,,,,,,,,,,,,,,,,,,,,,,,,,,,,,,,,,,,,,,,,,,,,,,,,
N493854,A103130,웅진에너지,웅진에너지(주),160111-0214702,314-81-85611,2006-11-17,2010-06-30,2020-06-01,폐업,12.0,중소기업,,,"N45203.전자장비와 기기, 부품",C00000.제조업(10~34),"C26000.전자 부품, 컴퓨터, 영상, 음향 및 통신장비 제조업",코스피,감사의견 의견거절 2년 계속,감사의견거절,2022,,,,,,,,,,,,,,,,,,,,,,,,,,,,,,,,,,,,,,,,,,,,,,,,,,,
N493854,A103130,웅진에너지,웅진에너지(주),160111-0214702,314-81-85611,2006-11-17,2010-06-30,2020-06-01,폐업,12.0,중소기업,,,"N45203.전자장비와 기기, 부품",C00000.제조업(10~34),"C26000.전자 부품, 컴퓨터, 영상, 음향 및 통신장비 제조업",코스피,감사의견 의견거절 2년 계속,감사의견거절,2023,,,,,,,,,,,,,,,,,,,,,,,,,,,,,,,,,,,,,,,,,,,,,,,,,,,
N493854,A103130,웅진에너지,웅진에너지(주),160111-0214702,314-81-85611,2006-11-17,2010-06-30,2020-06-01,폐업,12.0,중소기업,,,"N45203.전자장비와 기기, 부품",C00000.제조업(10~34),"C26000.전자 부품, 컴퓨터, 영상, 음향 및 통신장비 제조업",코스피,감사의견 의견거절 2년 계속,감사의견거절,2024,,,,,,,,,,,,,,,,,,,,,,,,,,,,,,,,,,,,,,,,,,,,,,,,,,,
NC39470,A104110,신성이엔지,(주)신성이엔지,131111-0215656,129-86-23540,2008-08-06,2008-09-01,2017-01-02,폐업,12.0,중견기업,,,N20106.기계,C00000.제조업(10~34),C29000.기타 기계 및 장비 제조업,코스피,해산 사유 발생,해산사유발생,2014,0.0904355,-0.548215,-0.5488028,9.04,-0.1868313,0.0469314,12.71,2.9,1.68,0.0493597,0.0286208,0.1237519,7.18,.51,97.24,30.14,1.7,4.26,2.8274709,,,30.59,5.15,14.68,,,,"336,003.24",,,10389.233502,176.1386504,,2743.4551682,448.7,39.09,116.23,105.77,13.93,64.42,115.34,155.83,5.75,,,,,,,81.19,
NC39470,A104110,신성이엔지,(주)신성이엔지,131111-0215656,129-86-23540,2008-08-06,2008-09-01,2017-01-02,폐업,12.0,중견기업,,,N20106.기계,C00000.제조업(10~34),C29000.기타 기계 및 장비 제조업,코스피,해산 사유 발생,해산사유발생,2015,0.154184,-0.217391,-0.0850902,15.42,-0.0004801,-0.0931035,13.81,2.27,1.54,0.0336551,0.0228136,0.0861888,5.84,.69,98.27,31.05,1.48,3.79,2.4283481,,,25.88,5.18,17.49,,,,"410,984.56",,,10384.245412,172.8426027,,3172.2337144,534.44,39.01,115.08,104.44,17.67,70.55,102.72,156.32,3.3,,,,,,,82.65,
NC39470,A104110,신성이엔지,(주)신성이엔지,131111-0215656,129-86-23540,2008-08-06,2008-09-01,2017-01-02,폐업,12.0,중견기업,,,N20106.기계,C00000.제조업(10~34),C29000.기타 기계 및 장비 제조업,코스피,해산 사유 발생,해산사유발생,2016,,,,,,,,,,,,,,,,,,,,,,,,,,,,,,,,,,,,,,,,,,,,,,,,,,,
NC39470,A104110,신성이엔지,(주)신성이엔지,131111-0215656,129-86-23540,2008-08-06,2008-09-01,2017-01-02,폐업,12.0,중견기업,,,N20106.기계,C00000.제조업(10~34),C29000.기타 기계 및 장비 제조업,코스피,해산 사유 발생,해산사유발생,2017,,,,,,,,,,,,,,,,,,,,,,,,,,,,,,,,,,,,,,,,,,,,,,,,,,,
NC39470,A104110,신성이엔지,(주)신성이엔지,131111-0215656,129-86-23540,2008-08-06,2008-09-01,2017-01-02,폐업,12.0,중견기업,,,N20106.기계,C00000.제조업(10~34),C29000.기타 기계 및 장비 제조업,코스피,해산 사유 발생,해산사유발생,2018,,,,,,,,,,,,,,,,,,,,,,,,,,,,,,,,,,,,,,,,,,,,,,,,,,,
NC39470,A104110,신성이엔지,(주)신성이엔지,131111-0215656,129-86-23540,2008-08-06,2008-09-01,2017-01-02,폐업,12.0,중견기업,,,N20106.기계,C00000.제조업(10~34),C29000.기타 기계 및 장비 제조업,코스피,해산 사유 발생,해산사유발생,2019,,,,,,,,,,,,,,,,,,,,,,,,,,,,,,,,,,,,,,,,,,,,,,,,,,,
NC39470,A104110,신성이엔지,(주)신성이엔지,131111-0215656,129-86-23540,2008-08-06,2008-09-01,2017-01-02,폐업,12.0,중견기업,,,N20106.기계,C00000.제조업(10~34),C29000.기타 기계 및 장비 제조업,코스피,해산 사유 발생,해산사유발생,2020,,,,,,,,,,,,,,,,,,,,,,,,,,,,,,,,,,,,,,,,,,,,,,,,,,,
NC39470,A104110,신성이엔지,(주)신성이엔지,131111-0215656,129-86-23540,2008-08-06,2008-09-01,2017-01-02,폐업,12.0,중견기업,,,N20106.기계,C00000.제조업(10~34),C29000.기타 기계 및 장비 제조업,코스피,해산 사유 발생,해산사유발생,2021,,,,,,,,,,,,,,,,,,,,,,,,,,,,,,,,,,,,,,,,,,,,,,,,,,,
NC39470,A104110,신성이엔지,(주)신성이엔지,131111-0215656,129-86-23540,2008-08-06,2008-09-01,2017-01-02,폐업,12.0,중견기업,,,N20106.기계,C00000.제조업(10~34),C29000.기타 기계 및 장비 제조업,코스피,해산 사유 발생,해산사유발생,2022,,,,,,,,,,,,,,,,,,,,,,,,,,,,,,,,,,,,,,,,,,,,,,,,,,,
NC39470,A104110,신성이엔지,(주)신성이엔지,131111-0215656,129-86-23540,2008-08-06,2008-09-01,2017-01-02,폐업,12.0,중견기업,,,N20106.기계,C00000.제조업(10~34),C29000.기타 기계 및 장비 제조업,코스피,해산 사유 발생,해산사유발생,2023,,,,,,,,,,,,,,,,,,,,,,,,,,,,,,,,,,,,,,,,,,,,,,,,,,,
NC39470,A104110,신성이엔지,(주)신성이엔지,131111-0215656,129-86-23540,2008-08-06,2008-09-01,2017-01-02,폐업,12.0,중견기업,,,N20106.기계,C00000.제조업(10~34),C29000.기타 기계 및 장비 제조업,코스피,해산 사유 발생,해산사유발생,2024,,,,,,,,,,,,,,,,,,,,,,,,,,,,,,,,,,,,,,,,,,,,,,,,,,,
NC39471,A104120,신성에프에이,(주)신성에프에이,131111-0215664,129-86-23555,2008-08-06,2008-09-01,2017-01-02,폐업,12.0,중견기업,,,N20106.기계,C00000.제조업(10~34),C29000.기타 기계 및 장비 제조업,코스피,해산 사유 발생,해산사유발생,2014,0.2377949,0.1999036,1.2475055,23.78,0.3065688,0.0441989,,,,0.0340115,0.0773263,0.09674,,,,,,4.12,2.2357921,,,315.99,3.95,,,,,"493,929.99",,,,409.5377114,,2060.2145746,,,122.53,121.87,,,,199.26,5.12,,,,,,,,
NC39471,A104120,신성에프에이,(주)신성에프에이,131111-0215664,129-86-23555,2008-08-06,2008-09-01,2017-01-02,폐업,12.0,중견기업,,,N20106.기계,C00000.제조업(10~34),C29000.기타 기계 및 장비 제조업,코스피,해산 사유 발생,해산사유발생,2015,0.4438615,1.9162143,0.7044742,44.39,0.3826213,0.2116402,,,,0.0700016,0.0930209,0.208699,,,,,,4.22,2.1286712,,,673.87,3.0,,,,,"577,602.02",,,,698.0030744,,2957.880724,,,118.05,117.92,,,,197.36,12.56,,,,,,,,
NC39471,A104120,신성에프에이,(주)신성에프에이,131111-0215664,129-86-23555,2008-08-06,2008-09-01,2017-01-02,폐업,12.0,중견기업,,,N20106.기계,C00000.제조업(10~34),C29000.기타 기계 및 장비 제조업,코스피,해산 사유 발생,해산사유발생,2016,,,,,,,,,,,,,,,,,,,,,,,,,,,,,,,,,,,,,,,,,,,,,,,,,,,
NC39471,A104120,신성에프에이,(주)신성에프에이,131111-0215664,129-86-23555,2008-08-06,2008-09-01,2017-01-02,폐업,12.0,중견기업,,,N20106.기계,C00000.제조업(10~34),C29000.기타 기계 및 장비 제조업,코스피,해산 사유 발생,해산사유발생,2017,,,,,,,,,,,,,,,,,,,,,,,,,,,,,,,,,,,,,,,,,,,,,,,,,,,
NC39471,A104120,신성에프에이,(주)신성에프에이,131111-0215664,129-86-23555,2008-08-06,2008-09-01,2017-01-02,폐업,12.0,중견기업,,,N20106.기계,C00000.제조업(10~34),C29000.기타 기계 및 장비 제조업,코스피,해산 사유 발생,해산사유발생,2018,,,,,,,,,,,,,,,,,,,,,,,,,,,,,,,,,,,,,,,,,,,,,,,,,,,
NC39471,A104120,신성에프에이,(주)신성에프에이,131111-0215664,129-86-23555,2008-08-06,2008-09-01,2017-01-02,폐업,12.0,중견기업,,,N20106.기계,C00000.제조업(10~34),C29000.기타 기계 및 장비 제조업,코스피,해산 사유 발생,해산사유발생,2019,,,,,,,,,,,,,,,,,,,,,,,,,,,,,,,,,,,,,,,,,,,,,,,,,,,
NC39471,A104120,신성에프에이,(주)신성에프에이,131111-0215664,129-86-23555,2008-08-06,2008-09-01,2017-01-02,폐업,12.0,중견기업,,,N20106.기계,C00000.제조업(10~34),C29000.기타 기계 및 장비 제조업,코스피,해산 사유 발생,해산사유발생,2020,,,,,,,,,,,,,,,,,,,,,,,,,,,,,,,,,,,,,,,,,,,,,,,,,,,
NC39471,A104120,신성에프에이,(주)신성에프에이,131111-0215664,129-86-23555,2008-08-06,2008-09-01,2017-01-02,폐업,12.0,중견기업,,,N20106.기계,C00000.제조업(10~34),C29000.기타 기계 및 장비 제조업,코스피,해산 사유 발생,해산사유발생,2021,,,,,,,,,,,,,,,,,,,,,,,,,,,,,,,,,,,,,,,,,,,,,,,,,,,
NC39471,A104120,신성에프에이,(주)신성에프에이,131111-0215664,129-86-23555,2008-08-06,2008-09-01,2017-01-02,폐업,12.0,중견기업,,,N20106.기계,C00000.제조업(10~34),C29000.기타 기계 및 장비 제조업,코스피,해산 사유 발생,해산사유발생,2022,,,,,,,,,,,,,,,,,,,,,,,,,,,,,,,,,,,,,,,,,,,,,,,,,,,
NC39471,A104120,신성에프에이,(주)신성에프에이,131111-0215664,129-86-23555,2008-08-06,2008-09-01,2017-01-02,폐업,12.0,중견기업,,,N20106.기계,C00000.제조업(10~34),C29000.기타 기계 및 장비 제조업,코스피,해산 사유 발생,해산사유발생,2023,,,,,,,,,,,,,,,,,,,,,,,,,,,,,,,,,,,,,,,,,,,,,,,,,,,
NC39471,A104120,신성에프에이,(주)신성에프에이,131111-0215664,129-86-23555,2008-08-06,2008-09-01,2017-01-02,폐업,12.0,중견기업,,,N20106.기계,C00000.제조업(10~34),C29000.기타 기계 및 장비 제조업,코스피,해산 사유 발생,해산사유발생,2024,,,,,,,,,,,,,,,,,,,,,,,,,,,,,,,,,,,,,,,,,,,,,,,,,,,
N373777,A110310,모린스,(주)모린스,111611-0072703,128-81-88924,2003-12-05,2009-09-25,2014-04-11,폐업,12.0,중소기업,,,N45301.반도체 및 반도체장비,C00000.제조업(10~34),"C26000.전자 부품, 컴퓨터, 영상, 음향 및 통신장비 제조업",코스닥,자본전액잠식 등,자본잠식,2014,,,,,,,,,,,,,,,"1,016.41",-38.31,.,,,,,,,.,,,,,,,,,,,-332.02,,,,3.25,,1.18,,,,,,,,,,
N373777,A110310,모린스,(주)모린스,111611-0072703,128-81-88924,2003-12-05,2009-09-25,2014-04-11,폐업,12.0,중소기업,,,N45301.반도체 및 반도체장비,C00000.제조업(10~34),"C26000.전자 부품, 컴퓨터, 영상, 음향 및 통신장비 제조업",코스닥,자본전액잠식 등,자본잠식,2015,,,,,,,,,,,,,,,,,,,,,,,,,,,,,,,,,,,,,,,,,,,,,,,,,,,
N373777,A110310,모린스,(주)모린스,111611-0072703,128-81-88924,2003-12-05,2009-09-25,2014-04-11,폐업,12.0,중소기업,,,N45301.반도체 및 반도체장비,C00000.제조업(10~34),"C26000.전자 부품, 컴퓨터, 영상, 음향 및 통신장비 제조업",코스닥,자본전액잠식 등,자본잠식,2016,,,,,,,,,,,,,,,,,,,,,,,,,,,,,,,,,,,,,,,,,,,,,,,,,,,
N373777,A110310,모린스,(주)모린스,111611-0072703,128-81-88924,2003-12-05,2009-09-25,2014-04-11,폐업,12.0,중소기업,,,N45301.반도체 및 반도체장비,C00000.제조업(10~34),"C26000.전자 부품, 컴퓨터, 영상, 음향 및 통신장비 제조업",코스닥,자본전액잠식 등,자본잠식,2017,,,,,,,,,,,,,,,,,,,,,,,,,,,,,,,,,,,,,,,,,,,,,,,,,,,
N373777,A110310,모린스,(주)모린스,111611-0072703,128-81-88924,2003-12-05,2009-09-25,2014-04-11,폐업,12.0,중소기업,,,N45301.반도체 및 반도체장비,C00000.제조업(10~34),"C26000.전자 부품, 컴퓨터, 영상, 음향 및 통신장비 제조업",코스닥,자본전액잠식 등,자본잠식,2018,,,,,,,,,,,,,,,,,,,,,,,,,,,,,,,,,,,,,,,,,,,,,,,,,,,
N373777,A110310,모린스,(주)모린스,111611-0072703,128-81-88924,2003-12-05,2009-09-25,2014-04-11,폐업,12.0,중소기업,,,N45301.반도체 및 반도체장비,C00000.제조업(10~34),"C26000.전자 부품, 컴퓨터, 영상, 음향 및 통신장비 제조업",코스닥,자본전액잠식 등,자본잠식,2019,,,,,,,,,,,,,,,,,,,,,,,,,,,,,,,,,,,,,,,,,,,,,,,,,,,
N373777,A110310,모린스,(주)모린스,111611-0072703,128-81-88924,2003-12-05,2009-09-25,2014-04-11,폐업,12.0,중소기업,,,N45301.반도체 및 반도체장비,C00000.제조업(10~34),"C26000.전자 부품, 컴퓨터, 영상, 음향 및 통신장비 제조업",코스닥,자본전액잠식 등,자본잠식,2020,,,,,,,,,,,,,,,,,,,,,,,,,,,,,,,,,,,,,,,,,,,,,,,,,,,
N373777,A110310,모린스,(주)모린스,111611-0072703,128-81-88924,2003-12-05,2009-09-25,2014-04-11,폐업,12.0,중소기업,,,N45301.반도체 및 반도체장비,C00000.제조업(10~34),"C26000.전자 부품, 컴퓨터, 영상, 음향 및 통신장비 제조업",코스닥,자본전액잠식 등,자본잠식,2021,,,,,,,,,,,,,,,,,,,,,,,,,,,,,,,,,,,,,,,,,,,,,,,,,,,
N373777,A110310,모린스,(주)모린스,111611-0072703,128-81-88924,2003-12-05,2009-09-25,2014-04-11,폐업,12.0,중소기업,,,N45301.반도체 및 반도체장비,C00000.제조업(10~34),"C26000.전자 부품, 컴퓨터, 영상, 음향 및 통신장비 제조업",코스닥,자본전액잠식 등,자본잠식,2022,,,,,,,,,,,,,,,,,,,,,,,,,,,,,,,,,,,,,,,,,,,,,,,,,,,
N373777,A110310,모린스,(주)모린스,111611-0072703,128-81-88924,2003-12-05,2009-09-25,2014-04-11,폐업,12.0,중소기업,,,N45301.반도체 및 반도체장비,C00000.제조업(10~34),"C26000.전자 부품, 컴퓨터, 영상, 음향 및 통신장비 제조업",코스닥,자본전액잠식 등,자본잠식,2023,,,,,,,,,,,,,,,,,,,,,,,,,,,,,,,,,,,,,,,,,,,,,,,,,,,
N373777,A110310,모린스,(주)모린스,111611-0072703,128-81-88924,2003-12-05,2009-09-25,2014-04-11,폐업,12.0,중소기업,,,N45301.반도체 및 반도체장비,C00000.제조업(10~34),"C26000.전자 부품, 컴퓨터, 영상, 음향 및 통신장비 제조업",코스닥,자본전액잠식 등,자본잠식,2024,,,,,,,,,,,,,,,,,,,,,,,,,,,,,,,,,,,,,,,,,,,,,,,,,,,
N391829,A110500,유니드코리아,(주)유니드코리아,134811-0119885,124-86-43712,2006-03-29,2011-06-17,2014-09-02,폐업,12.0,중소기업,,,N20106.기계,C00000.제조업(10~34),C29000.기타 기계 및 장비 제조업,코스닥,감사의견 거절(계속기업 존속능력에 대한 불확실성),감사의견거절,2014,,,,,,,,,,,,,,,,,,,,,,,,,,,,,,,,,,,,,,,,,,,,,,,,,,,
N391829,A110500,유니드코리아,(주)유니드코리아,134811-0119885,124-86-43712,2006-03-29,2011-06-17,2014-09-02,폐업,12.0,중소기업,,,N20106.기계,C00000.제조업(10~34),C29000.기타 기계 및 장비 제조업,코스닥,감사의견 거절(계속기업 존속능력에 대한 불확실성),감사의견거절,2015,,,,,,,,,,,,,,,,,,,,,,,,,,,,,,,,,,,,,,,,,,,,,,,,,,,
N391829,A110500,유니드코리아,(주)유니드코리아,134811-0119885,124-86-43712,2006-03-29,2011-06-17,2014-09-02,폐업,12.0,중소기업,,,N20106.기계,C00000.제조업(10~34),C29000.기타 기계 및 장비 제조업,코스닥,감사의견 거절(계속기업 존속능력에 대한 불확실성),감사의견거절,2016,,,,,,,,,,,,,,,,,,,,,,,,,,,,,,,,,,,,,,,,,,,,,,,,,,,
N391829,A110500,유니드코리아,(주)유니드코리아,134811-0119885,124-86-43712,2006-03-29,2011-06-17,2014-09-02,폐업,12.0,중소기업,,,N20106.기계,C00000.제조업(10~34),C29000.기타 기계 및 장비 제조업,코스닥,감사의견 거절(계속기업 존속능력에 대한 불확실성),감사의견거절,2017,,,,,,,,,,,,,,,,,,,,,,,,,,,,,,,,,,,,,,,,,,,,,,,,,,,
N391829,A110500,유니드코리아,(주)유니드코리아,134811-0119885,124-86-43712,2006-03-29,2011-06-17,2014-09-02,폐업,12.0,중소기업,,,N20106.기계,C00000.제조업(10~34),C29000.기타 기계 및 장비 제조업,코스닥,감사의견 거절(계속기업 존속능력에 대한 불확실성),감사의견거절,2018,,,,,,,,,,,,,,,,,,,,,,,,,,,,,,,,,,,,,,,,,,,,,,,,,,,
N391829,A110500,유니드코리아,(주)유니드코리아,134811-0119885,124-86-43712,2006-03-29,2011-06-17,2014-09-02,폐업,12.0,중소기업,,,N20106.기계,C00000.제조업(10~34),C29000.기타 기계 및 장비 제조업,코스닥,감사의견 거절(계속기업 존속능력에 대한 불확실성),감사의견거절,2019,,,,,,,,,,,,,,,,,,,,,,,,,,,,,,,,,,,,,,,,,,,,,,,,,,,
N391829,A110500,유니드코리아,(주)유니드코리아,134811-0119885,124-86-43712,2006-03-29,2011-06-17,2014-09-02,폐업,12.0,중소기업,,,N20106.기계,C00000.제조업(10~34),C29000.기타 기계 및 장비 제조업,코스닥,감사의견 거절(계속기업 존속능력에 대한 불확실성),감사의견거절,2020,,,,,,,,,,,,,,,,,,,,,,,,,,,,,,,,,,,,,,,,,,,,,,,,,,,
N391829,A110500,유니드코리아,(주)유니드코리아,134811-0119885,124-86-43712,2006-03-29,2011-06-17,2014-09-02,폐업,12.0,중소기업,,,N20106.기계,C00000.제조업(10~34),C29000.기타 기계 및 장비 제조업,코스닥,감사의견 거절(계속기업 존속능력에 대한 불확실성),감사의견거절,2021,,,,,,,,,,,,,,,,,,,,,,,,,,,,,,,,,,,,,,,,,,,,,,,,,,,
N391829,A110500,유니드코리아,(주)유니드코리아,134811-0119885,124-86-43712,2006-03-29,2011-06-17,2014-09-02,폐업,12.0,중소기업,,,N20106.기계,C00000.제조업(10~34),C29000.기타 기계 및 장비 제조업,코스닥,감사의견 거절(계속기업 존속능력에 대한 불확실성),감사의견거절,2022,,,,,,,,,,,,,,,,,,,,,,,,,,,,,,,,,,,,,,,,,,,,,,,,,,,
N391829,A110500,유니드코리아,(주)유니드코리아,134811-0119885,124-86-43712,2006-03-29,2011-06-17,2014-09-02,폐업,12.0,중소기업,,,N20106.기계,C00000.제조업(10~34),C29000.기타 기계 및 장비 제조업,코스닥,감사의견 거절(계속기업 존속능력에 대한 불확실성),감사의견거절,2023,,,,,,,,,,,,,,,,,,,,,,,,,,,,,,,,,,,,,,,,,,,,,,,,,,,
N391829,A110500,유니드코리아,(주)유니드코리아,134811-0119885,124-86-43712,2006-03-29,2011-06-17,2014-09-02,폐업,12.0,중소기업,,,N20106.기계,C00000.제조업(10~34),C29000.기타 기계 및 장비 제조업,코스닥,감사의견 거절(계속기업 존속능력에 대한 불확실성),감사의견거절,2024,,,,,,,,,,,,,,,,,,,,,,,,,,,,,,,,,,,,,,,,,,,,,,,,,,,
N494226,A110570,넥솔론,(주)넥솔론,110111-3720673,104-86-09495,2007-07-18,2011-10-14,2017-04-17,폐업,12.0,중견기업,,,N45301.반도체 및 반도체장비,C00000.제조업(10~34),"C26000.전자 부품, 컴퓨터, 영상, 음향 및 통신장비 제조업",코스피,자본전액잠식,자본잠식,2014,-9.7751289,-0.9116411,-6.5785638,,-0.2107434,-0.17979,-25.0,-30.01,-159.96,-0.1069815,-0.5701742,0.4895212,,25.53,251.37,-76.16,.36,,0.292516,,,6.95,10.94,-.42,,,,"1,150,376.02",,,1967.7503067,-3177.459171,-130.8062475,-2698.7370861,-639.75,,8.14,4.4,1.8,,10.04,,-1.18,,,,,,,,
N494226,A110570,넥솔론,(주)넥솔론,110111-3720673,104-86-09495,2007-07-18,2011-10-14,2017-04-17,폐업,12.0,중견기업,,,N45301.반도체 및 반도체장비,C00000.제조업(10~34),"C26000.전자 부품, 컴퓨터, 영상, 음향 및 통신장비 제조업",코스피,자본전액잠식,자본잠식,2015,-1.040331,0.3325889,1.6433528,,-0.4109813,-0.1008,,,,-0.1005035,0.5077979,0.2913785,,,,,,,0.2197359,,,6.09,11.44,,,,,"928,783.64",,,,1690.4746414,,94.1621283,,,92.67,56.05,,,,"3,155.59",-1.77,,,,,,,,
N494226,A110570,넥솔론,(주)넥솔론,110111-3720673,104-86-09495,2007-07-18,2011-10-14,2017-04-17,폐업,12.0,중견기업,,,N45301.반도체 및 반도체장비,C00000.제조업(10~34),"C26000.전자 부품, 컴퓨터, 영상, 음향 및 통신장비 제조업",코스피,자본전액잠식,자본잠식,2016,-4.3586184,0.1669472,-1.2501509,,0.0028622,0.0231317,,,,-0.0947333,-0.1437281,2.4488063,,,,,,,0.3228529,,,7.97,15.07,,,,,"802,295.47",,,,-412.0213753,,-315.3541055,,,43.3,23.18,,,,,-1.21,,,,,,,,
N494226,A110570,넥솔론,(주)넥솔론,110111-3720673,104-86-09495,2007-07-18,2011-10-14,2017-04-17,폐업,12.0,중견기업,,,N45301.반도체 및 반도체장비,C00000.제조업(10~34),"C26000.전자 부품, 컴퓨터, 영상, 음향 및 통신장비 제조업",코스피,자본전액잠식,자본잠식,2017,,,,,,,,,,,,,,,,,,,,,,,,,,,,,,,,,,,,,,,,,,,,,,,,,,,
N494226,A110570,넥솔론,(주)넥솔론,110111-3720673,104-86-09495,2007-07-18,2011-10-14,2017-04-17,폐업,12.0,중견기업,,,N45301.반도체 및 반도체장비,C00000.제조업(10~34),"C26000.전자 부품, 컴퓨터, 영상, 음향 및 통신장비 제조업",코스피,자본전액잠식,자본잠식,2018,,,,,,,,,,,,,,,,,,,,,,,,,,,,,,,,,,,,,,,,,,,,,,,,,,,
N494226,A110570,넥솔론,(주)넥솔론,110111-3720673,104-86-09495,2007-07-18,2011-10-14,2017-04-17,폐업,12.0,중견기업,,,N45301.반도체 및 반도체장비,C00000.제조업(10~34),"C26000.전자 부품, 컴퓨터, 영상, 음향 및 통신장비 제조업",코스피,자본전액잠식,자본잠식,2019,,,,,,,,,,,,,,,,,,,,,,,,,,,,,,,,,,,,,,,,,,,,,,,,,,,
N494226,A110570,넥솔론,(주)넥솔론,110111-3720673,104-86-09495,2007-07-18,2011-10-14,2017-04-17,폐업,12.0,중견기업,,,N45301.반도체 및 반도체장비,C00000.제조업(10~34),"C26000.전자 부품, 컴퓨터, 영상, 음향 및 통신장비 제조업",코스피,자본전액잠식,자본잠식,2020,,,,,,,,,,,,,,,,,,,,,,,,,,,,,,,,,,,,,,,,,,,,,,,,,,,
N494226,A110570,넥솔론,(주)넥솔론,110111-3720673,104-86-09495,2007-07-18,2011-10-14,2017-04-17,폐업,12.0,중견기업,,,N45301.반도체 및 반도체장비,C00000.제조업(10~34),"C26000.전자 부품, 컴퓨터, 영상, 음향 및 통신장비 제조업",코스피,자본전액잠식,자본잠식,2021,,,,,,,,,,,,,,,,,,,,,,,,,,,,,,,,,,,,,,,,,,,,,,,,,,,
N494226,A110570,넥솔론,(주)넥솔론,110111-3720673,104-86-09495,2007-07-18,2011-10-14,2017-04-17,폐업,12.0,중견기업,,,N45301.반도체 및 반도체장비,C00000.제조업(10~34),"C26000.전자 부품, 컴퓨터, 영상, 음향 및 통신장비 제조업",코스피,자본전액잠식,자본잠식,2022,,,,,,,,,,,,,,,,,,,,,,,,,,,,,,,,,,,,,,,,,,,,,,,,,,,
N494226,A110570,넥솔론,(주)넥솔론,110111-3720673,104-86-09495,2007-07-18,2011-10-14,2017-04-17,폐업,12.0,중견기업,,,N45301.반도체 및 반도체장비,C00000.제조업(10~34),"C26000.전자 부품, 컴퓨터, 영상, 음향 및 통신장비 제조업",코스피,자본전액잠식,자본잠식,2023,,,,,,,,,,,,,,,,,,,,,,,,,,,,,,,,,,,,,,,,,,,,,,,,,,,
N494226,A110570,넥솔론,(주)넥솔론,110111-3720673,104-86-09495,2007-07-18,2011-10-14,2017-04-17,폐업,12.0,중견기업,,,N45301.반도체 및 반도체장비,C00000.제조업(10~34),"C26000.전자 부품, 컴퓨터, 영상, 음향 및 통신장비 제조업",코스피,자본전액잠식,자본잠식,2024,,,,,,,,,,,,,,,,,,,,,,,,,,,,,,,,,,,,,,,,,,,,,,,,,,,
N489726,A111610,승화프리텍,(주)세왕,110111-3409136,104-81-99648,2006-02-28,2010-01-06,2016-01-25,일반,12.0,중소기업,,세왕,N20103.건설 및 엔지니어링,F00000.건설업(41~42),F42000.전문직별 공사업,코스닥,"기업의 계속성, 경영의 투명성 또는 그 밖에 코스닥시장의 건전성 등을 종합적으로 고려하여 상장폐지 기준에 해당한다고 결정",기업의계속성_경영의투명성종합판단,2014,-0.8973175,-5.5082689,-4.6702143,-89.73,-0.4531121,-0.4901961,-62.08,-152.97,-338.65,-0.4822794,-1.0676732,-8.8667419,"-1,962.92",26.9,388.79,-69.79,.32,5.8,0.3334035,,,8.06,4.96,-.48,,,,"990,964.04",,,236.752077,-801.7719113,-367.7510945,36.151196,-92.77,5.44,17.52,12.65,.04,,47.65,"1,738.51",-5.69,,,,,,,,
N489726,A111610,승화프리텍,(주)세왕,110111-3409136,104-81-99648,2006-02-28,2010-01-06,2016-01-25,일반,12.0,중소기업,,세왕,N20103.건설 및 엔지니어링,F00000.건설업(41~42),F42000.전문직별 공사업,코스닥,"기업의 계속성, 경영의 투명성 또는 그 밖에 코스닥시장의 건전성 등을 종합적으로 고려하여 상장폐지 기준에 해당한다고 결정",기업의계속성_경영의투명성종합판단,2015,16.5709387,0.3919633,0.4362497,"1,657.09",-0.5029751,0.0384615,6.67,-187.14,-384.12,-0.2138746,-0.4389912,-0.5806174,-119.18,16.16,400.3,-0.09,0.11,0.31,0.1809333,,,5.34,2.17,-1.06,,,,"950,241.72",,,101.500648,-389.8831781,-146.3142175,499.2169249,-.16,54.86,283.42,273.62,13.45,5.35,276.18,82.29,-11.58,,,,,,,,
N489726,A111610,승화프리텍,(주)세왕,110111-3409136,104-81-99648,2006-02-28,2010-01-06,2016-01-25,일반,12.0,중소기업,,세왕,N20103.건설 및 엔지니어링,F00000.건설업(41~42),F42000.전문직별 공사업,코스닥,"기업의 계속성, 경영의 투명성 또는 그 밖에 코스닥시장의 건전성 등을 종합적으로 고려하여 상장폐지 기준에 해당한다고 결정",기업의계속성_경영의투명성종합판단,2016,,,,,,,,,,,,,,,,,,,,,,,,,,,,,,,,,,,,,,,,,,,,,,,,,,,
N489726,A111610,승화프리텍,(주)세왕,110111-3409136,104-81-99648,2006-02-28,2010-01-06,2016-01-25,일반,12.0,중소기업,,세왕,N20103.건설 및 엔지니어링,F00000.건설업(41~42),F42000.전문직별 공사업,코스닥,"기업의 계속성, 경영의 투명성 또는 그 밖에 코스닥시장의 건전성 등을 종합적으로 고려하여 상장폐지 기준에 해당한다고 결정",기업의계속성_경영의투명성종합판단,2017,,,,,,,,,,,,,,,,,,,,,,,,,,,,,,,,,,,,,,,,,,,,,,,,,,,
N489726,A111610,승화프리텍,(주)세왕,110111-3409136,104-81-99648,2006-02-28,2010-01-06,2016-01-25,일반,12.0,중소기업,,세왕,N20103.건설 및 엔지니어링,F00000.건설업(41~42),F42000.전문직별 공사업,코스닥,"기업의 계속성, 경영의 투명성 또는 그 밖에 코스닥시장의 건전성 등을 종합적으로 고려하여 상장폐지 기준에 해당한다고 결정",기업의계속성_경영의투명성종합판단,2018,,,,,,,,,,,,,,,,,,,,,,,,,,,,,,,,,,,,,,,,,,,,,,,,,,,
N489726,A111610,승화프리텍,(주)세왕,110111-3409136,104-81-99648,2006-02-28,2010-01-06,2016-01-25,일반,12.0,중소기업,,세왕,N20103.건설 및 엔지니어링,F00000.건설업(41~42),F42000.전문직별 공사업,코스닥,"기업의 계속성, 경영의 투명성 또는 그 밖에 코스닥시장의 건전성 등을 종합적으로 고려하여 상장폐지 기준에 해당한다고 결정",기업의계속성_경영의투명성종합판단,2019,,,,,,,,,,,,,,,,,,,,,,,,,,,,,,,,,,,,,,,,,,,,,,,,,,,
N489726,A111610,승화프리텍,(주)세왕,110111-3409136,104-81-99648,2006-02-28,2010-01-06,2016-01-25,일반,12.0,중소기업,,세왕,N20103.건설 및 엔지니어링,F00000.건설업(41~42),F42000.전문직별 공사업,코스닥,"기업의 계속성, 경영의 투명성 또는 그 밖에 코스닥시장의 건전성 등을 종합적으로 고려하여 상장폐지 기준에 해당한다고 결정",기업의계속성_경영의투명성종합판단,2020,,,,,,,,,,,,,,,,,,,,,,,,,,,,,,,,,,,,,,,,,,,,,,,,,,,
N489726,A111610,승화프리텍,(주)세왕,110111-3409136,104-81-99648,2006-02-28,2010-01-06,2016-01-25,일반,12.0,중소기업,,세왕,N20103.건설 및 엔지니어링,F00000.건설업(41~42),F42000.전문직별 공사업,코스닥,"기업의 계속성, 경영의 투명성 또는 그 밖에 코스닥시장의 건전성 등을 종합적으로 고려하여 상장폐지 기준에 해당한다고 결정",기업의계속성_경영의투명성종합판단,2021,,,,,,,,,,,,,,,,,,,,,,,,,,,,,,,,,,,,,,,,,,,,,,,,,,,
N489726,A111610,승화프리텍,(주)세왕,110111-3409136,104-81-99648,2006-02-28,2010-01-06,2016-01-25,일반,12.0,중소기업,,세왕,N20103.건설 및 엔지니어링,F00000.건설업(41~42),F42000.전문직별 공사업,코스닥,"기업의 계속성, 경영의 투명성 또는 그 밖에 코스닥시장의 건전성 등을 종합적으로 고려하여 상장폐지 기준에 해당한다고 결정",기업의계속성_경영의투명성종합판단,2022,,,,,,,,,,,,,,,,,,,,,,,,,,,,,,,,,,,,,,,,,,,,,,,,,,,
N489726,A111610,승화프리텍,(주)세왕,110111-3409136,104-81-99648,2006-02-28,2010-01-06,2016-01-25,일반,12.0,중소기업,,세왕,N20103.건설 및 엔지니어링,F00000.건설업(41~42),F42000.전문직별 공사업,코스닥,"기업의 계속성, 경영의 투명성 또는 그 밖에 코스닥시장의 건전성 등을 종합적으로 고려하여 상장폐지 기준에 해당한다고 결정",기업의계속성_경영의투명성종합판단,2023,,,,,,,,,,,,,,,,,,,,,,,,,,,,,,,,,,,,,,,,,,,,,,,,,,,
N489726,A111610,승화프리텍,(주)세왕,110111-3409136,104-81-99648,2006-02-28,2010-01-06,2016-01-25,일반,12.0,중소기업,,세왕,N20103.건설 및 엔지니어링,F00000.건설업(41~42),F42000.전문직별 공사업,코스닥,"기업의 계속성, 경영의 투명성 또는 그 밖에 코스닥시장의 건전성 등을 종합적으로 고려하여 상장폐지 기준에 해당한다고 결정",기업의계속성_경영의투명성종합판단,2024,,,,,,,,,,,,,,,,,,,,,,,,,,,,,,,,,,,,,,,,,,,,,,,,,,,
N687593,A111820,지유온,(주)지유온,110111-3582627,119-81-94650,2006-12-19,2010-06-18,2021-09-30,외감,12.0,중소기업,,지유온,N45000.정보기술,J00000.정보통신업(58~63),J63000.정보서비스업,코스닥,기업의 계속성 및 경영의 투명성 등을 종합적으로 고려하여 상장폐지기준에 해당한다고 결정,기업의계속성_경영의투명성종합판단,2014,0.0673361,-0.9222813,-0.9721131,6.73,-0.4088932,0.0350877,23.11,0.99,1.21,0.0083846,0.0102732,0.0122755,1.5,1.41,98.26,65.95,.85,1.24,2.6744837,0.0,0.0,65.63,2.76,1.12,,"27,811,500.",.,"975,783.96",,,6573.6712797,88.6512958,,5945.645119,"1,113.06",68.3,"1,314.39","1,293.58",256.54,1.71,"11,041.37",46.41,.7,1.16,1.34,0.37,.53,,,,"56,948,067,000."
N687593,A111820,지유온,(주)지유온,110111-3582627,119-81-94650,2006-12-19,2010-06-18,2021-09-30,외감,12.0,중소기업,,지유온,N45000.정보기술,J00000.정보통신업(58~63),J63000.정보서비스업,코스닥,기업의 계속성 및 경영의 투명성 등을 종합적으로 고려하여 상장폐지기준에 해당한다고 결정,기업의계속성_경영의투명성종합판단,2015,0.3114226,1.3060873,-1.7000335,31.14,-0.1074963,0.0169492,19.25,2.56,-0.95,0.0187762,-0.0069835,0.0244944,-0.91,1.26,100.89,80.0,0.73,0.96,3.1471858,0.0,99.4804546,44.3,2.74,1.03,,"49,873,120.",.,"976,148.58",,,4612.6129186,-47.6410286,,5136.1492372,943.53,84.54,538.52,525.43,185.71,2.99,"5,034.42",18.29,2.03,-4.21,-6.53,-0.65,-1.0,,,,"57,508,593,000."
N687593,A111820,지유온,(주)지유온,110111-3582627,119-81-94650,2006-12-19,2010-06-18,2021-09-30,외감,12.0,중소기업,,지유온,N45000.정보기술,J00000.정보통신업(58~63),J63000.정보서비스업,코스닥,기업의 계속성 및 경영의 투명성 등을 종합적으로 고려하여 상장폐지기준에 해당한다고 결정,기업의계속성_경영의투명성종합판단,2016,0.5502444,0.0382351,1.7034385,55.02,-0.0251686,0.05,26.88,2.72,0.69,0.0155027,0.0039067,0.0175759,0.44,.3,98.89,81.07,0.57,0.65,4.8287729,0.0,59.3107287,31.95,2.71,0.79,,"46,712,340.",.,"1,171,567.44",,,3076.0637587,21.0985228,,4173.9972334,740.31,90.74,933.02,915.15,79.42,2.15,"9,379.76",10.2,9.11,10.01,17.74,.89,2.04,,,,"60,935,307,000."
N687593,A111820,지유온,(주)지유온,110111-3582627,119-81-94650,2006-12-19,2010-06-18,2021-09-30,외감,12.0,중소기업,,지유온,N45000.정보기술,J00000.정보통신업(58~63),J63000.정보서비스업,코스닥,기업의 계속성 및 경영의 투명성 등을 종합적으로 고려하여 상장폐지기준에 해당한다고 결정,기업의계속성_경영의투명성종합판단,2017,-0.178795,0.1826737,-50.7026014,-17.88,-0.3504687,-0.0793651,43.22,4.96,-52.49,0.0168204,-0.1781337,0.0187761,-19.88,1.62,148.68,77.26,0.34,0.38,3.2584644,0.0,71.1123732,18.39,1.7,0.46,,"49,392,090.",.,"1,376,612.75",,,1425.1452,-747.9883734,,3345.7331215,577.13,88.21,816.25,795.4,112.44,2.91,"5,233.67",13.36,3.06,-260.59,-544.81,-22.72,-65.1,,,,"88,003,439,000."
N687593,A111820,지유온,(주)지유온,110111-3582627,119-81-94650,2006-12-19,2010-06-18,2021-09-30,외감,12.0,중소기업,,지유온,N45000.정보기술,J00000.정보통신업(58~63),J63000.정보서비스업,코스닥,기업의 계속성 및 경영의 투명성 등을 종합적으로 고려하여 상장폐지기준에 해당한다고 결정,기업의계속성_경영의투명성종합판단,2018,-0.8630564,-8.2105229,-3.0900825,-86.31,-0.4858179,0.0689655,50.69,-69.5,-417.49,-0.1782316,-1.0706825,-0.2640826,-158.64,2.36,465.55,-3.53,.26,0.38,0.788868,0.0,103.6175206,18.12,1.04,.44,,"73,233,900.",.,"802,745.09",,,675.124097,-2923.3608198,,436.9284562,-12.41,24.86,174.79,174.79,5.84,.,"16,808.78",302.31,-29.43,-267.77,-812.44,-239.27,-485.35,,,,"74,344,008,000."
N687593,A111820,지유온,(주)지유온,110111-3582627,119-81-94650,2006-12-19,2010-06-18,2021-09-30,외감,12.0,중소기업,,지유온,N45000.정보기술,J00000.정보통신업(58~63),J63000.정보서비스업,코스닥,기업의 계속성 및 경영의 투명성 등을 종합적으로 고려하여 상장폐지기준에 해당한다고 결정,기업의계속성_경영의투명성종합판단,2019,-0.8855966,0.4959454,0.8499086,-88.56,-0.6860588,-0.4354839,74.53,-54.16,-232.37,-0.0873463,-0.3747449,-1.4133631,-606.38,4.9,203.8,-39.57,.16,2.61,0.1718917,0.249150356,0.249150356,,0.7,.57,,"180,508,640.",.,"748,037.89",,,,-477.2736637,,16.162489,-96.55,1.32,168.28,168.28,46.83,.,,"7,449.99",-11.06,-38.84,-143.41,-38.32,-227.65,,,,"36,130,744,000."
N687593,A111820,지유온,(주)지유온,110111-3582627,119-81-94650,2006-12-19,2010-06-18,2021-09-30,외감,12.0,중소기업,,지유온,N45000.정보기술,J00000.정보통신업(58~63),J63000.정보서비스업,코스닥,기업의 계속성 및 경영의 투명성 등을 종합적으로 고려하여 상장폐지기준에 해당한다고 결정,기업의계속성_경영의투명성종합판단,2020,41.9902832,-0.4842866,0.6683984,"4,199.03",1.2617754,0.1428571,21.32,-25.61,-29.26,-0.0942323,-0.1076693,-0.1993759,-22.78,6.57,121.72,5.45,.37,0.78,0.6977531,0.0,0.0,13.81,1.76,.82,,"82,881,540.",.,"691,233.06",,,456.3500781,-137.7706554,,565.0321295,13.04,47.26,245.,236.37,107.83,5.95,486.19,111.58,-3.9,-26.09,-34.68,-13.76,-43.54,,,,"30,217,041,000."
N687593,A111820,지유온,(주)지유온,110111-3582627,119-81-94650,2006-12-19,2010-06-18,2021-09-30,외감,12.0,중소기업,,지유온,N45000.정보기술,J00000.정보통신업(58~63),J63000.정보서비스업,코스닥,기업의 계속성 및 경영의 투명성 등을 종합적으로 고려하여 상장폐지기준에 해당한다고 결정,기업의계속성_경영의투명성종합판단,2021,,,,,,,16.67,-22.13,-17.88,,,,-15.67,7.6,116.51,-2.68,.41,,,0.0,44.0948047,,,.93,,"4,924,340.",.,,,,,,,,-5.37,47.14,,,17.85,5.31,"2,308.99",,,-11.48,-13.66,-6.07,-15.55,,,,"30,217,041,000."
N687593,A111820,지유온,(주)지유온,110111-3582627,119-81-94650,2006-12-19,2010-06-18,2021-09-30,외감,12.0,중소기업,,지유온,N45000.정보기술,J00000.정보통신업(58~63),J63000.정보서비스업,코스닥,기업의 계속성 및 경영의 투명성 등을 종합적으로 고려하여 상장폐지기준에 해당한다고 결정,기업의계속성_경영의투명성종합판단,2022,,,,,,,25.88,-95.46,-164.35,,,,-25.11,47.05,343.15,-18.52,.09,,,0.0,88.1211144,,,.17,,"9,044,930.",.,,,,,,,,-20.14,73.41,,,9.29,2.94,66.03,,,-73.33,-130.78,-19.63,-160.8,,,,"29,600,915,000."
N687593,A111820,지유온,(주)지유온,110111-3582627,119-81-94650,2006-12-19,2010-06-18,2021-09-30,외감,12.0,중소기업,,지유온,N45000.정보기술,J00000.정보통신업(58~63),J63000.정보서비스업,코스닥,기업의 계속성 및 경영의 투명성 등을 종합적으로 고려하여 상장폐지기준에 해당한다고 결정,기업의계속성_경영의투명성종합판단,2023,,,,,,,1.35,-483.9,-380.56,,,,-9.76,85.8,181.8,-31.69,.02,,,0.0226848072,0.0226848072,,,.03,,"54,664,000.",.,,,,,,,,-28.22,80.57,,,37.22,.,63.73,,,-41.52,-95.31,-8.06,-371.33,,,,"16,110,261,000."
N687593,A111820,지유온,(주)지유온,110111-3582627,119-81-94650,2006-12-19,2010-06-18,2021-09-30,외감,12.0,중소기업,,지유온,N45000.정보기술,J00000.정보통신업(58~63),J63000.정보서비스업,코스닥,기업의 계속성 및 경영의 투명성 등을 종합적으로 고려하여 상장폐지기준에 해당한다고 결정,기업의계속성_경영의투명성종합판단,2024,,,,,,,77.52,-120.27,-512.43,,,,-69.39,.82,387.71,-94.69,.11,,,0.0,0.0,,,.15,,"34,070,500.",.,,,,,,,,-47.52,84.89,,,19.74,1.75,497.37,,,-402.38,"-2,652.61",-44.29,"-9,198.45",,,,"8,026,527,000."
N453757,A111870,KH 미래물산,케이에이치미래물산(주),124311-0021149,130-81-21004,1988-02-17,2010-11-05,2026-01-14,외감,12.0,중소기업,,KH,"N45203.전자장비와 기기, 부품",C00000.제조업(10~34),"C26000.전자 부품, 컴퓨터, 영상, 음향 및 통신장비 제조업",코스닥,감사의견 거절(감사범위 제한),감사의견거절,2014,-0.0131053,-0.6405944,-0.7109246,-1.31,-0.2068596,0.0,24.0,5.53,3.03,0.0326025,0.0178617,0.0368471,2.02,.,95.87,86.63,.59,0.67,5.1189332,0.0,93.6191241,8.79,3.7,.79,,"60,621,240.","5,688,310.","1,760,793.19",,,5288.4188119,170.3041053,-1109.3710891,8828.5309381,"1,639.11",88.59,765.63,707.28,130.91,8.77,182.04,12.88,,26.65,,1.69,2.78,,,,"91,286,466,000."
N453757,A111870,KH 미래물산,케이에이치미래물산(주),124311-0021149,130-81-21004,1988-02-17,2010-11-05,2026-01-14,외감,12.0,중소기업,,KH,"N45203.전자장비와 기기, 부품",C00000.제조업(10~34),"C26000.전자 부품, 컴퓨터, 영상, 음향 및 통신장비 제조업",코스닥,감사의견 거절(감사범위 제한),감사의견거절,2015,0.0436769,0.829682,2.835778,4.37,0.1226103,0.0204082,28.26,9.01,10.35,0.0587799,0.0675117,0.0664158,7.63,.,87.06,86.55,0.65,0.74,5.6736783,60.0037658,71.300623,9.77,3.82,0.87,,"58,094,120.","3,095,570.","1,772,266.66",,,5936.8335644,653.2487368,339.3663366,9214.1338434,"1,712.32",88.42,755.85,696.92,148.07,8.99,238.65,13.1,,68.67,,6.04,9.31,,,,"89,870,974,000."
N453757,A111870,KH 미래물산,케이에이치미래물산(주),124311-0021149,130-81-21004,1988-02-17,2010-11-05,2026-01-14,외감,12.0,중소기업,,KH,"N45203.전자장비와 기기, 부품",C00000.제조업(10~34),"C26000.전자 부품, 컴퓨터, 영상, 음향 및 통신장비 제조업",코스닥,감사의견 거절(감사범위 제한),감사의견거절,2016,0.0252572,-0.0982445,0.1282021,2.53,-0.0453316,-0.08,28.38,8.51,12.23,0.0517691,0.0743907,0.0579063,8.32,.02,86.89,88.51,0.61,0.68,5.7386864,55.0364444,80.3448309,10.64,4.1,0.81,,"61,796,040.","2,308,540.","1,976,368.1",,,5667.7076238,736.9966316,1433.709802,9446.8566201,"1,756.51",90.38,893.69,843.64,262.06,6.31,246.41,10.64,551.86,67.46,,5.13,8.16,,,,"93,974,689,000."
N453757,A111870,KH 미래물산,케이에이치미래물산(주),124311-0021149,130-81-21004,1988-02-17,2010-11-05,2026-01-14,외감,12.0,중소기업,,KH,"N45203.전자장비와 기기, 부품",C00000.제조업(10~34),"C26000.전자 부품, 컴퓨터, 영상, 음향 및 통신장비 제조업",코스닥,감사의견 거절(감사범위 제한),감사의견거절,2017,-0.0127834,-0.1897364,-0.5035572,-1.28,-0.1726431,-0.0434783,29.28,8.34,7.34,0.0424657,0.0373878,0.0466396,4.11,.06,91.77,89.82,0.51,0.56,5.6925886,55.2652542,80.8031414,9.17,3.59,0.68,,"63,211,730.","1,615,510.","2,022,169.72",,,4689.2171287,365.8766316,135.6853465,9326.0934797,"1,733.58",91.74,"1,035.83",956.13,261.85,8.52,368.58,9.,131.64,60.79,,3.35,6.22,,,,"94,260,280,000."
N453757,A111870,KH 미래물산,케이에이치미래물산(주),124311-0021149,130-81-21004,1988-02-17,2010-11-05,2026-01-14,외감,12.0,중소기업,,KH,"N45203.전자장비와 기기, 부품",C00000.제조업(10~34),"C26000.전자 부품, 컴퓨터, 영상, 음향 및 통신장비 제조업",코스닥,감사의견 거절(감사범위 제한),감사의견거절,2018,0.0093677,-0.8027363,-0.2363143,0.94,-0.1409217,0.0909091,24.85,1.91,6.52,0.0069661,0.0237435,0.0092167,3.14,.63,93.32,49.13,.36,0.48,1.4903783,28.2301949,51.7222929,6.82,2.81,.68,,"58,328,220.","2,530,060.","2,241,249.64",3.55,136.53,1869.661584,126.3691236,562.9271511,1876.2541805,284.41,64.35,208.83,195.94,104.66,11.84,386.91,55.4,3.03,2.23,2.56,.8,2.52,"3,147.63",9.41,65.9,"91,673,747,000."
N453757,A111870,KH 미래물산,케이에이치미래물산(주),124311-0021149,130-81-21004,1988-02-17,2010-11-05,2026-01-14,외감,12.0,중소기업,,KH,"N45203.전자장비와 기기, 부품",C00000.제조업(10~34),"C26000.전자 부품, 컴퓨터, 영상, 음향 및 통신장비 제조업",코스닥,감사의견 거절(감사범위 제한),감사의견거절,2019,0.5775249,-4.3439448,-8.292233,57.75,-0.0941672,0.0208333,21.75,-7.07,-52.52,-0.0162028,-0.1204346,-0.0238035,-17.69,4.93,138.79,46.17,.23,0.34,0.7181394,28.4824179,94.1210818,5.88,3.63,1.47,,"62,625,020.","3,456,420.","3,082,959.7",2.68,132.12,688.5092576,-273.8520274,337.7744661,1870.8009923,280.87,70.66,98.74,85.82,31.92,,450.15,41.53,-1.43,1.06,1.11,.3,1.4,"2,393.82",11.01,62.73,"131,918,941,000."
N453757,A111870,KH 미래물산,케이에이치미래물산(주),124311-0021149,130-81-21004,1988-02-17,2010-11-05,2026-01-14,외감,12.0,중소기업,,KH,"N45203.전자장비와 기기, 부품",C00000.제조업(10~34),"C26000.전자 부품, 컴퓨터, 영상, 음향 및 통신장비 제조업",코스닥,감사의견 거절(감사범위 제한),감사의견거절,2020,-0.1329374,-3.5711514,-1.9564608,-13.29,-0.5247976,-0.2040816,27.11,-67.97,-326.76,-0.0692862,-0.3330838,-0.0952214,-45.78,7.79,340.69,42.31,.1,0.14,0.3742612,0.0,80.5976485,3.37,3.58,2.42,,"82,734,120.","3,473,290.","4,143,724.94",-25.97,"-1,300.72",242.0986295,-625.5060636,-182.1097176,1150.1699842,135.09,75.35,143.78,132.56,29.14,25.64,269.49,32.71,-8.73,-143.25,-161.75,-31.1,-282.71,"-30,983.17",-256.46,-5.47,"189,530,273,000."
N453757,A111870,KH 미래물산,케이에이치미래물산(주),124311-0021149,130-81-21004,1988-02-17,2010-11-05,2026-01-14,외감,12.0,중소기업,,KH,"N45203.전자장비와 기기, 부품",C00000.제조업(10~34),"C26000.전자 부품, 컴퓨터, 영상, 음향 및 통신장비 제조업",코스닥,감사의견 거절(감사범위 제한),감사의견거절,2021,0.0673993,0.8901276,0.640946,6.74,0.142937,-0.0769231,31.18,-6.53,-102.65,-0.0078597,-0.1234758,-0.010897,-17.12,11.82,186.48,30.74,.12,0.17,0.4315525,27.66779,47.1298546,5.8,3.68,25.49,,"82,926,490.","2,920,030.","4,244,478.63",,,196.0446068,-284.5953359,-37.8149201,971.9368138,98.93,69.34,74.81,69.17,10.12,,409.46,44.21,-.55,-45.57,-50.38,-14.22,-125.15,,,,"154,092,592,000."
N453757,A111870,KH 미래물산,케이에이치미래물산(주),124311-0021149,130-81-21004,1988-02-17,2010-11-05,2026-01-14,외감,12.0,중소기업,,KH,"N45203.전자장비와 기기, 부품",C00000.제조업(10~34),"C26000.전자 부품, 컴퓨터, 영상, 음향 및 통신장비 제조업",코스닥,감사의견 거절(감사범위 제한),감사의견거절,2022,0.3314169,-2.339996,-4.2338031,33.14,-0.3747472,0.1388889,28.07,-34.9,-859.26,-0.0215413,-0.530299,-0.0302364,-74.44,25.17,507.08,15.47,.06,0.09,0.2146104,61.6303211,125.3362464,3.51,2.47,-.61,,"128,552,050.","1,995,440.","3,577,250.66",,,524.5004568,-694.6058596,,4900.9283241,43.89,72.74,42.44,33.78,2.18,,199.42,37.48,-1.39,-114.22,-126.03,-36.15,-435.7,,,,"178,730,598,000."
N453757,A111870,KH 미래물산,케이에이치미래물산(주),124311-0021149,130-81-21004,1988-02-17,2010-11-05,2026-01-14,외감,12.0,중소기업,,KH,"N45203.전자장비와 기기, 부품",C00000.제조업(10~34),"C26000.전자 부품, 컴퓨터, 영상, 음향 및 통신장비 제조업",코스닥,감사의견 거절(감사범위 제한),감사의견거절,2023,-0.1778364,-1.0278473,1.7230302,-17.78,-0.3695262,-0.0731707,4.01,-112.26,985.4,-0.045088,0.3957594,-0.0589229,51.72,19.51,45.26,54.69,.04,0.05,0.171051,14.867926,126.2647368,2.12,3.05,-.58,,"198,231,550.","968,210.","2,838,011.74",,,90.8005454,206.5948339,,7687.7856514,"1,481.42",81.69,101.5,75.95,17.53,"1,698.84",229.47,22.42,-5.75,-311.42,-495.94,-47.15,-473.22,,,,"226,863,766,000."
N453757,A111870,KH 미래물산,케이에이치미래물산(주),124311-0021149,130-81-21004,1988-02-17,2010-11-05,2026-01-14,외감,12.0,중소기업,,KH,"N45203.전자장비와 기기, 부품",C00000.제조업(10~34),"C26000.전자 부품, 컴퓨터, 영상, 음향 및 통신장비 제조업",코스닥,감사의견 거절(감사범위 제한),감사의견거절,2024,-0.4398301,0.5284437,-1.3937,-43.98,0.2921503,-0.3157895,30.28,-40.97,-300.24,-0.0323199,-0.2368492,-0.0394707,-28.93,6.67,252.5,82.9,.08,0.1,0.4354355,0.0,12.1973606,3.37,3.78,.39,,"276,117,420.",.,"3,233,683.46",,,1367.8187081,-4762.0652687,,15553.2044521,"3,107.78",82.24,446.53,428.5,18.53,5.2,259.77,21.6,-6.15,-38.39,-70.63,-4.47,-38.97,,,,"166,086,755,000."
N211125,A112240,에스에프씨,(주)에스에프씨,110111-0824204,307-81-05002,1991-12-23,2011-11-30,2020-06-30,외감,12.0,중소기업,,에스에프씨,N15103.용기와 포장지,C00000.제조업(10~34),C22000.고무 및 플라스틱제품 제조업,코스닥,감사의견 거절(감사범위 제한),감사의견거절,2014,0.0001722,-0.6999755,-0.5674938,0.02,-0.2346557,0.3,15.21,3.34,4.18,0.023802,0.0297207,0.0303806,3.79,.53,95.36,72.62,.71,0.91,3.2870146,118.8340568,201.5907674,2.23,2.15,1.28,,"125,048,030.","19,165,140.","599,554.1",,,3367.280939,140.6046272,341.4475472,3810.7353833,664.36,81.04,402.84,255.43,64.86,48.68,"1,109.95",23.4,6.35,14.34,20.64,2.72,3.69,,,,"80,473,223,000."
N211125,A112240,에스에프씨,(주)에스에프씨,110111-0824204,307-81-05002,1991-12-23,2011-11-30,2020-06-30,외감,12.0,중소기업,,에스에프씨,N15103.용기와 포장지,C00000.제조업(10~34),C22000.고무 및 플라스틱제품 제조업,코스닥,감사의견 거절(감사범위 제한),감사의견거절,2015,0.0160371,-1.2699831,-0.4428474,1.6,-0.0795989,-0.1153846,16.86,-0.98,2.53,-0.0069291,0.017855,-0.0081363,2.1,.42,97.24,80.59,0.71,0.83,4.7609094,105.5051461,155.7028522,2.85,1.87,1.18,,"143,261,630.","19,828,840.","628,589.88",,,3055.4121692,78.3382364,665.7505615,3878.3870825,677.11,89.65,786.37,553.07,104.54,33.99,719.68,11.54,-2.33,17.44,84.1,1.79,2.43,,,,"75,306,766,000."
N211125,A112240,에스에프씨,(주)에스에프씨,110111-0824204,307-81-05002,1991-12-23,2011-11-30,2020-06-30,외감,12.0,중소기업,,에스에프씨,N15103.용기와 포장지,C00000.제조업(10~34),C22000.고무 및 플라스틱제품 제조업,코스닥,감사의견 거절(감사범위 제한),감사의견거절,2016,0.2167365,1.5431381,0.4373527,21.67,-0.0710666,-0.1652174,12.19,0.57,3.91,0.0032536,0.0221868,0.0039556,2.7,.33,95.49,69.11,0.57,0.69,3.1963364,101.4892573,103.1381553,3.85,1.66,1.11,,"159,875,840.","22,516,850.","870,925.47",,,2646.3220449,103.4996266,415.9917751,2708.3812912,466.4,77.03,329.95,276.29,107.33,23.33,531.86,29.82,1.73,6.41,8.87,1.47,3.03,,,,"69,165,652,000."
N211125,A112240,에스에프씨,(주)에스에프씨,110111-0824204,307-81-05002,1991-12-23,2011-11-30,2020-06-30,외감,12.0,중소기업,,에스에프씨,N15103.용기와 포장지,C00000.제조업(10~34),C22000.고무 및 플라스틱제품 제조업,코스닥,감사의견 거절(감사범위 제한),감사의견거절,2017,-0.0230143,-13.9063666,-9.5854812,-2.3,-0.074847,0.15625,11.37,-8.0,-36.3,-0.0321138,-0.1456761,-0.0470468,-21.34,3.25,142.25,54.36,0.4,0.59,1.2645176,79.729517,89.5969724,3.08,1.58,1.26,,"117,737,530.","17,934,420.","990,720.32",,,908.9435638,-510.3596189,-76.026286,2270.4076237,382.69,61.14,164.62,121.3,1.65,67.04,450.03,63.57,-2.46,-27.86,-33.05,-10.58,-29.42,,,,"97,948,338,000."
N211125,A112240,에스에프씨,(주)에스에프씨,110111-0824204,307-81-05002,1991-12-23,2011-11-30,2020-06-30,외감,12.0,중소기업,,에스에프씨,N15103.용기와 포장지,C00000.제조업(10~34),C22000.고무 및 플라스틱제품 제조업,코스닥,감사의견 거절(감사범위 제한),감사의견거절,2018,-0.11987,-3.3586155,-0.8067552,-11.99,-0.185927,-0.1351351,-1.36,-42.84,-80.55,-0.1346251,-0.253147,-0.220702,-41.5,7.33,150.43,50.52,.31,0.52,0.8057667,78.7108448,79.2074683,3.01,1.56,1.47,,"118,035,320.","19,133,440.","1,189,896.46",,,612.4597113,-698.9725622,-62.4668023,1556.7323274,244.95,60.84,151.21,139.13,10.4,23.59,687.82,64.36,-5.85,-66.28,-75.62,-25.89,-77.45,,,,"120,568,042,000."
N211125,A112240,에스에프씨,(주)에스에프씨,110111-0824204,307-81-05002,1991-12-23,2011-11-30,2020-06-30,외감,12.0,중소기업,,에스에프씨,N15103.용기와 포장지,C00000.제조업(10~34),C22000.고무 및 플라스틱제품 제조업,코스닥,감사의견 거절(감사범위 제한),감사의견거절,2019,0.0516787,0.4913821,0.6862824,5.17,0.0198405,-0.0625,11.61,-21.36,-24.78,-0.0760806,-0.0882405,-0.1168771,-13.56,4.73,121.78,58.44,.36,0.55,1.0201991,96.218624,93.1229943,8.31,1.72,2.14,,"126,543,440.","22,755,360.","1,133,991.13",-1.52,-13.58,827.7846485,-202.9022255,-72.6311913,1636.2198592,260.02,69.73,147.73,133.93,4.47,28.91,527.17,43.42,-4.51,-24.75,-30.65,-7.42,-19.89,-75.53,-4.25,-281.54,"106,626,950,000."
N211125,A112240,에스에프씨,(주)에스에프씨,110111-0824204,307-81-05002,1991-12-23,2011-11-30,2020-06-30,외감,12.0,중소기업,,에스에프씨,N15103.용기와 포장지,C00000.제조업(10~34),C22000.고무 및 플라스틱제품 제조업,코스닥,감사의견 거절(감사범위 제한),감사의견거절,2020,,,,,,,12.97,-33.81,-39.89,,,,-13.1,7.99,128.01,67.17,.25,,,92.251734,99.3708607,,,.93,,"127,562,520.","26,382,960.",,0.57,4.15,,,,,199.13,84.11,,,5.29,11.17,773.57,,,-73.08,-178.04,-9.51,-30.12,20.04,2.3,,"97,849,029,000."
N211125,A112240,에스에프씨,(주)에스에프씨,110111-0824204,307-81-05002,1991-12-23,2011-11-30,2020-06-30,외감,12.0,중소기업,,에스에프씨,N15103.용기와 포장지,C00000.제조업(10~34),C22000.고무 및 플라스틱제품 제조업,코스닥,감사의견 거절(감사범위 제한),감사의견거절,2021,,,,,,,19.45,-2.,-84.12,,,,-31.17,5.02,170.22,65.1,.32,,,54.0109384,66.685333,,,.61,,"102,276,870.","20,561,530.",,-16.17,-152.57,,,,,131.83,91.19,,,24.71,7.44,662.47,,,-424.91,"-3,110.38",-30.89,-78.18,-758.92,-49.42,,"65,193,447,000."
N211125,A112240,에스에프씨,(주)에스에프씨,110111-0824204,307-81-05002,1991-12-23,2011-11-30,2020-06-30,외감,12.0,중소기업,,에스에프씨,N15103.용기와 포장지,C00000.제조업(10~34),C22000.고무 및 플라스틱제품 제조업,코스닥,감사의견 거절(감사범위 제한),감사의견거절,2022,,,,,,,20.63,-7.32,-.4,,,,-.18,.48,98.33,65.93,.41,,,64.8535726,62.4475634,,,.64,,"12,946,440.",.,,,,,,,,131.67,92.3,,,7.35,9.27,"2,207.17",,,-51.42,-432.54,-3.19,-7.63,,,,"44,531,393,000."
N211125,A112240,에스에프씨,(주)에스에프씨,110111-0824204,307-81-05002,1991-12-23,2011-11-30,2020-06-30,외감,12.0,중소기업,,에스에프씨,N15103.용기와 포장지,C00000.제조업(10~34),C22000.고무 및 플라스틱제품 제조업,코스닥,감사의견 거절(감사범위 제한),감사의견거절,2023,,,,,,,2.59,-31.33,-58.81,,,,-13.15,.67,149.57,116.07,.21,,,43.3912055,67.740271,,,.32,,"26,208,190.","6,521,560.",,,,,,,,"4,078.91",91.96,,,9.35,8.99,"1,869.65",,,-182.61,"-1,005.53",-12.86,-56.65,,,,"43,919,975,000."
N211125,A112240,에스에프씨,(주)에스에프씨,110111-0824204,307-81-05002,1991-12-23,2011-11-30,2020-06-30,외감,12.0,중소기업,,에스에프씨,N15103.용기와 포장지,C00000.제조업(10~34),C22000.고무 및 플라스틱제품 제조업,코스닥,감사의견 거절(감사범위 제한),감사의견거절,2024,,,,,,,1.37,-44.04,-42.84,,,,-7.96,1.19,137.12,117.01,.17,,,28.6007339,33.4983644,,,.25,,"44,329,000.","20,148,910.",,,,,,,,"3,831.73",91.13,,,6.42,9.03,699.06,,,-62.02,-267.69,-4.92,-27.1,,,,"38,640,295,000."
N173023,A114120,크루셜텍,크루셜텍(주),164811-0019948,312-81-48041,2001-04-20,2010-07-21,2024-02-15,외감,12.0,중소기업,,,N45301.반도체 및 반도체장비,C00000.제조업(10~34),"C26000.전자 부품, 컴퓨터, 영상, 음향 및 통신장비 제조업",코스닥,기업의 계속성 및 경영의 투명성 등을 종합적으로 고려하여 상장폐지기준에 해당한다고 결정,기업의계속성_경영의투명성종합판단,2014,-0.1612558,-0.5098295,-0.8555019,-16.13,-0.824291,,4.66,-32.48,-47.3,-0.0680436,-0.0991064,-0.2373979,-34.58,7.3,157.,12.85,.21,0.73,0.293707,45.968426,470.3119243,.94,1.68,-1.94,,"166,301,290.","16,948,970.","1,076,827.31",,,3085.2680275,-1559.6734221,-696.8318225,2282.3928715,356.48,26.57,76.78,43.25,5.37,,74.27,276.43,-4.45,-24.25,-32.31,-15.53,-41.07,,,,"355,595,416,000."
N173023,A114120,크루셜텍,크루셜텍(주),164811-0019948,312-81-48041,2001-04-20,2010-07-21,2024-02-15,외감,12.0,중소기업,,,N45301.반도체 및 반도체장비,C00000.제조업(10~34),"C26000.전자 부품, 컴퓨터, 영상, 음향 및 통신장비 제조업",코스닥,기업의 계속성 및 경영의 투명성 등을 종합적으로 고려하여 상장폐지기준에 해당한다고 결정,기업의계속성_경영의투명성종합판단,2015,0.0651846,1.6012552,1.2769364,6.52,2.5788451,0.1348315,19.66,5.46,3.66,0.0451845,0.0303127,0.1515195,10.16,1.98,95.24,28.84,0.83,2.78,1.1800815,32.4216921,100.2304957,3.15,5.96,-28.97,,"192,914,510.","12,468,660.","1,273,058.55",,,9510.567994,349.9862731,-1045.5233171,3451.6754997,590.34,33.7,120.87,51.73,7.05,331.32,67.13,196.76,2.75,5.35,11.28,3.47,4.25,,,,"344,605,665,000."
N173023,A114120,크루셜텍,크루셜텍(주),164811-0019948,312-81-48041,2001-04-20,2010-07-21,2024-02-15,외감,12.0,중소기업,,,N45301.반도체 및 반도체장비,C00000.제조업(10~34),"C26000.전자 부품, 컴퓨터, 영상, 음향 및 통신장비 제조업",코스닥,기업의 계속성 및 경영의 투명성 등을 종합적으로 고려하여 상장폐지기준에 해당한다고 결정,기업의계속성_경영의투명성종합판단,2016,0.0767255,-0.4197762,-0.9699416,7.67,0.2190622,0.0990099,16.76,2.6,0.09,0.0288734,0.0010035,0.0820765,0.29,1.97,99.32,32.12,1.11,3.16,1.7153027,29.4864098,316.8430538,3.4,5.97,7.72,,"169,394,000.","11,137,270.","1,337,103.02",,,10450.7582068,9.7662004,-733.3634874,3699.6711625,644.64,36.68,144.62,69.24,4.87,168.94,153.58,172.66,1.32,-1.38,-1.92,-.78,-.69,,,,"289,380,143,000."
N173023,A114120,크루셜텍,크루셜텍(주),164811-0019948,312-81-48041,2001-04-20,2010-07-21,2024-02-15,외감,12.0,중소기업,,,N45301.반도체 및 반도체장비,C00000.제조업(10~34),"C26000.전자 부품, 컴퓨터, 영상, 음향 및 통신장비 제조업",코스닥,기업의 계속성 및 경영의 투명성 등을 종합적으로 고려하여 상장폐지기준에 해당한다고 결정,기업의계속성_경영의투명성종합판단,2017,-0.1896185,-5.7613525,-221.6614364,-18.96,-0.4603634,-0.3198198,-3.68,-22.91,-36.9,-0.1478501,-0.2381354,-0.416345,-67.06,2.87,133.13,23.03,0.65,1.82,1.0006233,30.9946716,379.7526373,2.17,2.81,6.34,,"229,879,730.","8,717,100.","1,761,465.35",,,3654.794652,-1410.4630611,-45.0843918,1459.9039357,195.91,34.17,100.74,55.51,5.67,"6,107.65",107.66,192.63,-7.97,-26.84,-37.63,-12.99,-20.08,,,,"286,280,182,000."
N173023,A114120,크루셜텍,크루셜텍(주),164811-0019948,312-81-48041,2001-04-20,2010-07-21,2024-02-15,외감,12.0,중소기업,,,N45301.반도체 및 반도체장비,C00000.제조업(10~34),"C26000.전자 부품, 컴퓨터, 영상, 음향 및 통신장비 제조업",코스닥,기업의 계속성 및 경영의 투명성 등을 종합적으로 고려하여 상장폐지기준에 해당한다고 결정,기업의계속성_경영의투명성종합판단,2018,0.0034383,0.2429439,0.1584978,0.34,-0.5154935,-0.2715232,-8.83,-35.8,-64.1,-0.149402,-0.2674766,-0.3514682,-62.92,4.19,142.06,13.91,.42,0.98,0.7258582,47.3255768,463.8107958,1.35,2.37,4.63,,"291,504,340.","7,285,920.","2,160,386.26",,,1741.8714389,-1167.6510042,-134.1960846,1301.6698612,32.14,56.16,160.73,64.59,26.03,158.32,79.32,78.07,-8.55,-51.8,-84.5,-18.58,-51.52,,,,"248,990,199,000."
N173023,A114120,크루셜텍,크루셜텍(주),164811-0019948,312-81-48041,2001-04-20,2010-07-21,2024-02-15,외감,12.0,중소기업,,,N45301.반도체 및 반도체장비,C00000.제조업(10~34),"C26000.전자 부품, 컴퓨터, 영상, 음향 및 통신장비 제조업",코스닥,기업의 계속성 및 경영의 투명성 등을 종합적으로 고려하여 상장폐지기준에 해당한다고 결정,기업의계속성_경영의투명성종합판단,2019,-0.4894761,0.0271875,0.1585021,-48.95,-0.2222372,-0.1454546,-17.64,-44.78,-69.35,-0.224956,-0.3483783,-0.4519318,-69.99,5.14,163.22,-19.28,.5,1.01,1.0002582,66.6797782,415.6135158,1.47,9.66,5.07,,"341,036,560.","3,953,990.","1,613,920.42",,,975.6862791,-686.0962033,12.2503072,665.4745475,-31.39,40.71,85.17,32.03,9.83,,76.95,145.62,-8.71,-214.62,-263.57,-141.08,-188.99,,,,"152,030,333,000."
N173023,A114120,크루셜텍,크루셜텍(주),164811-0019948,312-81-48041,2001-04-20,2010-07-21,2024-02-15,외감,12.0,중소기업,,,N45301.반도체 및 반도체장비,C00000.제조업(10~34),"C26000.전자 부품, 컴퓨터, 영상, 음향 및 통신장비 제조업",코스닥,기업의 계속성 및 경영의 투명성 등을 종합적으로 고려하여 상장폐지기준에 해당한다고 결정,기업의계속성_경영의투명성종합판단,2020,-0.0636138,0.282968,0.6423007,-6.36,-0.268016,-0.1595745,-14.23,-43.86,-33.89,-0.2501782,-0.193278,-0.4951434,-38.25,3.79,124.89,33.49,.57,1.13,1.1528167,105.5501802,433.4914736,1.8,8.03,8.27,,"222,084,750.","4,167,560.","781,328.06",,,1198.5463206,-408.3093702,-181.8039715,1949.6492556,95.85,68.04,252.59,109.94,33.99,93.49,93.47,46.97,-11.56,-73.25,-123.19,-30.36,-27.03,,,,"107,061,952,000."
N173023,A114120,크루셜텍,크루셜텍(주),164811-0019948,312-81-48041,2001-04-20,2010-07-21,2024-02-15,외감,12.0,중소기업,,,N45301.반도체 및 반도체장비,C00000.제조업(10~34),"C26000.전자 부품, 컴퓨터, 영상, 음향 및 통신장비 제조업",코스닥,기업의 계속성 및 경영의 투명성 등을 종합적으로 고려하여 상장폐지기준에 해당한다고 결정,기업의계속성_경영의투명성종합판단,2021,-0.4959385,0.2557762,0.1328483,-49.59,-0.1238849,-0.0759494,-8.85,-37.26,-33.54,-0.2855735,-0.2570646,-0.5066475,-45.61,2.94,128.46,-0.31,.77,1.36,1.7564174,65.8319736,279.7000377,2.52,7.93,3.58,,"18,683,730.","4,317,930.","461,788.64",,,1991.0740333,-667.8244662,-178.1065739,982.767344,-.72,42.05,108.77,60.37,27.88,551.97,43.68,137.81,-12.68,-81.35,-123.82,-70.13,-45.16,,,,"59,986,002,000."
N173023,A114120,크루셜텍,크루셜텍(주),164811-0019948,312-81-48041,2001-04-20,2010-07-21,2024-02-15,외감,12.0,중소기업,,,N45301.반도체 및 반도체장비,C00000.제조업(10~34),"C26000.전자 부품, 컴퓨터, 영상, 음향 및 통신장비 제조업",코스닥,기업의 계속성 및 경영의 투명성 등을 종합적으로 고려하여 상장폐지기준에 해당한다고 결정,기업의계속성_경영의투명성종합판단,2022,-0.8816573,0.6013504,0.4760653,-88.17,-0.3053962,-0.4931507,7.01,-21.39,-25.3,-0.1712762,-0.2026317,-0.5388954,-63.76,4.43,121.1,0.93,.8,2.52,1.1740616,77.6138794,249.3207611,2.94,6.19,6.69,,"15,607,380.","2,437,010.","622,262.03",,,1874.4242677,-474.2265934,110.4309492,1063.9945324,9.52,10.38,137.34,100.92,12.54,97.54,68.76,863.79,-4.83,-15.1,-30.05,-11.66,-8.34,,,,"48,926,155,000."
N173023,A114120,크루셜텍,크루셜텍(주),164811-0019948,312-81-48041,2001-04-20,2010-07-21,2024-02-15,외감,12.0,중소기업,,,N45301.반도체 및 반도체장비,C00000.제조업(10~34),"C26000.전자 부품, 컴퓨터, 영상, 음향 및 통신장비 제조업",코스닥,기업의 계속성 및 경영의 투명성 등을 종합적으로 고려하여 상장폐지기준에 해당한다고 결정,기업의계속성_경영의투명성종합판단,2023,-1.5343016,-0.1328862,0.0494066,-69.19,-0.2607236,-0.2162162,-8.48,-32.77,-32.53,-0.4340187,-0.4308511,-12.388518,-105.79,2.4,129.63,-39.52,1.32,5.52,1.3724751,224.7934063,734.954935,4.25,7.46,10.63,,"3,875,690.","3,875,690.","508,837.38",,,8081.7989394,-3036.3977491,,-568.3873722,-153.17,13.83,78.7,38.85,9.22,762.72,211.79,623.02,-13.68,-35.97,-50.61,-31.,-19.12,,,,"23,465,506,000."
N173023,A114120,크루셜텍,크루셜텍(주),164811-0019948,312-81-48041,2001-04-20,2010-07-21,2024-02-15,외감,12.0,중소기업,,,N45301.반도체 및 반도체장비,C00000.제조업(10~34),"C26000.전자 부품, 컴퓨터, 영상, 음향 및 통신장비 제조업",코스닥,기업의 계속성 및 경영의 투명성 등을 종합적으로 고려하여 상장폐지기준에 해당한다고 결정,기업의계속성_경영의투명성종합판단,2024,,,,,,,,,,,,,,,,,,,,,,,,,,,,,,,,,,,,,,,,,,,,,,,,,,,"8,898,588,000."
N161606,A114570,지스마트글로벌,지스마트글로벌(주),200111-0116941,126-81-47081,2000-05-26,2010-02-04,2022-02-23,일반,12.0,중소기업,,,N25504.전문소매,G00000.도매 및 소매업(45~47),G46000.도매 및 상품 중개업,코스닥,감사의견 거절(감사범위 제한 및 계속기업 존속능력에 대한 불확실성),감사의견거절,2014,0.5032617,1.6034098,1.2364491,50.33,0.0175035,0.9268293,,,,0.0613131,0.035546,0.104967,,,,,,1.31,1.8343702,,,7.3,4.87,,,,,"433,936.8",,,,80.8826399,,1509.6896225,,,198.28,151.27,,,,42.48,14.37,,,,,,,56.15,
N161606,A114570,지스마트글로벌,지스마트글로벌(주),200111-0116941,126-81-47081,2000-05-26,2010-02-04,2022-02-23,일반,12.0,중소기업,,,N25504.전문소매,G00000.도매 및 소매업(45~47),G46000.도매 및 상품 중개업,코스닥,감사의견 거절(감사범위 제한 및 계속기업 존속능력에 대한 불확실성),감사의견거절,2015,1.6666332,2.8299771,7.377547,166.66,0.8022433,0.1898734,,,,0.1314617,0.1667084,0.1825799,,,,,,1.07,2.7491444,,,8.87,4.53,,,,,"651,442.36",,,,629.3180247,,3529.0795206,,,180.16,150.01,,,,37.54,4.94,,,,,,,29.38,
N161606,A114570,지스마트글로벌,지스마트글로벌(주),200111-0116941,126-81-47081,2000-05-26,2010-02-04,2022-02-23,일반,12.0,중소기업,,,N25504.전문소매,G00000.도매 및 소매업(45~47),G46000.도매 및 상품 중개업,코스닥,감사의견 거절(감사범위 제한 및 계속기업 존속능력에 대한 불확실성),감사의견거절,2016,0.3611937,1.3868359,0.3029913,36.12,0.9128857,0.0957447,,,,0.1890776,0.1308932,0.2537746,,,,,,1.19,3.4800942,,,14.44,3.94,,,,,"986,616.81",,,,685.0148965,,4413.7034623,,,196.46,173.4,,,,31.78,19.28,,,,,,,21.46,
N161606,A114570,지스마트글로벌,지스마트글로벌(주),200111-0116941,126-81-47081,2000-05-26,2010-02-04,2022-02-23,일반,12.0,중소기업,,,N25504.전문소매,G00000.도매 및 소매업(45~47),G46000.도매 및 상품 중개업,코스닥,감사의견 거절(감사범위 제한 및 계속기업 존속능력에 대한 불확실성),감사의견거절,2017,0.273638,0.1110809,0.0499446,27.36,0.0665006,0.0970874,,,,0.1499304,0.0980815,0.2151217,,,,,,0.97,2.2283646,,,27.25,2.3,,,,,"1,260,095.53",,,,685.6405552,,5385.0808874,,,148.35,144.34,,,,52.67,11.57,,,,,,,19.63,
N161606,A114570,지스마트글로벌,지스마트글로벌(주),200111-0116941,126-81-47081,2000-05-26,2010-02-04,2022-02-23,일반,12.0,중소기업,,,N25504.전문소매,G00000.도매 및 소매업(45~47),G46000.도매 및 상품 중개업,코스닥,감사의견 거절(감사범위 제한 및 계속기업 존속능력에 대한 불확실성),감사의견거절,2018,-0.007286,-1.4241578,-1.9807924,-.73,-0.6717723,-0.3362832,,,,-0.0560196,-0.0847398,-0.0817414,,,,,,0.28,0.6204848,,,5.15,0.62,,,,,"2,155,249.86",,,,-448.043067,,1266.1549546,,,300.02,251.88,,,,39.11,-3.52,,,,,,,-84.47,
N161606,A114570,지스마트글로벌,지스마트글로벌(주),200111-0116941,126-81-47081,2000-05-26,2010-02-04,2022-02-23,일반,12.0,중소기업,,,N25504.전문소매,G00000.도매 및 소매업(45~47),G46000.도매 및 상품 중개업,코스닥,감사의견 거절(감사범위 제한 및 계속기업 존속능력에 대한 불확실성),감사의견거절,2019,-0.6485879,-6.7425128,-5.26671,-64.86,-0.6245461,-0.6266667,,,,-0.5786739,-0.7084984,-0.940063,,,,,,0.16,0.2544137,,,1.77,0.2,,,,,"4,327,020.86",,,,-869.8105253,,342.0526434,,,183.49,173.61,,,,128.87,-25.16,,,,,,,,
N161606,A114570,지스마트글로벌,지스마트글로벌(주),200111-0116941,126-81-47081,2000-05-26,2010-02-04,2022-02-23,일반,12.0,중소기업,,,N25504.전문소매,G00000.도매 및 소매업(45~47),G46000.도매 및 상품 중개업,코스닥,감사의견 거절(감사범위 제한 및 계속기업 존속능력에 대한 불확실성),감사의견거절,2020,,,,,,,,,,,,,,,,,,,,,,,,,,,,,,,,,,,,,,,,,,,,,,,,,,,
N161606,A114570,지스마트글로벌,지스마트글로벌(주),200111-0116941,126-81-47081,2000-05-26,2010-02-04,2022-02-23,일반,12.0,중소기업,,,N25504.전문소매,G00000.도매 및 소매업(45~47),G46000.도매 및 상품 중개업,코스닥,감사의견 거절(감사범위 제한 및 계속기업 존속능력에 대한 불확실성),감사의견거절,2021,,,,,,,,,,,,,,,,,,,,,,,,,,,,,,,,,,,,,,,,,,,,,,,,,,,
N161606,A114570,지스마트글로벌,지스마트글로벌(주),200111-0116941,126-81-47081,2000-05-26,2010-02-04,2022-02-23,일반,12.0,중소기업,,,N25504.전문소매,G00000.도매 및 소매업(45~47),G46000.도매 및 상품 중개업,코스닥,감사의견 거절(감사범위 제한 및 계속기업 존속능력에 대한 불확실성),감사의견거절,2022,,,,,,,,,,,,,,,,,,,,,,,,,,,,,,,,,,,,,,,,,,,,,,,,,,,
N161606,A114570,지스마트글로벌,지스마트글로벌(주),200111-0116941,126-81-47081,2000-05-26,2010-02-04,2022-02-23,일반,12.0,중소기업,,,N25504.전문소매,G00000.도매 및 소매업(45~47),G46000.도매 및 상품 중개업,코스닥,감사의견 거절(감사범위 제한 및 계속기업 존속능력에 대한 불확실성),감사의견거절,2023,,,,,,,,,,,,,,,,,,,,,,,,,,,,,,,,,,,,,,,,,,,,,,,,,,,
N161606,A114570,지스마트글로벌,지스마트글로벌(주),200111-0116941,126-81-47081,2000-05-26,2010-02-04,2022-02-23,일반,12.0,중소기업,,,N25504.전문소매,G00000.도매 및 소매업(45~47),G46000.도매 및 상품 중개업,코스닥,감사의견 거절(감사범위 제한 및 계속기업 존속능력에 대한 불확실성),감사의견거절,2024,,,,,,,,,,,,,,,,,,,,,,,,,,,,,,,,,,,,,,,,,,,,,,,,,,,
NF00040,A117930,한진해운,(주)한진해운,110111-4231835,107-87-28386,2009-12-02,2009-12-29,2017-03-07,폐업,12.0,중견기업,,,N20303.해운회사,H00000.운수 및 창고업(49~52),H50000.수상 운송업,코스피,해산 사유 발생,해산사유발생,2014,0.1484027,1.0582649,0.3776226,14.84,-0.1173958,,4.24,0.28,-4.97,0.0025164,-0.0443406,0.0330321,-58.21,4.14,106.78,1.05,.89,11.71,0.9656386,,,32.97,12.96,-2.29,,,,"5,471,208.99",,,43951.6256893,-2322.6598011,,3854.2394434,7.32,9.13,33.18,29.36,10.82,,64.38,995.16,.07,,,,,,,,
NF00040,A117930,한진해운,(주)한진해운,110111-4231835,107-87-28386,2009-12-02,2009-12-29,2017-03-07,폐업,12.0,중견기업,,,N20303.해운회사,H00000.운수 및 창고업(49~52),H50000.수상 운송업,코스피,해산 사유 발생,해산사유발생,2015,0.007357,0.5373714,1.0071837,.74,-0.091755,-0.1186033,4.35,0.48,0.04,0.0046345,0.0003816,0.0473274,0.39,4.33,102.6,0.99,0.97,9.91,1.0760145,,,49.73,15.07,-2.41,,,,"5,283,030.04",,,31406.4705294,-98.8562078,,3989.6858914,6.,10.55,25.53,22.65,5.92,,52.64,847.77,.11,,,,,,,,
NF00040,A117930,한진해운,(주)한진해운,110111-4231835,107-87-28386,2009-12-02,2009-12-29,2017-03-07,폐업,12.0,중견기업,,,N20303.해운회사,H00000.운수 및 창고업(49~52),H50000.수상 운송업,코스피,해산 사유 발생,해산사유발생,2016,,,,,,,,,,,,,,,,,,,,,,,,,,,,,,,,,,,,,,,,,,,,,,,,,,,
NF00040,A117930,한진해운,(주)한진해운,110111-4231835,107-87-28386,2009-12-02,2009-12-29,2017-03-07,폐업,12.0,중견기업,,,N20303.해운회사,H00000.운수 및 창고업(49~52),H50000.수상 운송업,코스피,해산 사유 발생,해산사유발생,2017,,,,,,,,,,,,,,,,,,,,,,,,,,,,,,,,,,,,,,,,,,,,,,,,,,,
NF00040,A117930,한진해운,(주)한진해운,110111-4231835,107-87-28386,2009-12-02,2009-12-29,2017-03-07,폐업,12.0,중견기업,,,N20303.해운회사,H00000.운수 및 창고업(49~52),H50000.수상 운송업,코스피,해산 사유 발생,해산사유발생,2018,,,,,,,,,,,,,,,,,,,,,,,,,,,,,,,,,,,,,,,,,,,,,,,,,,,
NF00040,A117930,한진해운,(주)한진해운,110111-4231835,107-87-28386,2009-12-02,2009-12-29,2017-03-07,폐업,12.0,중견기업,,,N20303.해운회사,H00000.운수 및 창고업(49~52),H50000.수상 운송업,코스피,해산 사유 발생,해산사유발생,2019,,,,,,,,,,,,,,,,,,,,,,,,,,,,,,,,,,,,,,,,,,,,,,,,,,,
NF00040,A117930,한진해운,(주)한진해운,110111-4231835,107-87-28386,2009-12-02,2009-12-29,2017-03-07,폐업,12.0,중견기업,,,N20303.해운회사,H00000.운수 및 창고업(49~52),H50000.수상 운송업,코스피,해산 사유 발생,해산사유발생,2020,,,,,,,,,,,,,,,,,,,,,,,,,,,,,,,,,,,,,,,,,,,,,,,,,,,
NF00040,A117930,한진해운,(주)한진해운,110111-4231835,107-87-28386,2009-12-02,2009-12-29,2017-03-07,폐업,12.0,중견기업,,,N20303.해운회사,H00000.운수 및 창고업(49~52),H50000.수상 운송업,코스피,해산 사유 발생,해산사유발생,2021,,,,,,,,,,,,,,,,,,,,,,,,,,,,,,,,,,,,,,,,,,,,,,,,,,,
NF00040,A117930,한진해운,(주)한진해운,110111-4231835,107-87-28386,2009-12-02,2009-12-29,2017-03-07,폐업,12.0,중견기업,,,N20303.해운회사,H00000.운수 및 창고업(49~52),H50000.수상 운송업,코스피,해산 사유 발생,해산사유발생,2022,,,,,,,,,,,,,,,,,,,,,,,,,,,,,,,,,,,,,,,,,,,,,,,,,,,
NF00040,A117930,한진해운,(주)한진해운,110111-4231835,107-87-28386,2009-12-02,2009-12-29,2017-03-07,폐업,12.0,중견기업,,,N20303.해운회사,H00000.운수 및 창고업(49~52),H50000.수상 운송업,코스피,해산 사유 발생,해산사유발생,2023,,,,,,,,,,,,,,,,,,,,,,,,,,,,,,,,,,,,,,,,,,,,,,,,,,,
NF00040,A117930,한진해운,(주)한진해운,110111-4231835,107-87-28386,2009-12-02,2009-12-29,2017-03-07,폐업,12.0,중견기업,,,N20303.해운회사,H00000.운수 및 창고업(49~52),H50000.수상 운송업,코스피,해산 사유 발생,해산사유발생,2024,,,,,,,,,,,,,,,,,,,,,,,,,,,,,,,,,,,,,,,,,,,,,,,,,,,
N088044,A122800,썬텍,(주)썬테크놀로지스,134811-0067844,124-81-94346,2002-02-06,2010-11-26,2020-02-12,일반,12.0,중소기업,,,N15104.금속과 채광,C00000.제조업(10~34),C24000.1차 금속 제조업,코스닥,기업의 계속성 및 경영의 투명성 등을 종합적으로 고려하여 상장폐지기준에 해당한다고 결정,기업의계속성_경영의투명성종합판단,2014,-0.0239828,1.4292015,1.3257421,-2.4,-0.0860835,-0.0210526,20.07,3.33,2.6,0.0192615,0.015047,0.037368,2.92,1.85,98.43,57.05,.58,1.12,1.1948446,,,3.28,6.07,3.14,,,,"387,698.25",,,4607.6421195,124.232381,537.3740401,5213.035142,942.1,51.55,168.29,102.91,66.18,95.75,742.34,94.,1.79,,,,,,,62.17,
N088044,A122800,썬텍,(주)썬테크놀로지스,134811-0067844,124-81-94346,2002-02-06,2010-11-26,2020-02-12,일반,12.0,중소기업,,,N15104.금속과 채광,C00000.제조업(10~34),C24000.1차 금속 제조업,코스닥,기업의 계속성 및 경영의 투명성 등을 종합적으로 고려하여 상장폐지기준에 해당한다고 결정,기업의계속성_경영의투명성종합판단,2015,0.4443175,2.3347467,2.2108587,44.43,0.2367928,0.0860215,27.61,8.97,6.75,0.0579738,0.0436065,0.1019614,7.67,1.21,91.64,58.56,0.65,1.14,1.4980594,,,3.57,6.86,3.13,,,,"380,394.51",,,5691.7409662,398.387423,494.6241406,6383.7178536,"1,160.75",61.23,184.74,115.05,74.38,82.24,913.15,63.32,7.42,,,,,,,58.46,
N088044,A122800,썬텍,(주)썬테크놀로지스,134811-0067844,124-81-94346,2002-02-06,2010-11-26,2020-02-12,일반,12.0,중소기업,,,N15104.금속과 채광,C00000.제조업(10~34),C24000.1차 금속 제조업,코스닥,기업의 계속성 및 경영의 투명성 등을 종합적으로 고려하여 상장폐지기준에 해당한다고 결정,기업의계속성_경영의투명성종합판단,2016,-0.1609409,-0.4705495,-5.6713013,-16.09,0.0090422,0.1089109,,,,0.0265644,-0.176292,0.0496776,,,,,,1.06,1.2130454,,,3.48,6.24,,,,,"396,325.22",,,1156.1501939,-363.7737885,70.753536,1020.4641261,,,154.49,116.25,,,,115.24,.77,,,,,,,239.42,
N088044,A122800,썬텍,(주)썬테크놀로지스,134811-0067844,124-81-94346,2002-02-06,2010-11-26,2020-02-12,일반,12.0,중소기업,,,N15104.금속과 채광,C00000.제조업(10~34),C24000.1차 금속 제조업,코스닥,기업의 계속성 및 경영의 투명성 등을 종합적으로 고려하여 상장폐지기준에 해당한다고 결정,기업의계속성_경영의투명성종합판단,2017,-0.140303,-5.1980627,-0.6509244,-14.03,-0.3921348,-0.1428571,,,,-0.1244631,-0.3248265,-0.2457933,,,,,,0.76,0.7756686,,,2.42,4.06,,,,,"416,982.53",,,619.9533213,-529.324894,-41.4858211,635.6732288,,,231.52,162.52,,,,76.83,-3.97,,,,,,,,
N088044,A122800,썬텍,(주)썬테크놀로지스,134811-0067844,124-81-94346,2002-02-06,2010-11-26,2020-02-12,일반,12.0,중소기업,,,N15104.금속과 채광,C00000.제조업(10~34),C24000.1차 금속 제조업,코스닥,기업의 계속성 및 경영의 투명성 등을 종합적으로 고려하여 상장폐지기준에 해당한다고 결정,기업의계속성_경영의투명성종합판단,2018,-0.100406,-0.1817415,0.4549484,-10.04,-0.1366938,-0.03125,,,,-0.1808841,-0.2177341,-0.3307718,,,,,,0.74,0.8970978,,,2.22,4.24,,,,,"353,340.9",,,389.7758377,-209.74515,-108.2601483,481.4557741,,,69.94,24.2,,,,89.57,-13.81,,,,,,,,
N088044,A122800,썬텍,(주)썬테크놀로지스,134811-0067844,124-81-94346,2002-02-06,2010-11-26,2020-02-12,일반,12.0,중소기업,,,N15104.금속과 채광,C00000.제조업(10~34),C24000.1차 금속 제조업,코스닥,기업의 계속성 및 경영의 투명성 등을 종합적으로 고려하여 상장폐지기준에 해당한다고 결정,기업의계속성_경영의투명성종합판단,2019,,,,,,,,,,,,,,,,,,,,,,,,,,,,,,,,,,,,,,,,,,,,,,,,,,,
N088044,A122800,썬텍,(주)썬테크놀로지스,134811-0067844,124-81-94346,2002-02-06,2010-11-26,2020-02-12,일반,12.0,중소기업,,,N15104.금속과 채광,C00000.제조업(10~34),C24000.1차 금속 제조업,코스닥,기업의 계속성 및 경영의 투명성 등을 종합적으로 고려하여 상장폐지기준에 해당한다고 결정,기업의계속성_경영의투명성종합판단,2020,,,,,,,,,,,,,,,,,,,,,,,,,,,,,,,,,,,,,,,,,,,,,,,,,,,
N088044,A122800,썬텍,(주)썬테크놀로지스,134811-0067844,124-81-94346,2002-02-06,2010-11-26,2020-02-12,일반,12.0,중소기업,,,N15104.금속과 채광,C00000.제조업(10~34),C24000.1차 금속 제조업,코스닥,기업의 계속성 및 경영의 투명성 등을 종합적으로 고려하여 상장폐지기준에 해당한다고 결정,기업의계속성_경영의투명성종합판단,2021,,,,,,,,,,,,,,,,,,,,,,,,,,,,,,,,,,,,,,,,,,,,,,,,,,,
N088044,A122800,썬텍,(주)썬테크놀로지스,134811-0067844,124-81-94346,2002-02-06,2010-11-26,2020-02-12,일반,12.0,중소기업,,,N15104.금속과 채광,C00000.제조업(10~34),C24000.1차 금속 제조업,코스닥,기업의 계속성 및 경영의 투명성 등을 종합적으로 고려하여 상장폐지기준에 해당한다고 결정,기업의계속성_경영의투명성종합판단,2022,,,,,,,,,,,,,,,,,,,,,,,,,,,,,,,,,,,,,,,,,,,,,,,,,,,
N088044,A122800,썬텍,(주)썬테크놀로지스,134811-0067844,124-81-94346,2002-02-06,2010-11-26,2020-02-12,일반,12.0,중소기업,,,N15104.금속과 채광,C00000.제조업(10~34),C24000.1차 금속 제조업,코스닥,기업의 계속성 및 경영의 투명성 등을 종합적으로 고려하여 상장폐지기준에 해당한다고 결정,기업의계속성_경영의투명성종합판단,2023,,,,,,,,,,,,,,,,,,,,,,,,,,,,,,,,,,,,,,,,,,,,,,,,,,,
N088044,A122800,썬텍,(주)썬테크놀로지스,134811-0067844,124-81-94346,2002-02-06,2010-11-26,2020-02-12,일반,12.0,중소기업,,,N15104.금속과 채광,C00000.제조업(10~34),C24000.1차 금속 제조업,코스닥,기업의 계속성 및 경영의 투명성 등을 종합적으로 고려하여 상장폐지기준에 해당한다고 결정,기업의계속성_경영의투명성종합판단,2024,,,,,,,,,,,,,,,,,,,,,,,,,,,,,,,,,,,,,,,,,,,,,,,,,,,
N162459,A123260,파인넥스,(주)파인넥스,110111-2015273,214-86-63520,2000-07-03,2011-12-05,2020-04-10,폐업,12.0,중소기업,,파인넥스,N45301.반도체 및 반도체장비,C00000.제조업(10~34),"C26000.전자 부품, 컴퓨터, 영상, 음향 및 통신장비 제조업",코스닥,"제28조제1항제9호에 따라 관리종목 지정 후 공시규정 제19조제1항에 따른 사업보고서 법정제출기한 내 미제출, 최근 2년간 3회 이상 공시규정 제19조제1항의 규정에 의한 사업보고서, 반기보고서 또는 분기보고서 법정제출기한 내 미제출",공시서류미제출,2014,-0.2429938,0.0362864,-0.1354137,-24.3,-0.03604,-0.4148936,-37.75,-51.37,-56.15,-0.1644858,-0.1797858,-0.3324357,-36.34,8.85,163.39,46.53,.32,0.65,0.6338174,,,2.86,3.57,-5.56,,,,"1,441,083.86",,,5028.2876926,-3276.1449996,-792.7811463,8863.0892666,"1,672.62",46.8,62.,40.54,15.83,,366.46,113.67,-5.8,,,,,,,,
N162459,A123260,파인넥스,(주)파인넥스,110111-2015273,214-86-63520,2000-07-03,2011-12-05,2020-04-10,폐업,12.0,중소기업,,파인넥스,N45301.반도체 및 반도체장비,C00000.제조업(10~34),"C26000.전자 부품, 컴퓨터, 영상, 음향 및 통신장비 제조업",코스닥,"제28조제1항제9호에 따라 관리종목 지정 후 공시규정 제19조제1항에 따른 사업보고서 법정제출기한 내 미제출, 최근 2년간 3회 이상 공시규정 제19조제1항의 규정에 의한 사업보고서, 반기보고서 또는 분기보고서 법정제출기한 내 미제출",공시서류미제출,2015,-0.1288362,0.779481,-0.0551831,-12.88,-0.3824232,-0.4545455,-4.69,-18.34,-95.93,-0.0438726,-0.2294573,-0.0909318,-47.56,12.27,174.08,52.09,0.24,0.5,0.4621861,,,1.47,3.45,-1.6,,,,"2,294,578.21",,,3073.3370336,-3340.1672905,-357.7414556,7993.9143365,"1,498.78",50.02,77.89,25.42,8.42,,350.73,99.9,-1.49,,,,,,,,
N162459,A123260,파인넥스,(주)파인넥스,110111-2015273,214-86-63520,2000-07-03,2011-12-05,2020-04-10,폐업,12.0,중소기업,,파인넥스,N45301.반도체 및 반도체장비,C00000.제조업(10~34),"C26000.전자 부품, 컴퓨터, 영상, 음향 및 통신장비 제조업",코스닥,"제28조제1항제9호에 따라 관리종목 지정 후 공시규정 제19조제1항에 따른 사업보고서 법정제출기한 내 미제출, 최근 2년간 3회 이상 공시규정 제19조제1항의 규정에 의한 사업보고서, 반기보고서 또는 분기보고서 법정제출기한 내 미제출",공시서류미제출,2016,-0.8189222,-3.9568069,-0.5899151,-81.89,-0.560161,-0.1833333,,,,-0.3195007,-0.5359851,-0.819693,,,,,,0.4,0.2532974,,,.81,2.72,,,,,"1,890,444.98",,,1345.8263973,-5386.5742434,-35.3334166,2557.8585333,,,43.06,28.11,,,,469.41,-10.48,,,,,,,,
N162459,A123260,파인넥스,(주)파인넥스,110111-2015273,214-86-63520,2000-07-03,2011-12-05,2020-04-10,폐업,12.0,중소기업,,파인넥스,N45301.반도체 및 반도체장비,C00000.제조업(10~34),"C26000.전자 부품, 컴퓨터, 영상, 음향 및 통신장비 제조업",코스닥,"제28조제1항제9호에 따라 관리종목 지정 후 공시규정 제19조제1항에 따른 사업보고서 법정제출기한 내 미제출, 최근 2년간 3회 이상 공시규정 제19조제1항의 규정에 의한 사업보고서, 반기보고서 또는 분기보고서 법정제출기한 내 미제출",공시서류미제출,2017,1.0517501,1.1763866,0.7099324,105.18,0.0851905,0.0408163,,,,0.0836163,-0.2306776,0.3090161,,,,,,0.92,0.3411958,,,2.25,2.65,,,,,"1,109,017.55",,,929.8415349,-769.1970051,-214.4417288,1763.4529889,,,114.6,94.13,,,,172.16,1.84,,,,,,,,
N162459,A123260,파인넥스,(주)파인넥스,110111-2015273,214-86-63520,2000-07-03,2011-12-05,2020-04-10,폐업,12.0,중소기업,,파인넥스,N45301.반도체 및 반도체장비,C00000.제조업(10~34),"C26000.전자 부품, 컴퓨터, 영상, 음향 및 통신장비 제조업",코스닥,"제28조제1항제9호에 따라 관리종목 지정 후 공시규정 제19조제1항에 따른 사업보고서 법정제출기한 내 미제출, 최근 2년간 3회 이상 공시규정 제19조제1항의 규정에 의한 사업보고서, 반기보고서 또는 분기보고서 법정제출기한 내 미제출",공시서류미제출,2018,-0.9232789,-1.5512316,-1.0474137,-92.33,-0.2312874,-0.1764706,,,,-0.0526068,-0.5390484,-0.2353079,,,,,,0.98,0.2812239,,,3.61,2.3,,,,,"1,366,326.27",,,462.3350141,-1001.9508349,-117.1700053,857.2950922,,,37.84,37.17,,,,"2,630.01",-1.43,,,,,,,,
N162459,A123260,파인넥스,(주)파인넥스,110111-2015273,214-86-63520,2000-07-03,2011-12-05,2020-04-10,폐업,12.0,중소기업,,파인넥스,N45301.반도체 및 반도체장비,C00000.제조업(10~34),"C26000.전자 부품, 컴퓨터, 영상, 음향 및 통신장비 제조업",코스닥,"제28조제1항제9호에 따라 관리종목 지정 후 공시규정 제19조제1항에 따른 사업보고서 법정제출기한 내 미제출, 최근 2년간 3회 이상 공시규정 제19조제1항의 규정에 의한 사업보고서, 반기보고서 또는 분기보고서 법정제출기한 내 미제출",공시서류미제출,2019,,,,,,,,,,,,,,,,,,,,,,,,,,,,,,,,,,,,,,,,,,,,,,,,,,,
N162459,A123260,파인넥스,(주)파인넥스,110111-2015273,214-86-63520,2000-07-03,2011-12-05,2020-04-10,폐업,12.0,중소기업,,파인넥스,N45301.반도체 및 반도체장비,C00000.제조업(10~34),"C26000.전자 부품, 컴퓨터, 영상, 음향 및 통신장비 제조업",코스닥,"제28조제1항제9호에 따라 관리종목 지정 후 공시규정 제19조제1항에 따른 사업보고서 법정제출기한 내 미제출, 최근 2년간 3회 이상 공시규정 제19조제1항의 규정에 의한 사업보고서, 반기보고서 또는 분기보고서 법정제출기한 내 미제출",공시서류미제출,2020,,,,,,,,,,,,,,,,,,,,,,,,,,,,,,,,,,,,,,,,,,,,,,,,,,,
N162459,A123260,파인넥스,(주)파인넥스,110111-2015273,214-86-63520,2000-07-03,2011-12-05,2020-04-10,폐업,12.0,중소기업,,파인넥스,N45301.반도체 및 반도체장비,C00000.제조업(10~34),"C26000.전자 부품, 컴퓨터, 영상, 음향 및 통신장비 제조업",코스닥,"제28조제1항제9호에 따라 관리종목 지정 후 공시규정 제19조제1항에 따른 사업보고서 법정제출기한 내 미제출, 최근 2년간 3회 이상 공시규정 제19조제1항의 규정에 의한 사업보고서, 반기보고서 또는 분기보고서 법정제출기한 내 미제출",공시서류미제출,2021,,,,,,,,,,,,,,,,,,,,,,,,,,,,,,,,,,,,,,,,,,,,,,,,,,,
N162459,A123260,파인넥스,(주)파인넥스,110111-2015273,214-86-63520,2000-07-03,2011-12-05,2020-04-10,폐업,12.0,중소기업,,파인넥스,N45301.반도체 및 반도체장비,C00000.제조업(10~34),"C26000.전자 부품, 컴퓨터, 영상, 음향 및 통신장비 제조업",코스닥,"제28조제1항제9호에 따라 관리종목 지정 후 공시규정 제19조제1항에 따른 사업보고서 법정제출기한 내 미제출, 최근 2년간 3회 이상 공시규정 제19조제1항의 규정에 의한 사업보고서, 반기보고서 또는 분기보고서 법정제출기한 내 미제출",공시서류미제출,2022,,,,,,,,,,,,,,,,,,,,,,,,,,,,,,,,,,,,,,,,,,,,,,,,,,,
N162459,A123260,파인넥스,(주)파인넥스,110111-2015273,214-86-63520,2000-07-03,2011-12-05,2020-04-10,폐업,12.0,중소기업,,파인넥스,N45301.반도체 및 반도체장비,C00000.제조업(10~34),"C26000.전자 부품, 컴퓨터, 영상, 음향 및 통신장비 제조업",코스닥,"제28조제1항제9호에 따라 관리종목 지정 후 공시규정 제19조제1항에 따른 사업보고서 법정제출기한 내 미제출, 최근 2년간 3회 이상 공시규정 제19조제1항의 규정에 의한 사업보고서, 반기보고서 또는 분기보고서 법정제출기한 내 미제출",공시서류미제출,2023,,,,,,,,,,,,,,,,,,,,,,,,,,,,,,,,,,,,,,,,,,,,,,,,,,,
N162459,A123260,파인넥스,(주)파인넥스,110111-2015273,214-86-63520,2000-07-03,2011-12-05,2020-04-10,폐업,12.0,중소기업,,파인넥스,N45301.반도체 및 반도체장비,C00000.제조업(10~34),"C26000.전자 부품, 컴퓨터, 영상, 음향 및 통신장비 제조업",코스닥,"제28조제1항제9호에 따라 관리종목 지정 후 공시규정 제19조제1항에 따른 사업보고서 법정제출기한 내 미제출, 최근 2년간 3회 이상 공시규정 제19조제1항의 규정에 의한 사업보고서, 반기보고서 또는 분기보고서 법정제출기한 내 미제출",공시서류미제출,2024,,,,,,,,,,,,,,,,,,,,,,,,,,,,,,,,,,,,,,,,,,,,,,,,,,,
N158730,A126870,뉴로스,(주)앤에스,160111-0098073,305-81-37658,2000-05-09,2012-02-15,2022-10-26,외감,12.0,중소기업,,뉴로스,N20106.기계,C00000.제조업(10~34),C29000.기타 기계 및 장비 제조업,코스닥,감사의견 거절(감사범위 제한 및 계속기업 존속능력 불확실성),감사의견거절,2014,0.1059956,-1.0115412,-0.8958731,10.6,-0.0529857,0.0357143,43.76,-0.16,0.87,-0.0007562,0.0041516,-0.0014937,.82,3.33,99.29,45.15,.48,0.94,0.967242,0.0,91.4892226,2.52,1.21,2.,,"137,773,140.","2,945,850.","612,227.8",7.06,31.37,6458.2406585,56.139418,-1639.2978578,6944.8314897,"1,288.97",48.65,148.32,104.57,15.19,90.55,546.33,105.55,-.05,-4.19,-5.03,-2.06,-4.92,"1,467.06",15.77,85.89,"66,417,390,000."
N158730,A126870,뉴로스,(주)앤에스,160111-0098073,305-81-37658,2000-05-09,2012-02-15,2022-10-26,외감,12.0,중소기업,,뉴로스,N20106.기계,C00000.제조업(10~34),C29000.기타 기계 및 장비 제조업,코스닥,감사의견 거절(감사범위 제한 및 계속기업 존속능력 불확실성),감사의견거절,2015,0.2892388,10.8172377,0.94966,28.92,0.2094727,0.1293103,31.12,1.29,1.4,0.0067816,0.0073946,0.0121973,1.33,2.12,98.97,60.81,0.53,0.95,1.1885378,0.0,98.7344952,2.25,1.33,1.55,,"124,218,350.","2,455,950.","585,491.8",10.62,50.06,6421.8209345,89.9859468,183.6279148,7032.8374274,"1,367.87",62.53,276.22,174.46,8.16,57.75,518.26,59.93,.61,4.39,6.01,1.52,3.22,"2,532.13",22.39,63.42,"80,027,996,000."
N158730,A126870,뉴로스,(주)앤에스,160111-0098073,305-81-37658,2000-05-09,2012-02-15,2022-10-26,외감,12.0,중소기업,,뉴로스,N20106.기계,C00000.제조업(10~34),C29000.기타 기계 및 장비 제조업,코스닥,감사의견 거절(감사범위 제한 및 계속기업 존속능력 불확실성),감사의견거절,2016,-0.0105355,2.0199301,0.8352829,-1.05,0.0428037,0.0610687,37.84,3.72,2.47,0.0178887,0.0118541,0.0328763,2.18,2.5,96.84,45.27,0.48,0.88,1.0543885,0.0,102.2215443,2.22,1.35,1.64,,"117,822,240.","2,270,770.","616,783.32",12.29,64.32,3898.4654231,96.1414507,724.0983214,3499.497639,658.68,48.1,142.22,97.2,16.52,106.62,407.05,107.89,1.49,4.39,5.75,1.91,4.2,"3,337.36",24.64,54.7,"80,272,669,000."
N158730,A126870,뉴로스,(주)앤에스,160111-0098073,305-81-37658,2000-05-09,2012-02-15,2022-10-26,외감,12.0,중소기업,,뉴로스,N20106.기계,C00000.제조업(10~34),C29000.기타 기계 및 장비 제조업,코스닥,감사의견 거절(감사범위 제한 및 계속기업 존속능력 불확실성),감사의견거절,2017,0.0571077,0.3846503,-6.0877442,5.71,0.0152958,0.1151079,31.87,5.08,-12.36,0.020035,-0.0487824,0.044494,-10.83,5.67,113.43,39.38,0.39,0.88,0.7180862,0.0,85.3267664,2.29,1.2,2.26,,"110,633,840.","2,990,360.","672,903.95",3.7,22.48,3063.8416544,-378.6308238,-387.2292218,3415.2215097,608.62,42.46,143.02,103.09,15.93,92.82,264.9,135.5,.89,-7.89,-10.,-4.01,-10.91,831.55,9.16,161.08,"103,249,632,000."
N158730,A126870,뉴로스,(주)앤에스,160111-0098073,305-81-37658,2000-05-09,2012-02-15,2022-10-26,외감,12.0,중소기업,,뉴로스,N20106.기계,C00000.제조업(10~34),C29000.기타 기계 및 장비 제조업,코스닥,감사의견 거절(감사범위 제한 및 계속기업 존속능력 불확실성),감사의견거절,2018,0.1127793,-0.6133828,-0.3616676,11.28,0.1463613,-0.1225807,32.86,1.71,-14.68,0.0062879,-0.0539223,0.0158441,-13.59,3.67,117.12,33.83,.37,0.93,0.6090482,0.0,70.8338796,2.2,1.29,4.,,"152,386,320.","4,525,760.","926,777.4",-0.61,-3.7,2773.8824083,-402.6139799,-371.0425229,3001.6408963,543.54,37.48,104.75,73.68,2.12,654.38,348.11,166.78,.47,-9.05,-10.18,-5.13,-15.8,-124.66,-1.72,-721.46,"123,641,550,000."
N158730,A126870,뉴로스,(주)앤에스,160111-0098073,305-81-37658,2000-05-09,2012-02-15,2022-10-26,외감,12.0,중소기업,,뉴로스,N20106.기계,C00000.제조업(10~34),C29000.기타 기계 및 장비 제조업,코스닥,감사의견 거절(감사범위 제한 및 계속기업 존속능력 불확실성),감사의견거절,2019,0.0686717,-6.4487594,-2.3361184,6.87,0.1558586,0.0808824,23.51,-8.07,-42.37,-0.0295679,-0.1552488,-0.0792351,-41.6,3.41,138.99,30.32,.37,0.98,0.5845754,0.0,57.4384646,2.34,1.4,5.29,,"157,631,590.","4,841,320.","976,498.96",-12.29,-76.15,2701.4722573,-1128.5587658,76.6001816,2748.0732917,449.61,37.16,119.33,94.01,40.35,130.97,357.73,169.09,-2.37,-28.39,-36.84,-16.63,-48.78,"-2,479.46",-34.64,-31.87,"155,859,633,000."
N158730,A126870,뉴로스,(주)앤에스,160111-0098073,305-81-37658,2000-05-09,2012-02-15,2022-10-26,외감,12.0,중소기업,,뉴로스,N20106.기계,C00000.제조업(10~34),C29000.기타 기계 및 장비 제조업,코스닥,감사의견 거절(감사범위 제한 및 계속기업 존속능력 불확실성),감사의견거절,2020,-0.4451703,-3.3966029,-0.9318395,-44.52,-0.2312361,0.0136054,7.28,-46.15,-106.47,-0.1468082,-0.3386969,-0.4337096,-100.06,4.61,191.32,17.47,.32,0.94,0.4809096,0.0,131.0428818,2.16,1.17,13.95,,"150,338,420.","6,901,260.","837,623.23",-30.03,-167.29,1838.4972231,-1909.7098193,-274.3770399,1195.2971931,139.06,29.16,84.27,60.19,19.59,,245.71,242.89,-10.02,-71.33,-98.,-47.5,-114.58,"-3,644.32",-90.23,-17.4,"168,006,215,000."
N158730,A126870,뉴로스,(주)앤에스,160111-0098073,305-81-37658,2000-05-09,2012-02-15,2022-10-26,외감,12.0,중소기업,,뉴로스,N20106.기계,C00000.제조업(10~34),C29000.기타 기계 및 장비 제조업,코스닥,감사의견 거절(감사범위 제한 및 계속기업 존속능력 불확실성),감사의견거절,2021,0.535691,0.9538687,0.8228528,53.57,0.1647551,-0.1409396,29.06,-1.83,-16.19,-0.0088255,-0.0781879,-0.0221117,-19.59,2.12,108.69,36.27,.48,1.21,0.803615,0.0,93.7750902,3.26,1.42,11.57,,"165,535,840.","8,877,600.","727,085.82",-0.4,-1.74,1512.6186108,-235.4096191,-124.3104775,1530.7624267,206.15,52.52,149.85,115.4,21.13,69.12,530.91,90.41,-.86,-29.48,-37.23,-12.7,-21.05,-32.5,-0.71,"-1,645.4","118,776,605,000."
N158730,A126870,뉴로스,(주)앤에스,160111-0098073,305-81-37658,2000-05-09,2012-02-15,2022-10-26,외감,12.0,중소기업,,뉴로스,N20106.기계,C00000.제조업(10~34),C29000.기타 기계 및 장비 제조업,코스닥,감사의견 거절(감사범위 제한 및 계속기업 존속능력 불확실성),감사의견거절,2022,,,,,,,29.65,-11.63,-22.22,,,,-18.8,2.47,117.96,28.42,.42,,,0.0,112.4124724,,,2.09,,"141,659,810.","9,074,790.",,1.92,9.23,,,,,150.07,47.05,,,15.33,98.91,447.54,,,-16.79,-21.4,-8.43,-17.73,144.03,4.1,,"101,292,493,000."
N158730,A126870,뉴로스,(주)앤에스,160111-0098073,305-81-37658,2000-05-09,2012-02-15,2022-10-26,외감,12.0,중소기업,,뉴로스,N20106.기계,C00000.제조업(10~34),C29000.기타 기계 및 장비 제조업,코스닥,감사의견 거절(감사범위 제한 및 계속기업 존속능력 불확실성),감사의견거절,2023,,,,,,,29.61,4.61,3.79,,,,3.42,3.32,96.54,36.08,.47,,,0.0,131.3365766,,,2.19,,"123,873,760.","11,395,140.",,10.71,54.87,,,,,151.96,59.42,,,23.45,87.81,495.38,,,7.17,9.34,2.62,4.54,596.48,20.85,,"94,101,779,000."
N158730,A126870,뉴로스,(주)앤에스,160111-0098073,305-81-37658,2000-05-09,2012-02-15,2022-10-26,외감,12.0,중소기업,,뉴로스,N20106.기계,C00000.제조업(10~34),C29000.기타 기계 및 장비 제조업,코스닥,감사의견 거절(감사범위 제한 및 계속기업 존속능력 불확실성),감사의견거절,2024,,,,,,,30.43,1.07,9.78,,,,7.8,2.02,91.18,44.64,.49,,,0.0,117.7636438,,,2.08,,"171,123,970.","15,025,400.",,16.64,61.86,,,,,224.78,64.16,,,27.21,79.89,288.42,,,11.66,22.78,3.78,7.9,704.57,31.67,,"75,057,190,000."
NE72336,A127160,매직마이크로,(주)매직마이크로,280111-0076686,127-86-00798,2006-08-11,2015-11-19,2022-09-22,일반,12.0,중소기업,,,"N45203.전자장비와 기기, 부품",C00000.제조업(10~34),"C26000.전자 부품, 컴퓨터, 영상, 음향 및 통신장비 제조업",코스닥,감사의견 거절(감사범위 제한 및 계속기업 존속능력 불확실성),감사의견거절,2014,0.5039953,-0.4226838,-0.0883965,50.4,-0.087641,,,,,0.0600564,0.0764942,0.1312731,,,,,,2.61,2.201332,,,13.8,10.45,,,,,,,,,847.8722981,,6091.5612422,,,123.41,98.24,,,,87.84,4.35,,,,,,,,
NE72336,A127160,매직마이크로,(주)매직마이크로,280111-0076686,127-86-00798,2006-08-11,2015-11-19,2022-09-22,일반,12.0,중소기업,,,"N45203.전자장비와 기기, 부품",C00000.제조업(10~34),"C26000.전자 부품, 컴퓨터, 영상, 음향 및 통신장비 제조업",코스닥,감사의견 거절(감사범위 제한 및 계속기업 존속능력 불확실성),감사의견거절,2015,0.7276365,-0.6985407,-0.4239139,72.76,0.1666571,,11.54,-1.8,-3.63,-0.012515,-0.0252045,-0.0308358,-6.21,1.48,102.14,37.28,0.69,1.71,1.168967,,,6.95,4.63,-19.5,,,,"305,773.61",,,11797.9683287,-526.2257371,,6137.3763787,"1,127.48",40.59,89.52,60.14,11.63,,123.5,146.39,-1.22,,,,,,,,
NE72336,A127160,매직마이크로,(주)매직마이크로,280111-0076686,127-86-00798,2006-08-11,2015-11-19,2022-09-22,일반,12.0,중소기업,,,"N45203.전자장비와 기기, 부품",C00000.제조업(10~34),"C26000.전자 부품, 컴퓨터, 영상, 음향 및 통신장비 제조업",코스닥,감사의견 거절(감사범위 제한 및 계속기업 존속능력 불확실성),감사의견거절,2016,-0.1311717,-4.1887586,-1.7433994,-13.12,-0.0080219,-0.2427185,,,,-0.0645418,-0.0687249,-0.1712295,,,,,,1.82,1.0990131,,,6.57,4.95,,,,,"497,822.47",,,8935.768159,-1030.8963578,,5343.1131694,,,60.75,41.12,,,,187.07,-4.36,,,,,,,98.97,
NE72336,A127160,매직마이크로,(주)매직마이크로,280111-0076686,127-86-00798,2006-08-11,2015-11-19,2022-09-22,일반,12.0,중소기업,,,"N45203.전자장비와 기기, 부품",C00000.제조업(10~34),"C26000.전자 부품, 컴퓨터, 영상, 음향 및 통신장비 제조업",코스닥,감사의견 거절(감사범위 제한 및 계속기업 존속능력 불확실성),감사의견거절,2017,0.0216701,0.4460217,0.2940179,2.17,0.1978893,-0.4038462,,,,-0.0360223,-0.0488815,-0.1009245,,,,,,2.32,1.285076,,,7.48,7.51,,,,,"848,676.64",,,2410.3581002,-142.1486621,,1077.6441985,,,40.57,19.98,,,,173.43,-1.99,,,,,,,74.73,
NE72336,A127160,매직마이크로,(주)매직마이크로,280111-0076686,127-86-00798,2006-08-11,2015-11-19,2022-09-22,일반,12.0,중소기업,,,"N45203.전자장비와 기기, 부품",C00000.제조업(10~34),"C26000.전자 부품, 컴퓨터, 영상, 음향 및 통신장비 제조업",코스닥,감사의견 거절(감사범위 제한 및 계속기업 존속능력 불확실성),감사의견거절,2018,1.1466926,1.1175953,0.1014191,114.67,0.0306512,0.3655914,,,,0.0034274,-0.0355388,0.0074633,,,,,,1.5,1.2743578,,,6.85,6.51,,,,,"870,366.88",,,1622.0625695,-82.7160079,,1165.722157,,,59.63,38.64,,,,91.82,.12,,,,,,,-931.45,
NE72336,A127160,매직마이크로,(주)매직마이크로,280111-0076686,127-86-00798,2006-08-11,2015-11-19,2022-09-22,일반,12.0,중소기업,,,"N45203.전자장비와 기기, 부품",C00000.제조업(10~34),"C26000.전자 부품, 컴퓨터, 영상, 음향 및 통신장비 제조업",코스닥,감사의견 거절(감사범위 제한 및 계속기업 존속능력 불확실성),감사의견거절,2019,-0.1999008,-19.7237436,-2.8081107,-19.99,-0.0815026,-0.3937008,,,,-0.0555024,-0.1170494,-0.1137922,,,,,,1.12,1.0687089,,,6.78,4.5,,,,,"1,689,555.51",,,1224.1032928,-243.0985891,,897.9562438,,,48.43,34.99,,,,121.52,-1.6,,,,,,,,
NE72336,A127160,매직마이크로,(주)매직마이크로,280111-0076686,127-86-00798,2006-08-11,2015-11-19,2022-09-22,일반,12.0,중소기업,,,"N45203.전자장비와 기기, 부품",C00000.제조업(10~34),"C26000.전자 부품, 컴퓨터, 영상, 음향 및 통신장비 제조업",코스닥,감사의견 거절(감사범위 제한 및 계속기업 존속능력 불확실성),감사의견거절,2020,-0.6621213,-0.7443559,-1.9866089,-66.21,-0.3337188,-0.4675325,,,,-0.1243716,-0.4490782,-0.3337979,,,,,,1.26,0.7468341,,,7.59,3.27,,,,,"2,403,664.96",,,754.8359005,-713.0093385,,212.5878359,,,34.5,27.39,,,,307.1,-2.97,,,,,,,,
NE72336,A127160,매직마이크로,(주)매직마이크로,280111-0076686,127-86-00798,2006-08-11,2015-11-19,2022-09-22,일반,12.0,중소기업,,,"N45203.전자장비와 기기, 부품",C00000.제조업(10~34),"C26000.전자 부품, 컴퓨터, 영상, 음향 및 통신장비 제조업",코스닥,감사의견 거절(감사범위 제한 및 계속기업 존속능력 불확실성),감사의견거절,2021,,,,,,,,,,,,,,,,,,,,,,,,,,,,,,,,,,,,,,,,,,,,,,,,,,,
NE72336,A127160,매직마이크로,(주)매직마이크로,280111-0076686,127-86-00798,2006-08-11,2015-11-19,2022-09-22,일반,12.0,중소기업,,,"N45203.전자장비와 기기, 부품",C00000.제조업(10~34),"C26000.전자 부품, 컴퓨터, 영상, 음향 및 통신장비 제조업",코스닥,감사의견 거절(감사범위 제한 및 계속기업 존속능력 불확실성),감사의견거절,2022,,,,,,,,,,,,,,,,,,,,,,,,,,,,,,,,,,,,,,,,,,,,,,,,,,,
NE72336,A127160,매직마이크로,(주)매직마이크로,280111-0076686,127-86-00798,2006-08-11,2015-11-19,2022-09-22,일반,12.0,중소기업,,,"N45203.전자장비와 기기, 부품",C00000.제조업(10~34),"C26000.전자 부품, 컴퓨터, 영상, 음향 및 통신장비 제조업",코스닥,감사의견 거절(감사범위 제한 및 계속기업 존속능력 불확실성),감사의견거절,2023,,,,,,,,,,,,,,,,,,,,,,,,,,,,,,,,,,,,,,,,,,,,,,,,,,,
NE72336,A127160,매직마이크로,(주)매직마이크로,280111-0076686,127-86-00798,2006-08-11,2015-11-19,2022-09-22,일반,12.0,중소기업,,,"N45203.전자장비와 기기, 부품",C00000.제조업(10~34),"C26000.전자 부품, 컴퓨터, 영상, 음향 및 통신장비 제조업",코스닥,감사의견 거절(감사범위 제한 및 계속기업 존속능력 불확실성),감사의견거절,2024,,,,,,,,,,,,,,,,,,,,,,,,,,,,,,,,,,,,,,,,,,,,,,,,,,,
N036144,A134780,화진,에스엠화진(주),174711-0002646,505-81-20567,1992-04-29,2011-08-10,2020-07-02,외감,12.0,대기업,,SM,N25101.자동차 부품,C00000.제조업(10~34),C22000.고무 및 플라스틱제품 제조업,코스닥,감사의견거절(감사범위제한),감사의견거절,2014,0.1444624,-0.1052204,-0.2565418,14.45,0.0666034,-0.0099338,21.12,10.58,8.63,0.1081467,0.088235,0.1810934,14.78,.6,89.81,52.59,1.02,1.71,2.5378643,0.0,237.791625,13.98,4.15,6.13,,"96,916,640.","25,569,900.","281,110.65",,,9524.5433079,862.3278994,1218.0635756,6117.0780211,"1,123.42",58.02,143.83,123.18,38.97,47.1,202.2,72.35,17.75,42.32,115.02,12.76,15.23,,,,"108,057,800,000."
N036144,A134780,화진,에스엠화진(주),174711-0002646,505-81-20567,1992-04-29,2011-08-10,2020-07-02,외감,12.0,대기업,,SM,N25101.자동차 부품,C00000.제조업(10~34),C22000.고무 및 플라스틱제품 제조업,코스닥,감사의견거절(감사범위제한),감사의견거절,2015,0.085412,-0.2559185,-0.2141157,8.54,-0.0308334,0.0,21.16,8.12,7.0,0.071921,0.0619757,0.1210733,10.43,.7,91.91,56.19,0.89,1.49,2.1812059,0.0,238.5877211,14.47,4.52,5.72,,"114,882,540.","36,011,000.","315,917.44",,,2397.8992514,716.4836172,329.5238979,2170.3772373,"1,244.52",60.74,168.89,145.35,32.62,34.16,202.45,64.65,11.66,35.98,69.3,10.64,13.21,,,,"131,699,689,000."
N036144,A134780,화진,에스엠화진(주),174711-0002646,505-81-20567,1992-04-29,2011-08-10,2020-07-02,외감,12.0,대기업,,SM,N25101.자동차 부품,C00000.제조업(10~34),C22000.고무 및 플라스틱제품 제조업,코스닥,감사의견거절(감사범위제한),감사의견거절,2016,0.0621014,-0.191247,0.2068259,6.21,-0.0463493,-0.0100334,19.38,6.89,8.86,0.0575969,0.0740616,0.0912329,11.73,.62,89.52,61.98,0.84,1.32,2.2680614,0.0,202.8592509,14.55,4.74,3.87,,"130,338,120.","42,131,770.","332,373.83",,,8803.0248627,826.4605028,1054.4791908,7300.7286654,"1,350.69",65.57,208.45,185.48,53.38,21.18,185.98,52.52,11.12,34.83,71.38,10.,12.81,,,,"136,556,800,000."
N036144,A134780,화진,에스엠화진(주),174711-0002646,505-81-20567,1992-04-29,2011-08-10,2020-07-02,외감,12.0,대기업,,SM,N25101.자동차 부품,C00000.제조업(10~34),C22000.고무 및 플라스틱제품 제조업,코스닥,감사의견거절(감사범위제한),감사의견거절,2017,-0.2095525,-0.42184,-1.661907,-20.96,-0.2138071,-0.027027,19.09,5.07,-7.46,0.0345677,-0.0508878,0.0571981,-8.42,.75,106.79,53.51,0.68,1.13,1.7248387,0.0,252.4641118,13.09,4.35,4.07,,"124,916,280.","37,556,780.","324,137.25",,,6222.6986864,-483.0664625,1065.8378973,3249.0590931,563.67,54.99,122.76,107.52,33.76,66.94,196.57,81.85,6.78,-32.87,-51.04,-13.03,-18.15,,,,"134,352,058,000."
N036144,A134780,화진,에스엠화진(주),174711-0002646,505-81-20567,1992-04-29,2011-08-10,2020-07-02,외감,12.0,대기업,,SM,N25101.자동차 부품,C00000.제조업(10~34),C22000.고무 및 플라스틱제품 제조업,코스닥,감사의견거절(감사범위제한),감사의견거절,2018,-0.5910521,-2.2578858,-6.0434959,-59.11,-0.1062226,-0.0590278,14.77,-7.13,-58.76,-0.0517898,-0.4269085,-0.1156689,-95.35,4.52,152.35,41.24,.73,1.62,1.3154687,0.0,327.1520606,10.52,4.87,-27.43,,"110,805,470.","20,937,300.","275,215.4",,,3238.5069564,-1441.6397581,-223.8320353,1984.6082838,317.3,30.79,70.17,53.07,15.23,,262.84,224.8,-1.58,-70.85,-94.18,-57.6,-60.93,,,,"126,623,638,000."
N036144,A134780,화진,에스엠화진(주),174711-0002646,505-81-20567,1992-04-29,2011-08-10,2020-07-02,외감,12.0,대기업,,SM,N25101.자동차 부품,C00000.제조업(10~34),C22000.고무 및 플라스틱제품 제조업,코스닥,감사의견거절(감사범위제한),감사의견거절,2019,-1.121649,-0.3309142,0.5972016,,-0.2651164,-0.1143911,7.12,-12.91,-32.21,-0.0996908,-0.2487044,-0.6038452,,7.49,125.13,8.22,.77,,0.9248354,0.0,465.3322661,8.53,4.84,-2.22,,"100,430,150.","1,855,930.","205,393.2",,,2337.6165845,-670.0908024,-11.045191,563.2593441,40.37,,37.09,28.77,8.28,,211.36,,-1.72,-8.26,-12.04,-10.66,-8.7,,,,"92,488,787,000."
N036144,A134780,화진,에스엠화진(주),174711-0002646,505-81-20567,1992-04-29,2011-08-10,2020-07-02,외감,12.0,대기업,,SM,N25101.자동차 부품,C00000.제조업(10~34),C22000.고무 및 플라스틱제품 제조업,코스닥,감사의견거절(감사범위제한),감사의견거절,2020,,,,,,,-8.46,-39.,-76.1,,,,,8.33,126.04,-17.94,.51,,,0.0,342.1250376,,,-1.23,,"117,896,390.",.,,,,,,,,-31.28,39.49,,,13.51,,220.04,,,-13.81,-18.,-9.09,-15.55,,,,"59,008,911,000."
N036144,A134780,화진,에스엠화진(주),174711-0002646,505-81-20567,1992-04-29,2011-08-10,2020-07-02,외감,12.0,대기업,,SM,N25101.자동차 부품,C00000.제조업(10~34),C22000.고무 및 플라스틱제품 제조업,코스닥,감사의견거절(감사범위제한),감사의견거절,2021,,,,,,,-3.81,-26.69,-22.31,,,,-34.63,.69,121.7,-29.87,.56,,,0.0,188.6381058,,,-2.42,,"110,406,140.",.,,,,,,,,-48.19,32.12,,,4.75,,247.85,,,-4.77,-7.17,-3.42,-6.02,,,,"54,318,650,000."
N036144,A134780,화진,에스엠화진(주),174711-0002646,505-81-20567,1992-04-29,2011-08-10,2020-07-02,외감,12.0,대기업,,SM,N25101.자동차 부품,C00000.제조업(10~34),C22000.고무 및 플라스틱제품 제조업,코스닥,감사의견거절(감사범위제한),감사의견거절,2022,,,,,,,4.01,-17.82,1.25,,,,2.48,.57,98.82,-30.04,.64,,,0.0,200.749997,,,-2.37,,"93,397,360.",.,,,,,,,,-48.2,32.28,,,4.57,,172.13,,,-7.75,-10.56,-5.91,-8.38,,,,"50,236,522,000."
N036144,A134780,화진,에스엠화진(주),174711-0002646,505-81-20567,1992-04-29,2011-08-10,2020-07-02,외감,12.0,대기업,,SM,N25101.자동차 부품,C00000.제조업(10~34),C22000.고무 및 플라스틱제품 제조업,코스닥,감사의견거절(감사범위제한),감사의견거절,2023,,,,,,,2.39,-16.79,-15.47,,,,-25.83,1.31,113.45,-37.14,.71,,,0.0,293.1523188,,,-5.13,,"92,166,290.",.,,,,,,,,-40.06,55.56,,,12.92,"2,612.39",248.38,,,-22.55,-52.07,-9.66,-11.64,,,,"49,973,944,000."
N036144,A134780,화진,에스엠화진(주),174711-0002646,505-81-20567,1992-04-29,2011-08-10,2020-07-02,외감,12.0,대기업,,SM,N25101.자동차 부품,C00000.제조업(10~34),C22000.고무 및 플라스틱제품 제조업,코스닥,감사의견거절(감사범위제한),감사의견거절,2024,,,,,,,9.55,-13.78,-8.46,,,,-8.72,2.26,107.6,-47.4,.58,,,0.0,530.7113043,,,-37.99,,"123,084,820.",.,,,,,,,,-45.22,57.42,,,21.44,67.99,388.43,,,9.04,16.99,3.26,4.9,,,,"40,368,519,000."
N162592,A136510,스마트솔루션즈,(주)스마트솔루션즈,130111-0064822,124-81-77764,2000-10-13,2011-11-18,2024-07-25,외감,12.0,중소기업,,스마트솔루션즈,N20106.기계,C00000.제조업(10~34),C29000.기타 기계 및 장비 제조업,코스닥,감사의견 거절,감사의견거절,2014,-0.067305,-1.4857154,-1.2515357,-6.73,-0.313734,,27.61,-9.08,-7.36,-0.0301403,-0.0244292,-0.0314079,-2.55,.,108.58,91.04,.33,0.35,8.2230436,0.0,0.0,3.74,2.22,.51,,,,,,,1164.207434,-119.0125926,229.9942251,4958.0938708,887.,95.96,"3,120.96","2,712.04",669.04,13.54,"3,642.99",4.21,,-16.19,,-0.65,-1.97,,,,"26,555,596,000."
N162592,A136510,스마트솔루션즈,(주)스마트솔루션즈,130111-0064822,124-81-77764,2000-10-13,2011-11-18,2024-07-25,외감,12.0,중소기업,,스마트솔루션즈,N20106.기계,C00000.제조업(10~34),C29000.기타 기계 및 장비 제조업,코스닥,감사의견 거절,감사의견거절,2015,-0.0509962,1.4130986,1.3226191,-5.1,0.0496761,,36.27,3.57,2.26,0.0126904,0.0080329,0.0133141,0.84,.,97.8,94.93,0.36,0.37,7.5802591,0.0,54.1500546,4.78,2.31,0.54,,"48,091,560.","48,120.","444,709.08",,,1222.0407038,38.3957407,399.0103867,5004.0166858,890.08,94.64,"1,727.26","1,580.73",869.63,9.,"1,096.81",5.66,,40.13,,2.1,5.94,,,,"26,307,345,000."
N162592,A136510,스마트솔루션즈,(주)스마트솔루션즈,130111-0064822,124-81-77764,2000-10-13,2011-11-18,2024-07-25,외감,12.0,중소기업,,스마트솔루션즈,N20106.기계,C00000.제조업(10~34),C29000.기타 기계 및 장비 제조업,코스닥,감사의견 거절,감사의견거절,2016,0.2194709,2.1296108,6.8204324,21.95,0.3635841,-0.1355932,37.7,8.2,12.97,0.0336923,0.053293,0.0385563,6.1,.,92.82,77.71,0.41,0.47,3.2559017,0.0,66.3081899,4.64,2.65,0.88,,"107,990,340.",.,"605,728.65",,,1666.3553208,321.3935185,-217.2958454,5664.4997129,"1,022.73",82.21,294.85,230.01,95.15,33.28,708.08,21.63,"1,708.51",22.08,,3.89,11.15,,,,"25,314,430,000."
N162592,A136510,스마트솔루션즈,(주)스마트솔루션즈,130111-0064822,124-81-77764,2000-10-13,2011-11-18,2024-07-25,외감,12.0,중소기업,,스마트솔루션즈,N20106.기계,C00000.제조업(10~34),C29000.기타 기계 및 장비 제조업,코스닥,감사의견 거절,감사의견거절,2017,0.111285,2.264539,0.8630381,11.13,1.0026382,0.7254902,41.3,13.37,12.07,0.086653,0.0782209,0.1085047,9.79,.61,89.63,76.0,0.65,0.81,3.2178804,0.0,67.7414823,6.85,4.9,2.05,,"129,015,070.","7,971,030.","442,354.35",,,3337.1068191,559.4168518,251.938845,6161.6223725,"1,173.89",77.86,238.26,201.12,123.9,26.86,648.24,28.44,21.88,38.09,55.93,8.38,14.06,,,,"35,536,544,000."
N162592,A136510,스마트솔루션즈,(주)스마트솔루션즈,130111-0064822,124-81-77764,2000-10-13,2011-11-18,2024-07-25,외감,12.0,중소기업,,스마트솔루션즈,N20106.기계,C00000.제조업(10~34),C29000.기타 기계 및 장비 제조업,코스닥,감사의견 거절,감사의견거절,2018,-0.0067685,-1.199993,-0.6815427,-0.68,-0.1236834,0.2159091,37.89,-3.05,4.39,-0.0159067,0.0228642,-0.0206837,2.97,.83,95.08,76.51,.52,0.68,2.2569743,0.0,120.8494838,6.6,3.83,1.55,,"133,376,540.","12,196,110.","395,591.98",19.24,57.07,4061.4498148,178.1503704,-367.4562963,6251.0986206,"1,202.89",75.97,285.97,247.28,150.12,20.8,"3,327.11",31.63,-3.68,16.68,22.24,3.99,7.76,624.14,37.15,73.21,"41,702,389,000."
N162592,A136510,스마트솔루션즈,(주)스마트솔루션즈,130111-0064822,124-81-77764,2000-10-13,2011-11-18,2024-07-25,외감,12.0,중소기업,,스마트솔루션즈,N20106.기계,C00000.제조업(10~34),C29000.기타 기계 및 장비 제조업,코스닥,감사의견 거절,감사의견거절,2019,-0.187151,-10.6285369,-7.2324784,-18.72,-0.2210745,-0.1588785,20.7,-45.56,-35.1,-0.1936964,-0.1492221,-0.2662551,-20.51,1.51,140.01,69.75,.43,0.58,1.5601673,0.0,140.0910548,5.4,2.37,1.5,,"154,916,150.","7,682,020.","447,677.82",-2.03,-5.87,2277.8600256,-1110.3183333,-1147.9654445,5095.8149638,979.37,69.14,163.38,136.49,71.43,42.43,840.34,44.63,-30.14,-46.13,-60.72,-14.23,-31.6,-118.36,-4.79,-647.26,"42,447,695,000."
N162592,A136510,스마트솔루션즈,(주)스마트솔루션즈,130111-0064822,124-81-77764,2000-10-13,2011-11-18,2024-07-25,외감,12.0,중소기업,,스마트솔루션즈,N20106.기계,C00000.제조업(10~34),C29000.기타 기계 및 장비 제조업,코스닥,감사의견 거절,감사의견거절,2020,-0.3477185,0.1458349,-0.7440579,-34.77,-0.208781,-0.0555556,25.6,-49.18,-77.36,-0.1972487,-0.3102736,-0.3069781,-48.29,1.85,155.58,58.35,.4,0.62,1.1220042,0.0,170.3000887,3.57,2.17,2.74,,"160,377,800.","4,991,510.","396,642.56",-6.86,-16.97,2370.7632937,-1834.0995251,-756.8973056,3124.3901927,610.51,57.97,121.95,84.32,46.37,171.41,"1,243.05",72.49,-26.61,-76.02,-94.11,-31.92,-69.73,-545.37,-17.13,-186.38,"37,911,975,000."
N162592,A136510,스마트솔루션즈,(주)스마트솔루션즈,130111-0064822,124-81-77764,2000-10-13,2011-11-18,2024-07-25,외감,12.0,중소기업,,스마트솔루션즈,N20106.기계,C00000.제조업(10~34),C29000.기타 기계 및 장비 제조업,코스닥,감사의견 거절,감사의견거절,2021,1.5653542,0.8831653,0.1858267,156.54,1.1916924,0.0117647,21.36,-2.62,-28.74,-0.011186,-0.1226173,-0.0254815,-27.93,10.05,126.09,26.89,.43,0.97,0.7605122,0.0,30.2114459,4.89,5.86,-6.05,,"151,683,540.","5,594,250.","807,450.74",0.37,1.96,2911.6963635,-836.7929986,-734.920944,1517.5632232,203.51,40.1,80.85,69.07,52.89,,457.23,149.36,-.26,-12.01,-12.78,-7.2,-26.57,53.11,0.86,"1,595.49","29,492,285,000."
N162592,A136510,스마트솔루션즈,(주)스마트솔루션즈,130111-0064822,124-81-77764,2000-10-13,2011-11-18,2024-07-25,외감,12.0,중소기업,,스마트솔루션즈,N20106.기계,C00000.제조업(10~34),C29000.기타 기계 및 장비 제조업,코스닥,감사의견 거절,감사의견거절,2022,-1.7380599,3.2337224,-9.0432482,,-0.6050433,-0.4767442,41.61,14.83,-730.8,0.0252107,-1.2425263,0.3020008,,21.04,443.33,-178.76,.17,,0.1855097,0.0,346.0897847,2.22,2.39,-.38,,"165,236,860.","4,270,580.","1,547,663.27",,,400.9129588,-2929.8589158,,-906.2592451,-278.45,,18.96,14.12,4.81,,647.45,,.7,-134.96,-171.62,-272.95,-698.03,,,,"109,374,107,000."
N162592,A136510,스마트솔루션즈,(주)스마트솔루션즈,130111-0064822,124-81-77764,2000-10-13,2011-11-18,2024-07-25,외감,12.0,중소기업,,스마트솔루션즈,N20106.기계,C00000.제조업(10~34),C29000.기타 기계 및 장비 제조업,코스닥,감사의견 거절,감사의견거절,2023,-0.5754131,-4.3731068,0.9885604,,-0.770899,-0.6888889,-50.98,-218.31,-36.49,-0.2334489,-0.0390204,0.2537813,,207.79,106.35,-184.81,.11,,0.0556978,0.0,57.4337375,1.31,.63,-.08,,"80,818,180.","3,392,860.","1,884,952.04",,,59.2216197,-22.6614739,,-257.5214255,-151.5,,60.49,57.23,1.99,,"2,666.59",,-1.05,-29.46,-51.47,-45.73,-389.93,,,,"28,257,320,000."
N162592,A136510,스마트솔루션즈,(주)스마트솔루션즈,130111-0064822,124-81-77764,2000-10-13,2011-11-18,2024-07-25,외감,12.0,중소기업,,스마트솔루션즈,N20106.기계,C00000.제조업(10~34),C29000.기타 기계 및 장비 제조업,코스닥,감사의견 거절,감사의견거절,2024,,,,,,,1.69,-135.24,352.1,,,,,22.54,44.6,-107.82,.19,,,0.0,15.6200853,,,-.67,,"6,095,270.",.,,,,,,,,-81.32,24.77,,,8.52,47.54,"1,562.81",,,222.11,519.68,122.31,382.32,,,,"21,877,635,000."
N218590,A138690,엘아이에스,(주)엘아이에스,135111-0082861,123-86-08352,2006-12-26,2011-06-02,2023-12-06,폐업,12.0,대기업,,,N20106.기계,C00000.제조업(10~34),C29000.기타 기계 및 장비 제조업,코스닥,기업의 계속성 및 경영의 투명성 등을 종합적으로 고려하여 상장폐지기준에 해당한다고 결정,기업의계속성_경영의투명성종합판단,2014,-0.4784778,-3.8407364,-5.8667424,-47.85,-0.1230705,-0.0762712,12.36,-40.86,-64.83,-0.328798,-0.5217261,-0.9533243,-151.27,3.34,157.2,13.33,.8,2.33,1.2284329,0.0,0.0,7.08,3.58,-240.86,,"62,701,300.","19,229,820.","210,514.07",-15.26,-51.24,4951.1247412,-3209.851295,-2061.0490824,1112.8423233,122.57,24.2,96.44,78.5,21.21,,282.44,313.27,-12.24,-67.97,-92.15,-51.71,-62.64,-167.07,-19.06,-156.14,
N218590,A138690,엘아이에스,(주)엘아이에스,135111-0082861,123-86-08352,2006-12-26,2011-06-02,2023-12-06,폐업,12.0,대기업,,,N20106.기계,C00000.제조업(10~34),C29000.기타 기계 및 장비 제조업,코스닥,기업의 계속성 및 경영의 투명성 등을 종합적으로 고려하여 상장폐지기준에 해당한다고 결정,기업의계속성_경영의투명성종합판단,2015,3.8245555,2.4107868,1.9714001,382.46,2.3013898,-0.2660551,49.75,17.46,19.08,0.2872032,0.3137902,0.6736662,73.6,1.74,85.38,45.25,1.64,3.86,2.867437,0.0,0.0,19.43,10.19,18.64,,"78,903,580.","17,898,510.","411,431.65",,,10884.2472168,2121.1961529,1680.0303665,4349.0351267,769.81,50.63,136.,117.76,60.93,50.66,196.57,97.52,10.02,80.82,115.15,30.42,26.42,,,,
N218590,A138690,엘아이에스,(주)엘아이에스,135111-0082861,123-86-08352,2006-12-26,2011-06-02,2023-12-06,폐업,12.0,대기업,,,N20106.기계,C00000.제조업(10~34),C29000.기타 기계 및 장비 제조업,코스닥,기업의 계속성 및 경영의 투명성 등을 종합적으로 고려하여 상장폐지기준에 해당한다고 결정,기업의계속성_경영의투명성종합판단,2016,-0.0327175,-1.6210239,-1.8053964,-3.27,-0.1551947,0.15625,,,,-0.1122808,-0.1590951,-0.256739,,,,,,2.0,1.5547869,,,5.18,10.01,,,,,"526,365.91",,,8248.1203491,-1440.6347039,-1850.6173437,3737.9570921,,,101.34,50.98,,,,160.85,-6.55,,,,,,,-103.42,
N218590,A138690,엘아이에스,(주)엘아이에스,135111-0082861,123-86-08352,2006-12-26,2011-06-02,2023-12-06,폐업,12.0,대기업,,,N20106.기계,C00000.제조업(10~34),C29000.기타 기계 및 장비 제조업,코스닥,기업의 계속성 및 경영의 투명성 등을 종합적으로 고려하여 상장폐지기준에 해당한다고 결정,기업의계속성_경영의투명성종합판단,2017,-0.5609793,0.6106596,-0.7156235,-56.1,-0.2117154,0.1567568,,,,-0.0343626,-0.2145507,-0.1412758,,,,,,2.23,0.716295,,,1.95,12.3,,,,,"590,449.24",,,5947.0240404,-2343.7969913,-1985.7791913,1608.0601813,,,55.41,18.37,,,,653.45,-2.03,,,,,,,-44.79,
N218590,A138690,엘아이에스,(주)엘아이에스,135111-0082861,123-86-08352,2006-12-26,2011-06-02,2023-12-06,폐업,12.0,대기업,,,N20106.기계,C00000.제조업(10~34),C29000.기타 기계 및 장비 제조업,코스닥,기업의 계속성 및 경영의 투명성 등을 종합적으로 고려하여 상장폐지기준에 해당한다고 결정,기업의계속성_경영의투명성종합판단,2018,0.598025,3.659899,1.0009551,59.8,1.6028119,0.135514,,,,0.088614,0.0001987,0.4741019,,,,,,7.32,1.682327,,,6.6,63.41,,,,,"558,493.19",,,14299.6591964,8.2574394,1276.2752158,2319.8757921,,,28.64,14.96,,,,298.33,5.58,,,,,,,46.62,
N218590,A138690,엘아이에스,(주)엘아이에스,135111-0082861,123-86-08352,2006-12-26,2011-06-02,2023-12-06,폐업,12.0,대기업,,,N20106.기계,C00000.제조업(10~34),C29000.기타 기계 및 장비 제조업,코스닥,기업의 계속성 및 경영의 투명성 등을 종합적으로 고려하여 상장폐지기준에 해당한다고 결정,기업의계속성_경영의투명성종합판단,2019,0.1776301,-0.3794198,-69.021963,17.76,-0.3132101,0.0740741,,,,0.0472843,-0.0116194,0.2196571,,,,,,3.75,1.0293587,,,3.81,15.62,,,,,"657,122.24",,,9169.1423781,-133.2608559,-1170.0119484,2625.0156689,,,76.3,32.81,,,,420.77,2.49,,,,,,,,
N218590,A138690,엘아이에스,(주)엘아이에스,135111-0082861,123-86-08352,2006-12-26,2011-06-02,2023-12-06,폐업,12.0,대기업,,,N20106.기계,C00000.제조업(10~34),C29000.기타 기계 및 장비 제조업,코스닥,기업의 계속성 및 경영의 투명성 등을 종합적으로 고려하여 상장폐지기준에 해당한다고 결정,기업의계속성_경영의투명성종합판단,2020,0.0554784,-0.191395,1.9014011,5.55,0.3946617,0.0383142,,,,0.0326226,0.0089365,0.1597879,,,,,,4.71,1.2078106,,,3.92,19.54,,,,,"768,956.84",,,12626.3241513,156.0368823,-35.7203672,2801.4731138,,,36.04,9.54,,,,360.47,1.94,,,,,,,,
N218590,A138690,엘아이에스,(주)엘아이에스,135111-0082861,123-86-08352,2006-12-26,2011-06-02,2023-12-06,폐업,12.0,대기업,,,N20106.기계,C00000.제조업(10~34),C29000.기타 기계 및 장비 제조업,코스닥,기업의 계속성 및 경영의 투명성 등을 종합적으로 고려하여 상장폐지기준에 해당한다고 결정,기업의계속성_경영의투명성종합판단,2021,-0.5416305,-9.7645773,-25.3089937,-54.16,-0.7281767,-0.5867159,,,,-0.3618784,-0.2749456,-1.8701262,,,,,,1.71,0.4100363,,,1.91,4.04,,,,,"1,467,371.69",,,3326.5299524,-2714.7401132,-2232.2593654,1070.1742843,,,34.86,17.25,,,,539.63,-11.67,,,,,,,,
N218590,A138690,엘아이에스,(주)엘아이에스,135111-0082861,123-86-08352,2006-12-26,2011-06-02,2023-12-06,폐업,12.0,대기업,,,N20106.기계,C00000.제조업(10~34),C29000.기타 기계 및 장비 제조업,코스닥,기업의 계속성 및 경영의 투명성 등을 종합적으로 고려하여 상장폐지기준에 해당한다고 결정,기업의계속성_경영의투명성종합판단,2022,-0.9630253,0.6562954,0.3493669,-96.3,-0.8186372,-0.7410714,,,,-0.185253,-0.2664404,-1.9721501,,,,,,0.95,0.0985893,,,1.08,0.46,,,,,"3,880,646.53",,,442.8741983,-1315.2705228,,45.9992711,,,13.36,11.79,,,,"12,457.27",-9.27,,,,,,,,
N218590,A138690,엘아이에스,(주)엘아이에스,135111-0082861,123-86-08352,2006-12-26,2011-06-02,2023-12-06,폐업,12.0,대기업,,,N20106.기계,C00000.제조업(10~34),C29000.기타 기계 및 장비 제조업,코스닥,기업의 계속성 및 경영의 투명성 등을 종합적으로 고려하여 상장폐지기준에 해당한다고 결정,기업의계속성_경영의투명성종합판단,2023,,,,,,,,,,,,,,,,,,,,,,,,,,,,,,,,,,,,,,,,,,,,,,,,,,,
N218590,A138690,엘아이에스,(주)엘아이에스,135111-0082861,123-86-08352,2006-12-26,2011-06-02,2023-12-06,폐업,12.0,대기업,,,N20106.기계,C00000.제조업(10~34),C29000.기타 기계 및 장비 제조업,코스닥,기업의 계속성 및 경영의 투명성 등을 종합적으로 고려하여 상장폐지기준에 해당한다고 결정,기업의계속성_경영의투명성종합판단,2024,,,,,,,,,,,,,,,,,,,,,,,,,,,,,,,,,,,,,,,,,,,,,,,,,,,
N492409,A141020,디에스앤엘,(주)디에스앤엘,131111-0170264,129-86-00585,2006-09-01,2013-01-29,2024-01-03,외감,12.0,중소기업,,,N25500.소매,G00000.도매 및 소매업(45~47),G47000.소매업,코스닥,기업의 계속성 및 경영의 투명성 등을 종합적으로 고려하여 상장폐지기준에 해당한다고 결정,기업의계속성_경영의투명성종합판단,2014,0.5284877,-0.1769367,-0.8025831,52.85,-0.2649044,,11.52,-57.96,-67.75,-0.2199853,-0.2571593,-0.3803422,-44.46,3.43,166.83,35.2,.38,0.66,0.9002581,0.0,97.8594782,3.07,1.85,1.94,,"134,858,010.",.,"517,308.73",,,1298.4956859,-978.0155035,-525.3535397,1129.2629326,125.85,63.09,183.95,147.47,33.07,43.45,312.64,58.49,-16.91,-59.28,-71.49,-19.43,-54.96,,,,"28,481,699,000."
N492409,A141020,디에스앤엘,(주)디에스앤엘,131111-0170264,129-86-00585,2006-09-01,2013-01-29,2024-01-03,외감,12.0,중소기업,,,N25500.소매,G00000.도매 및 소매업(45~47),G47000.소매업,코스닥,기업의 계속성 및 경영의 투명성 등을 종합적으로 고려하여 상장폐지기준에 해당한다고 결정,기업의계속성_경영의투명성종합판단,2015,-0.4696461,0.4279723,-0.5402076,-46.96,2.9866386,-0.1166667,7.23,-8.32,-26.18,-0.1178145,-0.3708256,-0.235179,-74.02,1.56,108.9,5.83,1.42,2.83,2.8388172,0.0,74.3357559,14.29,6.5,11.64,,"157,359,050.",.,"639,343.45",,,2295.8886426,-621.4918188,-13.545028,596.6054998,19.32,36.08,93.62,80.77,36.24,,74.25,177.16,-5.34,-60.64,-141.03,-37.63,-94.69,,,,"35,400,439,000."
N492409,A141020,디에스앤엘,(주)디에스앤엘,131111-0170264,129-86-00585,2006-09-01,2013-01-29,2024-01-03,외감,12.0,중소기업,,,N25500.소매,G00000.도매 및 소매업(45~47),G47000.소매업,코스닥,기업의 계속성 및 경영의 투명성 등을 종합적으로 고려하여 상장폐지기준에 해당한다고 결정,기업의계속성_경영의투명성종합판단,2016,-0.48349,0.5006057,-0.7926806,-48.35,0.0358235,-0.1509434,10.79,-4.01,-45.3,-0.065153,-0.7361469,-0.2234719,-252.5,3.08,129.87,-19.0,1.62,5.57,2.2937349,0.0,341.8383413,36.38,5.39,-15.57,,"180,584,520.",.,"682,231.89",,,2242.1352429,-1056.0924007,-466.9897814,265.8473788,-46.83,21.26,73.54,72.73,.78,,135.93,370.46,-1.3,-103.03,-150.77,-80.21,-45.66,,,,"32,832,038,000."
N492409,A141020,디에스앤엘,(주)디에스앤엘,131111-0170264,129-86-00585,2006-09-01,2013-01-29,2024-01-03,외감,12.0,중소기업,,,N25500.소매,G00000.도매 및 소매업(45~47),G47000.소매업,코스닥,기업의 계속성 및 경영의 투명성 등을 종합적으로 고려하여 상장폐지기준에 해당한다고 결정,기업의계속성_경영의투명성종합판단,2017,3.9753822,1.9847967,1.1080619,397.54,-0.0723348,-0.1333333,13.56,4.26,5.28,0.0613783,0.0760976,0.108136,13.41,1.97,96.73,24.31,1.44,2.54,3.3349975,0.0,208.9092351,39.86,5.74,5.13,,"97,364,880.",.,"818,915.01",,,1446.2630583,79.6852797,-332.6780044,698.8544957,39.77,85.45,905.82,830.53,297.95,9.34,435.58,17.03,2.16,48.16,90.95,6.82,5.2,,,,"28,784,785,000."
N492409,A141020,디에스앤엘,(주)디에스앤엘,131111-0170264,129-86-00585,2006-09-01,2013-01-29,2024-01-03,외감,12.0,중소기업,,,N25500.소매,G00000.도매 및 소매업(45~47),G47000.소매업,코스닥,기업의 계속성 및 경영의 투명성 등을 종합적으로 고려하여 상장폐지기준에 해당한다고 결정,기업의계속성_경영의투명성종합판단,2018,0.0907637,-4.7744962,-6.2860308,9.08,-0.4583855,0.0769231,19.39,-29.66,-51.5,-0.1322495,-0.2296259,-0.2344573,-40.71,12.09,157.55,12.62,.45,0.79,1.0227472,0.0,96.0914821,2.06,3.85,.99,,"3,011,800.",.,"837,063.12",,,542.1857798,-278.1564488,-589.0267915,701.3605387,40.27,43.01,164.53,112.76,36.93,80.22,137.18,132.52,-2.45,-126.14,-132.63,-147.44,-517.19,,,,"35,626,995,000."
N492409,A141020,디에스앤엘,(주)디에스앤엘,131111-0170264,129-86-00585,2006-09-01,2013-01-29,2024-01-03,외감,12.0,중소기업,,,N25500.소매,G00000.도매 및 소매업(45~47),G47000.소매업,코스닥,기업의 계속성 및 경영의 투명성 등을 종합적으로 고려하여 상장폐지기준에 해당한다고 결정,기업의계속성_경영의투명성종합판단,2019,0.1052131,-1.3245482,-1.6457021,10.52,0.5333797,-0.8571429,10.57,-44.97,-88.86,-0.2315471,-0.4575816,-0.4962271,-98.06,19.87,180.77,-17.7,.51,1.1,0.9653937,0.0,42.2403374,3.31,3.57,1.43,,"14,005,580.",.,"4,487,643.33",,,599.7219719,-537.7719924,-129.9656319,370.303137,-25.94,50.55,175.64,172.48,3.2,4.18,"2,508.8",97.83,-2.26,-133.05,-144.98,-229.6,"-4,985.52",,,,"77,208,383,000."
N492409,A141020,디에스앤엘,(주)디에스앤엘,131111-0170264,129-86-00585,2006-09-01,2013-01-29,2024-01-03,외감,12.0,중소기업,,,N25500.소매,G00000.도매 및 소매업(45~47),G47000.소매업,코스닥,기업의 계속성 및 경영의 투명성 등을 종합적으로 고려하여 상장폐지기준에 해당한다고 결정,기업의계속성_경영의투명성종합판단,2020,0.4087123,0.6622575,0.1112003,,,-0.3333333,,,,-0.251488,-3.9843574,0.1475986,,,"12,220.93","-21,693.51",.,,,0.0,0.0,,,.,,"3,096,250.",.,"2,438,072.",,,,-235.9763635,,-111.4198232,-122.28,,.39,.39,.37,,.,,-1.41,-195.03,-438.73,"-7,905.22",,,,,"72,600,826,000."
N492409,A141020,디에스앤엘,(주)디에스앤엘,131111-0170264,129-86-00585,2006-09-01,2013-01-29,2024-01-03,외감,12.0,중소기업,,,N25500.소매,G00000.도매 및 소매업(45~47),G47000.소매업,코스닥,기업의 계속성 및 경영의 투명성 등을 종합적으로 고려하여 상장폐지기준에 해당한다고 결정,기업의계속성_경영의투명성종합판단,2021,-1.0720123,0.5961943,1.1025958,,,0.25,,,,-0.4015028,1.6161682,0.1098184,,,40.92,-157.63,.,,0.2649436,0.0,0.0,,,.,,"1,424,600.",.,"493,330.1",,,,24.3610905,,83.3012144,-83.34,31.51,327.66,302.7,228.98,10.96,423.9,217.34,-.7,131.22,"3,354.42",89.87,,,,,"4,441,651,000."
N492409,A141020,디에스앤엘,(주)디에스앤엘,131111-0170264,129-86-00585,2006-09-01,2013-01-29,2024-01-03,외감,12.0,중소기업,,,N25500.소매,G00000.도매 및 소매업(45~47),G47000.소매업,코스닥,기업의 계속성 및 경영의 투명성 등을 종합적으로 고려하여 상장폐지기준에 해당한다고 결정,기업의계속성_경영의투명성종합판단,2022,-0.097078,-6.2233556,-4.3167214,-9.71,12.0772646,7.0,-5.73,-17.98,-33.23,-0.6564022,-1.2132157,-5.3719063,-992.88,2.65,130.46,-87.22,3.65,29.88,4.1594101,4.63051662,4.63051662,292.25,8.44,37.57,,"8,356,010.",.,"272,461.51",,,,-421.8749695,,38.526886,-92.29,7.28,95.92,95.92,1.07,,80.99,"1,273.3",-6.79,-80.62,-218.51,-74.75,-32.6,,,,"17,355,270,000."
N492409,A141020,디에스앤엘,(주)디에스앤엘,131111-0170264,129-86-00585,2006-09-01,2013-01-29,2024-01-03,외감,12.0,중소기업,,,N25500.소매,G00000.도매 및 소매업(45~47),G47000.소매업,코스닥,기업의 계속성 및 경영의 투명성 등을 종합적으로 고려하여 상장폐지기준에 해당한다고 결정,기업의계속성_경영의투명성종합판단,2023,,,,,,,,,,,,,,,,,,,,,,,,,,,,,,,,,,,,,,,,,,,,,,,,,,,
N492409,A141020,디에스앤엘,(주)디에스앤엘,131111-0170264,129-86-00585,2006-09-01,2013-01-29,2024-01-03,외감,12.0,중소기업,,,N25500.소매,G00000.도매 및 소매업(45~47),G47000.소매업,코스닥,기업의 계속성 및 경영의 투명성 등을 종합적으로 고려하여 상장폐지기준에 해당한다고 결정,기업의계속성_경영의투명성종합판단,2024,,,,,,,,,,,,,,,,,,,,,,,,,,,,,,,,,,,,,,,,,,,,,,,,,,,
N508462,A141070,맥스로텍,(주)맥스로텍,174111-0009842,514-81-22180,1995-07-25,2012-11-16,2021-09-16,일반,12.0,중소기업,,,N20106.기계,C00000.제조업(10~34),C29000.기타 기계 및 장비 제조업,코스닥,발행한 어음 또는 수표가 주거래은행에 의하여 최종부도로 결정되거나 거래은행에 의한 거래정지,최종부도,2014,0.0454253,5.1079547,1.0697585,4.54,0.6421567,0.1651376,,,,0.0459438,0.0031335,0.134664,,,,,,1.57,0.8115313,,,57.49,1.75,,,,,"545,583.44",,,,37.994988,,4407.1049967,,,67.7,66.36,,,,206.45,2.42,,,,,,,51.06,
N508462,A141070,맥스로텍,(주)맥스로텍,174111-0009842,514-81-22180,1995-07-25,2012-11-16,2021-09-16,일반,12.0,중소기업,,,N20106.기계,C00000.제조업(10~34),C29000.기타 기계 및 장비 제조업,코스닥,발행한 어음 또는 수표가 주거래은행에 의하여 최종부도로 결정되거나 거래은행에 의한 거래정지,최종부도,2015,0.1088452,-2.7690779,-28.2481876,10.88,-0.0439808,0.015748,,,,-0.07016,-0.0737016,-0.2210265,,,,,,1.39,0.6464139,,,43.45,1.6,,,,,"622,241.68",,,,-631.9105596,,2344.5467321,,,50.86,48.7,,,,222.78,-3.17,,,,,,,153.03,
N508462,A141070,맥스로텍,(주)맥스로텍,174111-0009842,514-81-22180,1995-07-25,2012-11-16,2021-09-16,일반,12.0,중소기업,,,N20106.기계,C00000.제조업(10~34),C29000.기타 기계 및 장비 제조업,코스닥,발행한 어음 또는 수표가 주거래은행에 의하여 최종부도로 결정되거나 거래은행에 의한 거래정지,최종부도,2016,0.2819441,0.3767614,-0.4814185,28.19,0.1319911,0.0077519,,,,-0.0423255,-0.1056848,-0.1148067,,,,,,1.31,0.7657765,,,25.2,2.27,,,,,"637,892.19",,,,-565.3588038,,1355.839259,,,56.17,50.62,,,,131.05,-2.14,,,,,,,104.22,
N508462,A141070,맥스로텍,(주)맥스로텍,174111-0009842,514-81-22180,1995-07-25,2012-11-16,2021-09-16,일반,12.0,중소기업,,,N20106.기계,C00000.제조업(10~34),C29000.기타 기계 및 장비 제조업,코스닥,발행한 어음 또는 수표가 주거래은행에 의하여 최종부도로 결정되거나 거래은행에 의한 거래정지,최종부도,2017,-0.0187998,1.3603982,0.7411209,-1.88,-0.0359191,-0.0307692,,,,0.015524,-0.0278437,0.0371756,,,,,,1.14,0.8144396,,,23.78,3.82,,,,,"646,699.31",,,,-88.7657977,,1305.7094634,,,106.19,102.59,,,,148.05,.62,,,,,,,57.89,
N508462,A141070,맥스로텍,(주)맥스로텍,174111-0009842,514-81-22180,1995-07-25,2012-11-16,2021-09-16,일반,12.0,중소기업,,,N20106.기계,C00000.제조업(10~34),C29000.기타 기계 및 장비 제조업,코스닥,발행한 어음 또는 수표가 주거래은행에 의하여 최종부도로 결정되거나 거래은행에 의한 거래정지,최종부도,2018,0.043971,1.9459483,1.8594958,4.4,0.5413742,-0.015873,,,,0.0429155,0.0224573,0.1081879,,,,,,1.73,1.1371959,,,51.17,3.47,,,,,"700,268.54",,,,74.412111,,1341.7386483,,,81.41,78.85,,,,155.97,1.51,,,,,,,41.22,
N508462,A141070,맥스로텍,(주)맥스로텍,174111-0009842,514-81-22180,1995-07-25,2012-11-16,2021-09-16,일반,12.0,중소기업,,,N20106.기계,C00000.제조업(10~34),C29000.기타 기계 및 장비 제조업,코스닥,발행한 어음 또는 수표가 주거래은행에 의하여 최종부도로 결정되거나 거래은행에 의한 거래정지,최종부도,2019,-0.1996157,-3.2856749,-6.1743091,-19.96,-0.3736202,0.016129,,,,-0.102851,-0.12184,-0.2689145,,,,,,1.18,0.7296988,,,28.37,1.5,,,,,"657,258.19",,,,-379.4525346,,969.2154299,,,81.29,76.66,,,,168.32,-4.24,,,,,,,138.9,
N508462,A141070,맥스로텍,(주)맥스로텍,174111-0009842,514-81-22180,1995-07-25,2012-11-16,2021-09-16,일반,12.0,중소기업,,,N20106.기계,C00000.제조업(10~34),C29000.기타 기계 및 장비 제조업,코스닥,발행한 어음 또는 수표가 주거래은행에 의하여 최종부도로 결정되거나 거래은행에 의한 거래정지,최종부도,2020,-0.5270256,-1.134105,-1.4907602,-52.7,-0.4744554,-0.2380952,,,,-0.2846488,-0.3935563,-0.876398,,,,,,0.95,0.4548436,,,15.,1.42,,,,,"665,196.81",,,,-766.1657033,,364.1903202,,,36.11,31.31,,,,291.53,-20.5,,,,,,,-43.13,
N508462,A141070,맥스로텍,(주)맥스로텍,174111-0009842,514-81-22180,1995-07-25,2012-11-16,2021-09-16,일반,12.0,중소기업,,,N20106.기계,C00000.제조업(10~34),C29000.기타 기계 및 장비 제조업,코스닥,발행한 어음 또는 수표가 주거래은행에 의하여 최종부도로 결정되거나 거래은행에 의한 거래정지,최종부도,2021,,,,,,,,,,,,,,,,,,,,,,,,,,,,,,,,,,,,,,,,,,,,,,,,,,,
N508462,A141070,맥스로텍,(주)맥스로텍,174111-0009842,514-81-22180,1995-07-25,2012-11-16,2021-09-16,일반,12.0,중소기업,,,N20106.기계,C00000.제조업(10~34),C29000.기타 기계 및 장비 제조업,코스닥,발행한 어음 또는 수표가 주거래은행에 의하여 최종부도로 결정되거나 거래은행에 의한 거래정지,최종부도,2022,,,,,,,,,,,,,,,,,,,,,,,,,,,,,,,,,,,,,,,,,,,,,,,,,,,
N508462,A141070,맥스로텍,(주)맥스로텍,174111-0009842,514-81-22180,1995-07-25,2012-11-16,2021-09-16,일반,12.0,중소기업,,,N20106.기계,C00000.제조업(10~34),C29000.기타 기계 및 장비 제조업,코스닥,발행한 어음 또는 수표가 주거래은행에 의하여 최종부도로 결정되거나 거래은행에 의한 거래정지,최종부도,2023,,,,,,,,,,,,,,,,,,,,,,,,,,,,,,,,,,,,,,,,,,,,,,,,,,,
N508462,A141070,맥스로텍,(주)맥스로텍,174111-0009842,514-81-22180,1995-07-25,2012-11-16,2021-09-16,일반,12.0,중소기업,,,N20106.기계,C00000.제조업(10~34),C29000.기타 기계 및 장비 제조업,코스닥,발행한 어음 또는 수표가 주거래은행에 의하여 최종부도로 결정되거나 거래은행에 의한 거래정지,최종부도,2024,,,,,,,,,,,,,,,,,,,,,,,,,,,,,,,,,,,,,,,,,,,,,,,,,,,
N120252,A148140,비디아이,비디아이(주),124311-0035801,133-81-24034,1992-06-20,2017-11-09,2024-06-07,외감,12.0,중소기업,,,N20106.기계,C00000.제조업(10~34),C29000.기타 기계 및 장비 제조업,코스닥,기업의 계속성 및 경영의 투명성 등을 종합적으로 고려하여 상장폐지기준에 해당한다고 결정,기업의계속성_경영의투명성종합판단,2014,,,,,,,8.26,1.89,-3.66,,,,,2.25,103.71,-10.34,2.01,,,3.191439758,3.655152195,,,-25.78,,"229,953,970.","7,641,630.",,,,,,,,-273.81,,,,31.13,,56.48,,,-5.99,-10.93,-6.38,-3.52,,,,"42,386,670,000."
N120252,A148140,비디아이,비디아이(주),124311-0035801,133-81-24034,1992-06-20,2017-11-09,2024-06-07,외감,12.0,중소기업,,,N20106.기계,C00000.제조업(10~34),C29000.기타 기계 및 장비 제조업,코스닥,기업의 계속성 및 경영의 투명성 등을 종합적으로 고려하여 상장폐지기준에 해당한다고 결정,기업의계속성_경영의투명성종합판단,2015,,,,,,,16.18,11.64,8.82,,,,,1.76,89.83,24.08,2.09,,,3.249278125,3.352096837,,,-50.71,,"200,724,690.","9,503,510.",,51.08,169.31,,,,,541.57,28.53,,,1.46,,280.97,,,25.03,45.,17.89,8.98,"3,575.99",24.43,,"46,773,481,000."
N120252,A148140,비디아이,비디아이(주),124311-0035801,133-81-24034,1992-06-20,2017-11-09,2024-06-07,외감,12.0,중소기업,,,N20106.기계,C00000.제조업(10~34),C29000.기타 기계 및 장비 제조업,코스닥,기업의 계속성 및 경영의 투명성 등을 종합적으로 고려하여 상장폐지기준에 해당한다고 결정,기업의계속성_경영의투명성종합판단,2016,,,,,,,10.79,6.78,3.93,,,,25.84,1.1,94.72,20.67,1.67,,,1.826867072,1.847479596,,,60.67,,"252,839,680.","11,060,920.",,33.22,148.94,,,,,729.47,23.51,,,3.11,11.31,525.13,,,7.77,16.96,5.94,4.34,"3,404.65",19.85,,"73,393,439,000."
N120252,A148140,비디아이,비디아이(주),124311-0035801,133-81-24034,1992-06-20,2017-11-09,2024-06-07,외감,12.0,중소기업,,,N20106.기계,C00000.제조업(10~34),C29000.기타 기계 및 장비 제조업,코스닥,기업의 계속성 및 경영의 투명성 등을 종합적으로 고려하여 상장폐지기준에 해당한다고 결정,기업의계속성_경영의투명성종합판단,2017,0.8357577,-0.1710073,-0.0829399,83.58,-0.0562728,0.1132076,10.41,5.93,3.79,0.0580354,0.0371265,0.1771082,11.33,.92,95.24,29.95,0.98,2.99,1.4566645,0.0,0.0,309.05,1.67,3.86,,"223,566,940.","8,353,030.","1,442,388.75",15.3,98.73,20897.7602169,832.0777593,-2465.2874768,5995.9170533,"1,099.18",32.77,148.95,148.95,9.67,.,414.01,205.17,6.45,5.95,11.38,4.,4.08,"2,642.52",13.72,50.55,"96,808,434,000."
N120252,A148140,비디아이,비디아이(주),124311-0035801,133-81-24034,1992-06-20,2017-11-09,2024-06-07,외감,12.0,중소기업,,,N20106.기계,C00000.제조업(10~34),C29000.기타 기계 및 장비 제조업,코스닥,기업의 계속성 및 경영의 투명성 등을 종합적으로 고려하여 상장폐지기준에 해당한다고 결정,기업의계속성_경영의투명성종합판단,2018,0.0752007,0.0186774,-0.8982279,7.52,-0.0965286,-0.1016949,15.92,6.68,.43,0.046771,0.0029892,0.1738783,1.11,2.81,99.2,20.22,.7,2.6,0.9575702,0.0,76.0372404,,1.1,3.66,,"260,218,820.","7,759,580.","2,309,153.4",,,14373.2859511,141.6032877,-2187.191604,4279.4640659,755.96,23.06,121.72,121.72,3.74,.,181.05,333.7,2.38,1.3,3.12,1.,1.72,,,,"96,901,240,000."
N120252,A148140,비디아이,비디아이(주),124311-0035801,133-81-24034,1992-06-20,2017-11-09,2024-06-07,외감,12.0,중소기업,,,N20106.기계,C00000.제조업(10~34),C29000.기타 기계 및 장비 제조업,코스닥,기업의 계속성 및 경영의 투명성 등을 종합적으로 고려하여 상장폐지기준에 해당한다고 결정,기업의계속성_경영의투명성종합판단,2019,-0.0994776,-0.478341,-1.6060508,-9.95,0.4997936,0.6603774,9.75,2.32,-.17,0.0202083,-0.0015005,0.0921148,-.68,3.31,100.21,18.75,.87,3.96,1.1139224,0.0,72.9203889,53.94,1.5,8.02,,"164,729,530.","3,870,860.","1,679,984.76",,,16005.7018621,-12.6183758,926.7906491,3928.8879565,699.27,20.82,108.7,104.47,12.52,48.68,261.14,380.4,.7,0.03,.08,.03,.03,,,,"148,068,120,000."
N120252,A148140,비디아이,비디아이(주),124311-0035801,133-81-24034,1992-06-20,2017-11-09,2024-06-07,외감,12.0,중소기업,,,N20106.기계,C00000.제조업(10~34),C29000.기타 기계 및 장비 제조업,코스닥,기업의 계속성 및 경영의 투명성 등을 종합적으로 고려하여 상장폐지기준에 해당한다고 결정,기업의계속성_경영의투명성종합판단,2020,-0.7335037,-24.1710411,-418.2795712,-73.35,0.5282882,0.0909091,-22.61,-35.24,-47.34,-0.4255799,-0.5718015,-3.5567197,-477.87,2.4,148.04,-2.23,1.21,10.09,1.3719915,0.0,104.1575253,61.15,5.01,-15.69,,"150,936,780.","2,827,540.","1,677,103.08",,,14369.3913675,-6937.0622839,-3328.9865781,305.8567505,-38.83,4.61,78.22,77.18,4.57,,14.42,"2,069.1",-14.67,-55.59,-169.19,-53.79,-47.7,,,,"147,695,816,000."
N120252,A148140,비디아이,비디아이(주),124311-0035801,133-81-24034,1992-06-20,2017-11-09,2024-06-07,외감,12.0,중소기업,,,N20106.기계,C00000.제조업(10~34),C29000.기타 기계 및 장비 제조업,코스닥,기업의 계속성 및 경영의 투명성 등을 종합적으로 고려하여 상장폐지기준에 해당한다고 결정,기업의계속성_경영의투명성종합판단,2021,0.0147711,0.6496205,0.5281636,1.48,-0.6073566,-0.59375,-2.85,-31.44,-56.89,-0.1604834,-0.2903667,-2.9395134,-531.85,9.36,149.78,-6.15,.51,9.35,0.539877,0.0,257.9058386,92.99,15.51,-2.2,,"365,370,280.","5,231,050.","3,839,314.81",,,3161.0983677,-1712.0060875,-1369.7978208,262.3674247,-47.53,6.67,68.24,68.24,0.54,,15.01,"1,399.13",-3.36,-35.54,-103.04,-32.78,-53.18,,,,"177,720,897,000."
N120252,A148140,비디아이,비디아이(주),124311-0035801,133-81-24034,1992-06-20,2017-11-09,2024-06-07,외감,12.0,중소기업,,,N20106.기계,C00000.제조업(10~34),C29000.기타 기계 및 장비 제조업,코스닥,기업의 계속성 및 경영의 투명성 등을 종합적으로 고려하여 상장폐지기준에 해당한다고 결정,기업의계속성_경영의투명성종합판단,2022,-12.0285154,-1.4960302,-0.5696335,,-0.8321898,-0.6666667,-88.68,-467.68,-532.13,-0.6897861,-0.7848375,1.4526007,,13.2,523.1,-222.07,.15,,0.1000032,0.0,385.5958974,,,-.35,,"1,051,931,960.","8,543,620.","6,894,280.",,,,,,,-523.67,,,,1.18,,27.53,,,-46.23,-193.62,-121.19,-506.07,,,,"124,642,838,000."
N120252,A148140,비디아이,비디아이(주),124311-0035801,133-81-24034,1992-06-20,2017-11-09,2024-06-07,외감,12.0,중소기업,,,N20106.기계,C00000.제조업(10~34),C29000.기타 기계 및 장비 제조업,코스닥,기업의 계속성 및 경영의 투명성 등을 종합적으로 고려하여 상장폐지기준에 해당한다고 결정,기업의계속성_경영의투명성종합판단,2023,-1.0045162,0.9141989,0.9582724,,-0.7411338,-0.0769231,7.8,-155.01,-85.78,-0.1130964,-0.0625814,0.1138477,,29.13,131.34,-21.68,.07,,0.0366006,0.0,269.1705166,,1.83,-.14,,"1,105,254,540.","3,357,540.","4,165,789.88",,,70.821233,-53.2841206,,47.9641021,-90.4,1.01,31.37,31.37,.71,,"8,283.66","9,786.66",-5.32,-2.16,-3.01,-1.86,-25.52,,,,"50,945,263,000."
N120252,A148140,비디아이,비디아이(주),124311-0035801,133-81-24034,1992-06-20,2017-11-09,2024-06-07,외감,12.0,중소기업,,,N20106.기계,C00000.제조업(10~34),C29000.기타 기계 및 장비 제조업,코스닥,기업의 계속성 및 경영의 투명성 등을 종합적으로 고려하여 상장폐지기준에 해당한다고 결정,기업의계속성_경영의투명성종합판단,2024,,,,,,,2.82,-186.95,-960.81,,,,,42.43,891.48,-57.02,.07,,,0.0,166.9556001,,,-.14,,"2,181,524,170.","3,185,250.",,,,,,,,-197.84,,,,2.33,,.,,,-53.71,-73.41,-59.61,-954.3,,,,"40,941,661,000."
N285749,A149940,모다,(주)모다,110111-0819932,214-81-35029,1991-12-02,2012-09-25,2020-07-10,일반,12.0,중소기업,,모다,N45201.통신장비,C00000.제조업(10~34),"C26000.전자 부품, 컴퓨터, 영상, 음향 및 통신장비 제조업",코스닥,감사의견거절(감사범위 제한),감사의견거절,2014,-0.2055316,-8.5662762,-9.9636633,-20.55,-0.4330401,0.0,,,,-0.271032,-0.2503255,-0.3579419,,,,,,0.99,3.0974057,,,3.61,11.82,,,,,"253,690.34",,,,-653.4251223,,1750.1271394,,,755.01,527.83,,,,56.9,-14.78,,,,,,,-256.82,
N285749,A149940,모다,(주)모다,110111-0819932,214-81-35029,1991-12-02,2012-09-25,2020-07-10,일반,12.0,중소기업,,모다,N45201.통신장비,C00000.제조업(10~34),"C26000.전자 부품, 컴퓨터, 영상, 음향 및 통신장비 제조업",코스닥,감사의견거절(감사범위 제한),감사의견거절,2015,-0.1174515,0.4975273,0.5095314,-11.75,0.1528823,0.039604,,,,-0.1247465,-0.1124635,-0.2157933,,,,,,1.37,1.8823846,,,3.66,7.62,,,,,"266,403.94",,,,-320.4845151,,1557.2636606,,,225.29,146.27,,,,91.21,-5.83,,,,,,,212.95,
N285749,A149940,모다,(주)모다,110111-0819932,214-81-35029,1991-12-02,2012-09-25,2020-07-10,일반,12.0,중소기업,,모다,N45201.통신장비,C00000.제조업(10~34),"C26000.전자 부품, 컴퓨터, 영상, 음향 및 통신장비 제조업",코스닥,감사의견거절(감사범위 제한),감사의견거절,2016,1.5069277,1.8536086,0.887808,150.69,1.1181017,0.2190476,,,,0.0234561,0.0140184,0.074888,,,,,,1.33,0.6086227,,,12.76,5.3,,,,,"533,507.23",,,6987.1003618,-30.2665548,997.1138957,2413.4404145,,,72.28,66.49,,,,219.27,1.53,,,,,,,53.48,
N285749,A149940,모다,(주)모다,110111-0819932,214-81-35029,1991-12-02,2012-09-25,2020-07-10,일반,12.0,중소기업,,모다,N45201.통신장비,C00000.제조업(10~34),"C26000.전자 부품, 컴퓨터, 영상, 음향 및 통신장비 제조업",코스닥,감사의견거절(감사범위 제한),감사의견거절,2017,0.4966512,-1.8111482,-14.7695442,49.67,0.2615828,-0.015625,,,,-0.0140262,-0.1422983,-0.0486614,,,,,,1.35,0.5461779,,,15.34,6.72,,,,,"1,183,479.9",,,6988.5428746,-2534.7755687,-347.703231,419.59421,,,73.21,70.28,,,,265.42,-.25,,,,,,,-37.83,
N285749,A149940,모다,(주)모다,110111-0819932,214-81-35029,1991-12-02,2012-09-25,2020-07-10,일반,12.0,중소기업,,모다,N45201.통신장비,C00000.제조업(10~34),"C26000.전자 부품, 컴퓨터, 영상, 음향 및 통신장비 제조업",코스닥,감사의견거절(감사범위 제한),감사의견거절,2018,-0.421833,-1.041138,0.8658638,-42.18,-0.0746205,,,,,-0.0283867,-0.0189256,-0.1049884,,,,,,1.32,0.4888711,,,15.85,8.14,,,,,,,,4848.1134601,-479.190595,-1299.7458675,518.8212409,,,61.35,57.85,,,,277.52,-.35,,,,,,,,
N285749,A149940,모다,(주)모다,110111-0819932,214-81-35029,1991-12-02,2012-09-25,2020-07-10,일반,12.0,중소기업,,모다,N45201.통신장비,C00000.제조업(10~34),"C26000.전자 부품, 컴퓨터, 영상, 음향 및 통신장비 제조업",코스닥,감사의견거절(감사범위 제한),감사의견거절,2019,-0.5395311,0.6027233,-2.4702888,-53.95,-0.3488874,,,,,-0.0182539,-0.1063075,-0.0779546,,,,,,1.61,0.4908609,,,22.4,10.13,,,,,"13,773,230.",,,3374.8627449,-814.3475393,1056.9783883,509.6137185,,,70.07,69.53,,,,434.64,-.62,,,,,,,,
N285749,A149940,모다,(주)모다,110111-0819932,214-81-35029,1991-12-02,2012-09-25,2020-07-10,일반,12.0,중소기업,,모다,N45201.통신장비,C00000.제조업(10~34),"C26000.전자 부품, 컴퓨터, 영상, 음향 및 통신장비 제조업",코스닥,감사의견거절(감사범위 제한),감사의견거절,2020,,,,,,,,,,,,,,,,,,,,,,,,,,,,,,,,,,,,,,,,,,,,,,,,,,,
N285749,A149940,모다,(주)모다,110111-0819932,214-81-35029,1991-12-02,2012-09-25,2020-07-10,일반,12.0,중소기업,,모다,N45201.통신장비,C00000.제조업(10~34),"C26000.전자 부품, 컴퓨터, 영상, 음향 및 통신장비 제조업",코스닥,감사의견거절(감사범위 제한),감사의견거절,2021,,,,,,,,,,,,,,,,,,,,,,,,,,,,,,,,,,,,,,,,,,,,,,,,,,,
N285749,A149940,모다,(주)모다,110111-0819932,214-81-35029,1991-12-02,2012-09-25,2020-07-10,일반,12.0,중소기업,,모다,N45201.통신장비,C00000.제조업(10~34),"C26000.전자 부품, 컴퓨터, 영상, 음향 및 통신장비 제조업",코스닥,감사의견거절(감사범위 제한),감사의견거절,2022,,,,,,,,,,,,,,,,,,,,,,,,,,,,,,,,,,,,,,,,,,,,,,,,,,,
N285749,A149940,모다,(주)모다,110111-0819932,214-81-35029,1991-12-02,2012-09-25,2020-07-10,일반,12.0,중소기업,,모다,N45201.통신장비,C00000.제조업(10~34),"C26000.전자 부품, 컴퓨터, 영상, 음향 및 통신장비 제조업",코스닥,감사의견거절(감사범위 제한),감사의견거절,2023,,,,,,,,,,,,,,,,,,,,,,,,,,,,,,,,,,,,,,,,,,,,,,,,,,,
N285749,A149940,모다,(주)모다,110111-0819932,214-81-35029,1991-12-02,2012-09-25,2020-07-10,일반,12.0,중소기업,,모다,N45201.통신장비,C00000.제조업(10~34),"C26000.전자 부품, 컴퓨터, 영상, 음향 및 통신장비 제조업",코스닥,감사의견거절(감사범위 제한),감사의견거절,2024,,,,,,,,,,,,,,,,,,,,,,,,,,,,,,,,,,,,,,,,,,,,,,,,,,,
N999413,A150840,인트로메딕,(주)인트로메딕,110111-3078907,220-86-91337,2004-09-03,2013-12-19,2026-01-26,외감,12.0,중소기업,,인트로메딕,N35101.헬스케어 장비와 용품,C00000.제조업(10~34),"C27000.의료, 정밀, 광학 기기 및 시계 제조업",코스닥,기업의 계속성 및 경영의 투명성 등을 종합적으로 고려하여 상장폐지기준에 해당한다고 결정,기업의계속성_경영의투명성종합판단,2014,0.0770606,-0.6277095,-0.4791738,7.71,0.0320175,0.0338983,73.63,7.67,11.2,0.0401601,0.0586814,0.0466797,6.82,.11,88.96,,.52,0.61,3.7503949,0.0,73.0498014,5.71,1.24,.72,,,,"340,430.99",,,,,,,,87.76,944.29,815.14,247.94,15.3,"5,994.45",13.94,70.59,35.75,,4.37,,,,,"20,541,376,000."
N999413,A150840,인트로메딕,(주)인트로메딕,110111-3078907,220-86-91337,2004-09-03,2013-12-19,2026-01-26,외감,12.0,중소기업,,인트로메딕,N35101.헬스케어 장비와 용품,C00000.제조업(10~34),"C27000.의료, 정밀, 광학 기기 및 시계 제조업",코스닥,기업의 계속성 및 경영의 투명성 등을 종합적으로 고려하여 상장폐지기준에 해당한다고 결정,기업의계속성_경영의투명성종합판단,2015,0.0480599,-2.5594182,-1.7133308,4.81,-0.2451326,0.0327869,70.16,-15.84,-10.59,-0.0514629,-0.0343976,-0.0685421,-4.58,1.22,109.74,,0.32,0.43,1.3039804,0.0,48.9605059,3.45,1.0,0.43,,,,"401,829.98",7.37,745.57,,,,,,65.99,"2,322.83","2,089.69",535.67,10.49,"8,548.13",51.55,-13.03,-9.32,,-3.18,,,22.92,121.74,"21,237,340,000."
N999413,A150840,인트로메딕,(주)인트로메딕,110111-3078907,220-86-91337,2004-09-03,2013-12-19,2026-01-26,외감,12.0,중소기업,,인트로메딕,N35101.헬스케어 장비와 용품,C00000.제조업(10~34),"C27000.의료, 정밀, 광학 기기 및 시계 제조업",코스닥,기업의 계속성 및 경영의 투명성 등을 종합적으로 고려하여 상장폐지기준에 해당한다고 결정,기업의계속성_경영의투명성종합판단,2016,-0.2964932,-1.7149991,-7.0494618,-29.65,0.0206427,-0.1269841,62.94,-42.13,-83.49,-0.1319733,-0.2615277,-0.2134714,-42.3,9.44,178.23,,0.31,0.51,0.8204842,0.0,48.0034015,3.83,1.0,0.51,,,,"488,556.33",-6.06,-417.31,,,,,,56.73,199.6,179.64,29.43,20.04,"3,780.86",76.26,-4.46,-68.73,,-29.74,,,-19.48,-198.13,"29,604,132,000."
N999413,A150840,인트로메딕,(주)인트로메딕,110111-3078907,220-86-91337,2004-09-03,2013-12-19,2026-01-26,외감,12.0,중소기업,,인트로메딕,N35101.헬스케어 장비와 용품,C00000.제조업(10~34),"C27000.의료, 정밀, 광학 기기 및 시계 제조업",코스닥,기업의 계속성 및 경영의 투명성 등을 종합적으로 고려하여 상장폐지기준에 해당한다고 결정,기업의계속성_경영의투명성종합판단,2017,,,,,,-0.0727273,30.89,9.99,3.26,,,,11.06,2.33,96.04,,1.03,,,1.779641732,2.856487746,,,-969.37,,,,"445,998.68",2.61,103.02,,,,,,30.53,,,17.7,"1,116.99",100.2,,,-36.78,,-17.97,,,6.59,584.59,"24,222,311,000."
N999413,A150840,인트로메딕,(주)인트로메딕,110111-3078907,220-86-91337,2004-09-03,2013-12-19,2026-01-26,외감,12.0,중소기업,,인트로메딕,N35101.헬스케어 장비와 용품,C00000.제조업(10~34),"C27000.의료, 정밀, 광학 기기 및 시계 제조업",코스닥,기업의 계속성 및 경영의 투명성 등을 종합적으로 고려하여 상장폐지기준에 해당한다고 결정,기업의계속성_경영의투명성종합판단,2018,,,,,,0.3921569,59.2,-32.82,-51.3,-0.1023157,-0.1599202,-0.2127297,-33.25,20.33,141.23,,.31,0.65,0.6005534,0.0,0.0,7.23,1.09,-7.54,,,,"372,475.54",5.74,226.09,,,,,,48.1,91.66,82.96,28.39,55.11,"8,082.32",107.92,-1.61,-31.22,,-16.23,,,16.3,271.1,
N999413,A150840,인트로메딕,(주)인트로메딕,110111-3078907,220-86-91337,2004-09-03,2013-12-19,2026-01-26,외감,12.0,중소기업,,인트로메딕,N35101.헬스케어 장비와 용품,C00000.제조업(10~34),"C27000.의료, 정밀, 광학 기기 및 시계 제조업",코스닥,기업의 계속성 및 경영의 투명성 등을 종합적으로 고려하여 상장폐지기준에 해당한다고 결정,기업의계속성_경영의투명성종합판단,2019,0.0412604,-0.6332863,-2.8139374,4.13,-0.1051251,-0.2394366,63.52,-59.91,-218.66,-0.1628715,-0.594453,-0.3404255,-124.25,26.14,256.22,,.27,0.57,0.5212457,0.0,67.0253993,5.62,0.98,-13.65,,,,"609,648.44",-34.19,-682.01,,,,,,47.6,100.09,89.29,13.08,"12,576.21","2,595.66",110.07,-2.29,-97.66,,-49.11,,,-131.19,-32.03,"31,676,185,000."
N999413,A150840,인트로메딕,(주)인트로메딕,110111-3078907,220-86-91337,2004-09-03,2013-12-19,2026-01-26,외감,12.0,중소기업,,인트로메딕,N35101.헬스케어 장비와 용품,C00000.제조업(10~34),"C27000.의료, 정밀, 광학 기기 및 시계 제조업",코스닥,기업의 계속성 및 경영의 투명성 등을 종합적으로 고려하여 상장폐지기준에 해당한다고 결정,기업의계속성_경영의투명성종합판단,2020,0.3546602,0.0318704,0.5665353,35.47,-0.3251658,0.1666667,53.12,-85.95,-140.45,-0.1612452,-0.2634992,-0.2743888,-44.84,30.92,180.09,,.19,0.32,0.4549799,0.0,64.721666,2.77,1.02,1.44,,,,"521,646.28",-10.03,-126.89,,,,,,71.07,203.92,172.07,64.56,30.65,"1,001.71",40.71,-2.78,-108.86,,-27.71,,,-54.6,-170.82,"33,325,136,000."
N999413,A150840,인트로메딕,(주)인트로메딕,110111-3078907,220-86-91337,2004-09-03,2013-12-19,2026-01-26,외감,12.0,중소기업,,인트로메딕,N35101.헬스케어 장비와 용품,C00000.제조업(10~34),"C27000.의료, 정밀, 광학 기기 및 시계 제조업",코스닥,기업의 계속성 및 경영의 투명성 등을 종합적으로 고려하여 상장폐지기준에 해당한다고 결정,기업의계속성_경영의투명성종합판단,2021,1.4008971,-0.0201285,-0.6550149,140.09,0.3199832,-0.0634921,58.15,-66.42,-176.1,-0.1106167,-0.2932651,-0.1430624,-37.93,23.49,143.89,,.17,0.22,0.7342964,0.0,16.6704326,3.42,3.11,.45,,,,"787,723.83",-20.25,-333.74,,,,,,80.26,343.19,324.37,46.51,7.74,"2,868.1",24.59,-2.83,-131.08,,-23.69,,,-119.74,-46.96,"30,239,287,000."
N999413,A150840,인트로메딕,(주)인트로메딕,110111-3078907,220-86-91337,2004-09-03,2013-12-19,2026-01-26,외감,12.0,중소기업,,인트로메딕,N35101.헬스케어 장비와 용품,C00000.제조업(10~34),"C27000.의료, 정밀, 광학 기기 및 시계 제조업",코스닥,기업의 계속성 및 경영의 투명성 등을 종합적으로 고려하여 상장폐지기준에 해당한다고 결정,기업의계속성_경영의투명성종합판단,2022,-0.6802496,0.2939461,-0.6836552,-68.02,0.2550873,-0.1186441,67.18,-37.37,-236.23,-0.0762459,-0.4820272,-0.1084156,-68.54,25.5,280.18,,.2,0.29,0.6876709,0.0,51.7391348,4.73,2.78,.65,,,,"887,976.5",-34.93,-492.28,,,,,,50.7,128.15,112.61,62.1,55.19,152.92,97.24,-1.47,-180.98,,-79.68,,,-166.67,-28.12,"64,283,173,000."
N999413,A150840,인트로메딕,(주)인트로메딕,110111-3078907,220-86-91337,2004-09-03,2013-12-19,2026-01-26,외감,12.0,중소기업,,인트로메딕,N35101.헬스케어 장비와 용품,C00000.제조업(10~34),"C27000.의료, 정밀, 광학 기기 및 시계 제조업",코스닥,기업의 계속성 및 경영의 투명성 등을 종합적으로 고려하여 상장폐지기준에 해당한다고 결정,기업의계속성_경영의투명성종합판단,2023,-0.5320841,0.0482487,0.7058187,-53.21,0.0098159,0.1730769,62.08,-35.22,-68.82,-0.1400022,-0.2735782,-0.2901313,-56.69,27.59,154.87,,.4,0.82,0.7682491,0.0,234.1069986,3.79,2.98,5.41,,,,"387,995.89",-2.56,-16.79,,,,,,43.75,98.5,56.23,17.66,44.84,123.49,128.6,-1.28,-112.06,,-51.93,,,-6.08,-756.71,"32,539,488,000."
N999413,A150840,인트로메딕,(주)인트로메딕,110111-3078907,220-86-91337,2004-09-03,2013-12-19,2026-01-26,외감,12.0,중소기업,,인트로메딕,N35101.헬스케어 장비와 용품,C00000.제조업(10~34),"C27000.의료, 정밀, 광학 기기 및 시계 제조업",코스닥,기업의 계속성 및 경영의 투명성 등을 종합적으로 고려하여 상장폐지기준에 해당한다고 결정,기업의계속성_경영의투명성종합판단,2024,-0.2592827,0.5831697,-0.015148,-25.93,0.0409044,,65.76,-14.1,-67.12,-0.1040971,-0.4953989,-0.2179511,-103.72,5.66,145.59,,.74,1.55,1.4129869,0.0,261.6487758,2.84,5.42,4.69,,,,"219,857.1",,,,,,,,54.52,232.63,111.37,41.3,91.42,"1,782.32",83.42,-2.49,-272.99,,-74.8,,,,,"17,646,468,000."
N998957,A151910,퓨처코어,(주)퓨처코어,135811-0109900,124-86-26732,2004-12-02,2012-08-02,2025-11-26,외감,12.0,중소기업,,차AI헬스케어,"N45203.전자장비와 기기, 부품",C00000.제조업(10~34),"C26000.전자 부품, 컴퓨터, 영상, 음향 및 통신장비 제조업",코스닥,기업의 계속성 및 경영의 투명성 등을 종합적으로 고려하여 상장폐지기준에 해당한다고 결정,기업의계속성_경영의투명성종합판단,2014,0.0556811,-0.1891055,-0.8981535,5.57,-0.5939504,0.1513158,16.24,7.01,0.48,0.0350131,0.0023784,0.1106753,.75,2.,95.43,29.21,.5,1.58,0.7301416,0.0,574.2835132,2.15,3.94,-4.43,,"163,897,900.","94,333,010.","475,787.47",,,5280.9698139,38.6973473,,5145.4990565,949.74,31.11,81.17,36.09,6.48,,120.75,221.45,3.51,5.7,8.72,3.73,7.4,,,,"179,139,015,000."
N998957,A151910,퓨처코어,(주)퓨처코어,135811-0109900,124-86-26732,2004-12-02,2012-08-02,2025-11-26,외감,12.0,중소기업,,차AI헬스케어,"N45203.전자장비와 기기, 부품",C00000.제조업(10~34),"C26000.전자 부품, 컴퓨터, 영상, 음향 및 통신장비 제조업",코스닥,기업의 계속성 및 경영의 투명성 등을 종합적으로 고려하여 상장폐지기준에 해당한다고 결정,기업의계속성_경영의투명성종합판단,2015,-1.7106918,-8.6476843,-230.5296272,,-0.0286615,0.2828571,-42.07,-55.23,-112.59,-0.3159763,-0.6441818,-5.6969559,,2.47,196.1,-38.57,0.57,,0.6057338,0.0,204.7006335,2.59,3.59,-2.31,,"119,893,780.","62,650,840.","329,203.2",,,5770.4259563,-8483.9987479,,-3650.0326656,-779.63,,53.17,36.95,3.96,,53.95,,-22.4,-54.3,-91.06,-66.7,-91.82,,,,"195,819,536,000."
N998957,A151910,퓨처코어,(주)퓨처코어,135811-0109900,124-86-26732,2004-12-02,2012-08-02,2025-11-26,외감,12.0,중소기업,,차AI헬스케어,"N45203.전자장비와 기기, 부품",C00000.제조업(10~34),"C26000.전자 부품, 컴퓨터, 영상, 음향 및 통신장비 제조업",코스닥,기업의 계속성 및 경영의 투명성 등을 종합적으로 고려하여 상장폐지기준에 해당한다고 결정,기업의계속성_경영의투명성종합판단,2016,-1.6464139,-0.0273078,1.2879778,,-0.5635321,-0.4432071,-67.58,-129.99,74.29,-0.509025,0.2909052,6.7379471,,6.79,76.05,-25.06,0.39,,0.3640891,0.0,282.586108,3.18,1.58,-1.11,,"178,582,790.","87,959,830.","385,797.32",,,2429.1808861,1804.5743613,,290.2423969,-41.95,34.68,72.87,63.19,23.13,,57.9,188.36,-19.13,125.6,374.43,46.5,86.04,,,,"121,932,982,000."
N998957,A151910,퓨처코어,(주)퓨처코어,135811-0109900,124-86-26732,2004-12-02,2012-08-02,2025-11-26,외감,12.0,중소기업,,차AI헬스케어,"N45203.전자장비와 기기, 부품",C00000.제조업(10~34),"C26000.전자 부품, 컴퓨터, 영상, 음향 및 통신장비 제조업",코스닥,기업의 계속성 및 경영의 투명성 등을 종합적으로 고려하여 상장폐지기준에 해당한다고 결정,기업의계속성_경영의투명성종합판단,2017,0.2129519,0.7154715,-1.6836869,21.3,-0.098408,-0.044,-31.48,-41.02,-56.33,-0.1782612,-0.2447939,-0.4738774,-65.07,9.77,148.96,-18.04,0.43,1.16,0.6965885,0.0,99.8163608,6.76,1.7,6.65,,"150,524,810.","82,090,440.","322,275.55",,,273.2667398,-153.9390763,,69.157185,-30.84,40.44,217.99,190.81,109.41,23.04,73.17,147.26,-4.2,-57.47,-73.55,-25.19,-64.73,,,,"80,697,584,000."
N998957,A151910,퓨처코어,(주)퓨처코어,135811-0109900,124-86-26732,2004-12-02,2012-08-02,2025-11-26,외감,12.0,중소기업,,차AI헬스케어,"N45203.전자장비와 기기, 부품",C00000.제조업(10~34),"C26000.전자 부품, 컴퓨터, 영상, 음향 및 통신장비 제조업",코스닥,기업의 계속성 및 경영의 투명성 등을 종합적으로 고려하여 상장폐지기준에 해당한다고 결정,기업의계속성_경영의투명성종합판단,2018,-0.1531608,0.7786915,0.3298415,-15.32,0.7081875,-0.2384937,1.75,-5.31,-22.1,-0.0397747,-0.1653978,-0.1036009,-43.08,7.17,119.35,22.46,.75,1.95,1.214759,0.0,107.6563829,10.37,3.09,8.09,,"133,994,530.","72,965,320.","456,997.77",,,147.8345781,-32.2412653,,263.527552,163.53,36.22,80.61,68.06,19.6,,198.32,176.06,-.74,-14.5,-17.96,-7.,-10.18,,,,"83,933,967,000."
N998957,A151910,퓨처코어,(주)퓨처코어,135811-0109900,124-86-26732,2004-12-02,2012-08-02,2025-11-26,외감,12.0,중소기업,,차AI헬스케어,"N45203.전자장비와 기기, 부품",C00000.제조업(10~34),"C26000.전자 부품, 컴퓨터, 영상, 음향 및 통신장비 제조업",코스닥,기업의 계속성 및 경영의 투명성 등을 종합적으로 고려하여 상장폐지기준에 해당한다고 결정,기업의계속성_경영의투명성종합판단,2019,0.3034459,-3.5582362,-0.2061446,30.34,-0.138771,-0.1208791,-7.08,-28.13,-30.95,-0.1804318,-0.1985359,-0.4471058,-49.2,5.33,127.37,27.18,.64,1.59,1.0754342,0.0,266.2506657,7.28,2.6,-5.62,,"93,389,360.","42,017,370.","579,754.51",,,476.9113218,-147.6149308,,259.6353244,159.64,44.23,77.14,56.58,8.99,135.23,136.63,126.11,-5.28,-39.86,-96.9,-19.65,-40.15,,,,"79,356,725,000."
N998957,A151910,퓨처코어,(주)퓨처코어,135811-0109900,124-86-26732,2004-12-02,2012-08-02,2025-11-26,외감,12.0,중소기업,,차AI헬스케어,"N45203.전자장비와 기기, 부품",C00000.제조업(10~34),"C26000.전자 부품, 컴퓨터, 영상, 음향 및 통신장비 제조업",코스닥,기업의 계속성 및 경영의 투명성 등을 종합적으로 고려하여 상장폐지기준에 해당한다고 결정,기업의계속성_경영의투명성종합판단,2020,-0.0085591,1.0402172,0.8913636,-0.86,0.0825505,-0.44375,10.95,1.05,-3.11,0.0071879,-0.0213644,0.0159566,-4.74,3.17,102.75,27.52,.69,1.53,1.2516473,0.0,167.5180361,6.62,4.37,-11.98,,"122,714,070.","40,295,970.","1,021,516.54",,,383.8812746,-11.9232136,,249.8160896,149.82,45.91,99.4,77.51,29.08,664.35,163.29,117.84,0.33,-21.77,-38.98,-10.12,-20.82,,,,"84,721,761,000."
N998957,A151910,퓨처코어,(주)퓨처코어,135811-0109900,124-86-26732,2004-12-02,2012-08-02,2025-11-26,외감,12.0,중소기업,,차AI헬스케어,"N45203.전자장비와 기기, 부품",C00000.제조업(10~34),"C26000.전자 부품, 컴퓨터, 영상, 음향 및 통신장비 제조업",코스닥,기업의 계속성 및 경영의 투명성 등을 종합적으로 고려하여 상장폐지기준에 해당한다고 결정,기업의계속성_경영의투명성종합판단,2021,-0.1302368,-5.819467,-14.5681314,-13.02,-0.0962847,-0.011236,8.01,-5.57,-53.51,-0.0303113,-0.2910252,-0.0826139,-79.32,8.21,147.51,16.08,.54,1.48,0.8590989,0.0,90.6780658,6.37,5.1,-26.18,,"70,201,850.","12,762,570.","1,029,589.35",,,346.3879078,-185.3411114,,217.2738275,117.27,29.81,95.,85.11,53.48,,206.13,235.46,-.68,-50.11,-71.32,-32.51,-113.9,,,,"80,922,450,000."
N998957,A151910,퓨처코어,(주)퓨처코어,135811-0109900,124-86-26732,2004-12-02,2012-08-02,2025-11-26,외감,12.0,중소기업,,차AI헬스케어,"N45203.전자장비와 기기, 부품",C00000.제조업(10~34),"C26000.전자 부품, 컴퓨터, 영상, 음향 및 통신장비 제조업",코스닥,기업의 계속성 및 경영의 투명성 등을 종합적으로 고려하여 상장폐지기준에 해당한다고 결정,기업의계속성_경영의투명성종합판단,2022,0.1871442,1.9102489,0.422378,18.71,-0.012245,-0.25,18.9,5.14,-31.29,0.025346,-0.1544259,0.0739131,-45.03,10.26,126.41,21.11,.49,1.44,0.7510834,0.0,108.8343833,6.88,5.94,-15.8,,"46,180,830.","1,147,070.","1,400,272.07",,,290.409208,-90.8691663,,216.4417811,116.44,39.26,95.22,82.21,56.68,,271.56,154.68,.5,-41.88,-62.08,-24.9,-76.92,,,,"108,386,858,000."
N998957,A151910,퓨처코어,(주)퓨처코어,135811-0109900,124-86-26732,2004-12-02,2012-08-02,2025-11-26,외감,12.0,중소기업,,차AI헬스케어,"N45203.전자장비와 기기, 부품",C00000.제조업(10~34),"C26000.전자 부품, 컴퓨터, 영상, 음향 및 통신장비 제조업",코스닥,기업의 계속성 및 경영의 투명성 등을 종합적으로 고려하여 상장폐지기준에 해당한다고 결정,기업의계속성_경영의투명성종합판단,2023,-0.0715528,-2.1069813,0.5183351,-7.16,-0.0499756,-0.0151515,11.82,-5.98,-15.86,-0.0310855,-0.0824087,-0.0781678,-20.72,11.8,113.8,18.98,.52,1.31,0.862426,0.0,106.49995,6.92,6.21,36.33,,"48,247,350.","2,520,760.","1,276,224.91",,,265.9335878,-43.0628292,,188.960833,88.96,40.32,111.08,97.79,41.84,119.94,177.15,147.99,-0.51,-12.42,-18.67,-7.05,-19.7,,,,"97,688,563,000."
N998957,A151910,퓨처코어,(주)퓨처코어,135811-0109900,124-86-26732,2004-12-02,2012-08-02,2025-11-26,외감,12.0,중소기업,,차AI헬스케어,"N45203.전자장비와 기기, 부품",C00000.제조업(10~34),"C26000.전자 부품, 컴퓨터, 영상, 음향 및 통신장비 제조업",코스닥,기업의 계속성 및 경영의 투명성 등을 종합적으로 고려하여 상장폐지기준에 해당한다고 결정,기업의계속성_경영의투명성종합판단,2024,-0.2192959,1.7209771,-0.0346852,-21.93,0.2427735,-0.0153846,16.89,3.47,-13.21,0.0265769,-0.1011126,0.0657367,-25.01,6.26,110.18,12.81,.77,1.89,1.2850921,0.0,163.0024654,7.71,6.48,16.52,,"52,856,210.","6,355,840.","1,062,642.88",,,314.6359259,-41.7878916,3.4146259,146.1827499,46.18,40.56,105.04,80.39,27.17,488.8,230.85,146.52,0.55,-31.51,-66.7,-14.48,-24.11,,,,"88,313,693,000."
N149589,A152330,코리아오토글라스,코리아오토글라스(주),164711-0007507,307-81-15780,2000-08-30,2015-12-29,2020-12-18,폐업,12.0,대기업,,,N20000.산업재,C00000.제조업(10~34),C23000.비금속 광물제품 제조업,코스피,해산 사유 발생,해산사유발생,2014,,,,,,,,,,,,,,,,,,,,,,,,,,,,,,,,,,,,,,,,,,,,,,,,,,,
N149589,A152330,코리아오토글라스,코리아오토글라스(주),164711-0007507,307-81-15780,2000-08-30,2015-12-29,2020-12-18,폐업,12.0,대기업,,,N20000.산업재,C00000.제조업(10~34),C23000.비금속 광물제품 제조업,코스피,해산 사유 발생,해산사유발생,2015,,,,,,0.0292969,,,,,,,,,,,,,,,,,,,,,,"726,574.46",,,,1668.6036,,11895.11155,,,,,,,,,,,,,,,,,
N149589,A152330,코리아오토글라스,코리아오토글라스(주),164711-0007507,307-81-15780,2000-08-30,2015-12-29,2020-12-18,폐업,12.0,대기업,,,N20000.산업재,C00000.제조업(10~34),C23000.비금속 광물제품 제조업,코스피,해산 사유 발생,해산사유발생,2016,,,,,,-0.0018975,,,,0.0971101,0.0872105,0.1682473,,,,,,1.58,2.1517298,,,8.64,4.77,,,,,"809,653.93",,,21793.3328713,2109.97495,2240.1641584,13964.48885,,,105.02,74.26,,,,73.25,221.34,,,,,,,,
N149589,A152330,코리아오토글라스,코리아오토글라스(주),164711-0007507,307-81-15780,2000-08-30,2015-12-29,2020-12-18,폐업,12.0,대기업,,,N20000.산업재,C00000.제조업(10~34),C23000.비금속 광물제품 제조업,코스피,해산 사유 발생,해산사유발생,2017,,,,,,0.1787072,,,,,,,,,,,,,,,,,,,,,,"793,380.6",,,,2237.537,,15909.84045,,,,,,,,,,,,,,,,,
N149589,A152330,코리아오토글라스,코리아오토글라스(주),164711-0007507,307-81-15780,2000-08-30,2015-12-29,2020-12-18,폐업,12.0,대기업,,,N20000.산업재,C00000.제조업(10~34),C23000.비금속 광물제품 제조업,코스피,해산 사유 발생,해산사유발생,2018,,,,,,0.0080645,,,,,,,,,,,,,,,,,,,,,,"870,518.92",,,,2166.6828,,17249.7467,,,,,,,,,,,,,,,,,
N149589,A152330,코리아오토글라스,코리아오토글라스(주),164711-0007507,307-81-15780,2000-08-30,2015-12-29,2020-12-18,폐업,12.0,대기업,,,N20000.산업재,C00000.제조업(10~34),C23000.비금속 광물제품 제조업,코스피,해산 사유 발생,해산사유발생,2019,,,,,,-0.0032,,,,,,,,,,,,,,,,,,,,,,"852,496.79",,,,1651.30025,,18043.7146,,,,,,,,,,,,,,,,,
N149589,A152330,코리아오토글라스,코리아오토글라스(주),164711-0007507,307-81-15780,2000-08-30,2015-12-29,2020-12-18,폐업,12.0,대기업,,,N20000.산업재,C00000.제조업(10~34),C23000.비금속 광물제품 제조업,코스피,해산 사유 발생,해산사유발생,2020,,,,,,,,,,,,,,,,,,,,,,,,,,,,,,,,,,,,,,,,,,,,,,,,,,,
N149589,A152330,코리아오토글라스,코리아오토글라스(주),164711-0007507,307-81-15780,2000-08-30,2015-12-29,2020-12-18,폐업,12.0,대기업,,,N20000.산업재,C00000.제조업(10~34),C23000.비금속 광물제품 제조업,코스피,해산 사유 발생,해산사유발생,2021,,,,,,,,,,,,,,,,,,,,,,,,,,,,,,,,,,,,,,,,,,,,,,,,,,,
N149589,A152330,코리아오토글라스,코리아오토글라스(주),164711-0007507,307-81-15780,2000-08-30,2015-12-29,2020-12-18,폐업,12.0,대기업,,,N20000.산업재,C00000.제조업(10~34),C23000.비금속 광물제품 제조업,코스피,해산 사유 발생,해산사유발생,2022,,,,,,,,,,,,,,,,,,,,,,,,,,,,,,,,,,,,,,,,,,,,,,,,,,,
N149589,A152330,코리아오토글라스,코리아오토글라스(주),164711-0007507,307-81-15780,2000-08-30,2015-12-29,2020-12-18,폐업,12.0,대기업,,,N20000.산업재,C00000.제조업(10~34),C23000.비금속 광물제품 제조업,코스피,해산 사유 발생,해산사유발생,2023,,,,,,,,,,,,,,,,,,,,,,,,,,,,,,,,,,,,,,,,,,,,,,,,,,,
N149589,A152330,코리아오토글라스,코리아오토글라스(주),164711-0007507,307-81-15780,2000-08-30,2015-12-29,2020-12-18,폐업,12.0,대기업,,,N20000.산업재,C00000.제조업(10~34),C23000.비금속 광물제품 제조업,코스피,해산 사유 발생,해산사유발생,2024,,,,,,,,,,,,,,,,,,,,,,,,,,,,,,,,,,,,,,,,,,,,,,,,,,,
N382944,A155960,지디,(주)지디,135511-0160940,140-81-09123,2005-06-21,2013-02-13,2018-10-12,외감,12.0,중소기업,,유아이디,"N45203.전자장비와 기기, 부품",C00000.제조업(10~34),"C26000.전자 부품, 컴퓨터, 영상, 음향 및 통신장비 제조업",코스닥,감사의견 거절(감사범위 제한),감사의견거절,2014,0.0463183,1.1165353,1.0345023,4.63,-0.0240132,-0.0030769,12.88,3.8,1.92,0.0171511,0.0086698,0.0216198,1.09,.27,95.05,72.83,.45,0.57,2.183217,0.0,0.0,62.88,18.57,3.9,,"267,167,370.","140,210,660.","457,775.67",,,3945.7297999,102.1777107,992.8478298,6949.4872561,"1,289.92",79.33,176.23,171.51,97.05,6.2,198.96,26.05,14.08,80.02,128.62,13.23,27.74,,,,"151,656,895,000."
N382944,A155960,지디,(주)지디,135511-0160940,140-81-09123,2005-06-21,2013-02-13,2018-10-12,외감,12.0,중소기업,,유아이디,"N45203.전자장비와 기기, 부품",C00000.제조업(10~34),"C26000.전자 부품, 컴퓨터, 영상, 음향 및 통신장비 제조업",코스닥,감사의견 거절(감사범위 제한),감사의견거절,2015,-0.1624769,-3.4909748,-14.9344994,-16.25,-0.3282983,-0.0895062,-0.56,-14.09,-39.86,-0.045816,-0.129556,-0.0586161,-16.58,.63,108.36,70.28,0.33,0.42,1.4885374,0.0,168.1901036,76.29,16.07,2.89,,"272,577,140.","123,215,640.","489,816.59",,,2364.7023178,-990.6005066,393.4515626,5868.7384144,"1,073.78",76.81,153.44,153.,94.46,.82,185.45,30.19,-22.38,16.02,20.78,2.98,8.41,,,,"160,298,571,000."
N382944,A155960,지디,(주)지디,135511-0160940,140-81-09123,2005-06-21,2013-02-13,2018-10-12,외감,12.0,중소기업,,유아이디,"N45203.전자장비와 기기, 부품",C00000.제조업(10~34),"C26000.전자 부품, 컴퓨터, 영상, 음향 및 통신장비 제조업",코스닥,감사의견 거절(감사범위 제한),감사의견거절,2016,-0.1316384,-0.5761673,0.2438088,-13.16,-0.3369562,-0.2440678,-14.73,-33.51,-45.46,-0.0819451,-0.1111713,-0.1084912,-14.72,.95,156.04,66.72,0.24,0.32,0.9995324,0.0,105.8109143,307.18,18.78,1.91,,"274,447,250.","84,447,420.","588,588.76",,,1566.6880115,-806.7271308,264.2991656,5076.3739501,915.31,74.11,168.28,167.97,94.67,.46,189.49,34.94,-35.11,-10.93,-13.88,-2.82,-10.96,,,,"138,654,703,000."
N382944,A155960,지디,(주)지디,135511-0160940,140-81-09123,2005-06-21,2013-02-13,2018-10-12,외감,12.0,중소기업,,유아이디,"N45203.전자장비와 기기, 부품",C00000.제조업(10~34),"C26000.전자 부품, 컴퓨터, 영상, 음향 및 통신장비 제조업",코스닥,감사의견 거절(감사범위 제한),감사의견거절,2017,-0.2477064,-0.1660959,-0.708165,-24.77,-0.6058492,-0.4753363,-48.89,-99.13,-197.0,-0.1110003,-0.2205918,-0.1553396,-30.87,5.53,194.44,59.23,0.11,0.16,0.3923059,0.0,57.2136221,190.84,19.36,0.58,,"333,469,490.","49,306,980.","970,727.55",,,695.7017047,-1363.6862021,12.5510249,3744.8254876,645.79,68.21,179.38,179.23,17.79,.19,42.72,46.6,-17.94,-54.,-59.82,-17.3,-138.99,,,,"124,796,201,000."
N382944,A155960,지디,(주)지디,135511-0160940,140-81-09123,2005-06-21,2013-02-13,2018-10-12,외감,12.0,중소기업,,유아이디,"N45203.전자장비와 기기, 부품",C00000.제조업(10~34),"C26000.전자 부품, 컴퓨터, 영상, 음향 및 통신장비 제조업",코스닥,감사의견 거절(감사범위 제한),감사의견거절,2018,,,,,,,-88.72,-144.2,-479.4,,,,-78.15,14.01,533.06,34.19,.1,,,0.0,109.4409139,,,2.41,,"280,095,400.","19,462,940.",,,,,,,,222.33,49.54,,,.28,,116.64,,,-115.83,-151.01,-58.52,-435.62,,,,"101,998,543,000."
N382944,A155960,지디,(주)지디,135511-0160940,140-81-09123,2005-06-21,2013-02-13,2018-10-12,외감,12.0,중소기업,,유아이디,"N45203.전자장비와 기기, 부품",C00000.제조업(10~34),"C26000.전자 부품, 컴퓨터, 영상, 음향 및 통신장비 제조업",코스닥,감사의견 거절(감사범위 제한),감사의견거절,2019,,,,,,,,,,,,,,,,-13.71,,,,,,,,,,"248,775,170.","6,204,270.",,,,,,,,-33.61,,,,,,,,,-134.13,-188.57,-97.87,-261.86,,,,"60,828,364,000."
N382944,A155960,지디,(주)지디,135511-0160940,140-81-09123,2005-06-21,2013-02-13,2018-10-12,외감,12.0,중소기업,,유아이디,"N45203.전자장비와 기기, 부품",C00000.제조업(10~34),"C26000.전자 부품, 컴퓨터, 영상, 음향 및 통신장비 제조업",코스닥,감사의견 거절(감사범위 제한),감사의견거절,2020,,,,,,,,,,,,,,,,-50.7,,,,,,,,,,"174,956,120.","8,662,200.",,,,,,,,-71.03,,,,,,,,,-33.23,-67.93,-26.38,-30.3,,,,"20,599,192,000."
N382944,A155960,지디,(주)지디,135511-0160940,140-81-09123,2005-06-21,2013-02-13,2018-10-12,외감,12.0,중소기업,,유아이디,"N45203.전자장비와 기기, 부품",C00000.제조업(10~34),"C26000.전자 부품, 컴퓨터, 영상, 음향 및 통신장비 제조업",코스닥,감사의견 거절(감사범위 제한),감사의견거절,2021,,,,,,,,,,,,,,,,-54.34,,,,,,,,,,"83,175,980.","9,429,410.",,,,,,,,-58.06,,,,,,,,,32.11,44.89,20.07,12.43,,,,"17,087,314,000."
N382944,A155960,지디,(주)지디,135511-0160940,140-81-09123,2005-06-21,2013-02-13,2018-10-12,외감,12.0,중소기업,,유아이디,"N45203.전자장비와 기기, 부품",C00000.제조업(10~34),"C26000.전자 부품, 컴퓨터, 영상, 음향 및 통신장비 제조업",코스닥,감사의견 거절(감사범위 제한),감사의견거절,2022,,,,,,,,,,,,,,,,-53.27,,,,,,,,,,"78,837,580.","9,559,410.",,,,,,,,-57.65,,,,,,,,,14.,17.44,8.76,6.53,,,,"17,486,302,000."
N382944,A155960,지디,(주)지디,135511-0160940,140-81-09123,2005-06-21,2013-02-13,2018-10-12,외감,12.0,중소기업,,유아이디,"N45203.전자장비와 기기, 부품",C00000.제조업(10~34),"C26000.전자 부품, 컴퓨터, 영상, 음향 및 통신장비 제조업",코스닥,감사의견 거절(감사범위 제한),감사의견거절,2023,,,,,,,,,,,,,,,,25.55,,,,,,,,,,"85,390,680.","10,864,590.",,,,,,,,260.54,,,,,,,,,3.8,4.99,2.53,1.96,,,,"16,476,854,000."
N382944,A155960,지디,(주)지디,135511-0160940,140-81-09123,2005-06-21,2013-02-13,2018-10-12,외감,12.0,중소기업,,유아이디,"N45203.전자장비와 기기, 부품",C00000.제조업(10~34),"C26000.전자 부품, 컴퓨터, 영상, 음향 및 통신장비 제조업",코스닥,감사의견 거절(감사범위 제한),감사의견거절,2024,,,,,,,,,,,,,,,,21.43,,,,,,,,,,"88,604,220.","8,996,990.",,,,,,,,193.2,,,,,,,,,2.52,3.15,1.75,1.26,,,,"14,563,668,000."
N597589,A158310,참존글로벌,참존글로벌(주),120111-0137572,122-81-51114,1996-07-26,2013-04-03,2022-11-09,일반,12.0,중소기업,,,N20106.기계,C00000.제조업(10~34),C29000.기타 기계 및 장비 제조업,코스닥,기업의 계속성 및 경영의 투명성 등을 종합적으로 고려하여 상장폐지기준에 해당한다고 결정,기업의계속성_경영의투명성종합판단,2014,0.0244514,-0.5720108,-0.572625,2.45,0.0428828,-0.1666667,,,,0.0187285,0.0190207,0.0289942,,,,76.26,,1.31,2.3938732,,,6.81,8.28,,,"137,078,400.","1,903,880.","612,495.85",,,,-239.437811,,6302.6545365,"1,160.15",,136.39,66.8,,,,53.29,3.8,-12.57,-30.11,-2.44,-6.23,,,,
N597589,A158310,참존글로벌,참존글로벌(주),120111-0137572,122-81-51114,1996-07-26,2013-04-03,2022-11-09,일반,12.0,중소기업,,,N20106.기계,C00000.제조업(10~34),C29000.기타 기계 및 장비 제조업,코스닥,기업의 계속성 및 경영의 투명성 등을 종합적으로 고려하여 상장폐지기준에 해당한다고 결정,기업의계속성_경영의투명성종합판단,2015,0.0209468,-0.2083434,0.0921457,2.09,-0.0622638,-0.4727273,-57.07,-130.35,-170.44,-0.3969645,-0.5190408,-0.5589736,-73.09,4.88,255.32,64.38,0.3,0.43,1.0507118,0.0,0.0,3.14,0.89,1.16,,"252,750,210.","2,843,530.","947,776.33",,,1019.6841688,-2778.4246718,-590.9231277,3711.2956464,655.37,71.02,200.11,163.25,85.77,36.82,633.78,40.81,-26.74,-175.95,-232.42,-50.98,-167.37,,,,
N597589,A158310,참존글로벌,참존글로벌(주),120111-0137572,122-81-51114,1996-07-26,2013-04-03,2022-11-09,일반,12.0,중소기업,,,N20106.기계,C00000.제조업(10~34),C29000.기타 기계 및 장비 제조업,코스닥,기업의 계속성 및 경영의 투명성 등을 종합적으로 고려하여 상장폐지기준에 해당한다고 결정,기업의계속성_경영의투명성종합판단,2016,0.3036949,0.3418133,0.3018381,30.37,-0.2599786,-0.1034483,16.5,-115.94,-160.8,-0.2051773,-0.284568,-0.3194078,-44.3,10.35,239.27,52.72,0.18,0.28,0.4948435,0.0,0.0,2.55,0.64,0.78,,"222,105,630.","9,805,370.","1,027,909.67",,,674.7270353,-1559.6089245,-312.8181205,3528.3101028,616.1,59.85,152.43,139.12,57.29,25.39,"1,861.38",67.07,-11.2,-79.78,-91.53,-25.15,-202.64,,,,
N597589,A158310,참존글로벌,참존글로벌(주),120111-0137572,122-81-51114,1996-07-26,2013-04-03,2022-11-09,일반,12.0,중소기업,,,N20106.기계,C00000.제조업(10~34),C29000.기타 기계 및 장비 제조업,코스닥,기업의 계속성 및 경영의 투명성 등을 종합적으로 고려하여 상장폐지기준에 해당한다고 결정,기업의계속성_경영의투명성종합판단,2017,-0.1009357,0.9481014,0.2270134,-10.09,1.6131757,-0.4230769,38.67,-2.3,-47.56,-0.0091564,-0.1891457,-0.0154245,-31.86,8.77,143.31,52.52,0.4,0.67,0.9785563,0.0,0.0,7.22,1.4,1.72,,"379,663,500.","25,348,100.","1,951,284.13",,,1511.2000508,-855.8408312,-63.972101,2865.4213933,484.29,58.83,164.28,149.9,26.16,22.36,"1,955.57",69.99,-.26,-61.02,-73.91,-16.77,-46.64,,,,
N597589,A158310,참존글로벌,참존글로벌(주),120111-0137572,122-81-51114,1996-07-26,2013-04-03,2022-11-09,일반,12.0,중소기업,,,N20106.기계,C00000.제조업(10~34),C29000.기타 기계 및 장비 제조업,코스닥,기업의 계속성 및 경영의 투명성 등을 종합적으로 고려하여 상장폐지기준에 해당한다고 결정,기업의계속성_경영의투명성종합판단,2018,0.0517081,-16.3669596,-0.6076564,5.17,-0.6389991,0.2666667,35.58,-110.77,-211.82,-0.1407112,-0.2690737,-0.275783,-52.74,33.05,260.08,37.15,.13,0.25,0.2593606,0.0,0.0,1.91,0.53,-12.02,,"285,890,580.","9,451,110.","1,873,917.61",,,438.8227534,-1206.3301488,-891.5263057,2342.6079365,379.01,45.31,61.25,47.94,15.22,,928.63,120.71,-3.35,-46.95,-48.31,-26.08,-261.71,,,,
N597589,A158310,참존글로벌,참존글로벌(주),120111-0137572,122-81-51114,1996-07-26,2013-04-03,2022-11-09,일반,12.0,중소기업,,,N20106.기계,C00000.제조업(10~34),C29000.기타 기계 및 장비 제조업,코스닥,기업의 계속성 및 경영의 투명성 등을 종합적으로 고려하여 상장폐지기준에 해당한다고 결정,기업의계속성_경영의투명성종합판단,2019,0.4629255,0.0843237,0.1840431,46.29,1.072457,0.0,54.36,-48.94,-83.4,-0.0831543,-0.1416944,-0.2000223,-34.08,36.2,173.99,32.22,.17,0.41,0.2907929,0.0,0.0,4.91,0.96,-2.37,,"308,572,260.","1,730,890.","3,095,071.21",,,471.4167955,-750.3761283,-1132.8016147,2449.6783285,397.26,39.35,101.72,99.69,28.14,118.24,"3,278.01",154.1,-1.35,-17.65,-19.96,-10.68,-151.22,,,,
N597589,A158310,참존글로벌,참존글로벌(주),120111-0137572,122-81-51114,1996-07-26,2013-04-03,2022-11-09,일반,12.0,중소기업,,,N20106.기계,C00000.제조업(10~34),C29000.기타 기계 및 장비 제조업,코스닥,기업의 계속성 및 경영의 투명성 등을 종합적으로 고려하여 상장폐지기준에 해당한다고 결정,기업의계속성_경영의투명성종합판단,2020,-3.0775697,0.3378454,-5.6666716,,-0.8785145,-0.4210526,21.99,-266.76,"-4,576.53",-0.0670459,-1.1502425,0.2069291,,"1,568.63","3,094.02",-287.82,.03,,0.018983,0.0,0.0,2.08,0.1,-.03,,"540,466,770.","12,605,410.","4,424,249.64",,,55.0199402,-4640.2685732,-63.9896176,-5089.3775012,"-1,095.97",,12.24,11.92,7.39,,151.,,-0.17,-66.01,-84.11,-240.81,"-4,502.61",,,,
N597589,A158310,참존글로벌,참존글로벌(주),120111-0137572,122-81-51114,1996-07-26,2013-04-03,2022-11-09,일반,12.0,중소기업,,,N20106.기계,C00000.제조업(10~34),C29000.기타 기계 및 장비 제조업,코스닥,기업의 계속성 및 경영의 투명성 등을 종합적으로 고려하여 상장폐지기준에 해당한다고 결정,기업의계속성_경영의투명성종합판단,2021,-1.4376336,0.8750619,1.2174427,,1.8588683,,71.56,-11.66,348.09,-0.0154113,0.4601582,0.0238444,,9.43,41.31,9.03,.13,,0.0802979,0.0,0.0,10.74,0.3,-.11,,,,,,,78.0818047,308.2335446,-212.8295061,556.5700081,11.31,88.89,431.8,419.07,110.88,3.84,"12,862.59",12.5,-1.24,374.6,810.4,41.63,356.36,,,,
N597589,A158310,참존글로벌,참존글로벌(주),120111-0137572,122-81-51114,1996-07-26,2013-04-03,2022-11-09,일반,12.0,중소기업,,,N20106.기계,C00000.제조업(10~34),C29000.기타 기계 및 장비 제조업,코스닥,기업의 계속성 및 경영의 투명성 등을 종합적으로 고려하여 상장폐지기준에 해당한다고 결정,기업의계속성_경영의투명성종합판단,2022,,,,,,,50.93,18.99,-176.93,,,,-29.36,2.74,181.99,-17.28,.14,,,0.0,0.0,,,.63,,"15,542,550.","4,991,290.",,,,,,,,-16.85,85.27,,,1.93,9.46,20.9,,,-194.29,"-4,402.43",-28.63,-172.99,,,,
N597589,A158310,참존글로벌,참존글로벌(주),120111-0137572,122-81-51114,1996-07-26,2013-04-03,2022-11-09,일반,12.0,중소기업,,,N20106.기계,C00000.제조업(10~34),C29000.기타 기계 및 장비 제조업,코스닥,기업의 계속성 및 경영의 투명성 등을 종합적으로 고려하여 상장폐지기준에 해당한다고 결정,기업의계속성_경영의투명성종합판단,2023,,,,,,,28.99,-16.12,-839.85,,,,-84.99,1.41,927.86,-143.14,.08,,,0.0,0.0,,,.86,,"23,885,140.","11,145,790.",,,,,,,,-64.15,79.98,,,4.,44.27,170.07,,,-553.37,"-2,278.85",-110.82,-824.57,,,,
N597589,A158310,참존글로벌,참존글로벌(주),120111-0137572,122-81-51114,1996-07-26,2013-04-03,2022-11-09,일반,12.0,중소기업,,,N20106.기계,C00000.제조업(10~34),C29000.기타 기계 및 장비 제조업,코스닥,기업의 계속성 및 경영의 투명성 등을 종합적으로 고려하여 상장폐지기준에 해당한다고 결정,기업의계속성_경영의투명성종합판단,2024,,,,,,,,,,,,,,,,,,,,,,,,,,,,,,,,,,,,,,,,,,,,,,,,,,,
N368310,A160600,이큐셀,(주)이큐셀,124411-0067216,137-81-61860,2004-06-30,2015-06-26,2025-02-14,외감,12.0,중견기업,,휴림로봇,N20106.기계,C00000.제조업(10~34),C29000.기타 기계 및 장비 제조업,코스닥,기업의 계속성 및 경영의 투명성 등을 종합적으로 고려하여 상장폐지기준에 해당한다고 결정,기업의계속성_경영의투명성종합판단,2014,,,,,,,30.44,11.95,10.7,,,,26.2,2.4,88.2,34.21,1.05,,,0.0,0.0,,,46.5,,"104,243,290.","5,923,810.",,27.57,97.33,,,,,390.95,42.97,,,38.61,56.86,148.6,,,21.73,30.98,12.39,11.78,"1,712.7",26.56,,"30,851,654,000."
N368310,A160600,이큐셀,(주)이큐셀,124411-0067216,137-81-61860,2004-06-30,2015-06-26,2025-02-14,외감,12.0,중견기업,,휴림로봇,N20106.기계,C00000.제조업(10~34),C29000.기타 기계 및 장비 제조업,코스닥,기업의 계속성 및 경영의 투명성 등을 종합적으로 고려하여 상장폐지기준에 해당한다고 결정,기업의계속성_경영의투명성종합판단,2015,1.4101719,0.8770891,0.8155267,141.02,0.7204239,0.0823529,27.43,13.03,11.29,0.172662,0.1495535,0.3220975,27.9,.78,87.06,53.0,1.32,2.47,2.8552602,0.0,95.5771118,61.84,13.47,7.36,,"112,783,090.","7,175,980.","458,568.79",30.43,123.74,8702.9931087,1059.751104,-492.7099449,4426.2108594,785.24,59.74,169.28,162.53,32.71,9.74,91.33,67.38,16.82,31.3,79.,12.58,12.06,"1,944.72",22.99,33.09,"30,851,654,000."
N368310,A160600,이큐셀,(주)이큐셀,124411-0067216,137-81-61860,2004-06-30,2015-06-26,2025-02-14,외감,12.0,중견기업,,휴림로봇,N20106.기계,C00000.제조업(10~34),C29000.기타 기계 및 장비 제조업,코스닥,기업의 계속성 및 경영의 투명성 등을 종합적으로 고려하여 상장폐지기준에 해당한다고 결정,기업의계속성_경영의투명성종합판단,2016,0.0186003,-0.9692981,-0.9109109,1.86,0.1945346,0.2173913,14.76,0.34,0.84,0.0037628,0.0094573,0.0069315,1.74,.51,99.93,41.14,1.12,2.07,2.4569592,0.0,186.7943466,33.94,13.9,3.86,,"91,163,990.","4,479,980.","492,005.8",14.38,77.63,6999.0456498,61.9712007,163.9019457,3000.4556565,474.04,49.82,262.81,242.36,40.6,12.56,47.12,100.74,.66,5.18,10.15,2.18,1.85,"1,579.78",11.89,72.46,"53,475,498,000."
N368310,A160600,이큐셀,(주)이큐셀,124411-0067216,137-81-61860,2004-06-30,2015-06-26,2025-02-14,외감,12.0,중견기업,,휴림로봇,N20106.기계,C00000.제조업(10~34),C29000.기타 기계 및 장비 제조업,코스닥,기업의 계속성 및 경영의 투명성 등을 종합적으로 고려하여 상장폐지기준에 해당한다고 결정,기업의계속성_경영의투명성종합판단,2017,0.1281787,7.5859041,0.2191911,12.82,-0.0914239,0.2857143,21.06,3.17,1.13,0.0275653,0.009838,0.0554185,1.98,.96,100.75,44.52,0.87,1.75,1.7324791,0.0,173.7171295,31.69,7.92,3.17,,"71,169,760.","3,249,920.","430,444.4",,,5254.5656949,59.3686946,-106.868071,3243.3379901,566.96,49.67,183.97,177.93,32.79,7.19,270.22,101.32,3.29,8.26,14.38,3.58,3.99,,,,"65,325,543,000."
N368310,A160600,이큐셀,(주)이큐셀,124411-0067216,137-81-61860,2004-06-30,2015-06-26,2025-02-14,외감,12.0,중견기업,,휴림로봇,N20106.기계,C00000.제조업(10~34),C29000.기타 기계 및 장비 제조업,코스닥,기업의 계속성 및 경영의 투명성 등을 종합적으로 고려하여 상장폐지기준에 해당한다고 결정,기업의계속성_경영의투명성종합판단,2018,-0.0002742,1.5731323,6.5815288,-0.03,0.8599486,0.2986111,14.61,4.38,4.61,0.0615892,0.0647656,0.1345167,14.15,.67,94.32,37.86,1.41,3.07,2.5938952,0.0,174.2023239,12.63,7.17,7.75,,"42,800,320.","2,163,180.","386,111.42",,,9621.5316225,441.3353271,608.9644144,3192.2772338,556.77,42.46,127.11,86.13,31.52,151.15,97.29,135.51,6.53,13.8,36.14,6.88,4.73,,,,"73,910,576,000."
N368310,A160600,이큐셀,(주)이큐셀,124411-0067216,137-81-61860,2004-06-30,2015-06-26,2025-02-14,외감,12.0,중견기업,,휴림로봇,N20106.기계,C00000.제조업(10~34),C29000.기타 기계 및 장비 제조업,코스닥,기업의 계속성 및 경영의 투명성 등을 종합적으로 고려하여 상장폐지기준에 해당한다고 결정,기업의계속성_경영의투명성종합판단,2019,-0.8521827,-6.2377145,-8.3940156,-85.22,-0.1959185,-0.0802139,-12.41,-28.53,-42.35,-0.313901,-0.4659843,-1.2278206,-182.27,2.01,137.05,-8.95,1.1,4.3,1.478228,0.0,259.9063766,7.83,6.56,-48.74,,"42,598,820.","1,516,850.","430,843.24",,,5140.90212,-2157.377805,-1041.2228268,182.4495307,-46.56,6.92,77.3,67.1,12.63,,84.52,"1,344.07",-14.19,-58.01,-114.55,-53.64,-42.26,,,,"86,440,816,000."
N368310,A160600,이큐셀,(주)이큐셀,124411-0067216,137-81-61860,2004-06-30,2015-06-26,2025-02-14,외감,12.0,중견기업,,휴림로봇,N20106.기계,C00000.제조업(10~34),C29000.기타 기계 및 장비 제조업,코스닥,기업의 계속성 및 경영의 투명성 등을 종합적으로 고려하여 상장폐지기준에 해당한다고 결정,기업의계속성_경영의투명성종합판단,2020,,,,,,,-2.66,-24.38,-39.88,-0.0892042,-0.1459284,-1.2565889,-252.5,5.46,134.37,-17.24,.47,6.33,0.3938892,0.0,395.0948232,11.15,2.55,-1.47,,"53,978,460.","1,180,500.","303,975.08",-6.77,-38.12,744.4223288,-312.0754131,-192.7592042,123.5966297,-57.84,7.37,61.02,55.87,1.18,,115.74,"1,257.1",-4.46,,,,,"-1,743.07",-12.59,-141.86,"78,347,411,000."
N368310,A160600,이큐셀,(주)이큐셀,124411-0067216,137-81-61860,2004-06-30,2015-06-26,2025-02-14,외감,12.0,중견기업,,휴림로봇,N20106.기계,C00000.제조업(10~34),C29000.기타 기계 및 장비 제조업,코스닥,기업의 계속성 및 경영의 투명성 등을 종합적으로 고려하여 상장폐지기준에 해당한다고 결정,기업의계속성_경영의투명성종합판단,2021,,,,,,,22.67,3.44,7.36,0.0141128,0.0301572,0.0340139,7.0,1.62,93.07,25.98,.42,0.95,0.7002794,0.0,131.903378,27.06,1.86,-9.23,,"10,932,030.","549,540.","239,295.66",18.96,415.01,550.6622958,40.5305929,132.084181,1182.6030459,139.61,43.87,91.68,88.85,37.55,,311.92,127.93,2.13,,,,,"8,255.87",29.16,62.13,"50,548,210,000."
N368310,A160600,이큐셀,(주)이큐셀,124411-0067216,137-81-61860,2004-06-30,2015-06-26,2025-02-14,외감,12.0,중견기업,,휴림로봇,N20106.기계,C00000.제조업(10~34),C29000.기타 기계 및 장비 제조업,코스닥,기업의 계속성 및 경영의 투명성 등을 종합적으로 고려하여 상장폐지기준에 해당한다고 결정,기업의계속성_경영의투명성종합판단,2022,1.7782133,5.1221837,4.0533548,177.82,2.8486526,0.5463917,21.79,5.48,9.66,0.0400974,0.0707242,0.1060907,18.71,1.52,91.01,23.82,.73,1.94,1.1764585,0.0,29.5395231,2.77,3.17,9.18,,"48,057,860.","177,680.","498,081.32",21.2,219.68,3172.7733286,306.625127,111.0833453,1452.3045898,191.06,36.0,118.26,65.31,12.82,290.03,86.86,177.78,3.61,9.67,46.81,6.13,13.21,"59,416.16",27.03,41.25,"37,030,360,000."
N368310,A160600,이큐셀,(주)이큐셀,124411-0067216,137-81-61860,2004-06-30,2015-06-26,2025-02-14,외감,12.0,중견기업,,휴림로봇,N20106.기계,C00000.제조업(10~34),C29000.기타 기계 및 장비 제조업,코스닥,기업의 계속성 및 경영의 투명성 등을 종합적으로 고려하여 상장폐지기준에 해당한다고 결정,기업의계속성_경영의투명성종합판단,2023,0.1989462,-0.7588116,-1.2179771,19.89,1.0500319,-0.0266667,10.89,.64,-1.03,0.0055201,-0.0087994,0.0158249,-2.52,.85,100.85,23.39,.86,2.45,1.3150233,0.0,63.5158094,3.51,3.,8.,,"165,254,370.","1,946,460.","976,433.46",,,3564.7600432,-37.4368916,708.4119666,1577.5026501,215.92,34.0,115.14,89.37,30.04,170.21,120.65,194.1,0.76,-1.77,-7.9,-1.17,-1.55,,,,"125,379,860,000."
N368310,A160600,이큐셀,(주)이큐셀,124411-0067216,137-81-61860,2004-06-30,2015-06-26,2025-02-14,외감,12.0,중견기업,,휴림로봇,N20106.기계,C00000.제조업(10~34),C29000.기타 기계 및 장비 제조업,코스닥,기업의 계속성 및 경영의 투명성 등을 종합적으로 고려하여 상장폐지기준에 해당한다고 결정,기업의계속성_경영의투명성종합판단,2024,0.6361777,6.7577486,9.9958199,63.62,0.1857344,,12.99,4.22,7.8,0.0379309,0.0701139,0.0854114,15.79,.79,91.96,38.57,.9,2.03,1.6178289,0.0,139.9839691,4.48,2.45,4.31,,"213,833,830.","3,151,640.","984,581.29",,,3361.736119,264.824238,-950.5109927,1678.0743705,236.95,54.63,169.98,118.82,18.8,73.11,186.28,83.05,5.34,9.98,32.52,4.52,5.09,,,,"159,158,409,000."
NH08676,A161570,THE MIDONG,(주)더미동,110111-4122604,214-88-44319,2009-06-24,2013-11-13,2024-06-17,외감,12.0,중소기업,,더미동,N20106.기계,C00000.제조업(10~34),"C26000.전자 부품, 컴퓨터, 영상, 음향 및 통신장비 제조업",코스닥,기업의 계속성 및 경영의 투명성 등을 종합적으로 고려하여 상장폐지기준에 해당한다고 결정,기업의계속성_경영의투명성종합판단,2014,0.0446645,-0.7880529,-0.5232982,4.47,-0.1222917,0.375,16.08,1.92,4.84,0.0189684,0.0479379,0.0214464,5.42,.02,95.23,76.81,.99,1.12,8.565136,0.0,118.5573526,36.08,10.18,1.17,,"8,160,480.","288,480.","1,130,687.06",7.79,"1,078.88",3123.6020823,197.8401111,,3729.5421111,650.02,88.15,842.49,818.89,51.31,3.18,96.61,13.44,92.13,49.56,,5.73,5.99,"30,518.81",7.9,47.14,"36,205,998,000."
NH08676,A161570,THE MIDONG,(주)더미동,110111-4122604,214-88-44319,2009-06-24,2013-11-13,2024-06-17,외감,12.0,중소기업,,더미동,N20106.기계,C00000.제조업(10~34),"C26000.전자 부품, 컴퓨터, 영상, 음향 및 통신장비 제조업",코스닥,기업의 계속성 및 경영의 투명성 등을 종합적으로 고려하여 상장폐지기준에 해당한다고 결정,기업의계속성_경영의투명성종합판단,2015,0.331783,-0.7940149,-0.6683388,33.18,0.1076129,0.1212121,10.75,0.36,1.45,0.0030086,0.0122426,0.0037081,1.51,.01,98.73,67.31,0.84,1.04,4.4745551,0.0,66.6706158,31.73,11.91,0.96,,"8,240,770.","458,380.","1,307,332.08",2.9,459.93,3279.8392539,61.2248466,,3547.5469191,614.15,76.56,"1,541.8","1,499.68",124.68,2.92,128.3,30.61,40.46,1.97,2.7,0.46,0.66,"8,268.64",3.45,102.54,"38,080,216,000."
NH08676,A161570,THE MIDONG,(주)더미동,110111-4122604,214-88-44319,2009-06-24,2013-11-13,2024-06-17,외감,12.0,중소기업,,더미동,N20106.기계,C00000.제조업(10~34),"C26000.전자 부품, 컴퓨터, 영상, 음향 및 통신장비 제조업",코스닥,기업의 계속성 및 경영의 투명성 등을 종합적으로 고려하여 상장폐지기준에 해당한다고 결정,기업의계속성_경영의투명성종합판단,2016,0.1047602,-44.0438653,-6.2466323,10.48,-0.290837,-0.2432432,3.59,-21.64,-10.73,-0.1117002,-0.0554025,-0.1327732,-6.59,.,111.89,81.36,0.52,0.61,3.2528873,0.0,98.0396268,22.08,8.92,0.63,,"7,407,110.","644,770.","2,016,375.8",,,1831.3641858,-238.3755995,,3633.2531973,630.71,92.4,"1,048.","1,021.75",589.29,2.77,188.69,8.23,"-4,728.83",-61.59,,-4.47,-8.45,,,,"58,393,619,000."
NH08676,A161570,THE MIDONG,(주)더미동,110111-4122604,214-88-44319,2009-06-24,2013-11-13,2024-06-17,외감,12.0,중소기업,,더미동,N20106.기계,C00000.제조업(10~34),"C26000.전자 부품, 컴퓨터, 영상, 음향 및 통신장비 제조업",코스닥,기업의 계속성 및 경영의 투명성 등을 종합적으로 고려하여 상장폐지기준에 해당한다고 결정,기업의계속성_경영의투명성종합판단,2017,-0.1005666,0.3831844,-0.156159,-10.06,-0.0247738,-0.5,9.1,-13.68,-12.72,-0.0766672,-0.0712767,-0.0821441,-7.64,.08,110.97,81.87,0.56,0.6,8.4030462,0.0,79.8989261,41.,8.33,0.78,,"8,351,960.","1,058,610.","3,862,632.14",,,1700.3627976,-259.734236,,3267.8691322,558.68,94.4,"1,382.25","1,370.63",878.,.91,216.36,5.93,-171.6,15.57,,.74,1.41,,,,"53,455,517,000."
NH08676,A161570,THE MIDONG,(주)더미동,110111-4122604,214-88-44319,2009-06-24,2013-11-13,2024-06-17,외감,12.0,중소기업,,더미동,N20106.기계,C00000.제조업(10~34),"C26000.전자 부품, 컴퓨터, 영상, 음향 및 통신장비 제조업",코스닥,기업의 계속성 및 경영의 투명성 등을 종합적으로 고려하여 상장폐지기준에 해당한다고 결정,기업의계속성_경영의투명성종합판단,2018,-0.2767209,0.1203663,-2.5006922,-27.67,-0.3038104,-0.1428571,5.64,-17.29,-63.97,-0.0836601,-0.3095338,-0.0885477,-32.76,.73,155.95,77.23,.48,0.51,8.765924,0.0,103.6233116,50.3,6.63,.66,,"5,459,630.","580,630.","3,794,812.96",,,1183.774943,-909.249607,,2363.5813526,380.42,94.59,"1,505.73","1,479.98",723.41,1.83,410.91,5.71,-23.55,"-1,055.21",,-40.09,-76.82,,,,"47,059,771,000."
NH08676,A161570,THE MIDONG,(주)더미동,110111-4122604,214-88-44319,2009-06-24,2013-11-13,2024-06-17,외감,12.0,중소기업,,더미동,N20106.기계,C00000.제조업(10~34),"C26000.전자 부품, 컴퓨터, 영상, 음향 및 통신장비 제조업",코스닥,기업의 계속성 및 경영의 투명성 등을 종합적으로 고려하여 상장폐지기준에 해당한다고 결정,기업의계속성_경영의투명성종합판단,2019,-0.1144694,-0.0719668,0.7338349,-11.45,0.269361,-0.0833333,5.11,-14.6,-13.41,-0.105191,-0.0966358,-0.119943,-11.02,.65,111.83,65.1,.72,0.82,5.8574823,0.0,130.101328,22.86,7.73,1.39,,"5,786,860.","377,730.","3,340,212.09",,,1804.2007032,-236.9552428,,2115.3824283,331.49,81.03,251.82,226.23,121.3,16.85,204.38,23.41,-22.62,-99.69,"-7,274.95",-4.22,-6.18,,,,"33,966,457,000."
NH08676,A161570,THE MIDONG,(주)더미동,110111-4122604,214-88-44319,2009-06-24,2013-11-13,2024-06-17,외감,12.0,중소기업,,더미동,N20106.기계,C00000.제조업(10~34),"C26000.전자 부품, 컴퓨터, 영상, 음향 및 통신장비 제조업",코스닥,기업의 계속성 및 경영의 투명성 등을 종합적으로 고려하여 상장폐지기준에 해당한다고 결정,기업의계속성_경영의투명성종합판단,2020,-0.3717376,-0.1826578,-1.0719633,-37.17,0.0848355,0.0909091,5.94,-15.92,-25.62,-0.1502672,-0.2418503,-0.1854982,-29.86,.54,124.4,54.26,.94,1.17,4.9704263,0.0,211.1461553,17.49,8.86,2.83,,"4,394,420.","125,210.","2,427,564.29",,,1957.2609378,-501.4368697,,1314.9681414,173.7,80.97,313.38,280.47,125.92,15.42,26.83,23.51,-29.22,-823.29,"-66,305.38",-62.16,-52.65,,,,"35,112,641,000."
NH08676,A161570,THE MIDONG,(주)더미동,110111-4122604,214-88-44319,2009-06-24,2013-11-13,2024-06-17,외감,12.0,중소기업,,더미동,N20106.기계,C00000.제조업(10~34),"C26000.전자 부품, 컴퓨터, 영상, 음향 및 통신장비 제조업",코스닥,기업의 계속성 및 경영의 투명성 등을 종합적으로 고려하여 상장폐지기준에 해당한다고 결정,기업의계속성_경영의투명성종합판단,2021,0.0272098,0.2722453,0.3678769,2.72,-0.6101393,0.0,9.81,-29.71,-41.54,-0.1113852,-0.1557137,-0.1725875,-24.13,8.17,138.11,33.96,.37,0.58,1.0570825,0.0,280.5038364,9.77,4.49,5.76,,"4,773,130.","9,130.","1,989,230.58",,,677.0610052,-281.2467668,,1193.5009047,148.48,53.89,66.17,61.26,37.58,,54.67,85.55,-3.64,-69.37,-131.33,-11.52,-29.78,,,,"22,077,356,000."
NH08676,A161570,THE MIDONG,(주)더미동,110111-4122604,214-88-44319,2009-06-24,2013-11-13,2024-06-17,외감,12.0,중소기업,,더미동,N20106.기계,C00000.제조업(10~34),"C26000.전자 부품, 컴퓨터, 영상, 음향 및 통신장비 제조업",코스닥,기업의 계속성 및 경영의 투명성 등을 종합적으로 고려하여 상장폐지기준에 해당한다고 결정,기업의계속성_경영의투명성종합판단,2022,0.0487644,0.2761377,-0.197339,4.88,-0.2835021,-0.1666667,4.73,-30.02,-69.42,-0.0696743,-0.161114,-0.1203408,-27.83,14.58,147.03,20.72,.23,0.4,0.5512692,0.0,219.1308143,9.7,3.35,-1.33,,"6,061,000.",300.,"2,609,782.5",,,483.890731,-336.2547753,,857.8119874,82.2,62.31,47.96,41.23,22.44,,105.8,60.48,-2.06,-39.49,-65.38,-11.97,-35.07,,,,"34,071,591,000."
NH08676,A161570,THE MIDONG,(주)더미동,110111-4122604,214-88-44319,2009-06-24,2013-11-13,2024-06-17,외감,12.0,중소기업,,더미동,N20106.기계,C00000.제조업(10~34),"C26000.전자 부품, 컴퓨터, 영상, 음향 및 통신장비 제조업",코스닥,기업의 계속성 및 경영의 투명성 등을 종합적으로 고려하여 상장폐지기준에 해당한다고 결정,기업의계속성_경영의투명성종합판단,2023,0.4249691,0.0981571,0.260426,42.5,0.4567762,0.2,29.57,-18.58,-35.24,-0.0676826,-0.1283478,-0.0874282,-16.58,5.47,126.61,42.84,.36,0.47,1.612573,0.0,96.9063901,28.06,5.93,-85.4,,"3,815,170.",250.,"2,131,261.58",,,527.9109373,-195.501338,,1059.9682935,119.47,93.28,393.61,393.61,144.63,.,122.29,7.2,-3.4,-475.96,"-34,380.76",-29.36,-112.13,,,,"30,904,310,000."
NH08676,A161570,THE MIDONG,(주)더미동,110111-4122604,214-88-44319,2009-06-24,2013-11-13,2024-06-17,외감,12.0,중소기업,,더미동,N20106.기계,C00000.제조업(10~34),"C26000.전자 부품, 컴퓨터, 영상, 음향 및 통신장비 제조업",코스닥,기업의 계속성 및 경영의 투명성 등을 종합적으로 고려하여 상장폐지기준에 해당한다고 결정,기업의계속성_경영의투명성종합판단,2024,,,,,,,,,,,,,,,,64.53,,,,,,,,,,"2,868,290.",210.,,,,,,,,165.45,,,,,,,,,"2,382.69",,3.91,33.52,,,,"29,418,120,000."
N677425,A174880,장원테크,(주)장원테크,176011-0020559,513-81-17030,2000-01-06,2016-07-15,2026-01-14,외감,12.0,중소기업,,KH,N45201.통신장비,C00000.제조업(10~34),"C26000.전자 부품, 컴퓨터, 영상, 음향 및 통신장비 제조업",코스닥,감사의견 한정(감사범위 제한),감사의견한정,2014,,,,,,,2.55,-6.4,-5.4,,,,-28.69,.86,105.52,19.3,1.55,,,0.0,347.696618,,,96.78,,"44,048,770.","20,118,520.",,,,,,,,677.5,22.15,,,6.73,,97.83,,,-9.46,-14.06,-6.65,-4.77,,,,"56,575,798,000."
N677425,A174880,장원테크,(주)장원테크,176011-0020559,513-81-17030,2000-01-06,2016-07-15,2026-01-14,외감,12.0,중소기업,,KH,N45201.통신장비,C00000.제조업(10~34),"C26000.전자 부품, 컴퓨터, 영상, 음향 및 통신장비 제조업",코스닥,감사의견 한정(감사범위 제한),감사의견한정,2015,,,,,,,17.84,12.88,10.56,,,,72.81,.63,87.9,46.37,2.45,,,0.0,501.2265128,,,-40.98,,"54,696,880.","23,621,590.",,,,,,,,"1,569.41",49.33,,,17.,,87.93,,,93.91,210.18,31.64,14.37,,,,"84,261,699,000."
N677425,A174880,장원테크,(주)장원테크,176011-0020559,513-81-17030,2000-01-06,2016-07-15,2026-01-14,외감,12.0,중소기업,,KH,N45201.통신장비,C00000.제조업(10~34),"C26000.전자 부품, 컴퓨터, 영상, 음향 및 통신장비 제조업",코스닥,감사의견 한정(감사범위 제한),감사의견한정,2016,0.571134,-0.8041199,-0.8451683,57.11,-0.5000696,-0.4440895,15.96,5.05,3.27,0.056301,0.0364929,0.0991561,6.43,.81,96.44,61.47,1.12,1.97,2.5819523,0.0,603.669957,11.78,13.02,72.68,,"91,386,060.","38,903,050.","340,380.62",14.8,55.14,18786.1076189,614.346677,,10666.5823943,"2,038.03",62.82,119.37,97.62,61.8,112.29,81.8,59.18,6.24,-54.94,-392.29,-5.18,-7.98,129.52,22.28,108.81,"81,223,298,000."
N677425,A174880,장원테크,(주)장원테크,176011-0020559,513-81-17030,2000-01-06,2016-07-15,2026-01-14,외감,12.0,중소기업,,KH,N45201.통신장비,C00000.제조업(10~34),"C26000.전자 부품, 컴퓨터, 영상, 음향 및 통신장비 제조업",코스닥,감사의견 한정(감사범위 제한),감사의견한정,2017,-0.100466,-0.4472459,-1.9471864,-10.05,-0.1243946,-0.3275862,14.07,3.18,-3.54,0.0298036,-0.0331027,0.0472189,-5.24,.9,102.41,63.39,0.94,1.48,2.5371405,0.0,371.3378788,13.01,9.95,18.44,,"132,037,800.","52,652,790.","495,750.61",9.25,34.74,13040.7403163,-518.7035567,,9814.4759511,"1,871.71",63.45,109.71,89.52,44.94,207.87,117.07,57.6,3.55,-53.18,-330.1,-5.36,-14.35,87.12,25.93,118.87,"100,203,874,000."
N677425,A174880,장원테크,(주)장원테크,176011-0020559,513-81-17030,2000-01-06,2016-07-15,2026-01-14,외감,12.0,중소기업,,KH,N45201.통신장비,C00000.제조업(10~34),"C26000.전자 부품, 컴퓨터, 영상, 음향 및 통신장비 제조업",코스닥,감사의견 한정(감사범위 제한),감사의견한정,2018,0.1646956,3.0982603,3.9300751,16.47,0.3341579,0.1794872,17.77,9.78,7.77,0.1206356,0.0957965,0.1887766,14.99,.61,90.93,64.25,1.23,1.93,3.4159707,0.0,298.8693679,13.55,8.76,15.91,,"111,405,470.","39,921,760.","427,411.15",26.52,101.73,17398.4065334,1519.8403639,,11430.8768524,"2,180.25",64.3,141.01,102.1,41.85,94.87,136.72,55.53,15.93,116.39,,9.9,22.01,283.88,55.64,32.97,"89,240,627,000."
N677425,A174880,장원테크,(주)장원테크,176011-0020559,513-81-17030,2000-01-06,2016-07-15,2026-01-14,외감,12.0,중소기업,,KH,N45201.통신장비,C00000.제조업(10~34),"C26000.전자 부품, 컴퓨터, 영상, 음향 및 통신장비 제조업",코스닥,감사의견 한정(감사범위 제한),감사의견한정,2019,0.0130778,-1.3375818,-1.5437489,1.31,-0.1980273,-0.0362319,8.44,-4.12,-5.27,-0.0289573,-0.0370383,-0.0588371,-7.53,2.07,106.08,39.81,.7,1.43,1.3845571,0.0,395.9882034,9.99,8.59,-4.52,,"103,622,890.","30,805,680.","755,068.36",8.61,62.76,3078.9793392,-162.1888119,,2165.6293052,"2,065.23",39.96,41.09,32.68,14.4,,162.73,150.23,-1.99,-0.09,-.09,-.05,-.32,211.12,42.72,71.51,"102,570,898,000."
N677425,A174880,장원테크,(주)장원테크,176011-0020559,513-81-17030,2000-01-06,2016-07-15,2026-01-14,외감,12.0,중소기업,,KH,N45201.통신장비,C00000.제조업(10~34),"C26000.전자 부품, 컴퓨터, 영상, 음향 및 통신장비 제조업",코스닥,감사의견 한정(감사범위 제한),감사의견한정,2020,0.1905992,-3.9892171,-12.2133773,19.06,-0.4962201,-0.2255639,-15.76,-40.79,-138.16,-0.1284616,-0.4351593,-0.2662798,-90.2,19.53,194.89,55.32,.31,0.65,0.6085452,0.0,312.7727762,8.81,7.22,-1.29,,"108,937,590.","22,490,510.","1,223,247.77",-42.16,-473.46,1079.8946073,-1491.998967,,1131.188398,"1,050.88",58.41,62.56,56.64,25.38,,149.38,71.21,-2.09,-160.86,-211.05,-59.31,-623.27,"-2,293.32",-491.25,-11.1,"167,185,271,000."
N677425,A174880,장원테크,(주)장원테크,176011-0020559,513-81-17030,2000-01-06,2016-07-15,2026-01-14,외감,12.0,중소기업,,KH,N45201.통신장비,C00000.제조업(10~34),"C26000.전자 부품, 컴퓨터, 영상, 음향 및 통신장비 제조업",코스닥,감사의견 한정(감사범위 제한),감사의견한정,2021,0.1481095,0.5108526,0.6858979,14.81,0.563162,-0.0485437,0.48,-12.76,-27.76,-0.0666233,-0.1449213,-0.1115627,-24.27,9.85,118.2,56.52,.52,0.87,1.2958972,0.0,202.8061991,12.64,7.37,-3.26,,"95,326,440.","12,947,510.","1,176,002.66",,,2204.2104763,-611.93757,,4844.8731823,886.05,60.91,55.61,40.68,9.2,,99.77,64.18,-1.3,-43.32,-61.74,-15.28,-93.4,,,,"136,195,655,000."
N677425,A174880,장원테크,(주)장원테크,176011-0020559,513-81-17030,2000-01-06,2016-07-15,2026-01-14,외감,12.0,중소기업,,KH,N45201.통신장비,C00000.제조업(10~34),"C26000.전자 부품, 컴퓨터, 영상, 음향 및 통신장비 제조업",코스닥,감사의견 한정(감사범위 제한),감사의견한정,2022,-0.2550874,0.7189117,-0.3469844,-25.51,-0.1080606,0.0204082,10.45,-4.02,-41.93,-0.0229004,-0.2387094,-0.0336249,-35.05,3.7,131.17,71.46,.57,0.84,1.7851449,0.0,500.0700389,7.86,5.76,-7.39,,"90,062,430.","11,153,030.","858,219.82",-26.44,-251.98,2791.5507152,-1409.2729506,,2974.5931417,548.36,80.94,149.46,96.03,22.54,108.02,107.09,23.54,-1.09,-855.33,"-2,165.14",-54.98,-187.48,"-2,034.77",-141.24,-21.02,"149,942,044,000."
N677425,A174880,장원테크,(주)장원테크,176011-0020559,513-81-17030,2000-01-06,2016-07-15,2026-01-14,외감,12.0,중소기업,,KH,N45201.통신장비,C00000.제조업(10~34),"C26000.전자 부품, 컴퓨터, 영상, 음향 및 통신장비 제조업",코스닥,감사의견 한정(감사범위 제한),감사의견한정,2023,-0.0330329,-0.0394315,0.9253375,-3.3,-0.1438131,-0.03,12.69,-4.88,-3.66,-0.0341678,-0.0255829,-0.0416225,-3.12,.53,101.65,81.3,.7,0.85,3.9068846,0.0,199.3498121,7.31,5.33,3.22,,"90,619,430.","9,316,870.","530,132.32",0.47,2.73,2653.9554608,-100.5485215,,15218.7058502,"2,930.6",83.31,314.42,258.13,50.18,26.25,122.55,20.03,-9.14,-185.82,"-1,378.28",-11.27,-36.44,26.55,1.61,"2,101.62","84,049,666,000."
N677425,A174880,장원테크,(주)장원테크,176011-0020559,513-81-17030,2000-01-06,2016-07-15,2026-01-14,외감,12.0,중소기업,,KH,N45201.통신장비,C00000.제조업(10~34),"C26000.전자 부품, 컴퓨터, 영상, 음향 및 통신장비 제조업",코스닥,감사의견 한정(감사범위 제한),감사의견한정,2024,0.0971235,2.9578592,3.2564803,9.71,0.3099157,,22.43,7.3,6.3,0.0655061,0.0565281,0.0790444,6.82,.06,93.55,80.66,.9,1.08,5.2404593,0.0,113.375429,10.85,5.3,2.14,,"84,287,000.","8,409,660.","478,049.",,,12313.1593868,1073.9259095,1415.2799067,16473.3708187,"3,222.27",82.48,383.89,340.02,73.15,15.45,147.45,21.25,128.77,34.6,663.67,2.6,7.34,,,,"78,963,745,000."
NG08307,A176440,에이치엔티,(주)미래오토스,131111-0218642,129-86-26455,2008-10-06,2016-11-28,2022-06-27,폐업,12.0,중소기업,,,"N45203.전자장비와 기기, 부품",C00000.제조업(10~34),"C26000.전자 부품, 컴퓨터, 영상, 음향 및 통신장비 제조업",코스닥,기업의 계속성 및 경영의 투명성 등을 종합적을 고려하여 상장폐지기준에 해당한다고 결정,기업의계속성_경영의투명성종합판단,2014,,,,,,,13.17,3.48,1.14,,,,4.82,.43,98.32,39.31,1.75,,,,,,,27.61,,,,,,,,,,,"1,015.6",43.18,,,29.97,"1,526.18",67.05,,,,,,,,,,
NG08307,A176440,에이치엔티,(주)미래오토스,131111-0218642,129-86-26455,2008-10-06,2016-11-28,2022-06-27,폐업,12.0,중소기업,,,"N45203.전자장비와 기기, 부품",C00000.제조업(10~34),"C26000.전자 부품, 컴퓨터, 영상, 음향 및 통신장비 제조업",코스닥,기업의 계속성 및 경영의 투명성 등을 종합적을 고려하여 상장폐지기준에 해당한다고 결정,기업의계속성_경영의투명성종합판단,2015,,,,,,,10.96,1.83,1.09,,,,5.12,.65,98.7,30.96,1.78,,,,,,,-115.71,,,,,,,,,,,"1,059.25",33.89,,,36.04,,55.81,,,,,,,,,,
NG08307,A176440,에이치엔티,(주)미래오토스,131111-0218642,129-86-26455,2008-10-06,2016-11-28,2022-06-27,폐업,12.0,중소기업,,,"N45203.전자장비와 기기, 부품",C00000.제조업(10~34),"C26000.전자 부품, 컴퓨터, 영상, 음향 및 통신장비 제조업",코스닥,기업의 계속성 및 경영의 투명성 등을 종합적을 고려하여 상장폐지기준에 해당한다고 결정,기업의계속성_경영의투명성종합판단,2016,0.7946188,2.6397727,3.5863935,79.46,0.4157336,0.0,,,,0.1006175,0.0753818,0.2200447,,,,,,4.68,3.9443312,,,16.12,14.32,,,,,"1,136,711.48",,,24477.3163763,1298.9480339,,8243.5843369,,,162.07,127.75,,,,76.12,7.97,,,,,,,,
NG08307,A176440,에이치엔티,(주)미래오토스,131111-0218642,129-86-26455,2008-10-06,2016-11-28,2022-06-27,폐업,12.0,중소기업,,,"N45203.전자장비와 기기, 부품",C00000.제조업(10~34),"C26000.전자 부품, 컴퓨터, 영상, 음향 및 통신장비 제조업",코스닥,기업의 계속성 및 경영의 투명성 등을 종합적을 고려하여 상장폐지기준에 해당한다고 결정,기업의계속성_경영의투명성종합판단,2017,-0.1033563,-0.821602,-1.2866121,-10.34,0.014681,0.173913,,,,0.0168213,-0.0202468,0.0322304,,,,,,3.9,4.2577219,,,15.78,14.48,,,,,"1,053,609.38",,,17450.3262263,-227.2996584,,3794.8826252,,,129.37,99.68,,,,108.87,2.14,,,,,,,,
NG08307,A176440,에이치엔티,(주)미래오토스,131111-0218642,129-86-26455,2008-10-06,2016-11-28,2022-06-27,폐업,12.0,중소기업,,,"N45203.전자장비와 기기, 부품",C00000.제조업(10~34),"C26000.전자 부품, 컴퓨터, 영상, 음향 및 통신장비 제조업",코스닥,기업의 계속성 및 경영의 투명성 등을 종합적을 고려하여 상장폐지기준에 해당한다고 결정,기업의계속성_경영의투명성종합판단,2018,0.01192,0.7534351,1.1152353,1.19,-0.0920132,0.037037,,,,0.0285054,0.0022549,0.059417,,,,,,3.72,3.433512,,,14.83,11.92,,,,,"923,944.98",,,11473.1615715,17.4739222,,3840.1175281,,,132.07,107.28,,,,108.01,4.9,,,,,,,,
NG08307,A176440,에이치엔티,(주)미래오토스,131111-0218642,129-86-26455,2008-10-06,2016-11-28,2022-06-27,폐업,12.0,중소기업,,,"N45203.전자장비와 기기, 부품",C00000.제조업(10~34),"C26000.전자 부품, 컴퓨터, 영상, 음향 및 통신장비 제조업",코스닥,기업의 계속성 및 경영의 투명성 등을 종합적을 고려하여 상장폐지기준에 해당한다고 결정,기업의계속성_경영의투명성종합판단,2019,-0.0200136,-0.544471,-54.2509853,-2.,-0.4456052,-0.0952381,,,,0.0128003,-0.1183656,0.0271787,,,,,,2.07,1.8452853,,,18.16,3.76,,,,,"1,135,076.88",,,1306.7391186,-163.0900608,,576.9716819,,,101.15,101.15,,,,116.73,.92,,,,,,,,
NG08307,A176440,에이치엔티,(주)미래오토스,131111-0218642,129-86-26455,2008-10-06,2016-11-28,2022-06-27,폐업,12.0,중소기업,,,"N45203.전자장비와 기기, 부품",C00000.제조업(10~34),"C26000.전자 부품, 컴퓨터, 영상, 음향 및 통신장비 제조업",코스닥,기업의 계속성 및 경영의 투명성 등을 종합적을 고려하여 상장폐지기준에 해당한다고 결정,기업의계속성_경영의투명성종합판단,2020,-0.5670877,-9.322346,-0.8258215,-56.71,-0.889801,0.0657895,,,,-0.1386022,-0.2811819,-0.3189313,,,,,,0.32,0.2475471,,,,0.51,,,,,"858,189.91",,,128.9527077,-238.4591811,,226.6561312,,,103.99,103.99,,,,161.,-4.11,,,,,,,,
NG08307,A176440,에이치엔티,(주)미래오토스,131111-0218642,129-86-26455,2008-10-06,2016-11-28,2022-06-27,폐업,12.0,중소기업,,,"N45203.전자장비와 기기, 부품",C00000.제조업(10~34),"C26000.전자 부품, 컴퓨터, 영상, 음향 및 통신장비 제조업",코스닥,기업의 계속성 및 경영의 투명성 등을 종합적을 고려하여 상장폐지기준에 해당한다고 결정,기업의계속성_경영의투명성종합판단,2021,-0.353113,0.4282956,0.7369507,-35.31,-0.6681067,-0.7654321,,,,-0.1648665,-0.1538918,-0.3664583,,,,,,0.21,0.1756984,,,"1,050.04",0.99,,,,,"1,512,159.03",,,43.8026592,-64.1655007,,171.9008524,,,225.,224.91,,,,62.42,-10.75,,,,,,,,
NG08307,A176440,에이치엔티,(주)미래오토스,131111-0218642,129-86-26455,2008-10-06,2016-11-28,2022-06-27,폐업,12.0,중소기업,,,"N45203.전자장비와 기기, 부품",C00000.제조업(10~34),"C26000.전자 부품, 컴퓨터, 영상, 음향 및 통신장비 제조업",코스닥,기업의 계속성 및 경영의 투명성 등을 종합적을 고려하여 상장폐지기준에 해당한다고 결정,기업의계속성_경영의투명성종합판단,2022,,,,,,,,,,,,,,,,,,,,,,,,,,,,,,,,,,,,,,,,,,,,,,,,,,,
NG08307,A176440,에이치엔티,(주)미래오토스,131111-0218642,129-86-26455,2008-10-06,2016-11-28,2022-06-27,폐업,12.0,중소기업,,,"N45203.전자장비와 기기, 부품",C00000.제조업(10~34),"C26000.전자 부품, 컴퓨터, 영상, 음향 및 통신장비 제조업",코스닥,기업의 계속성 및 경영의 투명성 등을 종합적을 고려하여 상장폐지기준에 해당한다고 결정,기업의계속성_경영의투명성종합판단,2023,,,,,,,,,,,,,,,,,,,,,,,,,,,,,,,,,,,,,,,,,,,,,,,,,,,
NG08307,A176440,에이치엔티,(주)미래오토스,131111-0218642,129-86-26455,2008-10-06,2016-11-28,2022-06-27,폐업,12.0,중소기업,,,"N45203.전자장비와 기기, 부품",C00000.제조업(10~34),"C26000.전자 부품, 컴퓨터, 영상, 음향 및 통신장비 제조업",코스닥,기업의 계속성 및 경영의 투명성 등을 종합적을 고려하여 상장폐지기준에 해당한다고 결정,기업의계속성_경영의투명성종합판단,2024,,,,,,,,,,,,,,,,,,,,,,,,,,,,,,,,,,,,,,,,,,,,,,,,,,,
N294075,A181340,이즈미디어,(주)이즈미디어,135811-0087437,124-86-02685,2002-11-20,2017-07-26,2024-07-10,외감,12.0,중소기업,,이즈미디어,"N45203.전자장비와 기기, 부품",C00000.제조업(10~34),"C27000.의료, 정밀, 광학 기기 및 시계 제조업",코스닥,감사범위 제한,감사범위제한,2014,,,,,,,,,,,,,,,,39.63,,,,,,,,,,"82,693,620.","2,615,060.",,,,,,,,481.12,,,,,,,,,16.67,32.89,8.69,9.09,,,,"30,593,592,000."
N294075,A181340,이즈미디어,(주)이즈미디어,135811-0087437,124-86-02685,2002-11-20,2017-07-26,2024-07-10,외감,12.0,중소기업,,이즈미디어,"N45203.전자장비와 기기, 부품",C00000.제조업(10~34),"C27000.의료, 정밀, 광학 기기 및 시계 제조업",코스닥,감사범위 제한,감사범위제한,2015,,,,,,,31.38,5.99,6.41,,,,14.66,.83,93.03,35.44,0.96,,,0.0,0.0,,,4.67,,"116,686,820.","4,079,200.",,,,,,,,562.04,41.75,,,32.32,35.46,286.34,,,7.6,16.42,4.44,4.67,,,,"40,185,639,000."
N294075,A181340,이즈미디어,(주)이즈미디어,135811-0087437,124-86-02685,2002-11-20,2017-07-26,2024-07-10,외감,12.0,중소기업,,이즈미디어,"N45203.전자장비와 기기, 부품",C00000.제조업(10~34),"C27000.의료, 정밀, 광학 기기 및 시계 제조업",코스닥,감사범위 제한,감사범위제한,2016,,,,,,,35.74,10.02,9.67,,,,22.2,1.04,89.21,32.45,0.89,,,0.0,121.0350809,,,4.09,,"124,955,500.","3,360,570.",,,,,,,,727.62,36.91,,,37.22,68.77,137.98,,,11.49,31.89,6.77,8.63,,,,"39,958,349,000."
N294075,A181340,이즈미디어,(주)이즈미디어,135811-0087437,124-86-02685,2002-11-20,2017-07-26,2024-07-10,외감,12.0,중소기업,,이즈미디어,"N45203.전자장비와 기기, 부품",C00000.제조업(10~34),"C27000.의료, 정밀, 광학 기기 및 시계 제조업",코스닥,감사범위 제한,감사범위제한,2017,0.6601108,-0.4419991,-0.9209775,66.01,0.2348536,0.1801802,27.98,4.53,0.62,0.0383972,0.0052478,0.0868596,1.19,.42,99.36,45.83,0.85,1.92,1.520436,0.0,105.2953849,5.13,2.73,2.71,,"104,317,570.","2,663,080.","434,952.87",,,6738.7154283,53.8558769,-87.4271036,5070.0746321,897.59,50.18,199.47,154.6,60.28,45.11,116.46,99.27,10.83,-1.78,-5.71,-.84,-1.22,,,,"56,503,232,000."
N294075,A181340,이즈미디어,(주)이즈미디어,135811-0087437,124-86-02685,2002-11-20,2017-07-26,2024-07-10,외감,12.0,중소기업,,이즈미디어,"N45203.전자장비와 기기, 부품",C00000.제조업(10~34),"C27000.의료, 정밀, 광학 기기 및 시계 제조업",코스닥,감사범위 제한,감사범위제한,2018,0.100462,0.7103918,9.646562,10.05,0.4826561,0.351145,22.17,5.22,4.44,0.0548668,0.0466766,0.1133342,9.64,.24,95.96,43.21,1.05,2.17,2.0368443,0.0,110.105535,5.77,2.84,3.,,"76,961,040.","1,591,910.","387,862.43",,,8937.6892853,497.6037246,-992.622928,5579.42436,996.33,46.91,169.95,128.79,26.88,58.84,186.31,113.19,21.81,8.8,32.18,4.46,4.3,,,,"68,988,907,000."
N294075,A181340,이즈미디어,(주)이즈미디어,135811-0087437,124-86-02685,2002-11-20,2017-07-26,2024-07-10,외감,12.0,중소기업,,이즈미디어,"N45203.전자장비와 기기, 부품",C00000.제조업(10~34),"C27000.의료, 정밀, 광학 기기 및 시계 제조업",코스닥,감사범위 제한,감사범위제한,2019,-0.0589009,-1.6407418,-1.5042374,-5.89,-0.1491636,0.0508475,14.94,-3.93,-2.63,-0.0336223,-0.0225096,-0.0714063,-4.78,.53,103.16,43.32,.86,1.82,1.6159178,0.0,171.239575,5.25,2.29,2.62,,"77,086,270.","4,470,290.","388,090.51",18.43,92.8,9531.0603114,-250.91042,1198.9449405,5250.7913235,932.62,47.28,180.23,147.76,74.56,40.47,183.94,111.52,-7.38,-3.38,-6.93,-1.72,-1.85,"1,600.27",20.34,101.51,"81,222,067,000."
N294075,A181340,이즈미디어,(주)이즈미디어,135811-0087437,124-86-02685,2002-11-20,2017-07-26,2024-07-10,외감,12.0,중소기업,,이즈미디어,"N45203.전자장비와 기기, 부품",C00000.제조업(10~34),"C27000.의료, 정밀, 광학 기기 및 시계 제조업",코스닥,감사범위 제한,감사범위제한,2020,-0.488168,-4.5153585,-9.1397039,-48.82,-0.6728529,-0.1935484,-27.55,-66.29,-81.59,-0.2284007,-0.2811191,-0.5373024,-66.13,2.16,168.08,29.64,.34,0.81,0.5992791,0.0,263.5311802,2.07,1.67,1.32,,"97,777,490.","8,700,340.","403,728.74",-2.55,-10.52,3109.1121893,-2536.8572108,-480.5216787,2664.1140788,431.21,35.51,129.45,90.16,68.2,133.4,57.48,181.61,-30.72,-49.32,-82.6,-31.77,-74.44,-118.19,-7.11,-752.12,"75,838,634,000."
N294075,A181340,이즈미디어,(주)이즈미디어,135811-0087437,124-86-02685,2002-11-20,2017-07-26,2024-07-10,외감,12.0,중소기업,,이즈미디어,"N45203.전자장비와 기기, 부품",C00000.제조업(10~34),"C27000.의료, 정밀, 광학 기기 및 시계 제조업",코스닥,감사범위 제한,감사범위제한,2021,-0.0603288,-0.2307042,-0.1079477,-6.03,1.1641715,0.0466667,19.8,-37.7,-41.77,-0.2975069,-0.3296519,-1.0069791,-111.58,5.57,140.71,23.54,.79,2.67,1.1200914,0.0,100.3223032,3.38,5.21,-672.26,,"118,193,400.","6,681,870.","377,692.9",10.83,34.62,6686.2344914,-2792.9864813,-2248.7934576,2527.3625665,454.99,25.06,82.14,46.21,12.37,,185.35,298.99,-6.77,-37.23,-57.17,-27.81,-39.91,612.34,13.6,347.15,"51,679,170,000."
N294075,A181340,이즈미디어,(주)이즈미디어,135811-0087437,124-86-02685,2002-11-20,2017-07-26,2024-07-10,외감,12.0,중소기업,,이즈미디어,"N45203.전자장비와 기기, 부품",C00000.제조업(10~34),"C27000.의료, 정밀, 광학 기기 및 시계 제조업",코스닥,감사범위 제한,감사범위제한,2022,0.622773,0.9370775,0.6748399,62.28,0.0612823,-0.4585987,25.17,-2.24,-12.8,-0.0173075,-0.0991026,-0.0498675,-28.55,5.42,106.16,33.28,.77,2.23,1.1859464,0.0,180.2192263,4.47,5.64,-12.15,,"262,140,130.","9,415,170.","764,313.28",,,3672.1242898,-469.9708742,634.2930744,1416.0444065,204.08,45.49,100.51,83.07,61.1,"3,437.66",278.17,119.81,-.41,-13.69,-17.44,-7.34,-9.28,,,,"68,803,564,000."
N294075,A181340,이즈미디어,(주)이즈미디어,135811-0087437,124-86-02685,2002-11-20,2017-07-26,2024-07-10,외감,12.0,중소기업,,이즈미디어,"N45203.전자장비와 기기, 부품",C00000.제조업(10~34),"C27000.의료, 정밀, 광학 기기 및 시계 제조업",코스닥,감사범위 제한,감사범위제한,2023,-0.6426603,-9.5850045,-0.653967,-64.27,-0.7468708,-0.7176471,-18.92,-93.47,-83.63,-0.2477627,-0.2216774,-0.6285261,-56.24,8.56,168.32,7.13,.27,0.67,0.4375739,0.0,266.0104676,3.36,3.37,-8.16,,"496,659,250.","23,445,170.","2,097,662.46",,,584.6666641,-532.4342242,,506.0088407,24.77,28.7,86.47,77.99,50.08,,49.14,248.47,-10.92,-46.34,-82.61,-30.5,-92.26,,,,"61,510,886,000."
N294075,A181340,이즈미디어,(주)이즈미디어,135811-0087437,124-86-02685,2002-11-20,2017-07-26,2024-07-10,외감,12.0,중소기업,,이즈미디어,"N45203.전자장비와 기기, 부품",C00000.제조업(10~34),"C27000.의료, 정밀, 광학 기기 및 시계 제조업",코스닥,감사범위 제한,감사범위제한,2024,,,,,,,,,,,,,,,,,,,,,,,,,,,,,,,,,,,,,,,,,,,,,,,,,,,"34,846,057,000."
N182421,A182690,테라셈,마이크로로봇(주),134411-0015932,126-81-46549,2000-06-30,2014-10-30,2022-10-17,일반,12.0,중소기업,,,N20106.기계,G00000.도매 및 소매업(45~47),G46000.도매 및 상품 중개업,코스닥,감사의견 거절(감사범위 제한),감사의견거절,2014,0.1312401,-0.042816,-0.1623481,13.12,0.1405058,0.084507,25.0,9.,7.,0.0849458,0.0639187,0.1989117,15.,2.,91.,60.49,1.,2.2,1.6411286,1.738621572,2.25141092,8.75,3.38,5.,,"101,957,470.","20,332,050.","283,187.71",,,,325.8071036,,1523.5372331,204.71,43.0,207.93,160.57,2.,44.,189.,132.07,4.95,214.04,,21.32,18.06,,,,
N182421,A182690,테라셈,마이크로로봇(주),134411-0015932,126-81-46549,2000-06-30,2014-10-30,2022-10-17,일반,12.0,중소기업,,,N20106.기계,G00000.도매 및 소매업(45~47),G46000.도매 및 상품 중개업,코스닥,감사의견 거절(감사범위 제한),감사의견거절,2015,0.1810812,0.2363147,0.1438574,18.11,0.3132346,0.6623377,24.0,9.,6.,0.090715,0.0631551,0.2124199,15.,2.,93.,56.69,1.,2.5,1.8616394,2.033271332,2.726246027,8.9,3.38,5.,,"65,711,340.","18,858,150.","200,288.91",,,,143.4655751,,1586.3551199,224.39,42.0,173.79,129.62,11.,60.,189.,135.93,5.42,53.19,,11.51,6.83,,,,
N182421,A182690,테라셈,마이크로로봇(주),134411-0015932,126-81-46549,2000-06-30,2014-10-30,2022-10-17,일반,12.0,중소기업,,,N20106.기계,G00000.도매 및 소매업(45~47),G46000.도매 및 상품 중개업,코스닥,감사의견 거절(감사범위 제한),감사의견거절,2016,0.2102485,0.2519515,0.7382593,21.02,0.2079655,-0.1796875,23.27,8.81,8.52,0.0789151,0.076281,0.2221946,21.48,1.66,90.31,,.9,2.52,1.3883709,1.35565547,1.70337089,7.87,2.71,7.61,,,,"217,579.17",,,,-314.3707657,,1219.4067278,,31.32,113.86,90.62,18.21,167.7,161.81,219.26,5.32,,,,,,,,
N182421,A182690,테라셈,마이크로로봇(주),134411-0015932,126-81-46549,2000-06-30,2014-10-30,2022-10-17,일반,12.0,중소기업,,,N20106.기계,G00000.도매 및 소매업(45~47),G46000.도매 및 상품 중개업,코스닥,감사의견 거절(감사범위 제한),감사의견거절,2017,0.0555065,-0.3065258,-0.7367967,5.55,0.0330304,-0.2571429,21.32,5.92,2.17,-0.3391734,-0.4117079,-0.4975955,5.02,1.59,98.02,,.76,0.77,1.6580725,1.525101867,2.017959521,6.72,2.47,11.13,,,,"206,736.78",,,478.1252222,-449.9304757,-264.5242095,770.8646342,,34.06,172.87,143.95,27.27,172.76,167.35,46.71,"-1,146.07",,,,,,,,
N182421,A182690,테라셈,마이크로로봇(주),134411-0015932,126-81-46549,2000-06-30,2014-10-30,2022-10-17,일반,12.0,중소기업,,,N20106.기계,G00000.도매 및 소매업(45~47),G46000.도매 및 상품 중개업,코스닥,감사의견 거절(감사범위 제한),감사의견거절,2018,-0.476473,-0.2601052,-0.0301411,-47.65,0.0877033,0.0,15.1,-13.34,-7.46,-0.371317,-0.36847,-0.8231199,-10.91,9.82,107.24,,.48,1.11,0.9088321,0.984075139,1.267383863,7.7,2.75,-17.97,,,,"197,252.26",,,278.6726422,-463.4918669,-134.6245621,389.9784768,,31.84,51.19,41.68,4.16,,108.46,264.87,-11.83,,,,,,,,
N182421,A182690,테라셈,마이크로로봇(주),134411-0015932,126-81-46549,2000-06-30,2014-10-30,2022-10-17,일반,12.0,중소기업,,,N20106.기계,G00000.도매 및 소매업(45~47),G46000.도매 및 상품 중개업,코스닥,감사의견 거절(감사범위 제한),감사의견거절,2019,1.1305713,0.358537,0.22432,113.06,0.4092072,-0.2051282,-2.56,-42.37,-114.65,-0.1811438,-0.2173661,-0.4908199,,13.83,201.89,,.49,1.45,0.8473558,1.179822221,1.533504967,17.48,3.99,-7.17,,,,"320,964.52",,,387.0381671,-348.0418441,37.0216296,740.1327203,,,117.34,114.18,.28,"1,769.54",70.72,126.88,-4.67,,,,,,,,
N182421,A182690,테라셈,마이크로로봇(주),134411-0015932,126-81-46549,2000-06-30,2014-10-30,2022-10-17,일반,12.0,중소기업,,,N20106.기계,G00000.도매 및 소매업(45~47),G46000.도매 및 상품 중개업,코스닥,감사의견 거절(감사범위 제한),감사의견거절,2020,1.3106223,0.8783137,0.3700079,131.06,0.4181391,-0.4677419,15.87,-2.48,15.68,-0.0123846,-0.0769383,-0.0265083,,6.06,87.5,,1.24,0.91,0.7995002,2.318371091,2.915396611,74.68,3.5,-108.25,,,,"1,219,989.17",,,453.2009038,-149.4728006,-9.1034455,1266.9748848,,7.18,62.77,61.49,14.42,,99.17,108.49,-0.24,,,,,,,,
N182421,A182690,테라셈,마이크로로봇(주),134411-0015932,126-81-46549,2000-06-30,2014-10-30,2022-10-17,일반,12.0,중소기업,,,N20106.기계,G00000.도매 및 소매업(45~47),G46000.도매 및 상품 중개업,코스닥,감사의견 거절(감사범위 제한),감사의견거절,2021,-0.2913815,-13.8755987,-1.431442,-29.14,-0.6991322,-0.5454546,23.89,14.44,13.34,-0.1409105,-0.1430851,-0.3306677,132.58,.65,86.44,,1.99,0.23,0.1708217,2.232457409,3.144318923,80.32,1.44,19.25,,,,"3,754,452.9",,,136.3535469,-363.4344475,16.2117376,897.8018299,,31.58,106.74,106.74,27.,101.92,92.36,171.6,-1.37,,,,,,,,
N182421,A182690,테라셈,마이크로로봇(주),134411-0015932,126-81-46549,2000-06-30,2014-10-30,2022-10-17,일반,12.0,중소기업,,,N20106.기계,G00000.도매 및 소매업(45~47),G46000.도매 및 상품 중개업,코스닥,감사의견 거절(감사범위 제한),감사의견거절,2022,,,,,,,22.36,11.15,12.63,,,,56.82,.18,87.58,,1.94,,,2.165081532,2.743161601,,,5.32,,,,,,,,,,,,54.58,,,9.96,38.38,149.8,,,,,,,,,,
N182421,A182690,테라셈,마이크로로봇(주),134411-0015932,126-81-46549,2000-06-30,2014-10-30,2022-10-17,일반,12.0,중소기업,,,N20106.기계,G00000.도매 및 소매업(45~47),G46000.도매 및 상품 중개업,코스닥,감사의견 거절(감사범위 제한),감사의견거절,2023,,,,,,,21.82,7.4,13.71,,,,31.65,.15,91.63,,1.42,,,1.531081023,1.827374603,,,2.67,,,,,,,,,,,,67.54,,,29.96,24.89,124.61,,,,,,,,,,
N182421,A182690,테라셈,마이크로로봇(주),134411-0015932,126-81-46549,2000-06-30,2014-10-30,2022-10-17,일반,12.0,중소기업,,,N20106.기계,G00000.도매 및 소매업(45~47),G46000.도매 및 상품 중개업,코스닥,감사의견 거절(감사범위 제한),감사의견거절,2024,,,,,,,23.51,2.89,3.14,,,,4.46,.16,95.34,,.97,,,1.065097998,1.278441655,,,1.62,,,,,,,,,,,,69.43,,,45.19,24.02,148.01,,,,,,,,,,
NH14002,A194510,파티게임즈,(주)넥스쳐,110111-4508151,120-87-63386,2011-01-05,2014-11-21,2020-09-09,외감,12.0,중소기업,,모다,N45103.소프트웨어,J00000.정보통신업(58~63),J58000.출판업,코스닥,감사의견거절(감사범위 제한),감사의견거절,2014,0.2034039,-0.6013862,-0.4839987,20.34,0.3369112,-0.2173913,100.0,1.1,3.74,0.0061522,0.0208803,0.0087108,2.96,2.4,99.08,65.49,.56,0.79,1.8986531,0.0,0.0,13.36,12.91,.84,,"4,083,000.",.,"222,550.9",,,6990.7344386,261.7437167,,6876.2472781,"1,275.25",70.63,868.74,868.74,463.68,.,,41.59,.46,8.66,12.33,2.54,4.58,,,,"44,793,758,000."
NH14002,A194510,파티게임즈,(주)넥스쳐,110111-4508151,120-87-63386,2011-01-05,2014-11-21,2020-09-09,외감,12.0,중소기업,,모다,N45103.소프트웨어,J00000.정보통신업(58~63),J58000.출판업,코스닥,감사의견거절(감사범위 제한),감사의견거절,2015,1.202725,-23.8875066,-16.3845329,120.27,-0.0557154,-0.0272109,100.0,-26.74,-61.0,-0.097129,-0.2215837,-0.1244994,-28.4,3.75,153.4,74.8,0.36,0.47,1.6523037,1184.6058257,49.2648009,8.61,11.34,0.61,,"3,927,830.",.,"446,233.44",,,3952.234354,-2418.7970484,,5761.1810078,"1,052.24",81.91,"1,689.35","1,689.35",907.98,.,,22.09,-7.12,-108.15,-138.89,-16.81,-73.09,,,,"44,711,159,000."
NH14002,A194510,파티게임즈,(주)넥스쳐,110111-4508151,120-87-63386,2011-01-05,2014-11-21,2020-09-09,외감,12.0,중소기업,,모다,N45103.소프트웨어,J00000.정보통신업(58~63),J58000.출판업,코스닥,감사의견거절(감사범위 제한),감사의견거절,2016,-0.2957946,-0.4770955,-0.5735357,-29.58,0.3356598,-0.2657343,100.0,-29.57,-71.86,-0.1222639,-0.2971359,-0.1568965,-38.13,2.4,167.7,62.99,0.41,0.53,1.8731309,2198.599748,67.181347,6.64,8.71,0.95,,"3,728,390.",.,"702,155.92",,,2591.0769252,-1841.9421164,,3985.858576,697.17,72.9,214.39,214.39,61.77,.,,37.18,-12.34,-140.43,-209.22,-34.6,-89.91,,,,"84,925,836,000."
NH14002,A194510,파티게임즈,(주)넥스쳐,110111-4508151,120-87-63386,2011-01-05,2014-11-21,2020-09-09,외감,12.0,중소기업,,모다,N45103.소프트웨어,J00000.정보통신업(58~63),J58000.출판업,코스닥,감사의견거절(감사범위 제한),감사의견거절,2017,0.6642702,0.6954482,-1.8926541,66.43,-0.0289974,-0.2571429,100.0,-9.27,-214.09,-0.0194824,-0.4497108,-0.0434029,-100.19,15.06,192.38,30.98,0.21,0.47,0.3811441,734.6598372,27.7818158,,8.34,-6.72,,"2,827,140.",.,"1,813,449.62",,,1533.844406,-3259.2296931,,3358.1596977,571.63,36.47,80.29,80.29,18.93,,,174.22,-.62,-48.77,-97.87,-31.44,-264.93,,,,"67,194,852,000."
NH14002,A194510,파티게임즈,(주)넥스쳐,110111-4508151,120-87-63386,2011-01-05,2014-11-21,2020-09-09,외감,12.0,중소기업,,모다,N45103.소프트웨어,J00000.정보통신업(58~63),J58000.출판업,코스닥,감사의견거절(감사범위 제한),감사의견거절,2018,-0.416458,0.5778695,1.3529126,-41.65,0.3603654,-0.3974359,100.0,-2.88,55.54,-0.006576,0.1269031,-0.0185221,35.74,10.72,81.58,22.95,.23,0.64,0.354268,1215.7276938,41.8797368,440.01,15.25,-1.97,,"3,200,020.",.,"3,432,800.49",,,1707.0288425,992.6383911,,1775.1753793,262.57,33.96,83.58,83.36,15.66,,,194.43,-.27,-50.29,-56.5,-24.87,-203.56,,,,"223,546,314,000."
NH14002,A194510,파티게임즈,(주)넥스쳐,110111-4508151,120-87-63386,2011-01-05,2014-11-21,2020-09-09,외감,12.0,중소기업,,모다,N45103.소프트웨어,J00000.정보통신업(58~63),J58000.출판업,코스닥,감사의견거절(감사범위 제한),감사의견거절,2019,0.0338479,5.1598322,-1.0082519,3.38,0.6046435,0.0638298,100.0,7.46,-.29,0.0349138,-0.0013366,0.1028028,-.39,4.53,102.78,22.99,.47,1.38,0.7086229,1217.7128908,52.3812187,415.09,19.15,-9.13,,"3,916,500.",.,"2,024,731.33",,,2722.0292098,49.6184104,,1822.0858898,271.95,33.96,99.7,99.53,29.2,,,194.47,1.65,-15.7,-22.7,-8.66,-75.01,,,,"140,062,809,000."
NH14002,A194510,파티게임즈,(주)넥스쳐,110111-4508151,120-87-63386,2011-01-05,2014-11-21,2020-09-09,외감,12.0,중소기업,,모다,N45103.소프트웨어,J00000.정보통신업(58~63),J58000.출판업,코스닥,감사의견거절(감사범위 제한),감사의견거절,2020,,,,,,,100.0,11.87,-4.78,,,,-7.03,3.66,101.24,20.86,.48,,,1219.7452663,86.5033892,,,-10.06,,"6,190,620.",.,,,,,,,,236.68,31.63,,,53.26,,,,,-24.05,-36.76,-14.72,-124.12,,,,"144,824,302,000."
NH14002,A194510,파티게임즈,(주)넥스쳐,110111-4508151,120-87-63386,2011-01-05,2014-11-21,2020-09-09,외감,12.0,중소기업,,모다,N45103.소프트웨어,J00000.정보통신업(58~63),J58000.출판업,코스닥,감사의견거절(감사범위 제한),감사의견거절,2021,,,,,,,100.0,22.61,16.21,,,,25.35,2.46,78.77,23.29,.53,,,1020.6524515,77.0684478,,,-7.64,,"6,523,630.",.,,,,,,,,297.72,36.35,,,52.83,,,,,-7.81,-14.78,-4.76,-59.86,,,,"138,940,266,000."
NH14002,A194510,파티게임즈,(주)넥스쳐,110111-4508151,120-87-63386,2011-01-05,2014-11-21,2020-09-09,외감,12.0,중소기업,,모다,N45103.소프트웨어,J00000.정보통신업(58~63),J58000.출판업,코스닥,감사의견거절(감사범위 제한),감사의견거절,2022,,,,,,,100.0,20.64,12.05,,,,14.61,1.74,82.34,27.97,.48,,,1281.8711494,110.4347761,,,-6.37,,"5,013,350.",.,,,,,,,,362.05,42.08,,,47.42,,,,,4.97,8.85,2.88,40.34,,,,"156,516,603,000."
NH14002,A194510,파티게임즈,(주)넥스쳐,110111-4508151,120-87-63386,2011-01-05,2014-11-21,2020-09-09,외감,12.0,중소기업,,모다,N45103.소프트웨어,J00000.정보통신업(58~63),J58000.출판업,코스닥,감사의견거절(감사범위 제한),감사의견거절,2023,,,,,,,97.7,17.99,2.6,,,,2.87,2.82,93.63,27.68,.46,,,1630.3358192,97.8238403,,,-4.61,,"3,236,330.",.,,,,,,,,370.55,41.83,,,31.22,,,,,-9.77,-12.71,-6.52,-89.52,,,,"158,470,631,000."
NH14002,A194510,파티게임즈,(주)넥스쳐,110111-4508151,120-87-63386,2011-01-05,2014-11-21,2020-09-09,외감,12.0,중소기업,,모다,N45103.소프트웨어,J00000.정보통신업(58~63),J58000.출판업,코스닥,감사의견거절(감사범위 제한),감사의견거절,2024,,,,,,,98.07,18.2,24.26,,,,22.93,2.17,79.87,35.09,.42,,,1641.5195076,73.1439265,,,-9.14,,"7,271,380.",.,,,,,,,,571.35,47.34,,,26.81,,,,,80.6,122.96,32.17,558.48,,,,"163,892,862,000."
N212447,A195440,퓨전,(주)퓨전,110111-2252289,107-86-01532,2001-06-01,2016-12-21,2021-06-10,일반,12.0,중소기업,,,N45103.소프트웨어,J00000.정보통신업(58~63),J58000.출판업,코스닥,감사의견 거절(감사범위 제한 및 계속기업 존속능력에 대한 불확실성),감사의견거절,2014,,,,,,,,,,,,,,,,,,,,,,,,,,,,,,,,,,,,,,,,,,,,,,,,,,,
N212447,A195440,퓨전,(주)퓨전,110111-2252289,107-86-01532,2001-06-01,2016-12-21,2021-06-10,일반,12.0,중소기업,,,N45103.소프트웨어,J00000.정보통신업(58~63),J58000.출판업,코스닥,감사의견 거절(감사범위 제한 및 계속기업 존속능력에 대한 불확실성),감사의견거절,2015,,,,,,,,,,,,,,,,,,,,,,,,,,,,,,,,,,,,,,,,,,,,,,,,,,,
N212447,A195440,퓨전,(주)퓨전,110111-2252289,107-86-01532,2001-06-01,2016-12-21,2021-06-10,일반,12.0,중소기업,,,N45103.소프트웨어,J00000.정보통신업(58~63),J58000.출판업,코스닥,감사의견 거절(감사범위 제한 및 계속기업 존속능력에 대한 불확실성),감사의견거절,2016,,,,,,0.4666667,,,,,,,,,,,,,,,,,,,,,,"268,843.52",,,,354.5172243,,5238.4286267,,,,,,,,,,,,,,,,52.3,
N212447,A195440,퓨전,(주)퓨전,110111-2252289,107-86-01532,2001-06-01,2016-12-21,2021-06-10,일반,12.0,중소기업,,,N45103.소프트웨어,J00000.정보통신업(58~63),J58000.출판업,코스닥,감사의견 거절(감사범위 제한 및 계속기업 존속능력에 대한 불확실성),감사의견거절,2017,,,,,,0.3636364,,,,,,,,,,,,,,,,,,,,,,"248,153.45",,,,-1969.585746,,1233.9976809,,,,,,,,,,,,,,,,-102.05,
N212447,A195440,퓨전,(주)퓨전,110111-2252289,107-86-01532,2001-06-01,2016-12-21,2021-06-10,일반,12.0,중소기업,,,N45103.소프트웨어,J00000.정보통신업(58~63),J58000.출판업,코스닥,감사의견 거절(감사범위 제한 및 계속기업 존속능력에 대한 불확실성),감사의견거절,2018,,,,,,0.1,,,,,,,,,,,,,,,,,,,,,,"195,205.19",,,,-1275.3421144,,23.8905816,,,,,,,,,,,,,,,,,
N212447,A195440,퓨전,(주)퓨전,110111-2252289,107-86-01532,2001-06-01,2016-12-21,2021-06-10,일반,12.0,중소기업,,,N45103.소프트웨어,J00000.정보통신업(58~63),J58000.출판업,코스닥,감사의견 거절(감사범위 제한 및 계속기업 존속능력에 대한 불확실성),감사의견거절,2019,,,,,,-0.5227273,,,,,,,,,,,,,,,,,,,,,,"602,528.53",,,,-154.7848694,,8263.9008661,,,,,,,,,,,,,,,,,
N212447,A195440,퓨전,(주)퓨전,110111-2252289,107-86-01532,2001-06-01,2016-12-21,2021-06-10,일반,12.0,중소기업,,,N45103.소프트웨어,J00000.정보통신업(58~63),J58000.출판업,코스닥,감사의견 거절(감사범위 제한 및 계속기업 존속능력에 대한 불확실성),감사의견거절,2020,,,,,,-0.9206349,,,,-0.2704747,-1.3986359,-1.0564541,,,,,,3.02,1.0398867,,,8.39,4.33,,,,,"6,844,602.4",,,3389.8250804,-6128.2349249,-896.9037002,1113.665597,,,63.43,50.36,,,,290.59,-2.17,,,,,,,,
N212447,A195440,퓨전,(주)퓨전,110111-2252289,107-86-01532,2001-06-01,2016-12-21,2021-06-10,일반,12.0,중소기업,,,N45103.소프트웨어,J00000.정보통신업(58~63),J58000.출판업,코스닥,감사의견 거절(감사범위 제한 및 계속기업 존속능력에 대한 불확실성),감사의견거절,2021,,,,,,,,,,,,,,,,,,,,,,,,,,,,,,,,,,,,,,,,,,,,,,,,,,,
N212447,A195440,퓨전,(주)퓨전,110111-2252289,107-86-01532,2001-06-01,2016-12-21,2021-06-10,일반,12.0,중소기업,,,N45103.소프트웨어,J00000.정보통신업(58~63),J58000.출판업,코스닥,감사의견 거절(감사범위 제한 및 계속기업 존속능력에 대한 불확실성),감사의견거절,2022,,,,,,,,,,,,,,,,,,,,,,,,,,,,,,,,,,,,,,,,,,,,,,,,,,,
N212447,A195440,퓨전,(주)퓨전,110111-2252289,107-86-01532,2001-06-01,2016-12-21,2021-06-10,일반,12.0,중소기업,,,N45103.소프트웨어,J00000.정보통신업(58~63),J58000.출판업,코스닥,감사의견 거절(감사범위 제한 및 계속기업 존속능력에 대한 불확실성),감사의견거절,2023,,,,,,,,,,,,,,,,,,,,,,,,,,,,,,,,,,,,,,,,,,,,,,,,,,,
N212447,A195440,퓨전,(주)퓨전,110111-2252289,107-86-01532,2001-06-01,2016-12-21,2021-06-10,일반,12.0,중소기업,,,N45103.소프트웨어,J00000.정보통신업(58~63),J58000.출판업,코스닥,감사의견 거절(감사범위 제한 및 계속기업 존속능력에 대한 불확실성),감사의견거절,2024,,,,,,,,,,,,,,,,,,,,,,,,,,,,,,,,,,,,,,,,,,,,,,,,,,,
N231006,A197210,리드,(주)리드,131111-0047463,129-81-33397,2000-03-23,2015-11-20,2020-05-14,일반,12.0,중소기업,,,N20106.기계,C00000.제조업(10~34),C29000.기타 기계 및 장비 제조업,코스닥,기업의 계속성 및 경영의 투명성 등을 종합적으로 고려하여 상장폐지기준에 해당한다고 결정,기업의계속성_경영의투명성종합판단,2014,,,,,,,15.5,4.1,4.78,0.056686,0.0660719,0.8360417,97.45,1.26,95.85,2.0,1.38,20.39,1.4832685,4.570904216,8.22311336,89.07,1.61,7.56,,,,"388,555.38",,,15008.7622699,717.1895246,-3297.5128588,521.0234076,41.65,6.78,123.98,121.94,3.03,8.49,328.05,"1,374.87",3.26,,,,,,,50.96,
N231006,A197210,리드,(주)리드,131111-0047463,129-81-33397,2000-03-23,2015-11-20,2020-05-14,일반,12.0,중소기업,,,N20106.기계,C00000.제조업(10~34),C29000.기타 기계 및 장비 제조업,코스닥,기업의 계속성 및 경영의 투명성 등을 종합적으로 고려하여 상장폐지기준에 해당한다고 결정,기업의계속성_경영의투명성종합판단,2015,3.9350388,0.0064862,-0.2110866,393.5,0.0526898,0.1132076,12.87,3.92,3.58,0.0591622,0.0540514,0.2835582,25.91,.67,96.53,27.53,1.51,7.23,1.9072855,3.483283342,9.425301372,81.87,2.02,4.8,,,,"479,005.23",,,10880.166446,389.6309946,1391.8816658,2120.0113046,324.01,36.03,201.38,196.59,7.48,4.72,327.26,177.55,5.84,,,,,,,57.06,
N231006,A197210,리드,(주)리드,131111-0047463,129-81-33397,2000-03-23,2015-11-20,2020-05-14,일반,12.0,중소기업,,,N20106.기계,C00000.제조업(10~34),C29000.기타 기계 및 장비 제조업,코스닥,기업의 계속성 및 경영의 투명성 등을 종합적으로 고려하여 상장폐지기준에 해당한다고 결정,기업의계속성_경영의투명성종합판단,2016,0.4057328,-0.6141469,-0.762364,40.57,-0.1696901,0.3728814,-0.19,-3.28,-5.06,0.016359,0.0092047,0.0546953,-38.81,2.02,106.3,,1.54,3.0,1.2813262,3.48232676,13.08431877,39.01,1.4,356.48,,,,"486,527.05",,,6948.6528401,71.2181369,-243.2922562,2591.028577,,18.52,136.07,132.63,5.59,,41.42,274.74,2.8,,,,,,,,
N231006,A197210,리드,(주)리드,131111-0047463,129-81-33397,2000-03-23,2015-11-20,2020-05-14,일반,12.0,중소기업,,,N20106.기계,C00000.제조업(10~34),C29000.기타 기계 및 장비 제조업,코스닥,기업의 계속성 및 경영의 투명성 등을 종합적으로 고려하여 상장폐지기준에 해당한다고 결정,기업의계속성_경영의투명성종합판단,2017,-0.4351919,-17.1174808,-63.0401967,-43.52,0.0557501,-0.7407407,-26.67,-30.63,-36.15,-0.2203002,-0.4771377,-0.9641187,,2.69,132.37,,1.25,3.47,1.0268459,7.89935897,10.54064926,60.88,1.48,-3.17,,,,"2,245,504.74",,,611.3521267,-512.2870499,38.456337,151.3737464,,,117.84,117.84,.89,,73.5,449.,-7.09,,,,,,,,
N231006,A197210,리드,(주)리드,131111-0047463,129-81-33397,2000-03-23,2015-11-20,2020-05-14,일반,12.0,중소기업,,,N20106.기계,C00000.제조업(10~34),C29000.기타 기계 및 장비 제조업,코스닥,기업의 계속성 및 경영의 투명성 등을 종합적으로 고려하여 상장폐지기준에 해당한다고 결정,기업의계속성_경영의투명성종합판단,2018,-3.0860567,0.5818324,-2.1082907,,-0.1225004,1.1904762,-13.73,-21.56,-28.73,-0.0882664,-1.4210043,1.0284626,,2.39,128.56,,1.1,,0.6134221,3.017675278,6.022326894,,1.91,-2.43,,,,"1,023,835.5",,,560.3784548,-1167.0752312,-323.001433,-1072.4786923,,28.85,64.62,64.62,10.26,,165.52,,-.98,,,,,,,,
N231006,A197210,리드,(주)리드,131111-0047463,129-81-33397,2000-03-23,2015-11-20,2020-05-14,일반,12.0,중소기업,,,N20106.기계,C00000.제조업(10~34),C29000.기타 기계 및 장비 제조업,코스닥,기업의 계속성 및 경영의 투명성 등을 종합적으로 고려하여 상장폐지기준에 해당한다고 결정,기업의계속성_경영의투명성종합판단,2019,,,,,,,0.69,-1.4,-3.13,,,,-39.43,1.55,103.11,,3.12,,,8.75515161,12.76751675,,,-30.26,,,,,,,,,,,,20.51,,,7.85,,177.74,,,,,,,,,,
N231006,A197210,리드,(주)리드,131111-0047463,129-81-33397,2000-03-23,2015-11-20,2020-05-14,일반,12.0,중소기업,,,N20106.기계,C00000.제조업(10~34),C29000.기타 기계 및 장비 제조업,코스닥,기업의 계속성 및 경영의 투명성 등을 종합적으로 고려하여 상장폐지기준에 해당한다고 결정,기업의계속성_경영의투명성종합판단,2020,,,,,,,0.17,-2.23,-5.01,,,,-94.92,1.86,104.97,,2.72,,,7.599826144,14.93313355,,,-9.93,,,,,,,,,,,,7.79,,,4.9,,130.45,,,,,,,,,,
N231006,A197210,리드,(주)리드,131111-0047463,129-81-33397,2000-03-23,2015-11-20,2020-05-14,일반,12.0,중소기업,,,N20106.기계,C00000.제조업(10~34),C29000.기타 기계 및 장비 제조업,코스닥,기업의 계속성 및 경영의 투명성 등을 종합적으로 고려하여 상장폐지기준에 해당한다고 결정,기업의계속성_경영의투명성종합판단,2021,,,,,,,6.29,4.79,1.43,,,,36.76,1.21,98.58,,3.56,,,9.102461991,11.3164968,,,-9.26,,,,,,,,,,,,19.11,,,15.3,,426.15,,,,,,,,,,
N231006,A197210,리드,(주)리드,131111-0047463,129-81-33397,2000-03-23,2015-11-20,2020-05-14,일반,12.0,중소기업,,,N20106.기계,C00000.제조업(10~34),C29000.기타 기계 및 장비 제조업,코스닥,기업의 계속성 및 경영의 투명성 등을 종합적으로 고려하여 상장폐지기준에 해당한다고 결정,기업의계속성_경영의투명성종합판단,2022,,,,,,,8.1,6.68,3.52,,,,28.7,1.2,95.2,,2.75,,,6.355172626,7.618609055,,,-12.8,,,,,,,,,,,,44.62,,,25.21,,476.35,,,,,,,,,,
N231006,A197210,리드,(주)리드,131111-0047463,129-81-33397,2000-03-23,2015-11-20,2020-05-14,일반,12.0,중소기업,,,N20106.기계,C00000.제조업(10~34),C29000.기타 기계 및 장비 제조업,코스닥,기업의 계속성 및 경영의 투명성 등을 종합적으로 고려하여 상장폐지기준에 해당한다고 결정,기업의계속성_경영의투명성종합판단,2023,,,,,,,14.05,11.87,8.76,,,,41.01,.91,89.04,,2.51,,,5.183645945,6.105833446,,,172.28,,,,,,,,,,,,62.17,,,23.61,50.94,483.04,,,,,,,,,,
N231006,A197210,리드,(주)리드,131111-0047463,129-81-33397,2000-03-23,2015-11-20,2020-05-14,일반,12.0,중소기업,,,N20106.기계,C00000.제조업(10~34),C29000.기타 기계 및 장비 제조업,코스닥,기업의 계속성 및 경영의 투명성 등을 종합적으로 고려하여 상장폐지기준에 해당한다고 결정,기업의계속성_경영의투명성종합판단,2024,,,,,,,12.77,9.97,9.13,,,,34.8,.44,88.82,,2.47,,,4.13888301,6.001435541,,,11.61,,,,,,,,,,,,66.62,,,69.76,60.42,485.35,,,,,,,,,,
NC63514,A204990,코썬바이오,(주)코썬바이오,110111-3505421,214-87-94321,2006-08-04,2016-12-09,2020-08-11,일반,12.0,중소기업,,,N30202.식품,C00000.제조업(10~34),C10000.식료품 제조업,코스닥,기업의 계속성 및 경영의 투명성 등을 종합적으로 고려하여 상장폐지기준에 해당한다고 결정,기업의계속성_경영의투명성종합판단,2014,,,,,,,,,,,,,,,,,,,,,,,,,,,,,,,,,,,,,,,,,,,,,,,,,,,
NC63514,A204990,코썬바이오,(주)코썬바이오,110111-3505421,214-87-94321,2006-08-04,2016-12-09,2020-08-11,일반,12.0,중소기업,,,N30202.식품,C00000.제조업(10~34),C10000.식료품 제조업,코스닥,기업의 계속성 및 경영의 투명성 등을 종합적으로 고려하여 상장폐지기준에 해당한다고 결정,기업의계속성_경영의투명성종합판단,2015,,,,,,0.0537634,,,,,,,,,,,,,,,,,,,,,,"281,610.37",,,,399.0593,,1309.1065,,,,,,,,,,,,,,,,,
NC63514,A204990,코썬바이오,(주)코썬바이오,110111-3505421,214-87-94321,2006-08-04,2016-12-09,2020-08-11,일반,12.0,중소기업,,,N30202.식품,C00000.제조업(10~34),C10000.식료품 제조업,코스닥,기업의 계속성 및 경영의 투명성 등을 종합적으로 고려하여 상장폐지기준에 해당한다고 결정,기업의계속성_경영의투명성종합판단,2016,,,,,,0.0816327,,,,,,,,,,,,,,,,,,,,,,"390,455.84",,,,335.5421892,,2059.2607176,,,,,,,,,,,,,,,,,
NC63514,A204990,코썬바이오,(주)코썬바이오,110111-3505421,214-87-94321,2006-08-04,2016-12-09,2020-08-11,일반,12.0,중소기업,,,N30202.식품,C00000.제조업(10~34),C10000.식료품 제조업,코스닥,기업의 계속성 및 경영의 투명성 등을 종합적으로 고려하여 상장폐지기준에 해당한다고 결정,기업의계속성_경영의투명성종합판단,2017,-0.5526819,-1.2839397,0.1961628,-55.27,-0.8462248,-0.0660377,,,,-0.0179193,-0.0574395,-0.0201021,,,,,,0.22,1.8453659,,,10.21,0.57,,,,,"863,509.41",,,901.1558414,-296.7654004,,3608.801826,,,527.45,500.21,,,,12.18,"-1,441.11",,,,,,,,
NC63514,A204990,코썬바이오,(주)코썬바이오,110111-3505421,214-87-94321,2006-08-04,2016-12-09,2020-08-11,일반,12.0,중소기업,,,N30202.식품,C00000.제조업(10~34),C10000.식료품 제조업,코스닥,기업의 계속성 및 경영의 투명성 등을 종합적으로 고려하여 상장폐지기준에 해당한다고 결정,기업의계속성_경영의투명성종합판단,2018,-0.5243646,-9.4649829,-7.1053149,-52.44,-0.6282082,-0.2424242,,,,-0.2480913,-0.6159324,-0.2851227,,,,,,0.11,0.758898,,,3.89,0.21,,,,,"1,274,179.75",,,269.9173808,-1883.3241817,,1716.4738929,,,363.46,329.06,,,,20.7,-230.74,,,,,,,,
NC63514,A204990,코썬바이오,(주)코썬바이오,110111-3505421,214-87-94321,2006-08-04,2016-12-09,2020-08-11,일반,12.0,중소기업,,,N30202.식품,C00000.제조업(10~34),C10000.식료품 제조업,코스닥,기업의 계속성 및 경영의 투명성 등을 종합적으로 고려하여 상장폐지기준에 해당한다고 결정,기업의계속성_경영의투명성종합판단,2019,-0.910314,-0.1865377,0.1592705,-91.03,-0.717413,-0.3466667,,,,-0.7097142,-1.2484749,-0.9632009,,,,,,0.09,0.2551683,,,1.62,0.06,,,,,"829,385.87",,,84.9377157,-1579.163526,,152.531521,,,60.11,49.32,,,,203.18,-71.05,,,,,,,,
NC63514,A204990,코썬바이오,(주)코썬바이오,110111-3505421,214-87-94321,2006-08-04,2016-12-09,2020-08-11,일반,12.0,중소기업,,,N30202.식품,C00000.제조업(10~34),C10000.식료품 제조업,코스닥,기업의 계속성 및 경영의 투명성 등을 종합적으로 고려하여 상장폐지기준에 해당한다고 결정,기업의계속성_경영의투명성종합판단,2020,,,,,,,,,,,,,,,,,,,,,,,,,,,,,,,,,,,,,,,,,,,,,,,,,,,
NC63514,A204990,코썬바이오,(주)코썬바이오,110111-3505421,214-87-94321,2006-08-04,2016-12-09,2020-08-11,일반,12.0,중소기업,,,N30202.식품,C00000.제조업(10~34),C10000.식료품 제조업,코스닥,기업의 계속성 및 경영의 투명성 등을 종합적으로 고려하여 상장폐지기준에 해당한다고 결정,기업의계속성_경영의투명성종합판단,2021,,,,,,,,,,,,,,,,,,,,,,,,,,,,,,,,,,,,,,,,,,,,,,,,,,,
NC63514,A204990,코썬바이오,(주)코썬바이오,110111-3505421,214-87-94321,2006-08-04,2016-12-09,2020-08-11,일반,12.0,중소기업,,,N30202.식품,C00000.제조업(10~34),C10000.식료품 제조업,코스닥,기업의 계속성 및 경영의 투명성 등을 종합적으로 고려하여 상장폐지기준에 해당한다고 결정,기업의계속성_경영의투명성종합판단,2022,,,,,,,,,,,,,,,,,,,,,,,,,,,,,,,,,,,,,,,,,,,,,,,,,,,
NC63514,A204990,코썬바이오,(주)코썬바이오,110111-3505421,214-87-94321,2006-08-04,2016-12-09,2020-08-11,일반,12.0,중소기업,,,N30202.식품,C00000.제조업(10~34),C10000.식료품 제조업,코스닥,기업의 계속성 및 경영의 투명성 등을 종합적으로 고려하여 상장폐지기준에 해당한다고 결정,기업의계속성_경영의투명성종합판단,2023,,,,,,,,,,,,,,,,,,,,,,,,,,,,,,,,,,,,,,,,,,,,,,,,,,,
NC63514,A204990,코썬바이오,(주)코썬바이오,110111-3505421,214-87-94321,2006-08-04,2016-12-09,2020-08-11,일반,12.0,중소기업,,,N30202.식품,C00000.제조업(10~34),C10000.식료품 제조업,코스닥,기업의 계속성 및 경영의 투명성 등을 종합적으로 고려하여 상장폐지기준에 해당한다고 결정,기업의계속성_경영의투명성종합판단,2024,,,,,,,,,,,,,,,,,,,,,,,,,,,,,,,,,,,,,,,,,,,,,,,,,,,
NC80653,A208340,파멥신,(주)파멥신,160111-0247141,314-86-00316,2008-09-02,2018-11-21,2026-01-27,외감,12.0,중소기업,,,N35202.제약,C00000.제조업(10~34),C21000.의료용 물질 및 의약품 제조업,코스닥,기업의 계속성 및 경영의 투명성 등을 종합적으로 고려하여 상장폐지기준에 해당한다고 결정,기업의계속성_경영의투명성종합판단,2014,,,,,,,,,,-0.0029188,-0.0032436,-0.0034358,,,,,,,,,,,,,,,,,-7.41,-115.14,,,,,,,,,,,,17.71,-3.87,-182.58,,-40.64,,-140.17,-25.59,,
NC80653,A208340,파멥신,(주)파멥신,160111-0247141,314-86-00316,2008-09-02,2018-11-21,2026-01-27,외감,12.0,중소기업,,,N35202.제약,C00000.제조업(10~34),C21000.의료용 물질 및 의약품 제조업,코스닥,기업의 계속성 및 경영의 투명성 등을 종합적으로 고려하여 상장폐지기준에 해당한다고 결정,기업의계속성_경영의투명성종합판단,2015,0.0022892,-3.5891064,1.5995425,.23,,,,,,-0.0133522,0.0019385,-0.0157493,,,,,,,,,,,,,,,,,-28.18,-565.19,,,,,,,"233,529.14","233,529.14",,,,18.19,-3.3,-185.38,,-46.89,,-706.33,-131.89,,
NC80653,A208340,파멥신,(주)파멥신,160111-0247141,314-86-00316,2008-09-02,2018-11-21,2026-01-27,외감,12.0,중소기업,,,N35202.제약,C00000.제조업(10~34),C21000.의료용 물질 및 의약품 제조업,코스닥,기업의 계속성 및 경영의 투명성 등을 종합적으로 고려하여 상장폐지기준에 해당한다고 결정,기업의계속성_경영의투명성종합판단,2016,0.0003789,0.178658,-0.8341124,.04,,,,,,-0.0109126,0.00032,-0.0129183,,,,,,,,,,,,,,,,,,,,,,,,,,,,,,18.57,-2.63,-142.89,,-48.48,,,,,
NC80653,A208340,파멥신,(주)파멥신,160111-0247141,314-86-00316,2008-09-02,2018-11-21,2026-01-27,외감,12.0,중소기업,,,N35202.제약,C00000.제조업(10~34),C21000.의료용 물질 및 의약품 제조업,코스닥,기업의 계속성 및 경영의 투명성 등을 종합적으로 고려하여 상장폐지기준에 해당한다고 결정,기업의계속성_경영의투명성종합판단,2017,,,,,,,,,,,,,,,,,,,,,,,,,,,,,,,,,,,,,,,,,,,,-121.96,,-85.,,,,,
NC80653,A208340,파멥신,(주)파멥신,160111-0247141,314-86-00316,2008-09-02,2018-11-21,2026-01-27,외감,12.0,중소기업,,,N35202.제약,C00000.제조업(10~34),C21000.의료용 물질 및 의약품 제조업,코스닥,기업의 계속성 및 경영의 투명성 등을 종합적으로 고려하여 상장폐지기준에 해당한다고 결정,기업의계속성_경영의투명성종합판단,2018,,,,,,0.0434783,100.0,"-350,051.85","-353,205.52",-0.0990672,-0.0999597,-0.1056531,-10.66,"1,393.97","2,142.92",,.,,0.000454,0.0,0.0,,,.,,,,"1,610,685.08",-15.25,-589.39,,,,,,93.77,"4,359.47","4,359.47","1,983.94",.,.,6.65,-251.12,-158.59,,-9.89,,"-3,651.28","-298,506.33",-20.62,
NC80653,A208340,파멥신,(주)파멥신,160111-0247141,314-86-00316,2008-09-02,2018-11-21,2026-01-27,외감,12.0,중소기업,,,N35202.제약,C00000.제조업(10~34),C21000.의료용 물질 및 의약품 제조업,코스닥,기업의 계속성 및 경영의 투명성 등을 종합적으로 고려하여 상장폐지기준에 해당한다고 결정,기업의계속성_경영의투명성종합판단,2019,0.03587,-0.4615202,-0.4562179,3.59,,0.625,,,,-0.0874323,-0.0879,-0.1516935,-15.25,,203.36,,.,,,0.0,0.0014505,,,.,,,,"2,969,293.12",,,,,,,,42.01,"5,190.04","5,190.04","1,761.65",.,.,138.03,-2.38,-8.8,,-5.09,,,,,"69,786,202,000."
NC80653,A208340,파멥신,(주)파멥신,160111-0247141,314-86-00316,2008-09-02,2018-11-21,2026-01-27,외감,12.0,중소기업,,,N35202.제약,C00000.제조업(10~34),C21000.의료용 물질 및 의약품 제조업,코스닥,기업의 계속성 및 경영의 투명성 등을 종합적으로 고려하여 상장폐지기준에 해당한다고 결정,기업의계속성_경영의투명성종합판단,2020,-0.3255734,-1.5243966,-2.0199863,-32.56,,0.4615385,100.0,"-42,641.26","-51,285.43",-0.1729883,-0.2080563,-0.4494727,-54.06,"12,413.16",406.48,,.,,0.0006595,0.0,0.0,,,.,,,,"2,624,407.38",,,,,,,,34.23,117.88,117.88,44.35,.,.,192.14,-3.44,-30.08,,-19.23,,,,,"161,346,976,000."
NC80653,A208340,파멥신,(주)파멥신,160111-0247141,314-86-00316,2008-09-02,2018-11-21,2026-01-27,외감,12.0,중소기업,,,N35202.제약,C00000.제조업(10~34),C21000.의료용 물질 및 의약품 제조업,코스닥,기업의 계속성 및 경영의 투명성 등을 종합적으로 고려하여 상장폐지기준에 해당한다고 결정,기업의계속성_경영의투명성종합판단,2021,0.1137199,-0.4985017,-0.4353429,11.37,0.1317329,-0.122807,100.0,"-56,460.31","-65,043.78",-0.3782825,-0.4357914,-0.7911239,-91.14,"6,433.24",872.04,,.,,0.0012839,0.0,0.1436181,,9.97,.,,,,"2,083,400.33",,,,,,,,74.29,285.,285.,258.96,.,1.16,34.6,-8.78,-262.08,,-63.45,,,,,"133,553,213,000."
NC80653,A208340,파멥신,(주)파멥신,160111-0247141,314-86-00316,2008-09-02,2018-11-21,2026-01-27,외감,12.0,중소기업,,,N35202.제약,C00000.제조업(10~34),C21000.의료용 물질 및 의약품 제조업,코스닥,기업의 계속성 및 경영의 투명성 등을 종합적으로 고려하여 상장폐지기준에 해당한다고 결정,기업의계속성_경영의투명성종합판단,2022,-0.5130882,0.3906706,0.3062425,-51.31,2.0517593,-0.04,100.0,"-11,273.15","-14,786.43",-0.427781,-0.5610991,-0.6152942,-80.71,246.17,"1,451.25",,.,0.01,0.0124517,0.0,0.3323549,,25.82,.01,,,,"1,154,188.61",,,,,,,,61.43,458.48,458.48,292.24,.,,62.79,-45.79,-211.59,,-79.88,,,,,"68,531,242,000."
NC80653,A208340,파멥신,(주)파멥신,160111-0247141,314-86-00316,2008-09-02,2018-11-21,2026-01-27,외감,12.0,중소기업,,,N35202.제약,C00000.제조업(10~34),C21000.의료용 물질 및 의약품 제조업,코스닥,기업의 계속성 및 경영의 투명성 등을 종합적으로 고려하여 상장폐지기준에 해당한다고 결정,기업의계속성_경영의투명성종합판단,2023,-0.3310017,0.480389,0.5336405,-33.1,-0.6371504,-0.3333333,100.0,"-16,143.47","-19,004.54",-0.3609646,-0.4249377,-0.5849789,-68.87,"1,827.18",754.93,,.,,0.0058389,0.0,1.006566,,61.95,.01,,,,"1,084,439.44",,,,,,,,62.12,287.71,287.71,161.47,.,.,60.97,-8.84,-103.68,,-45.55,,,,,"40,356,685,000."
NC80653,A208340,파멥신,(주)파멥신,160111-0247141,314-86-00316,2008-09-02,2018-11-21,2026-01-27,외감,12.0,중소기업,,,N35202.제약,C00000.제조업(10~34),C21000.의료용 물질 및 의약품 제조업,코스닥,기업의 계속성 및 경영의 투명성 등을 종합적으로 고려하여 상장폐지기준에 해당한다고 결정,기업의계속성_경영의투명성종합판단,2024,1.8756019,0.3626503,0.6543846,187.56,50.8321461,,11.55,-198.51,-126.72,-0.1904816,-0.1215987,-0.2399992,-15.32,2.82,155.95,,.1,0.12,0.4650802,0.0,0.159954,45.12,4.28,.14,,,,"1,112,681.96",,,,,,,,87.85,"1,280.56","1,275.87",221.17,.4,156.59,13.84,-70.36,-67.34,,-11.21,,,,,"26,695,808,000."
NF89146,A214310,에스엘에너지,(주)로아앤코,131111-0191004,129-86-11651,2007-07-04,2015-06-25,2024-12-23,외감,12.0,중소기업,,로아앤코,N45301.반도체 및 반도체장비,"M00000.전문, 과학 및 기술 서비스업(70~73)",M71000.전문 서비스업,코스닥,기업의 계속성 및 경영의 투명성 등을 종합적으로 고려하여 상장폐지기준에 해당한다고 결정,기업의계속성_경영의투명성종합판단,2014,,,,,,,24.19,17.89,12.95,,,,48.01,.62,84.57,42.81,1.62,,,0.0,167.3060528,,,-26.49,,"83,103,310.","70,162,830.",,,,,,,,799.15,49.47,,,19.02,,90.32,,,46.7,129.66,23.91,18.86,,,,"20,825,563,000."
NF89146,A214310,에스엘에너지,(주)로아앤코,131111-0191004,129-86-11651,2007-07-04,2015-06-25,2024-12-23,외감,12.0,중소기업,,로아앤코,N45301.반도체 및 반도체장비,"M00000.전문, 과학 및 기술 서비스업(70~73)",M71000.전문 서비스업,코스닥,기업의 계속성 및 경영의 투명성 등을 종합적으로 고려하여 상장폐지기준에 해당한다고 결정,기업의계속성_경영의투명성종합판단,2015,0.7758893,-0.2236897,-0.1774057,77.59,0.1893083,0.1707317,20.41,11.68,8.96,0.1534249,0.1176821,0.2530358,19.41,.46,90.29,67.15,1.31,2.17,3.3380948,0.0,224.8378369,17.17,7.56,8.61,,"100,211,970.","85,769,590.","224,188.",,,7676.9385141,1093.005834,,6664.7814642,"1,254.48",69.46,247.76,218.36,33.41,19.89,225.18,43.97,25.56,68.89,133.47,21.27,17.88,,,,"38,470,971,000."
NF89146,A214310,에스엘에너지,(주)로아앤코,131111-0191004,129-86-11651,2007-07-04,2015-06-25,2024-12-23,외감,12.0,중소기업,,로아앤코,N45301.반도체 및 반도체장비,"M00000.전문, 과학 및 기술 서비스업(70~73)",M71000.전문 서비스업,코스닥,기업의 계속성 및 경영의 투명성 등을 종합적으로 고려하여 상장폐지기준에 해당한다고 결정,기업의계속성_경영의투명성종합판단,2016,-0.0848509,-2.2468151,-3.3381751,-8.49,0.0363556,0.4270833,22.85,-14.05,-20.2,-0.1395116,-0.200678,-0.2574943,-37.04,1.12,120.01,39.3,0.99,1.83,2.1676741,0.0,188.8967755,18.25,4.6,8.49,,"67,738,580.","56,972,460.","215,323.14",7.3,23.22,6461.122803,-1868.8253898,,3410.8102641,609.94,43.68,98.53,88.02,23.52,,317.15,128.93,-12.56,-16.24,-28.12,-9.14,-10.79,27.61,7.28,230.68,"48,661,379,000."
NF89146,A214310,에스엘에너지,(주)로아앤코,131111-0191004,129-86-11651,2007-07-04,2015-06-25,2024-12-23,외감,12.0,중소기업,,로아앤코,N45301.반도체 및 반도체장비,"M00000.전문, 과학 및 기술 서비스업(70~73)",M71000.전문 서비스업,코스닥,기업의 계속성 및 경영의 투명성 등을 종합적으로 고려하여 상장폐지기준에 해당한다고 결정,기업의계속성_경영의투명성종합판단,2017,-0.4661621,0.989106,-0.210775,-46.62,-0.1906385,0.0875912,21.99,-0.19,-30.23,-0.0014271,-0.2281508,-0.0038272,-61.19,9.47,131.65,24.73,0.75,2.02,1.2036388,0.0,292.1046071,14.56,4.43,-5.78,,"55,131,220.","45,990,260.","205,391.23",7.7,28.69,992.2791445,-318.154561,,370.6966957,305.86,29.26,59.1,51.55,14.25,,549.42,241.71,-.02,-22.9,-26.42,-15.68,-17.29,34.39,9.89,208.8,"70,810,853,000."
NF89146,A214310,에스엘에너지,(주)로아앤코,131111-0191004,129-86-11651,2007-07-04,2015-06-25,2024-12-23,외감,12.0,중소기업,,로아앤코,N45301.반도체 및 반도체장비,"M00000.전문, 과학 및 기술 서비스업(70~73)",M71000.전문 서비스업,코스닥,기업의 계속성 및 경영의 투명성 등을 종합적으로 고려하여 상장폐지기준에 해당한다고 결정,기업의계속성_경영의투명성종합판단,2018,0.8962511,-50.6352862,-0.1898779,89.63,-0.3401393,-0.1711409,13.61,-14.79,-54.5,-0.0775514,-0.2857012,-0.1960492,-72.23,10.64,140.35,41.54,.52,1.33,0.8672423,0.0,162.8431471,12.91,4.12,-3.68,,"65,211,160.","39,934,580.","235,193.99",5.53,19.94,506.2876354,-288.7138916,,487.2727579,409.89,48.56,96.53,90.59,39.86,,"1,043.72",105.91,-1.39,-34.32,-51.32,-17.38,-34.9,32.57,10.14,254.22,"56,424,586,000."
NF89146,A214310,에스엘에너지,(주)로아앤코,131111-0191004,129-86-11651,2007-07-04,2015-06-25,2024-12-23,외감,12.0,중소기업,,로아앤코,N45301.반도체 및 반도체장비,"M00000.전문, 과학 및 기술 서비스업(70~73)",M71000.전문 서비스업,코스닥,기업의 계속성 및 경영의 투명성 등을 종합적으로 고려하여 상장폐지기준에 해당한다고 결정,기업의계속성_경영의투명성종합판단,2019,-0.1636109,0.1189774,-0.3577487,-16.36,-0.2378396,-0.3562753,13.98,-17.1,-97.1,-0.0776389,-0.4407928,-0.1436573,-81.56,12.91,181.33,47.28,.45,0.84,0.9878656,0.0,376.8889615,13.91,3.27,-7.89,,"71,279,350.","33,224,770.","334,557.42",-14.09,-66.12,334.8088746,-325.0844037,,316.8696029,236.73,62.47,66.58,56.29,14.99,,310.22,60.07,-1.32,-112.86,-201.66,-41.54,-73.52,-141.86,-31.03,-100.59,"64,473,790,000."
NF89146,A214310,에스엘에너지,(주)로아앤코,131111-0191004,129-86-11651,2007-07-04,2015-06-25,2024-12-23,외감,12.0,중소기업,,로아앤코,N45301.반도체 및 반도체장비,"M00000.전문, 과학 및 기술 서비스업(70~73)",M71000.전문 서비스업,코스닥,기업의 계속성 및 경영의 투명성 등을 종합적으로 고려하여 상장폐지기준에 해당한다고 결정,기업의계속성_경영의투명성종합판단,2020,0.7349483,0.1949227,0.9263991,73.49,0.185647,0.1257862,15.13,-11.61,-6.03,-0.0632205,-0.0328139,-0.092848,-4.82,3.66,103.08,40.35,.54,0.8,1.7061162,0.0,169.4752671,11.45,4.41,-14.2,,"33,052,660.","18,125,830.","296,178.26",19.47,174.51,1108.6206854,-66.8205252,,1140.8843272,128.19,71.81,105.72,85.04,15.15,361.72,323.49,39.25,-3.17,3.17,8.36,.89,1.98,318.22,36.06,84.82,"41,920,291,000."
NF89146,A214310,에스엘에너지,(주)로아앤코,131111-0191004,129-86-11651,2007-07-04,2015-06-25,2024-12-23,외감,12.0,중소기업,,로아앤코,N45301.반도체 및 반도체장비,"M00000.전문, 과학 및 기술 서비스업(70~73)",M71000.전문 서비스업,코스닥,기업의 계속성 및 경영의 투명성 등을 종합적으로 고려하여 상장폐지기준에 해당한다고 결정,기업의계속성_경영의투명성종합판단,2021,0.0463903,-1.2032888,-1.9223412,4.64,-0.2342062,-0.6480447,11.07,-33.41,-23.,-0.1065941,-0.0733827,-0.1575862,-10.85,12.24,111.4,61.04,.32,0.47,0.9859686,0.0,439.0655093,7.13,3.79,-3.,,"50,344,210.","25,020,800.","1,091,042.52",,,595.9817551,-137.084711,,10390.2067346,"1,977.7",64.08,37.15,26.3,7.55,,170.7,56.04,-2.73,-3.31,-6.82,-1.19,-4.02,,,,"63,270,240,000."
NF89146,A214310,에스엘에너지,(주)로아앤코,131111-0191004,129-86-11651,2007-07-04,2015-06-25,2024-12-23,외감,12.0,중소기업,,로아앤코,N45301.반도체 및 반도체장비,"M00000.전문, 과학 및 기술 서비스업(70~73)",M71000.전문 서비스업,코스닥,기업의 계속성 및 경영의 투명성 등을 종합적으로 고려하여 상장폐지기준에 해당한다고 결정,기업의계속성_경영의투명성종합판단,2022,0.5042082,0.8767395,-2.2887492,50.42,-0.266696,0.0,8.45,-5.62,-103.16,-0.0096128,-0.1765694,-0.0151693,-27.86,25.9,156.47,56.46,.17,0.27,0.467286,0.0,77.2791787,6.78,2.58,-1.36,,"393,276,800.","64,880.","1,507,121.47",,,673.8463029,-549.3789041,,3126.8977874,872.34,62.9,79.1,73.76,22.14,,"1,902.75",58.97,-.22,-33.11,-36.27,-12.05,-141.56,,,,"74,188,558,000."
NF89146,A214310,에스엘에너지,(주)로아앤코,131111-0191004,129-86-11651,2007-07-04,2015-06-25,2024-12-23,외감,12.0,중소기업,,로아앤코,N45301.반도체 및 반도체장비,"M00000.전문, 과학 및 기술 서비스업(70~73)",M71000.전문 서비스업,코스닥,기업의 계속성 및 경영의 투명성 등을 종합적으로 고려하여 상장폐지기준에 해당한다고 결정,기업의계속성_경영의투명성종합판단,2023,-0.5843964,-3.8513806,-1.5062076,-58.44,1.1920366,,4.89,-12.43,-117.94,-0.0495745,-0.4704107,-0.0865471,-82.12,8.89,221.54,35.52,.4,0.7,0.9336582,0.0,176.3054031,13.87,5.28,-2.64,,,,,,,461.6471939,-564.948212,,404.0328979,304.36,47.14,39.39,29.57,12.97,,397.73,112.13,-1.4,-137.34,-148.48,-72.48,-129.65,,,,"113,691,801,000."
NF89146,A214310,에스엘에너지,(주)로아앤코,131111-0191004,129-86-11651,2007-07-04,2015-06-25,2024-12-23,외감,12.0,중소기업,,로아앤코,N45301.반도체 및 반도체장비,"M00000.전문, 과학 및 기술 서비스업(70~73)",M71000.전문 서비스업,코스닥,기업의 계속성 및 경영의 투명성 등을 종합적으로 고려하여 상장폐지기준에 해당한다고 결정,기업의계속성_경영의투명성종합판단,2024,,,,,,,11.73,2.79,-3.54,,,,-9.68,3.58,103.32,32.77,1.11,,,0.0,50.7873653,,,27.13,,"150,271,500.",.,,,,,,,,"1,364.86",35.13,,,20.47,9.79,"1,416.83",,,-6.26,-18.39,-4.04,-4.,,,,"63,048,922,000."
N290141,A214870,한울BnC,(주)한울비앤씨,121111-0117424,130-86-04354,2004-02-24,2015-10-13,2025-03-31,외감,12.0,중소기업,,한울비앤씨,N25504.전문소매,G00000.도매 및 소매업(45~47),G46000.도매 및 상품 중개업,코스닥,감사의견 거절(감사범위 제한 및 계속기업가정 불확실성),감사의견거절,2014,,,,,,,,,,,,,,,,54.04,,,,,,,,,,"48,745,920.","712,790.",,,,,,,,"1,576.58",,,,,,,,,25.68,83.04,10.92,5.31,,,,"32,094,356,000."
N290141,A214870,한울BnC,(주)한울비앤씨,121111-0117424,130-86-04354,2004-02-24,2015-10-13,2025-03-31,외감,12.0,중소기업,,한울비앤씨,N25504.전문소매,G00000.도매 및 소매업(45~47),G46000.도매 및 상품 중개업,코스닥,감사의견 거절(감사범위 제한 및 계속기업가정 불확실성),감사의견거절,2015,,,,,,-0.0054945,,,,-0.0016222,0.004289,-0.0018529,,,,77.13,,,,,,,,,,"42,289,100.","645,560.","204,089.34",,,,865.1513152,,5982.2346545,"1,087.36",,"718,068.61","718,068.61",,,,14.22,-.63,62.78,262.47,9.9,5.63,,,,"41,785,986,000."
N290141,A214870,한울BnC,(주)한울비앤씨,121111-0117424,130-86-04354,2004-02-24,2015-10-13,2025-03-31,외감,12.0,중소기업,,한울비앤씨,N25504.전문소매,G00000.도매 및 소매업(45~47),G46000.도매 및 상품 중개업,코스닥,감사의견 거절(감사범위 제한 및 계속기업가정 불확실성),감사의견거절,2016,0.0081706,-0.7045925,0.6678272,.82,,0.0552486,,,,-0.0027481,0.0071093,-0.0031455,,,,69.25,,,,,,,,,,"36,773,280.","632,990.","225,988.61",,,,-185.1310422,,5747.1399378,"1,040.7",,"726,942.71","726,942.71",,,,14.7,-.87,-8.9,-20.92,-2.14,-2.9,,,,"44,541,663,000."
N290141,A214870,한울BnC,(주)한울비앤씨,121111-0117424,130-86-04354,2004-02-24,2015-10-13,2025-03-31,외감,12.0,중소기업,,한울비앤씨,N25504.전문소매,G00000.도매 및 소매업(45~47),G46000.도매 및 상품 중개업,코스닥,감사의견 거절(감사범위 제한 및 계속기업가정 불확실성),감사의견거절,2017,,,,,,-0.3560209,0.74,-19.59,-29.79,-0.0817314,-0.1242662,-0.1584313,-24.09,.53,125.84,46.79,0.42,0.81,0.8617697,95.6154247,0.0,5.22,7.24,0.63,,"51,880,010.","994,450.","479,249.83",,,3860.3762912,-1483.9382479,-430.4710406,5375.1050223,975.02,51.59,470.72,426.22,291.53,12.01,170.47,93.84,-37.16,-23.87,-27.24,-11.55,-27.69,,,,"73,353,796,000."
N290141,A214870,한울BnC,(주)한울비앤씨,121111-0117424,130-86-04354,2004-02-24,2015-10-13,2025-03-31,외감,12.0,중소기업,,한울비앤씨,N25504.전문소매,G00000.도매 및 소매업(45~47),G46000.도매 및 상품 중개업,코스닥,감사의견 거절(감사범위 제한 및 계속기업가정 불확실성),감사의견거절,2018,-0.1598254,0.0734511,0.1923233,-15.98,-0.39091,-0.2113821,-0.01,-29.8,-39.5,-0.0841032,-0.1114669,-0.159544,-21.15,8.75,139.27,41.73,.28,0.54,0.5968372,98.7991229,68.1776595,3.89,4.77,.53,,"58,854,540.","1,031,860.","680,399.72",,,1176.3251234,-523.5873781,-308.4696959,2184.3165784,336.86,54.12,183.43,169.41,55.88,16.81,381.85,84.77,-3.41,-30.29,-33.11,-13.87,-43.83,,,,"73,353,796,000."
N290141,A214870,한울BnC,(주)한울비앤씨,121111-0117424,130-86-04354,2004-02-24,2015-10-13,2025-03-31,외감,12.0,중소기업,,한울비앤씨,N25504.전문소매,G00000.도매 및 소매업(45~47),G46000.도매 및 상품 중개업,코스닥,감사의견 거절(감사범위 제한 및 계속기업가정 불확실성),감사의견거절,2019,1.0715837,0.7444522,0.4559125,107.16,4.1405103,-0.3402062,27.71,-1.48,-4.18,-0.0161378,-0.0455381,-0.0290723,-8.2,2.39,104.14,45.63,1.09,1.96,2.448382,35.2079689,26.0170047,8.68,6.57,2.91,,"82,507,130.","1,330,790.","1,396,671.2",,,4536.6250497,-189.6528568,-1565.5496801,2657.8455102,431.57,56.2,194.87,155.13,93.51,41.89,368.95,77.92,-.62,1.45,1.91,.62,.77,,,,"58,744,582,000."
N290141,A214870,한울BnC,(주)한울비앤씨,121111-0117424,130-86-04354,2004-02-24,2015-10-13,2025-03-31,외감,12.0,중소기업,,한울비앤씨,N25504.전문소매,G00000.도매 및 소매업(45~47),G46000.도매 및 상품 중개업,코스닥,감사의견 거절(감사범위 제한 및 계속기업가정 불확실성),감사의견거절,2020,-0.0388345,-11.2773808,-4.644134,-3.88,-0.4320937,-0.484375,16.99,-32.03,-41.55,-0.1427315,-0.1851576,-0.2698553,-35.01,7.32,140.88,38.33,.45,0.84,0.9460159,24.2022549,106.0936303,3.91,2.21,1.27,,"158,607,610.","2,310,380.","3,943,836.27",,,2008.0210869,-834.2867949,-981.1704101,2165.8275625,333.17,49.84,171.92,155.61,75.88,22.68,"2,892.24",100.66,-4.37,-17.59,-19.01,-7.91,-20.4,,,,"117,184,157,000."
N290141,A214870,한울BnC,(주)한울비앤씨,121111-0117424,130-86-04354,2004-02-24,2015-10-13,2025-03-31,외감,12.0,중소기업,,한울비앤씨,N25504.전문소매,G00000.도매 및 소매업(45~47),G46000.도매 및 상품 중개업,코스닥,감사의견 거절(감사범위 제한 및 계속기업가정 불확실성),감사의견거절,2021,-0.5451504,-0.6097117,-1.296565,-54.52,-0.4605716,0.0,11.41,-95.57,-176.89,-0.2330056,-0.4312396,-0.609224,-112.75,13.74,248.81,11.82,.24,0.64,0.3947876,36.5380452,71.9582142,4.81,1.73,1.41,,"155,415,890.","1,786,440.","4,164,529.55",,,966.108722,-1662.4405607,-1.3755751,934.2924593,86.86,25.31,99.73,96.24,41.84,,692.77,295.14,-6.96,-47.58,-65.46,-26.93,-143.76,,,,"127,028,311,000."
N290141,A214870,한울BnC,(주)한울비앤씨,121111-0117424,130-86-04354,2004-02-24,2015-10-13,2025-03-31,외감,12.0,중소기업,,한울비앤씨,N25504.전문소매,G00000.도매 및 소매업(45~47),G46000.도매 및 상품 중개업,코스닥,감사의견 거절(감사범위 제한 및 계속기업가정 불확실성),감사의견거절,2022,-1.7543615,-0.0374886,-0.3858437,,-0.2603797,-0.3030303,16.38,-134.06,-331.43,-0.4050302,-1.0013147,-8.2302731,,18.27,281.95,-120.14,.3,,0.3177529,99.8751899,153.0166639,7.87,2.47,-1.55,,"216,572,110.","1,093,720.","4,268,501.",,,687.1767481,-2201.369572,203.8803681,-600.1447749,-217.34,,44.15,38.57,13.79,,198.49,,-7.34,-139.86,-172.13,-99.11,-524.27,,,,"113,778,865,000."
N290141,A214870,한울BnC,(주)한울비앤씨,121111-0117424,130-86-04354,2004-02-24,2015-10-13,2025-03-31,외감,12.0,중소기업,,한울비앤씨,N25504.전문소매,G00000.도매 및 소매업(45~47),G46000.도매 및 상품 중개업,코스닥,감사의견 거절(감사범위 제한 및 계속기업가정 불확실성),감사의견거절,2023,-0.0415791,0.5285033,1.012562,,-0.4186672,-0.3478261,7.57,-108.73,7.16,-0.4560488,0.0300383,0.6452139,,31.98,100.06,-112.63,.42,,0.2457288,84.2859639,119.9017668,6.75,1.7,-.43,,"181,682,330.",.,"4,252,063.83",,,381.0255633,60.1199789,,-528.1187291,-205.62,,37.95,36.02,1.04,,187.19,,-3.4,-3.9,-5.06,-2.7,-45.15,,,,"29,945,936,000."
N290141,A214870,한울BnC,(주)한울비앤씨,121111-0117424,130-86-04354,2004-02-24,2015-10-13,2025-03-31,외감,12.0,중소기업,,한울비앤씨,N25504.전문소매,G00000.도매 및 소매업(45~47),G46000.도매 및 상품 중개업,코스닥,감사의견 거절(감사범위 제한 및 계속기업가정 불확실성),감사의견거절,2024,-0.1103543,0.5401216,-6.0149548,,-0.50126,-0.2,2.22,-100.26,-72.02,-0.2951611,-0.2120058,0.3208604,,7.35,151.12,-164.63,.29,,0.1533354,1077.3248448,541.6860839,6.58,0.93,-.22,,"186,688,670.",.,"4,158,962.63",,,274.5707198,-172.814005,88.0940944,-1703.7130548,-440.66,,10.71,7.63,2.4,,147.51,,-13.64,-72.31,-105.11,-55.43,"-1,477.18",,,,"30,238,814,000."
N190111,A221610,자안바이오,자안바이오(주),124411-0043349,137-81-30353,2000-07-10,2016-01-27,2022-01-05,일반,12.0,중소기업,,,N15101.화학,C00000.제조업(10~34),C20000.화학 물질 및 화학제품 제조업,코스닥,발행한 어음 또는 수표가 주거래은행에 의하여 최종부도로 결정되거나 거래은행에 의한 거래정지,최종부도,2014,,,,,,,25.81,8.65,7.36,,,,37.79,1.45,92.22,24.27,1.37,,,,,,,5.73,,,,,,,,,,,"1,077.51",26.53,,,14.2,89.51,144.06,,,,,,,,,,
N190111,A221610,자안바이오,자안바이오(주),124411-0043349,137-81-30353,2000-07-10,2016-01-27,2022-01-05,일반,12.0,중소기업,,,N15101.화학,C00000.제조업(10~34),C20000.화학 물질 및 화학제품 제조업,코스닥,발행한 어음 또는 수표가 주거래은행에 의하여 최종부도로 결정되거나 거래은행에 의한 거래정지,최종부도,2015,,,,,,,23.83,6.96,5.13,-0.0025103,0.0016229,-0.0028089,19.4,1.05,93.99,38.43,1.29,,,,,,,6.45,,,,,,,,,,,"1,406.88",41.16,,,19.05,84.49,142.37,11.89,-1.73,,,,,,,,
N190111,A221610,자안바이오,자안바이오(주),124411-0043349,137-81-30353,2000-07-10,2016-01-27,2022-01-05,일반,12.0,중소기업,,,N15101.화학,C00000.제조업(10~34),C20000.화학 물질 및 화학제품 제조업,코스닥,발행한 어음 또는 수표가 주거래은행에 의하여 최종부도로 결정되거나 거래은행에 의한 거래정지,최종부도,2016,1.0388801,0.5194625,0.7977364,103.89,-0.0513579,0.0095238,,,,0.1190817,0.1037807,0.2129015,,,,,,1.91,2.4236871,,,7.26,3.52,,,,,"329,574.4",,,10344.8214799,1474.6692634,1477.5720457,9745.0544899,,,237.24,188.63,,,,47.32,9.41,,,,,,,,
N190111,A221610,자안바이오,자안바이오(주),124411-0043349,137-81-30353,2000-07-10,2016-01-27,2022-01-05,일반,12.0,중소기업,,,N15101.화학,C00000.제조업(10~34),C20000.화학 물질 및 화학제품 제조업,코스닥,발행한 어음 또는 수표가 주거래은행에 의하여 최종부도로 결정되거나 거래은행에 의한 거래정지,최종부도,2017,-0.0813466,-0.8692538,-1.0652852,-8.13,-0.1730408,0.0,,,,0.0149611,-0.0065106,0.0216239,,,,,,1.23,2.7545371,,,5.75,3.26,,,,,"351,113.99",,,6657.6244093,-87.63712,359.4021824,8952.6548618,,,246.48,194.46,,,,41.5,3.73,,,,,,,108.16,
N190111,A221610,자안바이오,자안바이오(주),124411-0043349,137-81-30353,2000-07-10,2016-01-27,2022-01-05,일반,12.0,중소기업,,,N15101.화학,C00000.제조업(10~34),C20000.화학 물질 및 화학제품 제조업,코스닥,발행한 어음 또는 수표가 주거래은행에 의하여 최종부도로 결정되거나 거래은행에 의한 거래정지,최종부도,2018,-0.3070563,-10.9424712,-30.2604501,-30.71,-0.2320615,-0.2641509,,,,-0.1835834,-0.2511834,-0.2652345,,,,,,1.16,2.6129782,,,5.32,2.64,,,,,"383,536.27",,,6570.9023872,-2748.0374583,-988.3090966,6205.7244046,,,218.73,170.12,,,,48.77,-36.05,,,,,,,-95.97,
N190111,A221610,자안바이오,자안바이오(주),124411-0043349,137-81-30353,2000-07-10,2016-01-27,2022-01-05,일반,12.0,중소기업,,,N15101.화학,C00000.제조업(10~34),C20000.화학 물질 및 화학제품 제조업,코스닥,발행한 어음 또는 수표가 주거래은행에 의하여 최종부도로 결정되거나 거래은행에 의한 거래정지,최종부도,2019,0.0264538,1.0526834,1.0613885,2.65,0.2479095,-0.1282051,,,,0.0118228,0.0188491,0.0168466,,,,,,1.75,4.1147805,,,8.2,3.81,,,,,"359,181.52",,,10989.4132544,167.998732,658.2854931,6369.0610123,,,285.67,228.28,,,,36.38,1.76,,,,,,,58.42,
N190111,A221610,자안바이오,자안바이오(주),124411-0043349,137-81-30353,2000-07-10,2016-01-27,2022-01-05,일반,12.0,중소기업,,,N15101.화학,C00000.제조업(10~34),C20000.화학 물질 및 화학제품 제조업,코스닥,발행한 어음 또는 수표가 주거래은행에 의하여 최종부도로 결정되거나 거래은행에 의한 거래정지,최종부도,2020,1.5071107,-21.9304224,-20.7783045,150.71,-0.6283821,0.0147059,,,,-0.1153528,-0.1737842,-0.1984893,,,,,,0.37,0.5075003,,,3.12,2.04,,,,,"976,344.97",,,160.6281398,-131.2122734,-115.9334073,226.7140788,,,112.21,97.84,,,,86.31,-2.84,,,,,,,,
N190111,A221610,자안바이오,자안바이오(주),124411-0043349,137-81-30353,2000-07-10,2016-01-27,2022-01-05,일반,12.0,중소기업,,,N15101.화학,C00000.제조업(10~34),C20000.화학 물질 및 화학제품 제조업,코스닥,발행한 어음 또는 수표가 주거래은행에 의하여 최종부도로 결정되거나 거래은행에 의한 거래정지,최종부도,2021,,,,,,,,,,,,,,,,,,,,,,,,,,,,,,,,,,,,,,,,,,,,,,,,,,,
N190111,A221610,자안바이오,자안바이오(주),124411-0043349,137-81-30353,2000-07-10,2016-01-27,2022-01-05,일반,12.0,중소기업,,,N15101.화학,C00000.제조업(10~34),C20000.화학 물질 및 화학제품 제조업,코스닥,발행한 어음 또는 수표가 주거래은행에 의하여 최종부도로 결정되거나 거래은행에 의한 거래정지,최종부도,2022,,,,,,,,,,,,,,,,,,,,,,,,,,,,,,,,,,,,,,,,,,,,,,,,,,,
N190111,A221610,자안바이오,자안바이오(주),124411-0043349,137-81-30353,2000-07-10,2016-01-27,2022-01-05,일반,12.0,중소기업,,,N15101.화학,C00000.제조업(10~34),C20000.화학 물질 및 화학제품 제조업,코스닥,발행한 어음 또는 수표가 주거래은행에 의하여 최종부도로 결정되거나 거래은행에 의한 거래정지,최종부도,2023,,,,,,,,,,,,,,,,,,,,,,,,,,,,,,,,,,,,,,,,,,,,,,,,,,,
N190111,A221610,자안바이오,자안바이오(주),124411-0043349,137-81-30353,2000-07-10,2016-01-27,2022-01-05,일반,12.0,중소기업,,,N15101.화학,C00000.제조업(10~34),C20000.화학 물질 및 화학제품 제조업,코스닥,발행한 어음 또는 수표가 주거래은행에 의하여 최종부도로 결정되거나 거래은행에 의한 거래정지,최종부도,2024,,,,,,,,,,,,,,,,,,,,,,,,,,,,,,,,,,,,,,,,,,,,,,,,,,,
N205935,A226350,아이엠텍,(주)아이엠텍,135511-0112107,134-81-62875,2000-12-13,2016-02-03,2021-06-11,외감,12.0,중소기업,,,N20104.전기장비,C00000.제조업(10~34),"C26000.전자 부품, 컴퓨터, 영상, 음향 및 통신장비 제조업",코스닥,감사의견 거절(감사범위 제한),감사의견거절,2014,,,,,,,,,,,,,,,,44.99,,,,,,,,,,"58,553,820.","27,160,140.",,,,,,,,197.01,,,,,,,,,69.77,478.71,22.45,14.71,,,,"30,510,239,000."
N205935,A226350,아이엠텍,(주)아이엠텍,135511-0112107,134-81-62875,2000-12-13,2016-02-03,2021-06-11,외감,12.0,중소기업,,,N20104.전기장비,C00000.제조업(10~34),"C26000.전자 부품, 컴퓨터, 영상, 음향 및 통신장비 제조업",코스닥,감사의견 거절(감사범위 제한),감사의견거절,2015,,,,,,,,,,-0.0034525,-0.0026978,-0.0039051,-.31,,168.05,54.2,.,,,0.0,0.0,,,.,,"60,964,770.","32,972,400.",,,,,,,,402.28,88.41,"202,058.5","202,058.5","31,140.8",.,,13.11,-1.27,101.27,"1,016.5",32.74,16.18,,,,"51,805,465,000."
N205935,A226350,아이엠텍,(주)아이엠텍,135511-0112107,134-81-62875,2000-12-13,2016-02-03,2021-06-11,외감,12.0,중소기업,,,N20104.전기장비,C00000.제조업(10~34),"C26000.전자 부품, 컴퓨터, 영상, 음향 및 통신장비 제조업",코스닥,감사의견 거절(감사범위 제한),감사의견거절,2016,-0.18922,93.9524719,83.8013918,-18.92,,0.004902,11.96,6.68,4.65,0.1433563,0.0997861,0.4009221,27.91,.75,94.85,50.03,2.15,6.01,3.3423585,1.631772238,1.641127117,572.52,4.89,7.33,,"88,083,280.","57,594,820.","276,127.31",,,,-1020.0251803,,2311.986789,362.4,20.61,111.88,111.24,12.17,5.37,329.17,385.1,8.91,-60.97,-124.39,-22.05,-16.7,,,,"61,406,731,000."
N205935,A226350,아이엠텍,(주)아이엠텍,135511-0112107,134-81-62875,2000-12-13,2016-02-03,2021-06-11,외감,12.0,중소기업,,,N20104.전기장비,C00000.제조업(10~34),"C26000.전자 부품, 컴퓨터, 영상, 음향 및 통신장비 제조업",코스닥,감사의견 거절(감사범위 제한),감사의견거절,2017,0.7676094,1.7950063,1.4710157,76.76,0.308331,0.0243902,35.94,-11.42,-199.11,-0.0252492,-0.440368,-0.0531658,-92.73,2.22,141.64,27.46,0.22,0.47,0.421197,0.0,0.0,1.4,1.38,1.61,,"81,365,600.","54,995,030.","259,693.03",,,305.7940513,-1215.6465798,-130.6041651,1185.7107795,137.14,47.49,136.07,94.71,5.61,114.68,77.94,110.56,-5.13,-66.44,-238.89,-34.62,-156.74,,,,"47,664,340,000."
N205935,A226350,아이엠텍,(주)아이엠텍,135511-0112107,134-81-62875,2000-12-13,2016-02-03,2021-06-11,외감,12.0,중소기업,,,N20104.전기장비,C00000.제조업(10~34),"C26000.전자 부품, 컴퓨터, 영상, 음향 및 통신장비 제조업",코스닥,감사의견 거절(감사범위 제한),감사의견거절,2018,-0.9670887,-2.9824149,-0.2878068,-96.71,0.1167423,-0.4380952,29.93,-40.71,-229.61,-0.1186561,-0.6692098,-0.4099641,-231.22,6.41,177.64,-25.45,.29,1.01,0.4101639,0.0,62.6997053,2.84,2.92,7.24,,"94,092,270.","54,129,530.","340,220.05",,,313.1812846,-1249.0735239,-52.3991794,107.6982271,-79.25,2.25,84.2,80.53,25.46,32.26,26.19,"4,345.68",-6.35,-68.53,-122.56,-53.82,-149.34,,,,"47,607,120,000."
N205935,A226350,아이엠텍,(주)아이엠텍,135511-0112107,134-81-62875,2000-12-13,2016-02-03,2021-06-11,외감,12.0,중소기업,,,N20104.전기장비,C00000.제조업(10~34),"C26000.전자 부품, 컴퓨터, 영상, 음향 및 통신장비 제조업",코스닥,감사의견 거절(감사범위 제한),감사의견거절,2019,22.2625316,0.3925054,0.9535653,"2,226.25",0.177474,-0.0169492,44.64,-21.,-9.06,-0.0665811,-0.0287027,-0.3221592,-13.89,25.13,141.37,-3.1,.32,1.53,0.3995585,0.0,74.3502625,12.56,9.78,-1.57,,"112,355,190.","59,257,710.","368,342.13",,,508.240202,-101.4687369,-345.555345,455.6034505,-8.85,31.89,54.63,50.08,1.12,23.38,"1,177.88",213.55,-.84,-17.72,-24.54,-11.97,-45.67,,,,"33,080,360,000."
N205935,A226350,아이엠텍,(주)아이엠텍,135511-0112107,134-81-62875,2000-12-13,2016-02-03,2021-06-11,외감,12.0,중소기업,,,N20104.전기장비,C00000.제조업(10~34),"C26000.전자 부품, 컴퓨터, 영상, 음향 및 통신장비 제조업",코스닥,감사의견 거절(감사범위 제한),감사의견거절,2020,0.9109363,-0.4804297,-2.6425576,91.09,-0.1009645,-0.2327586,21.95,2.22,-2.98,0.009873,-0.0132512,0.0153401,-2.06,3.88,105.67,-115.19,.45,0.69,1.2494879,0.640452235,0.933370394,3.08,1.66,1.2,,"145,706,130.","67,053,960.","454,503.41",,,,-772.2420124,,-242.8648206,-148.53,76.13,268.66,184.35,28.49,49.99,"5,247.57",31.36,.57,-78.59,-121.32,-108.2,-196.47,,,,"54,274,661,000."
N205935,A226350,아이엠텍,(주)아이엠텍,135511-0112107,134-81-62875,2000-12-13,2016-02-03,2021-06-11,외감,12.0,중소기업,,,N20104.전기장비,C00000.제조업(10~34),"C26000.전자 부품, 컴퓨터, 영상, 음향 및 통신장비 제조업",코스닥,감사의견 거절(감사범위 제한),감사의견거절,2021,0.1456149,0.1595264,-1.3676647,14.56,0.3587321,0.0810811,21.6,1.89,-5.19,0.0076473,-0.0209582,0.0126283,-3.46,5.68,104.11,-3.7,.4,0.67,1.0247104,0.842265075,1.295526452,2.58,2.37,2.5,,"91,932,330.","29,642,820.",,,,,,,,-28.6,51.38,106.97,69.54,11.45,536.99,278.06,94.62,.33,35.02,47.44,31.79,32.16,,,,"18,649,618,000."
N205935,A226350,아이엠텍,(주)아이엠텍,135511-0112107,134-81-62875,2000-12-13,2016-02-03,2021-06-11,외감,12.0,중소기업,,,N20104.전기장비,C00000.제조업(10~34),"C26000.전자 부품, 컴퓨터, 영상, 음향 및 통신장비 제조업",코스닥,감사의견 거절(감사범위 제한),감사의견거절,2022,-0.4081183,-19.4024428,-12.9812555,-40.81,-0.0599931,-0.325,22.7,-22.71,-21.54,-0.1403726,-0.2922796,-0.2734146,-56.93,8.01,116.86,-19.71,.76,0.74,0.7788142,0.0,0.0,3.75,3.1,-1.7,,"282,686,110.","81,625,750.",,,,,,,,-105.11,51.27,95.52,75.9,3.95,,"9,697.13",95.05,-5.69,-9.8,-13.31,-10.06,-16.91,,,,"15,701,055,000."
N205935,A226350,아이엠텍,(주)아이엠텍,135511-0112107,134-81-62875,2000-12-13,2016-02-03,2021-06-11,외감,12.0,중소기업,,,N20104.전기장비,C00000.제조업(10~34),"C26000.전자 부품, 컴퓨터, 영상, 음향 및 통신장비 제조업",코스닥,감사의견 거절(감사범위 제한),감사의견거절,2023,-0.3421428,0.0265547,0.17048,-34.21,-0.6212377,-0.1851852,14.08,-29.4,-36.47,-0.2463688,-0.4371365,-0.4317795,-76.61,14.05,133.87,-42.99,.53,0.45,0.6026797,0.0,201.303603,5.11,1.5,-.96,,"12,220,170.",.,,,,,,,,-201.91,68.88,192.89,165.56,.,29.43,"1,404.25",45.17,-6.23,-9.24,-12.33,-10.5,,,,,"16,073,852,000."
N205935,A226350,아이엠텍,(주)아이엠텍,135511-0112107,134-81-62875,2000-12-13,2016-02-03,2021-06-11,외감,12.0,중소기업,,,N20104.전기장비,C00000.제조업(10~34),"C26000.전자 부품, 컴퓨터, 영상, 음향 및 통신장비 제조업",코스닥,감사의견 거절(감사범위 제한),감사의견거절,2024,-0.6531485,0.578201,0.3233985,-65.31,-0.2704476,0.0681818,-1.71,-55.04,-156.65,-0.1580516,-0.4498396,-0.3407716,-96.99,7.07,226.34,,.29,0.62,0.5355511,0.503659023,1.805591041,1.22,1.58,23.72,,,,,,,,,,,,23.88,76.15,21.24,3.97,,35.91,318.68,-7.79,,,,,,,,"14,156,068,000."
NHH6157,A226360,KH 건설,케이에이치건설(주),110111-5794494,424-81-00184,2015-07-28,2015-10-22,2026-01-14,외감,12.0,중소기업,,KH,N20103.건설 및 엔지니어링,F00000.건설업(41~42),F41000.종합 건설업,코스닥,감사의견 거절(감사범위 제한),감사의견거절,2014,,,,,,,,,,,,,,,,,,,,,,,,,,,,,,,,,,,,,,,,,,,,,,,,,,,
NHH6157,A226360,KH 건설,케이에이치건설(주),110111-5794494,424-81-00184,2015-07-28,2015-10-22,2026-01-14,외감,12.0,중소기업,,KH,N20103.건설 및 엔지니어링,F00000.건설업(41~42),F41000.종합 건설업,코스닥,감사의견 거절(감사범위 제한),감사의견거절,2015,0.4878716,0.283062,0.2159794,48.79,0.6769176,0.4545455,,,,0.1312163,0.1152908,0.2708363,,,,63.16,,1.79,1.6859373,,,7.19,2.35,,,,,,,,,1170.2796573,,2288.5392286,743.42,,414.27,351.34,,,,133.57,6.03,,,,,,,,"16,974,903,000."
NHH6157,A226360,KH 건설,케이에이치건설(주),110111-5794494,424-81-00184,2015-07-28,2015-10-22,2026-01-14,외감,12.0,중소기업,,KH,N20103.건설 및 엔지니어링,F00000.건설업(41~42),F41000.종합 건설업,코스닥,감사의견 거절(감사범위 제한),감사의견거절,2016,0.1161427,-0.18773,-0.6368863,11.61,0.1700256,0.203125,,,,0.0704658,0.0276776,0.17383,,,,67.09,,1.66,1.130635,,,5.25,2.17,,,,,,39.06,510.98,,827.8109125,,3795.6079022,824.82,,481.01,382.4,,,,158.44,1.74,68.62,,17.,15.3,,28.7,28.59,"26,816,926,000."
NHH6157,A226360,KH 건설,케이에이치건설(주),110111-5794494,424-81-00184,2015-07-28,2015-10-22,2026-01-14,외감,12.0,중소기업,,KH,N20103.건설 및 엔지니어링,F00000.건설업(41~42),F41000.종합 건설업,코스닥,감사의견 거절(감사범위 제한),감사의견거절,2017,0.2695033,1.33745,2.6181324,26.95,0.2066664,-0.1298701,,,,0.1367823,0.0831613,0.3394388,,,,80.06,,1.67,1.128406,,,6.27,2.42,,,"45,556,030.",.,"924,762.76",26.81,544.13,,510.6916421,,1426.8648993,"1,374.13",,124.74,104.98,,,,140.06,3.53,50.08,230.87,8.45,10.4,,26.69,42.83,"43,465,044,000."
NHH6157,A226360,KH 건설,케이에이치건설(주),110111-5794494,424-81-00184,2015-07-28,2015-10-22,2026-01-14,외감,12.0,중소기업,,KH,N20103.건설 및 엔지니어링,F00000.건설업(41~42),F41000.종합 건설업,코스닥,감사의견 거절(감사범위 제한),감사의견거절,2018,0.1843707,0.4201844,0.3761669,18.44,0.1108178,0.1842105,32.39,8.95,7.97,0.0751235,0.0669364,0.0868725,7.74,.04,90.23,83.2,.84,0.97,6.2076784,32.9668644,0.0,359.03,6.84,1.49,,"45,658,400.","4,721,590.","997,657.68",20.39,445.54,1448.9564144,117.150547,,1506.6580361,"1,416.01",86.48,526.3,524.53,118.95,.42,389.27,15.64,200.5,58.91,,7.89,9.46,"4,308.44",23.68,40.87,"46,324,147,000."
NHH6157,A226360,KH 건설,케이에이치건설(주),110111-5794494,424-81-00184,2015-07-28,2015-10-22,2026-01-14,외감,12.0,중소기업,,KH,N20103.건설 및 엔지니어링,F00000.건설업(41~42),F41000.종합 건설업,코스닥,감사의견 거절(감사범위 제한),감사의견거절,2019,0.014275,0.047835,-2.5830158,1.43,-0.1790002,0.2666667,38.61,11.42,-15.37,0.0499145,-0.0671901,0.090383,-12.17,9.65,115.22,38.96,.44,0.79,0.9761513,38.4294971,127.1785673,183.79,5.17,-32.36,,"54,766,820.","6,003,740.","1,296,864.45",5.84,138.18,1115.9506538,-176.0118396,,1404.2410757,"1,315.04",40.72,52.37,51.96,16.13,,339.62,145.59,1.18,-3.41,-5.53,-1.97,-6.35,"1,260.53",13.71,91.15,"45,989,551,000."
NHH6157,A226360,KH 건설,케이에이치건설(주),110111-5794494,424-81-00184,2015-07-28,2015-10-22,2026-01-14,외감,12.0,중소기업,,KH,N20103.건설 및 엔지니어링,F00000.건설업(41~42),F41000.종합 건설업,코스닥,감사의견 거절(감사범위 제한),감사의견거절,2020,0.8315315,-0.2785018,-5.9764385,83.15,0.5702093,0.1929825,29.01,5.25,-68.3,0.0240565,-0.3131194,0.0457366,-59.53,12.22,155.82,58.93,.46,0.87,0.9671181,41.0061417,94.0589612,332.9,6.76,-2.61,,"57,135,380.","3,026,640.","1,628,088.61",-9.71,-276.57,1256.0746253,-857.0191609,,1419.157445,"1,325.01",62.56,76.69,76.55,22.47,,423.91,59.84,0.43,-68.03,-121.71,-20.51,-49.4,"-5,221.03",-21.59,-49.02,"99,065,116,000."
NHH6157,A226360,KH 건설,케이에이치건설(주),110111-5794494,424-81-00184,2015-07-28,2015-10-22,2026-01-14,외감,12.0,중소기업,,KH,N20103.건설 및 엔지니어링,F00000.건설업(41~42),F41000.종합 건설업,코스닥,감사의견 거절(감사범위 제한),감사의견거절,2021,0.7887253,-0.8041702,-0.0958505,78.87,-0.0127182,0.1323529,31.66,1.04,-75.81,0.0029017,-0.2113464,0.0049653,-36.17,22.32,169.34,40.0,.28,0.48,0.6707534,0.0,67.2059544,"1,594.96",5.15,-2.58,,"51,484,780.","3,531,720.","2,007,864.54",9.45,368.5,846.1297662,-459.0892121,,1362.8896191,"1,267.52",56.36,72.66,72.66,38.83,,400.41,77.43,.05,-2.83,-6.4,-1.,-3.86,"5,371.92",29.73,52.51,"118,085,308,000."
NHH6157,A226360,KH 건설,케이에이치건설(주),110111-5794494,424-81-00184,2015-07-28,2015-10-22,2026-01-14,외감,12.0,중소기업,,KH,N20103.건설 및 엔지니어링,F00000.건설업(41~42),F41000.종합 건설업,코스닥,감사의견 거절(감사범위 제한),감사의견거절,2022,-0.1486099,2.9280952,-1.1933367,-14.86,0.141241,0.7792208,32.05,3.58,-145.7,0.0092452,-0.3760022,0.0164244,-66.8,20.33,194.53,48.7,.26,0.46,0.5903816,0.0,68.9904965,148.85,6.45,-2.6,,"31,013,770.","4,262,820.","1,270,103.28",-28.28,"-1,158.16",547.1775062,-527.3909712,,883.3567705,788.56,56.21,82.5,81.64,14.64,,189.48,77.92,.18,-173.23,-408.97,-45.83,-130.27,"-8,426.11",-88.14,-21.33,"234,469,966,000."
NHH6157,A226360,KH 건설,케이에이치건설(주),110111-5794494,424-81-00184,2015-07-28,2015-10-22,2026-01-14,외감,12.0,중소기업,,KH,N20103.건설 및 엔지니어링,F00000.건설업(41~42),F41000.종합 건설업,코스닥,감사의견 거절(감사범위 제한),감사의견거절,2023,0.0897473,-4.568825,0.904765,8.97,-0.3333297,-0.1459854,20.96,-19.18,-20.81,-0.0414953,-0.0450343,-0.0609945,-6.62,10.18,94.47,74.81,.22,0.32,0.6768012,27.0583789,126.818031,41.5,6.27,6.92,,"36,225,340.","6,001,120.","1,281,725.63",,,273.1570719,-23.4597671,3.5426564,712.1121103,616.36,84.31,235.83,230.37,72.48,4.02,202.1,18.61,-1.88,-68.38,"-2,791.15",-8.47,-32.03,,,,"200,177,285,000."
NHH6157,A226360,KH 건설,케이에이치건설(주),110111-5794494,424-81-00184,2015-07-28,2015-10-22,2026-01-14,외감,12.0,중소기업,,KH,N20103.건설 및 엔지니어링,F00000.건설업(41~42),F41000.종합 건설업,코스닥,감사의견 거절(감사범위 제한),감사의견거절,2024,-0.1659999,0.8526767,-1.8954571,-16.6,-0.1206738,-0.3418803,31.1,-3.21,-68.54,-0.007495,-0.1598677,-0.0093957,-20.04,2.19,170.1,80.82,.23,0.29,1.1530325,13.0494091,62.3549049,27.43,5.71,1.05,,"68,930,810.","7,932,030.","1,977,151.38",,,497.288465,-297.8237872,197.143605,4818.3287142,"4,642.65",74.93,246.63,241.2,54.08,3.7,523.91,33.45,-1.46,14.71,"1,844.48",2.69,13.36,,,,"145,427,879,000."
NHH6978,A226440,한송네오텍,(주)시스네오텍,110111-5796789,568-88-00222,2015-07-30,2015-10-06,2025-06-19,외감,12.0,중소기업,,,N20106.기계,C00000.제조업(10~34),C29000.기타 기계 및 장비 제조업,코스닥,기업의 계속성 및 경영의 투명성 등을 종합적으로 고려하여 상장폐지기준에 해당한다고 결정,기업의계속성_경영의투명성종합판단,2014,,,,,,,,,,,,,,,,,,,,,,,,,,,,,,,,,,,,,,,,,,,,,,,,,,,
NHH6978,A226440,한송네오텍,(주)시스네오텍,110111-5796789,568-88-00222,2015-07-30,2015-10-06,2025-06-19,외감,12.0,중소기업,,,N20106.기계,C00000.제조업(10~34),C29000.기타 기계 및 장비 제조업,코스닥,기업의 계속성 및 경영의 투명성 등을 종합적으로 고려하여 상장폐지기준에 해당한다고 결정,기업의계속성_경영의투명성종합판단,2015,,,,,,,,,,,,,,,,83.89,,,,,,,,,,,,,,,,-9.0923985,,1957.7853933,"1,857.79",,,,,,,,,,,,,,,,"9,854,393,000."
NHH6978,A226440,한송네오텍,(주)시스네오텍,110111-5796789,568-88-00222,2015-07-30,2015-10-06,2025-06-19,외감,12.0,중소기업,,,N20106.기계,C00000.제조업(10~34),C29000.기타 기계 및 장비 제조업,코스닥,기업의 계속성 및 경영의 투명성 등을 종합적으로 고려하여 상장폐지기준에 해당한다고 결정,기업의계속성_경영의투명성종합판단,2016,,,,,,,,,,,,,,,,17.46,,,,,,,,,,,,,,,,494.6685393,,1587.3332584,553.52,,,,,,,,,9.68,15.53,7.68,5.56,,,,"34,265,467,000."
NHH6978,A226440,한송네오텍,(주)시스네오텍,110111-5796789,568-88-00222,2015-07-30,2015-10-06,2025-06-19,외감,12.0,중소기업,,,N20106.기계,C00000.제조업(10~34),C29000.기타 기계 및 장비 제조업,코스닥,기업의 계속성 및 경영의 투명성 등을 종합적으로 고려하여 상장폐지기준에 해당한다고 결정,기업의계속성_경영의투명성종합판단,2017,,,,,,,,,,,,,,,,31.19,,,,,,,,,,,,,32.92,261.97,,1222.3337079,,2805.7851685,"1,055.17",,,,,,,,,23.83,64.91,15.7,9.26,"24,646.74",18.81,36.59,"36,567,373,000."
NHH6978,A226440,한송네오텍,(주)시스네오텍,110111-5796789,568-88-00222,2015-07-30,2015-10-06,2025-06-19,외감,12.0,중소기업,,,N20106.기계,C00000.제조업(10~34),C29000.기타 기계 및 장비 제조업,코스닥,기업의 계속성 및 경영의 투명성 등을 종합적으로 고려하여 상장폐지기준에 해당한다고 결정,기업의계속성_경영의투명성종합판단,2018,,,,,,,,,,,,,,,,58.22,,,,,,,,,,"46,655,560.","183,180.","344,832.27",,,,-131.6519328,,449.8189179,388.69,,,,,,,,,-31.62,-70.26,-10.95,-7.28,,,,"25,502,435,000."
NHH6978,A226440,한송네오텍,(주)시스네오텍,110111-5796789,568-88-00222,2015-07-30,2015-10-06,2025-06-19,외감,12.0,중소기업,,,N20106.기계,C00000.제조업(10~34),C29000.기타 기계 및 장비 제조업,코스닥,기업의 계속성 및 경영의 투명성 등을 종합적으로 고려하여 상장폐지기준에 해당한다고 결정,기업의계속성_경영의투명성종합판단,2019,,,,,,-0.0111111,,,,,,,,,,44.49,,,,,,,,,,"51,663,270.","117,410.","360,508.99",,,,8.8508915,,494.6699097,429.89,,,,,,,,,3.08,4.27,1.55,2.78,,,,"38,668,165,000."
NHH6978,A226440,한송네오텍,(주)시스네오텍,110111-5796789,568-88-00222,2015-07-30,2015-10-06,2025-06-19,외감,12.0,중소기업,,,N20106.기계,C00000.제조업(10~34),C29000.기타 기계 및 장비 제조업,코스닥,기업의 계속성 및 경영의 투명성 등을 종합적으로 고려하여 상장폐지기준에 해당한다고 결정,기업의계속성_경영의투명성종합판단,2020,,,,,,-0.1685393,21.93,2.1,-3.09,0.0083793,-0.0123321,0.0109586,-1.61,3.88,105.77,68.68,.4,0.52,1.6942846,101.9564046,0.0,2.04,1.48,.97,,"66,955,840.","77,240.","587,118.73",,,449.4056282,-13.7024221,,697.4046622,619.14,76.46,276.39,192.11,36.35,47.78,"5,247.57",30.78,0.54,-1.33,-2.88,-.32,-.79,,,,"48,225,407,000."
NHH6978,A226440,한송네오텍,(주)시스네오텍,110111-5796789,568-88-00222,2015-07-30,2015-10-06,2025-06-19,외감,12.0,중소기업,,,N20106.기계,C00000.제조업(10~34),C29000.기타 기계 및 장비 제조업,코스닥,기업의 계속성 및 경영의 투명성 등을 종합적으로 고려하여 상장폐지기준에 해당한다고 결정,기업의계속성_경영의투명성종합판단,2021,0.1313406,-1.942381,-5.1021262,13.13,0.5303556,0.0810811,18.3,-1.29,-12.33,-0.0055815,-0.0531902,-0.0096908,-9.24,5.2,110.51,38.56,.43,0.75,1.0172521,134.148443,75.4164827,2.83,2.53,2.72,,"164,938,570.","26,330.","812,999.32",,,532.4300679,-69.5187733,,707.70858,593.21,47.28,105.47,72.91,18.7,595.76,313.47,111.49,-.25,-3.24,-5.98,-1.57,-4.9,,,,"48,507,804,000."
NHH6978,A226440,한송네오텍,(주)시스네오텍,110111-5796789,568-88-00222,2015-07-30,2015-10-06,2025-06-19,외감,12.0,중소기업,,,N20106.기계,C00000.제조업(10~34),C29000.기타 기계 및 장비 제조업,코스닥,기업의 계속성 및 경영의 투명성 등을 종합적으로 고려하여 상장폐지기준에 해당한다고 결정,기업의계속성_경영의투명성종합판단,2022,-0.4579012,-32.5059406,-4.7824186,-45.79,-0.0649451,-0.325,-11.05,-46.37,-76.25,-0.1794792,-0.2951771,-0.3966688,-65.24,6.78,167.83,28.67,.39,0.86,0.7069741,376.6832178,306.1380491,3.73,3.03,-18.03,,"348,266,350.","4,720.","1,207,501.65",,,470.4766781,-332.3174155,,363.2511696,263.25,41.92,72.32,53.6,4.77,,"1,180.56",138.57,-6.84,-80.36,-93.7,-39.16,-76.94,,,,"88,746,703,000."
NHH6978,A226440,한송네오텍,(주)시스네오텍,110111-5796789,568-88-00222,2015-07-30,2015-10-06,2025-06-19,외감,12.0,중소기업,,,N20106.기계,C00000.제조업(10~34),C29000.기타 기계 및 장비 제조업,코스닥,기업의 계속성 및 경영의 투명성 등을 종합적으로 고려하여 상장폐지기준에 해당한다고 결정,기업의계속성_경영의투명성종합판단,2023,-0.3978981,0.2949761,0.4199603,-39.79,-0.7333611,-0.1851852,-30.07,-122.6,-165.88,-0.2140469,-0.2896219,-0.4965644,-67.19,25.61,107.94,23.52,.17,0.41,0.3068733,536.1160993,383.0718119,2.23,1.03,-2.,,"292,568,110.",360.,"821,934.16",,,117.0610193,-187.2713847,,208.3450501,108.35,45.24,81.37,56.2,7.99,,401.01,121.06,-4.79,-277.61,-394.3,-86.38,-219.42,,,,"54,269,483,000."
NHH6978,A226440,한송네오텍,(주)시스네오텍,110111-5796789,568-88-00222,2015-07-30,2015-10-06,2025-06-19,외감,12.0,중소기업,,,N20106.기계,C00000.제조업(10~34),C29000.기타 기계 및 장비 제조업,코스닥,기업의 계속성 및 경영의 투명성 등을 종합적으로 고려하여 상장폐지기준에 해당한다고 결정,기업의계속성_경영의투명성종합판단,2024,-0.557441,0.5845411,0.3763932,-55.74,-0.0748492,0.0681818,-1.71,-55.05,-111.82,-0.138013,-0.2803014,-0.3805311,-77.29,7.06,232.84,-2.12,.25,0.69,0.3933421,274.0367598,190.8083903,1.05,1.44,-2.07,,"191,584,820.",340.,"505,922.73",,,100.4682265,-116.1400751,,92.204975,-7.8,25.05,76.47,21.68,4.04,,35.91,299.24,-7.8,-59.01,-96.09,-44.92,-156.45,,,,"30,276,746,000."
N234057,A263540,어스앤에어로스페이스,(주)어스앤에어로스페이스,195411-0007985,613-81-27217,2002-01-08,2017-09-15,2024-11-06,외감,12.0,중소기업,,,N20101.우주항공과 국방,C00000.제조업(10~34),C31000.기타 운송장비 제조업,코스닥,기업의 계속성 및 경영의 투명성 등을 종합적으로 고려하여 상장폐지기준에 해당한다고 결정,기업의계속성_경영의투명성종합판단,2014,,,,,,,,,,,,,,,,18.06,,,,,,,,,,"75,190,250.","37,124,110.",,39.53,84.61,,,,,310.54,,,,,,,,,10.98,13.84,8.36,7.18,171.37,34.81,,"26,853,623,000."
N234057,A263540,어스앤에어로스페이스,(주)어스앤에어로스페이스,195411-0007985,613-81-27217,2002-01-08,2017-09-15,2024-11-06,외감,12.0,중소기업,,,N20101.우주항공과 국방,C00000.제조업(10~34),C31000.기타 운송장비 제조업,코스닥,기업의 계속성 및 경영의 투명성 등을 종합적으로 고려하여 상장폐지기준에 해당한다고 결정,기업의계속성_경영의투명성종합판단,2015,,,,,,,,,,,,,,,,39.15,,,,,,,,,,"79,324,770.","39,120,600.",,,,,,,,465.52,,,,,,,,,17.43,23.78,9.14,10.42,,,,"31,379,816,000."
N234057,A263540,어스앤에어로스페이스,(주)어스앤에어로스페이스,195411-0007985,613-81-27217,2002-01-08,2017-09-15,2024-11-06,외감,12.0,중소기업,,,N20101.우주항공과 국방,C00000.제조업(10~34),C31000.기타 운송장비 제조업,코스닥,기업의 계속성 및 경영의 투명성 등을 종합적으로 고려하여 상장폐지기준에 해당한다고 결정,기업의계속성_경영의투명성종합판단,2016,,,,,,,,,,,,,,,,47.52,,,,,,,,,,"83,068,870.","40,339,730.",,,,,,,,613.25,,,,,,,,,21.37,34.68,9.56,12.08,,,,"36,431,963,000."
N234057,A263540,어스앤에어로스페이스,(주)어스앤에어로스페이스,195411-0007985,613-81-27217,2002-01-08,2017-09-15,2024-11-06,외감,12.0,중소기업,,,N20101.우주항공과 국방,C00000.제조업(10~34),C31000.기타 운송장비 제조업,코스닥,기업의 계속성 및 경영의 투명성 등을 종합적으로 고려하여 상장폐지기준에 해당한다고 결정,기업의계속성_경영의투명성종합판단,2017,,,,,,0.145,,,,-0.0064389,-0.002685,-0.0075975,,,,61.44,,,,,,,,,,"76,262,880.","36,502,970.","213,771.12",,,,111.0906383,,5259.0862604,951.82,,"97,920.08","97,920.08",,,,17.99,-1.3,12.86,19.64,4.13,8.44,,,,"61,475,210,000."
N234057,A263540,어스앤에어로스페이스,(주)어스앤에어로스페이스,195411-0007985,613-81-27217,2002-01-08,2017-09-15,2024-11-06,외감,12.0,중소기업,,,N20101.우주항공과 국방,C00000.제조업(10~34),C31000.기타 운송장비 제조업,코스닥,기업의 계속성 및 경영의 투명성 등을 종합적으로 고려하여 상장폐지기준에 해당한다고 결정,기업의계속성_경영의투명성종합판단,2018,0.0028317,-0.1114961,1.8938193,.28,,0.0655022,,,,-0.0071307,0.0023911,-0.0084327,,,,46.42,,,,,,,,,,"98,996,460.","46,351,300.","261,276.3",,,,-880.2190739,,4362.0311816,772.41,,"5,756,377.5","5,756,377.5",,,,18.52,-1.25,-14.62,-20.9,-6.96,-15.8,,,,"66,027,623,000."
N234057,A263540,어스앤에어로스페이스,(주)어스앤에어로스페이스,195411-0007985,613-81-27217,2002-01-08,2017-09-15,2024-11-06,외감,12.0,중소기업,,,N20101.우주항공과 국방,C00000.제조업(10~34),C31000.기타 운송장비 제조업,코스닥,기업의 계속성 및 경영의 투명성 등을 종합적으로 고려하여 상장폐지기준에 해당한다고 결정,기업의계속성_경영의투명성종합판단,2019,,,,,,-0.0532787,,,,,,,,,,-2.54,,,,,,,,,,"107,167,950.","48,896,370.","233,604.72",-25.0,-54.49,,-4144.2517607,,369.7844872,-26.04,,,,,,,,,-75.85,-123.65,-70.39,-112.1,-119.43,-51.28,,"41,897,759,000."
N234057,A263540,어스앤에어로스페이스,(주)어스앤에어로스페이스,195411-0007985,613-81-27217,2002-01-08,2017-09-15,2024-11-06,외감,12.0,중소기업,,,N20101.우주항공과 국방,C00000.제조업(10~34),C31000.기타 운송장비 제조업,코스닥,기업의 계속성 및 경영의 투명성 등을 종합적으로 고려하여 상장폐지기준에 해당한다고 결정,기업의계속성_경영의투명성종합판단,2020,,,,,,-0.1471862,,,,,,,,,,-25.3,,,,,,,,,,"96,732,150.","41,271,480.","194,841.16",11.58,23.32,,-699.8444955,,7.5354962,-98.49,,,,,,,,,-18.22,-31.62,-18.15,-37.68,54.67,26.45,,"34,869,659,000."
N234057,A263540,어스앤에어로스페이스,(주)어스앤에어로스페이스,195411-0007985,613-81-27217,2002-01-08,2017-09-15,2024-11-06,외감,12.0,중소기업,,,N20101.우주항공과 국방,C00000.제조업(10~34),C31000.기타 운송장비 제조업,코스닥,기업의 계속성 및 경영의 투명성 등을 종합적으로 고려하여 상장폐지기준에 해당한다고 결정,기업의계속성_경영의투명성종합판단,2021,,,,,,-0.0456853,,,,,,,,,,.81,,,,,,,,,,"92,997,060.","36,126,340.","190,086.2",20.69,42.29,,-253.0479185,,694.9900945,39.82,,,,,,,,,-9.65,-22.76,-9.37,-16.92,108.86,36.47,128.79,"36,602,754,000."
N234057,A263540,어스앤에어로스페이스,(주)어스앤에어로스페이스,195411-0007985,613-81-27217,2002-01-08,2017-09-15,2024-11-06,외감,12.0,중소기업,,,N20101.우주항공과 국방,C00000.제조업(10~34),C31000.기타 운송장비 제조업,코스닥,기업의 계속성 및 경영의 투명성 등을 종합적으로 고려하여 상장폐지기준에 해당한다고 결정,기업의계속성_경영의투명성종합판단,2022,,,,,,-0.1223404,,,,,,,,,,12.02,,,,,,,,,,"97,925,500.","33,294,220.","216,140.78",,,,152.1655251,,1039.3111165,107.98,,,,,,,,,9.14,14.37,7.03,7.23,,,,"34,723,704,000."
N234057,A263540,어스앤에어로스페이스,(주)어스앤에어로스페이스,195411-0007985,613-81-27217,2002-01-08,2017-09-15,2024-11-06,외감,12.0,중소기업,,,N20101.우주항공과 국방,C00000.제조업(10~34),C31000.기타 운송장비 제조업,코스닥,기업의 계속성 및 경영의 투명성 등을 종합적으로 고려하여 상장폐지기준에 해당한다고 결정,기업의계속성_경영의투명성종합판단,2023,,,,,,-0.7636364,,,,,,,,,,-43.4,,,,,,,,,,"380,585,950.","110,354,560.","756,013.06",,,280.42,-2128.8880049,,-360.8690844,-155.96,,,,,,,,,-45.86,-91.67,-53.02,-192.19,,,,"24,245,315,000."
N234057,A263540,어스앤에어로스페이스,(주)어스앤에어로스페이스,195411-0007985,613-81-27217,2002-01-08,2017-09-15,2024-11-06,외감,12.0,중소기업,,,N20101.우주항공과 국방,C00000.제조업(10~34),C31000.기타 운송장비 제조업,코스닥,기업의 계속성 및 경영의 투명성 등을 종합적으로 고려하여 상장폐지기준에 해당한다고 결정,기업의계속성_경영의투명성종합판단,2024,,,,,,,,,,,,,,,,,,,,,,,,,,,,,,,,,,,,,,,,,,,,,,,,,,,
NL59377,A268600,셀리버리,(주)셀리버리,180111-0902791,617-86-16037,2014-03-06,2018-11-09,2025-03-07,일반,12.0,중소기업,,셀리버리,N35201.생물공학,"M00000.전문, 과학 및 기술 서비스업(70~73)",M70000.연구개발업,코스닥,감사의견 거절(감사범위 제한 및 계속기업 가정 불확실성),감사의견거절,2014,,,,,,,,,,,,,,,,-70.11,,,,,,,,,,"12,050,650.","5,450,970.",,,,,,,,-92.69,,,,,,,,,,,,,,,,
NL59377,A268600,셀리버리,(주)셀리버리,180111-0902791,617-86-16037,2014-03-06,2018-11-09,2025-03-07,일반,12.0,중소기업,,셀리버리,N35201.생물공학,"M00000.전문, 과학 및 기술 서비스업(70~73)",M70000.연구개발업,코스닥,감사의견 거절(감사범위 제한 및 계속기업 가정 불확실성),감사의견거절,2015,,,,,,,,,,,,,,,,57.91,,,,,,,,,,"16,998,150.","9,902,380.",,,,,,,,179.97,,,,,,,,,-968.24,"-3,876.48",-95.94,,,,,
NL59377,A268600,셀리버리,(주)셀리버리,180111-0902791,617-86-16037,2014-03-06,2018-11-09,2025-03-07,일반,12.0,중소기업,,셀리버리,N35201.생물공학,"M00000.전문, 과학 및 기술 서비스업(70~73)",M70000.연구개발업,코스닥,감사의견 거절(감사범위 제한 및 계속기업 가정 불확실성),감사의견거절,2016,,,,,,,,,,,,,,,,-41.7,,,,,,,,,,"25,764,540.","17,759,720.",,-11.45,-30.18,,,,,-34.81,,,,,,,,,-640.47,"-5,426.57",-140.19,-242.42,-43.78,-28.03,,
NL59377,A268600,셀리버리,(주)셀리버리,180111-0902791,617-86-16037,2014-03-06,2018-11-09,2025-03-07,일반,12.0,중소기업,,셀리버리,N35201.생물공학,"M00000.전문, 과학 및 기술 서비스업(70~73)",M70000.연구개발업,코스닥,감사의견 거절(감사범위 제한 및 계속기업 가정 불확실성),감사의견거절,2017,0.8418577,-0.432871,-0.6658893,84.19,0.0906895,0.2340426,,,,0.0561174,0.0153324,0.2208062,,,,-354.03,,8.68,2.9593054,,,15.53,10.46,,,"20,000,960.","14,758,840.",,,,,,,,"-1,614.3",,85.61,66.57,,,,226.96,1.98,-40.13,-120.16,-173.41,-527.18,,,,
NL59377,A268600,셀리버리,(주)셀리버리,180111-0902791,617-86-16037,2014-03-06,2018-11-09,2025-03-07,일반,12.0,중소기업,,셀리버리,N35201.생물공학,"M00000.전문, 과학 및 기술 서비스업(70~73)",M70000.연구개발업,코스닥,감사의견 거절(감사범위 제한 및 계속기업 가정 불확실성),감사의견거절,2018,0.8641083,0.4411905,-1.0584153,86.41,0.0171118,0.0757576,33.61,-90.92,-148.45,-0.1025745,-0.167479,-0.1145124,-18.7,39.78,172.34,80.06,.11,0.13,1.0822192,0.0,0.0,76.93,8.37,.13,,"19,200,490.","13,929,160.","341,041.96",1.1,19.56,790.7924348,-1295.7981616,,4706.1148697,841.22,89.58,"1,109.47","1,107.74",28.97,.17,,11.64,-2.29,-148.8,,-15.51,-137.49,26.96,5.91,"1,527.8",
NL59377,A268600,셀리버리,(주)셀리버리,180111-0902791,617-86-16037,2014-03-06,2018-11-09,2025-03-07,일반,12.0,중소기업,,셀리버리,N35201.생물공학,"M00000.전문, 과학 및 기술 서비스업(70~73)",M70000.연구개발업,코스닥,감사의견 거절(감사범위 제한 및 계속기업 가정 불확실성),감사의견거절,2019,-0.3202103,1.2189751,-218.5524758,-32.02,0.0438519,0.2535211,,,,0.0984976,-0.1079271,0.3479408,,,,75.74,,4.54,1.7940657,,,11.06,16.15,,,"16,987,800.","11,507,630.","398,054.01",,,,-2529.0003768,,3488.8810345,597.78,,62.48,32.55,,,,320.58,2.71,-522.89,"-11,168.91",-60.58,-901.42,,,,
NL59377,A268600,셀리버리,(주)셀리버리,180111-0902791,617-86-16037,2014-03-06,2018-11-09,2025-03-07,일반,12.0,중소기업,,셀리버리,N35201.생물공학,"M00000.전문, 과학 및 기술 서비스업(70~73)",M70000.연구개발업,코스닥,감사의견 거절(감사범위 제한 및 계속기업 가정 불확실성),감사의견거절,2020,-1.2424929,-2.9235827,-1.6926588,,-0.5603912,-0.0224719,,,,-0.2226039,-0.3414352,-2.1832816,,,,,,,0.7397261,,,3.87,10.7,,,,,,,,,,,,,,33.45,9.04,,,,,-5.24,,,,,,,,
NL59377,A268600,셀리버리,(주)셀리버리,180111-0902791,617-86-16037,2014-03-06,2018-11-09,2025-03-07,일반,12.0,중소기업,,셀리버리,N35201.생물공학,"M00000.전문, 과학 및 기술 서비스업(70~73)",M70000.연구개발업,코스닥,감사의견 거절(감사범위 제한 및 계속기업 가정 불확실성),감사의견거절,2021,,,,,,0.0229885,1.82,-724.36,-724.84,-0.2160327,-0.2161757,-0.3739642,-37.42,68.71,674.55,50.82,.03,0.05,0.0706202,0.0,0.0,.99,0.82,.05,,,,,,,240.3476391,-1742.1239937,-1411.6639117,4327.2145939,731.03,57.77,376.28,361.29,265.14,5.43,212.59,73.11,-10.54,,,,,,,,
NL59377,A268600,셀리버리,(주)셀리버리,180111-0902791,617-86-16037,2014-03-06,2018-11-09,2025-03-07,일반,12.0,중소기업,,셀리버리,N35201.생물공학,"M00000.전문, 과학 및 기술 서비스업(70~73)",M70000.연구개발업,코스닥,감사의견 거절(감사범위 제한 및 계속기업 가정 불확실성),감사의견거절,2022,-0.8606211,-1.384748,-1.6776998,-86.06,4.9803639,0.1235955,-1.16,-288.85,-324.54,-0.6235691,-0.7006344,-1.5654325,-175.89,27.81,384.73,-9.04,.22,0.54,0.3588099,0.0,0.0,4.43,5.04,.99,,,,,,,919.7431379,-2984.9704914,-2239.1973141,293.8030724,-41.74,12.34,53.62,41.76,26.45,,365.36,710.23,-10.39,,,,,,,,
NL59377,A268600,셀리버리,(주)셀리버리,180111-0902791,617-86-16037,2014-03-06,2018-11-09,2025-03-07,일반,12.0,중소기업,,셀리버리,N35201.생물공학,"M00000.전문, 과학 및 기술 서비스업(70~73)",M70000.연구개발업,코스닥,감사의견 거절(감사범위 제한 및 계속기업 가정 불확실성),감사의견거절,2023,-3.5030165,0.7074725,0.5471534,,-0.1854828,-0.91,-1.4,-103.74,-180.44,-0.3406998,-0.592602,2.4906262,,27.49,244.91,-142.11,.33,,0.2889066,0.0,0.0,3.99,5.26,-.52,,"398,427,390.","97,515,720.","2,834,154.33",,,280.0609413,-889.3504696,,-667.3215184,-233.01,,14.37,9.01,2.67,,456.56,,-3.77,-52.9,-66.2,-281.1,,,,,
NL59377,A268600,셀리버리,(주)셀리버리,180111-0902791,617-86-16037,2014-03-06,2018-11-09,2025-03-07,일반,12.0,중소기업,,셀리버리,N35201.생물공학,"M00000.전문, 과학 및 기술 서비스업(70~73)",M70000.연구개발업,코스닥,감사의견 거절(감사범위 제한 및 계속기업 가정 불확실성),감사의견거절,2024,,,,,,,,,,,,,,,,,,,,,,,,,,,,,,,,,,,,,,,,,,,,,,,,,,,
NIV6852,A282690,동아타이어,동아타이어공업(주),234111-0096698,601-86-00898,2017-11-02,2017-11-29,2024-10-08,폐업,12.0,중견기업,,,N25101.자동차 부품,C00000.제조업(10~34),C22000.고무 및 플라스틱제품 제조업,코스피,해산 사유 발생,해산사유발생,2014,,,,,,,,,,,,,,,,,,,,,,,,,,,,,,,,,,,,,,,,,,,,,,,,,,,
NIV6852,A282690,동아타이어,동아타이어공업(주),234111-0096698,601-86-00898,2017-11-02,2017-11-29,2024-10-08,폐업,12.0,중견기업,,,N25101.자동차 부품,C00000.제조업(10~34),C22000.고무 및 플라스틱제품 제조업,코스피,해산 사유 발생,해산사유발생,2015,,,,,,,,,,,,,,,,,,,,,,,,,,,,,,,,,,,,,,,,,,,,,,,,,,,
NIV6852,A282690,동아타이어,동아타이어공업(주),234111-0096698,601-86-00898,2017-11-02,2017-11-29,2024-10-08,폐업,12.0,중견기업,,,N25101.자동차 부품,C00000.제조업(10~34),C22000.고무 및 플라스틱제품 제조업,코스피,해산 사유 발생,해산사유발생,2016,,,,,,,,,,,,,,,,,,,,,,,,,,,,,,,,,,,,,,,,,,,,,,,,,,,
NIV6852,A282690,동아타이어,동아타이어공업(주),234111-0096698,601-86-00898,2017-11-02,2017-11-29,2024-10-08,폐업,12.0,중견기업,,,N25101.자동차 부품,C00000.제조업(10~34),C22000.고무 및 플라스틱제품 제조업,코스피,해산 사유 발생,해산사유발생,2017,,,,,,,,,,,,,,,,,,,,,,,,,,,,"555,967.21",,,,14.6168922,,23549.2308135,,,,,,,,,,,,,,,,,
NIV6852,A282690,동아타이어,동아타이어공업(주),234111-0096698,601-86-00898,2017-11-02,2017-11-29,2024-10-08,폐업,12.0,중견기업,,,N25101.자동차 부품,C00000.제조업(10~34),C22000.고무 및 플라스틱제품 제조업,코스피,해산 사유 발생,해산사유발생,2018,,,,,,-0.0287081,,,,0.0336299,0.043844,0.0364868,,,,,,0.47,5.5826406,,,6.03,5.15,,,,,"589,190.6",,,11120.0465996,1178.2036938,,24771.4496618,,,298.1,192.15,,,,8.5,102.32,,,,,,,,
NIV6852,A282690,동아타이어,동아타이어공업(주),234111-0096698,601-86-00898,2017-11-02,2017-11-29,2024-10-08,폐업,12.0,중견기업,,,N25101.자동차 부품,C00000.제조업(10~34),C22000.고무 및 플라스틱제품 제조업,코스피,해산 사유 발생,해산사유발생,2019,0.0492298,0.4530447,0.5271169,4.92,-0.0329756,-0.1264368,,,,0.0477798,0.0654669,0.0517432,,,,,,0.45,5.3957916,,,6.82,5.53,,,,,"709,719.63",,,9374.6618615,1799.2547157,,25987.9189675,,,308.47,241.66,,,,8.1,134.25,,,,,,,45.09,
NIV6852,A282690,동아타이어,동아타이어공업(주),234111-0096698,601-86-00898,2017-11-02,2017-11-29,2024-10-08,폐업,12.0,중견기업,,,N25101.자동차 부품,C00000.제조업(10~34),C22000.고무 및 플라스틱제품 제조업,코스피,해산 사유 발생,해산사유발생,2020,0.0279549,-0.0599239,-0.4603174,2.8,-0.0822388,0.056391,,,,0.0433777,0.0341208,0.0468466,,,,,,0.4,4.9470563,,,7.08,5.29,,,,,"697,169.37",,,8603.7012983,971.0264643,,26714.4093995,,,335.14,257.01,,,,7.89,285.82,,,,,,,56.62,
NIV6852,A282690,동아타이어,동아타이어공업(주),234111-0096698,601-86-00898,2017-11-02,2017-11-29,2024-10-08,폐업,12.0,중견기업,,,N25101.자동차 부품,C00000.제조업(10~34),C22000.고무 및 플라스틱제품 제조업,코스피,해산 사유 발생,해산사유발생,2021,0.0098917,-0.1512172,0.2401501,0.99,0.2541805,-0.0053381,,,,0.0352484,0.0405107,0.0390289,,,,,,0.49,4.5407357,,,6.43,5.24,,,,,"721,359.11",,,12377.5235023,1204.2185201,,26981.7988923,,,278.05,196.55,,,,13.53,217.25,,,,,,,54.5,
NIV6852,A282690,동아타이어,동아타이어공업(주),234111-0096698,601-86-00898,2017-11-02,2017-11-29,2024-10-08,폐업,12.0,중견기업,,,N25101.자동차 부품,C00000.제조업(10~34),C22000.고무 및 플라스틱제품 제조업,코스피,해산 사유 발생,해산사유발생,2022,0.0197116,0.555208,0.4504623,1.97,0.1458528,-0.0769231,,,,0.0500075,0.0536023,0.0598113,,,,,,0.55,2.8049139,,,6.25,4.94,,,,,"837,251.42",,,14182.8204107,1746.6735455,,27513.6538349,,,181.92,142.12,,,,25.56,15.9,,,,,,,,
NIV6852,A282690,동아타이어,동아타이어공업(주),234111-0096698,601-86-00898,2017-11-02,2017-11-29,2024-10-08,폐업,12.0,중견기업,,,N25101.자동차 부품,C00000.제조업(10~34),C22000.고무 및 플라스틱제품 제조업,코스피,해산 사유 발생,해산사유발생,2023,0.0236929,-0.4435975,-0.5954097,2.37,-0.185235,-0.0077519,,,,0.0267891,0.0208802,0.0325717,,,,85.88,,0.44,2.0315273,,,5.51,3.98,,,"51,657,410.","4,373,080.","880,345.09",,,11555.666241,706.687206,,28165.531132,"5,583.05",,323.08,255.73,,,,17.7,6.36,25.74,76.43,3.24,8.91,,,,
NIV6852,A282690,동아타이어,동아타이어공업(주),234111-0096698,601-86-00898,2017-11-02,2017-11-29,2024-10-08,폐업,12.0,중견기업,,,N25101.자동차 부품,C00000.제조업(10~34),C22000.고무 및 플라스틱제품 제조업,코스피,해산 사유 발생,해산사유발생,2024,,,,,,,,,,,,,,,,,,,,,,,,,,,,,,,,,,,,,,,,,,,,,,,,,,,
N025852,A290380,대유,(주)대유,174811-0000309,515-81-00326,1977-04-06,2018-08-10,,외감,12.0,중소기업,,조광아이엘아이,N15000.소재,C00000.제조업(10~34),C20000.화학 물질 및 화학제품 제조업,코스닥,기업의 계속성 및 경영의 투명성 등을 종합적으로 고려하여 상장폐지기준에 해당한다고 결정,기업의계속성_경영의투명성종합판단,2014,,,,,,,,,,,,,,,,44.06,,,,,,,,,,"65,934,740.","1,332,680.",,54.99,201.81,,,,,308.68,,,,,,,,,40.26,85.99,16.77,17.52,"9,984.71",52.25,,"21,018,105,000."
N025852,A290380,대유,(주)대유,174811-0000309,515-81-00326,1977-04-06,2018-08-10,,외감,12.0,중소기업,,조광아이엘아이,N15000.소재,C00000.제조업(10~34),C20000.화학 물질 및 화학제품 제조업,코스닥,기업의 계속성 및 경영의 투명성 등을 종합적으로 고려하여 상장폐지기준에 해당한다고 결정,기업의계속성_경영의투명성종합판단,2015,,,,,,,,,,,,,,,,59.57,,,,,,,,,,"70,381,540.","1,617,040.",,,,,,,,624.77,,,,,,,,,34.19,81.05,10.56,13.49,,,,"31,462,532,000."
N025852,A290380,대유,(주)대유,174811-0000309,515-81-00326,1977-04-06,2018-08-10,,외감,12.0,중소기업,,조광아이엘아이,N15000.소재,C00000.제조업(10~34),C20000.화학 물질 및 화학제품 제조업,코스닥,기업의 계속성 및 경영의 투명성 등을 종합적으로 고려하여 상장폐지기준에 해당한다고 결정,기업의계속성_경영의투명성종합판단,2016,,,,,,,,,,,,,,,,61.52,,,,,,,,,,"90,306,870.","2,172,490.",,,,,,,,728.54,,,,,,,,,40.11,99.12,12.05,16.24,,,,"35,525,886,000."
N025852,A290380,대유,(주)대유,174811-0000309,515-81-00326,1977-04-06,2018-08-10,,외감,12.0,중소기업,,조광아이엘아이,N15000.소재,C00000.제조업(10~34),C20000.화학 물질 및 화학제품 제조업,코스닥,기업의 계속성 및 경영의 투명성 등을 종합적으로 고려하여 상장폐지기준에 해당한다고 결정,기업의계속성_경영의투명성종합판단,2017,,,,,,,,,,,,,,,,72.48,,,,,,,,,,"92,776,020.","2,058,830.",,,,,,,,878.21,,,,,,,,,80.65,"2,600.41",15.54,20.64,,,,"36,350,950,000."
N025852,A290380,대유,(주)대유,174811-0000309,515-81-00326,1977-04-06,2018-08-10,,외감,12.0,중소기업,,조광아이엘아이,N15000.소재,C00000.제조업(10~34),C20000.화학 물질 및 화학제품 제조업,코스닥,기업의 계속성 및 경영의 투명성 등을 종합적으로 고려하여 상장폐지기준에 해당한다고 결정,기업의계속성_경영의투명성종합판단,2018,,,,,,-0.0252101,,,,-0.0036636,0.0037577,-0.0039175,,,,82.95,,,,,,,,,,"94,651,570.","1,909,470.","449,468.81",,,,840.8658801,,3740.5703753,"1,244.85",,"13,951,907.04","13,951,907.04",,,,6.93,-2.3,88.55,"2,670.67",9.2,21.73,,,,"67,925,815,000."
N025852,A290380,대유,(주)대유,174811-0000309,515-81-00326,1977-04-06,2018-08-10,,외감,12.0,중소기업,,조광아이엘아이,N15000.소재,C00000.제조업(10~34),C20000.화학 물질 및 화학제품 제조업,코스닥,기업의 계속성 및 경영의 투명성 등을 종합적으로 고려하여 상장폐지기준에 해당한다고 결정,기업의계속성_경영의투명성종합판단,2019,0.0082345,-0.3294481,1.0493512,.82,,0.1551724,,,,-0.0048464,0.0076626,-0.0051867,,,,81.22,,,,,,,,,,"84,711,940.","1,591,770.","523,419.76",,,,542.6945341,,6991.7068402,"1,298.34",,"13,895,383.33","13,895,383.33",,,,7.11,-2.63,59.36,569.56,7.43,18.12,,,,"72,350,682,000."
N025852,A290380,대유,(주)대유,174811-0000309,515-81-00326,1977-04-06,2018-08-10,,외감,12.0,중소기업,,조광아이엘아이,N15000.소재,C00000.제조업(10~34),C20000.화학 물질 및 화학제품 제조업,코스닥,기업의 계속성 및 경영의 투명성 등을 종합적으로 고려하여 상장폐지기준에 해당한다고 결정,기업의계속성_경영의투명성종합판단,2020,0.001011,-0.9398926,-0.876211,.1,,-0.0373134,,,,-0.0093486,0.0009432,-0.0100155,,,,65.06,,,,,,,,,,"103,881,020.","1,535,640.","646,189.41",,,,550.0313729,,7281.8155406,"1,356.36",,"13,914,519.44","13,914,519.44",,,,7.15,-4.94,19.58,46.25,5.9,16.56,,,,"94,366,187,000."
N025852,A290380,대유,(주)대유,174811-0000309,515-81-00326,1977-04-06,2018-08-10,,외감,12.0,중소기업,,조광아이엘아이,N15000.소재,C00000.제조업(10~34),C20000.화학 물질 및 화학제품 제조업,코스닥,기업의 계속성 및 경영의 투명성 등을 종합적으로 고려하여 상장폐지기준에 해당한다고 결정,기업의계속성_경영의투명성종합판단,2021,,,,,,0.0465116,,,,,,,,,,63.,,,,,,,,,,"112,251,190.","1,855,610.","773,228.32",,,,529.5640722,,5478.1419425,995.71,,,,,,,,,19.54,29.55,6.,18.88,,,,"114,405,459,000."
N025852,A290380,대유,(주)대유,174811-0000309,515-81-00326,1977-04-06,2018-08-10,,외감,12.0,중소기업,,조광아이엘아이,N15000.소재,C00000.제조업(10~34),C20000.화학 물질 및 화학제품 제조업,코스닥,기업의 계속성 및 경영의 투명성 등을 종합적으로 고려하여 상장폐지기준에 해당한다고 결정,기업의계속성_경영의투명성종합판단,2022,,,,,,0.0296296,52.62,12.26,-49.81,0.0304566,-0.1236822,0.0407038,-16.53,2.44,158.74,66.16,.25,0.33,0.9864156,0.0,0.0,2.99,12.05,2.29,,"208,177,980.","30,721,900.","922,391.72",-6.55,-29.02,1519.8283804,-756.958066,8.9521148,4310.6684191,762.19,74.82,150.3,111.81,58.67,76.51,317.13,33.65,5.02,-47.79,-63.89,-12.06,-48.43,-196.62,-23.75,,"142,019,438,000."
N025852,A290380,대유,(주)대유,174811-0000309,515-81-00326,1977-04-06,2018-08-10,,외감,12.0,중소기업,,조광아이엘아이,N15000.소재,C00000.제조업(10~34),C20000.화학 물질 및 화학제품 제조업,코스닥,기업의 계속성 및 경영의 투명성 등을 종합적으로 고려하여 상장폐지기준에 해당한다고 결정,기업의계속성_경영의투명성종합판단,2023,,,,,,0.028777,,,,,,,,,,67.35,,,,,,,,,,"299,693,010.","59,021,450.","869,985.98",-5.18,-15.04,"1,233.15",-891.1040604,,3410.2296883,582.12,,,,,,,,,-89.26,-106.57,-18.82,-65.97,-76.39,-21.16,,"142,366,996,000."
N025852,A290380,대유,(주)대유,174811-0000309,515-81-00326,1977-04-06,2018-08-10,,외감,12.0,중소기업,,조광아이엘아이,N15000.소재,C00000.제조업(10~34),C20000.화학 물질 및 화학제품 제조업,코스닥,기업의 계속성 및 경영의 투명성 등을 종합적으로 고려하여 상장폐지기준에 해당한다고 결정,기업의계속성_경영의투명성종합판단,2024,,,,,,0.0629371,,,,,,,,,,67.65,,,,,,,,,,"268,554,270.","54,171,070.","660,749.05",,,"1,373.27",-328.066816,275.7989403,3074.6194894,515.,,,,,,,,,-30.44,-37.73,-5.85,-16.23,,,,"94,071,159,000."
NJ18071,A299910,애닉,(주)애닉,110111-5131886,120-87-98186,2013-05-09,2018-12-03,2025-02-14,외감,12.0,중소기업,,애닉,N45103.소프트웨어,J00000.정보통신업(58~63),J58000.출판업,코스닥,기업의 계속성 및 경영의 투명성 등을 종합적으로 고려하여 상장폐지기준에 해당한다고 결정,기업의계속성_경영의투명성종합판단,2014,,,,,,,,,,,,,,,,"-1,141.46",,,,,,,,,,,,,,,,,,,-127.37,,,,,,,,,-161.26,-197.12,-556.75,"-16,653.78",,,,"36,822,000."
NJ18071,A299910,애닉,(주)애닉,110111-5131886,120-87-98186,2013-05-09,2018-12-03,2025-02-14,외감,12.0,중소기업,,애닉,N45103.소프트웨어,J00000.정보통신업(58~63),J58000.출판업,코스닥,기업의 계속성 및 경영의 투명성 등을 종합적으로 고려하여 상장폐지기준에 해당한다고 결정,기업의계속성_경영의투명성종합판단,2015,,,,,,,,,,,,,,,,-58.8,,,,,,,,,,,,,,,,,,,-55.81,,,,,,,,,-317.24,-755.54,-169.52,,,,,"445,695,000."
NJ18071,A299910,애닉,(주)애닉,110111-5131886,120-87-98186,2013-05-09,2018-12-03,2025-02-14,외감,12.0,중소기업,,애닉,N45103.소프트웨어,J00000.정보통신업(58~63),J58000.출판업,코스닥,기업의 계속성 및 경영의 투명성 등을 종합적으로 고려하여 상장폐지기준에 해당한다고 결정,기업의계속성_경영의투명성종합판단,2016,,,,,,,,,,,,,,,,-229.91,,,,,,,,,,,,,,,,,,,"-1,469.87",,,,,,,,,-53.45,-154.75,-167.99,"-3,487.02",,,,"2,109,739,000."
NJ18071,A299910,애닉,(주)애닉,110111-5131886,120-87-98186,2013-05-09,2018-12-03,2025-02-14,외감,12.0,중소기업,,애닉,N45103.소프트웨어,J00000.정보통신업(58~63),J58000.출판업,코스닥,기업의 계속성 및 경영의 투명성 등을 종합적으로 고려하여 상장폐지기준에 해당한다고 결정,기업의계속성_경영의투명성종합판단,2017,,,,,,,,,,,,,,,,6.16,,,,,,,,,,"3,089,970.",.,,,,,,,,231.22,,,,,,,,,51.31,230.85,46.79,18.63,,,,"12,393,261,000."
NJ18071,A299910,애닉,(주)애닉,110111-5131886,120-87-98186,2013-05-09,2018-12-03,2025-02-14,외감,12.0,중소기업,,애닉,N45103.소프트웨어,J00000.정보통신업(58~63),J58000.출판업,코스닥,기업의 계속성 및 경영의 투명성 등을 종합적으로 고려하여 상장폐지기준에 해당한다고 결정,기업의계속성_경영의투명성종합판단,2018,,,,,,0.7522936,100.0,22.67,-85.53,0.2518614,-0.950073,0.3114608,-117.49,.14,184.42,77.3,1.11,1.37,5.8050342,0.0,0.0,,10.58,1.44,,"4,811,520.",.,"328,263.41",,,23954.1015264,-28481.8249982,,11346.9672214,"2,169.39",80.86,580.74,580.74,476.93,.,,23.66,164.3,-501.11,,-93.08,-84.5,,,,"113,003,363,000."
NJ18071,A299910,애닉,(주)애닉,110111-5131886,120-87-98186,2013-05-09,2018-12-03,2025-02-14,외감,12.0,중소기업,,애닉,N45103.소프트웨어,J00000.정보통신업(58~63),J58000.출판업,코스닥,기업의 계속성 및 경영의 투명성 등을 종합적으로 고려하여 상장폐지기준에 해당한다고 결정,기업의계속성_경영의투명성종합판단,2019,-0.068447,-1.3082352,0.9236637,-6.84,-0.1921017,0.6649215,100.0,-8.65,-8.08,-0.0797169,-0.0744723,-0.0994052,-9.29,.14,108.46,75.22,.92,1.15,4.6527225,0.0,202.7404181,,10.92,1.51,,"9,093,980.",.,"353,694.42",,,9277.8001764,-980.7431334,,10465.3891632,"1,993.08",79.49,427.65,427.65,98.15,.,,25.81,-62.84,12.87,79.03,1.96,2.2,,,,"112,067,379,000."
NJ18071,A299910,애닉,(주)애닉,110111-5131886,120-87-98186,2013-05-09,2018-12-03,2025-02-14,외감,12.0,중소기업,,애닉,N45103.소프트웨어,J00000.정보통신업(58~63),J58000.출판업,코스닥,기업의 계속성 및 경영의 투명성 등을 종합적으로 고려하여 상장폐지기준에 해당한다고 결정,기업의계속성_경영의투명성종합판단,2020,-0.6110764,-2.8978828,-4.7125005,-61.11,-0.3209366,0.1069182,100.0,-49.65,-67.98,-0.4029121,-0.5516355,-0.5784401,-79.2,.34,156.27,54.27,.81,1.16,2.6739914,0.0,289.3728883,,13.01,2.28,,"10,126,280.",.,"262,079.77",,,7148.1695816,-5726.672404,,4290.3725445,835.39,52.85,159.26,159.26,72.34,.,,89.22,-147.77,-167.6,"-1,070.37",-52.85,-58.01,,,,"106,207,019,000."
NJ18071,A299910,애닉,(주)애닉,110111-5131886,120-87-98186,2013-05-09,2018-12-03,2025-02-14,외감,12.0,중소기업,,애닉,N45103.소프트웨어,J00000.정보통신업(58~63),J58000.출판업,코스닥,기업의 계속성 및 경영의 투명성 등을 종합적으로 고려하여 상장폐지기준에 해당한다고 결정,기업의계속성_경영의투명성종합판단,2021,-1.1622526,-0.3010803,0.154113,,-0.3346647,-0.4431818,100.0,-97.1,-86.43,-1.1932319,-1.0621234,-3.2082153,,.55,170.16,-39.39,1.23,,1.9565506,0.0,720.6232815,,16.9,9.08,,"10,797,720.",.,"211,410.77",,,5570.7404225,-4809.0550877,,-684.6068001,-113.54,,76.42,76.42,19.4,,,,-178.1,-360.1,-875.64,-519.79,-127.85,,,,"62,126,835,000."
NJ18071,A299910,애닉,(주)애닉,110111-5131886,120-87-98186,2013-05-09,2018-12-03,2025-02-14,외감,12.0,중소기업,,애닉,N45103.소프트웨어,J00000.정보통신업(58~63),J58000.출판업,코스닥,기업의 계속성 및 경영의 투명성 등을 종합적으로 고려하여 상장폐지기준에 해당한다고 결정,기업의계속성_경영의투명성종합판단,2022,0.7611585,0.8295867,0.8803078,,-0.8794261,-0.9744898,100.0,-137.24,-85.8,-1.1306531,-0.7068738,1.0223442,,6.8,201.21,-591.51,.82,,0.3912075,0.0,4629.5748229,,6.94,-.87,,"171,582,100.",.,"1,172,910.1",,,667.5803676,-572.785441,,-1205.7011071,-212.36,,9.21,9.21,3.09,,,,-20.18,-49.31,-111.65,-414.14,-110.78,,,,"11,827,056,000."
NJ18071,A299910,애닉,(주)애닉,110111-5131886,120-87-98186,2013-05-09,2018-12-03,2025-02-14,외감,12.0,중소기업,,애닉,N45103.소프트웨어,J00000.정보통신업(58~63),J58000.출판업,코스닥,기업의 계속성 및 경영의 투명성 등을 종합적으로 고려하여 상장폐지기준에 해당한다고 결정,기업의계속성_경영의투명성종합판단,2023,-1.1758972,0.7197125,0.791308,,-0.8831398,1.0,100.0,-329.16,-153.22,-0.329536,-0.1533972,0.5451456,,10.42,159.84,35.88,.1,,0.0623954,0.0,87.8396792,.47,13.25,-.14,,"15,134,050.",.,"327,678.95",,,65.3165565,-127.6231767,,384.1526719,172.03,14.58,106.11,73.78,49.2,529.37,,585.78,-31.59,20.87,54.27,12.77,104.08,,,,"1,473,202,000."
NJ18071,A299910,애닉,(주)애닉,110111-5131886,120-87-98186,2013-05-09,2018-12-03,2025-02-14,외감,12.0,중소기업,,애닉,N45103.소프트웨어,J00000.정보통신업(58~63),J58000.출판업,코스닥,기업의 계속성 및 경영의 투명성 등을 종합적으로 고려하여 상장폐지기준에 해당한다고 결정,기업의계속성_경영의투명성종합판단,2024,,,,,,,,,,,,,,,,,,,,,,,,,,,,,,,,,,,,,,,,,,,,,,,,,,,"11,317,381,000."
NJN6361,A323230,엠에프엠코리아,엠에프엠코리아(주),110111-7067138,281-88-01488,2019-04-04,2019-06-19,2025-06-19,외감,12.0,중소기업,,,"N25203.섬유, 의류, 사치품",C00000.제조업(10~34),"C14000.의복, 의복 액세서리 및 모피제품 제조업",코스닥,기업의 계속성 및 경영의 투명성 등을 종합적으로 고려하여 상장폐지기준에 해당한다고 결정,기업의계속성_경영의투명성종합판단,2014,,,,,,,,,,,,,,,,,,,,,,,,,,,,,,,,,,,,,,,,,,,,,,,,,,,
NJN6361,A323230,엠에프엠코리아,엠에프엠코리아(주),110111-7067138,281-88-01488,2019-04-04,2019-06-19,2025-06-19,외감,12.0,중소기업,,,"N25203.섬유, 의류, 사치품",C00000.제조업(10~34),"C14000.의복, 의복 액세서리 및 모피제품 제조업",코스닥,기업의 계속성 및 경영의 투명성 등을 종합적으로 고려하여 상장폐지기준에 해당한다고 결정,기업의계속성_경영의투명성종합판단,2015,,,,,,,,,,,,,,,,,,,,,,,,,,,,,,,,,,,,,,,,,,,,,,,,,,,
NJN6361,A323230,엠에프엠코리아,엠에프엠코리아(주),110111-7067138,281-88-01488,2019-04-04,2019-06-19,2025-06-19,외감,12.0,중소기업,,,"N25203.섬유, 의류, 사치품",C00000.제조업(10~34),"C14000.의복, 의복 액세서리 및 모피제품 제조업",코스닥,기업의 계속성 및 경영의 투명성 등을 종합적으로 고려하여 상장폐지기준에 해당한다고 결정,기업의계속성_경영의투명성종합판단,2016,,,,,,,,,,,,,,,,,,,,,,,,,,,,,,,,,,,,,,,,,,,,,,,,,,,
NJN6361,A323230,엠에프엠코리아,엠에프엠코리아(주),110111-7067138,281-88-01488,2019-04-04,2019-06-19,2025-06-19,외감,12.0,중소기업,,,"N25203.섬유, 의류, 사치품",C00000.제조업(10~34),"C14000.의복, 의복 액세서리 및 모피제품 제조업",코스닥,기업의 계속성 및 경영의 투명성 등을 종합적으로 고려하여 상장폐지기준에 해당한다고 결정,기업의계속성_경영의투명성종합판단,2017,,,,,,,,,,,,,,,,,,,,,,,,,,,,,,,,,,,,,,,,,,,,,,,,,,,
NJN6361,A323230,엠에프엠코리아,엠에프엠코리아(주),110111-7067138,281-88-01488,2019-04-04,2019-06-19,2025-06-19,외감,12.0,중소기업,,,"N25203.섬유, 의류, 사치품",C00000.제조업(10~34),"C14000.의복, 의복 액세서리 및 모피제품 제조업",코스닥,기업의 계속성 및 경영의 투명성 등을 종합적으로 고려하여 상장폐지기준에 해당한다고 결정,기업의계속성_경영의투명성종합판단,2018,,,,,,,,,,,,,,,,,,,,,,,,,,,,,,,,,,,,,,,,,,,,,,,,,,,
NJN6361,A323230,엠에프엠코리아,엠에프엠코리아(주),110111-7067138,281-88-01488,2019-04-04,2019-06-19,2025-06-19,외감,12.0,중소기업,,,"N25203.섬유, 의류, 사치품",C00000.제조업(10~34),"C14000.의복, 의복 액세서리 및 모피제품 제조업",코스닥,기업의 계속성 및 경영의 투명성 등을 종합적으로 고려하여 상장폐지기준에 해당한다고 결정,기업의계속성_경영의투명성종합판단,2019,,,,,,,18.24,3.34,.82,0.0620605,0.0152075,0.2104798,5.16,1.96,98.58,22.76,1.86,6.29,2.6317348,0.0,0.0,2.99,6.88,7.27,,,,,,,29721.4277001,360.2934441,,5293.2944316,338.73,29.49,137.24,46.74,2.83,243.03,110.39,239.15,1.71,,,,,,,,"52,367,722,000."
NJN6361,A323230,엠에프엠코리아,엠에프엠코리아(주),110111-7067138,281-88-01488,2019-04-04,2019-06-19,2025-06-19,외감,12.0,중소기업,,,"N25203.섬유, 의류, 사치품",C00000.제조업(10~34),"C14000.의복, 의복 액세서리 및 모피제품 제조업",코스닥,기업의 계속성 및 경영의 투명성 등을 종합적으로 고려하여 상장폐지기준에 해당한다고 결정,기업의계속성_경영의투명성종합판단,2020,0.0039404,-0.0882826,0.4528963,11.06,,0.0,10.69,-3.87,-5.29,-0.004605,-0.0686546,-0.0052261,-21.57,2.12,105.74,35.23,1.3,4.08,,0.0,535.8188177,2.19,4.7,4.32,,"5,262,550.","21,760.","1,401,462.49",,,18056.8108588,-1059.2492137,,1522.7458498,"1,458.06",34.29,159.83,62.4,3.49,162.86,106.83,191.61,-1.82,-17.31,-43.08,-8.95,-7.94,,,,"77,374,603,000."
NJN6361,A323230,엠에프엠코리아,엠에프엠코리아(주),110111-7067138,281-88-01488,2019-04-04,2019-06-19,2025-06-19,외감,12.0,중소기업,,,"N25203.섬유, 의류, 사치품",C00000.제조업(10~34),"C14000.의복, 의복 액세서리 및 모피제품 제조업",코스닥,기업의 계속성 및 경영의 투명성 등을 종합적으로 고려하여 상장폐지기준에 해당한다고 결정,기업의계속성_경영의투명성종합판단,2021,0.2463457,-3.08297,-2.3680493,24.63,0.1753622,0.2368421,2.79,-13.44,-15.15,-0.1760109,-0.1983507,-0.545303,-61.45,1.95,114.11,29.64,1.31,4.06,1.9331485,0.0,280.2791831,2.21,5.33,3.21,,"3,898,350.","6,180.","1,533,503.93",,,5493.775267,-842.0659084,,1074.0937604,"1,003.26",30.82,190.26,68.35,10.36,135.06,88.85,224.42,-6.9,-12.3,-31.2,-6.41,-6.46,,,,"73,886,896,000."
NJN6361,A323230,엠에프엠코리아,엠에프엠코리아(주),110111-7067138,281-88-01488,2019-04-04,2019-06-19,2025-06-19,외감,12.0,중소기업,,,"N25203.섬유, 의류, 사치품",C00000.제조업(10~34),"C14000.의복, 의복 액세서리 및 모피제품 제조업",코스닥,기업의 계속성 및 경영의 투명성 등을 종합적으로 고려하여 상장폐지기준에 해당한다고 결정,기업의계속성_경영의투명성종합판단,2022,-0.0215766,1.0765333,0.9681223,-2.16,0.2621874,-0.0851064,12.98,.82,-.38,0.0100909,-0.0047365,0.0380196,-1.78,3.67,99.88,22.48,1.24,4.66,1.6850681,0.0,234.5352333,2.34,4.95,3.93,,"4,939,910.",790.,"2,072,753.73",,,4728.9450295,-12.1930545,,1057.6703014,987.33,23.24,133.49,59.18,4.62,221.9,135.73,330.28,.22,-.72,-2.29,-0.36,-.41,,,,"102,449,747,000."
NJN6361,A323230,엠에프엠코리아,엠에프엠코리아(주),110111-7067138,281-88-01488,2019-04-04,2019-06-19,2025-06-19,외감,12.0,중소기업,,,"N25203.섬유, 의류, 사치품",C00000.제조업(10~34),"C14000.의복, 의복 액세서리 및 모피제품 제조업",코스닥,기업의 계속성 및 경영의 투명성 등을 종합적으로 고려하여 상장폐지기준에 해당한다고 결정,기업의계속성_경영의투명성종합판단,2023,-0.2858025,-11.2449229,-37.7529104,-28.58,-0.2198947,-0.372093,6.78,-10.71,-19.01,-0.1034089,-0.1836053,-0.4594595,-81.58,6.09,116.76,19.33,.97,4.29,1.2464343,0.0,348.5015029,2.22,3.27,4.94,,"10,044,760.","1,260.","3,167,812.3",,,3288.1757913,-634.0929674,,525.5882392,457.56,21.55,128.37,65.16,.96,222.81,182.57,363.96,-1.76,-11.95,-26.15,-4.31,-4.28,,,,"132,948,440,000."
NJN6361,A323230,엠에프엠코리아,엠에프엠코리아(주),110111-7067138,281-88-01488,2019-04-04,2019-06-19,2025-06-19,외감,12.0,중소기업,,,"N25203.섬유, 의류, 사치품",C00000.제조업(10~34),"C14000.의복, 의복 액세서리 및 모피제품 제조업",코스닥,기업의 계속성 및 경영의 투명성 등을 종합적으로 고려하여 상장폐지기준에 해당한다고 결정,기업의계속성_경영의투명성종합판단,2024,,,,,,,,,,,,,,,,,,,,,,,,,,,,,,,,,,,,,,,,,,,,,,,,,,,"102,384,731,000."
